{
  "ttft_ms": {
    "candidate_mean": 806.8451000017376,
    "baseline_mean": 181.34011249821924,
    "absolute_delta": 625.5049875035184,
    "relative_delta": 3.449347079839607,
    "candidate_better": false,
    "lower_is_better": true
  },
  "total_time_ms": {
    "candidate_mean": 1072.6874624997436,
    "baseline_mean": 465.2480375007144,
    "absolute_delta": 607.4394249990291,
    "relative_delta": 1.3056249055066598,
    "candidate_better": false,
    "lower_is_better": true
  },
  "tokens_per_s": {
    "candidate_mean": 30.49785805692622,
    "baseline_mean": 28.471870622072974,
    "absolute_delta": 2.0259874348532456,
    "relative_delta": 0.07115751057405367,
    "candidate_better": true,
    "lower_is_better": false
  }
}