{
  "elara-npc:latest": {
    "total_requests": 8,
    "ok_requests": 8,
    "error_requests": 0,
    "error_rate": 0.0,
    "ttft_ms": {
      "n": 8,
      "mean": 806.8451000017376,
      "median": 386.73680000647437,
      "p95": 2627.9730799993545,
      "ci95_low": 345.8190903115337,
      "ci95_high": 1670.7389309380685
    },
    "total_time_ms": {
      "n": 8,
      "mean": 1072.6874624997436,
      "median": 650.2562000023318,
      "p95": 2912.771605001033,
      "ci95_low": 604.0170899996156,
      "ci95_high": 1942.5566362508107
    },
    "tokens_per_s": {
      "n": 8,
      "mean": 30.49785805692622,
      "median": 30.645515675837423,
      "p95": 33.56293788770869,
      "ci95_low": 28.870694177560395,
      "ci95_high": 32.08354697624673
    }
  },
  "phi3:mini": {
    "total_requests": 8,
    "ok_requests": 8,
    "error_requests": 0,
    "error_rate": 0.0,
    "ttft_ms": {
      "n": 8,
      "mean": 181.34011249821924,
      "median": 160.6571999946027,
      "p95": 292.73736500326766,
      "ci95_low": 149.89389905695134,
      "ci95_high": 234.41088468712223
    },
    "total_time_ms": {
      "n": 8,
      "mean": 465.2480375007144,
      "median": 444.551649998175,
      "p95": 561.7820450010184,
      "ci95_low": 439.3470146874279,
      "ci95_high": 509.6166396890567
    },
    "tokens_per_s": {
      "n": 8,
      "mean": 28.471870622072974,
      "median": 28.37855983647015,
      "p95": 30.902189377378182,
      "ci95_low": 27.402149624929855,
      "ci95_high": 29.6541457487312
    }
  }
}