{
  "ttft_ms": {
    "candidate_mean": 314.24551251984667,
    "baseline_mean": 147.2819624832482,
    "absolute_delta": 166.96355003659846,
    "relative_delta": 1.1336320294862232,
    "candidate_better": false,
    "lower_is_better": true
  },
  "total_time_ms": {
    "candidate_mean": 1945.7294500170974,
    "baseline_mean": 1734.2146000009961,
    "absolute_delta": 211.51485001610126,
    "relative_delta": 0.12196578786499651,
    "candidate_better": false,
    "lower_is_better": true
  },
  "tokens_per_s": {
    "candidate_mean": 39.537432433620744,
    "baseline_mean": 39.65883185559317,
    "absolute_delta": -0.12139942197242704,
    "relative_delta": -0.003061094245399611,
    "candidate_better": false,
    "lower_is_better": false
  }
}