{
  "candidate_model": "elara-npc:latest",
  "baseline_model": "phi3:mini",
  "candidate_mean": 0.0019565614638850093,
  "baseline_mean": 0.13043741416186094,
  "absolute_delta": -0.12848085269797593,
  "relative_delta": -0.9849999980722012,
  "candidate_better": false
}