{
  "row_count": 324,
  "metric_scale_max": 5.0,
  "metrics": [
    "context_relevance",
    "persona_consistency",
    "naturalness",
    "overall_quality"
  ],
  "arms": {
    "baseline_no_context": {
      "sample_count": 108,
      "context_relevance": {
        "n": 108,
        "mean": 0.5814814814814815,
        "median": 0.6,
        "p95": 1.0,
        "ci95_low": 0.5481481481481482,
        "ci95_high": 0.612962962962963
      },
      "persona_consistency": {
        "n": 108,
        "mean": 0.7703703703703704,
        "median": 0.8,
        "p95": 1.0,
        "ci95_low": 0.7407407407407407,
        "ci95_high": 0.8
      },
      "naturalness": {
        "n": 108,
        "mean": 0.7129629629629629,
        "median": 0.7,
        "p95": 1.0,
        "ci95_low": 0.688888888888889,
        "ci95_high": 0.7388888888888888
      },
      "overall_quality": {
        "n": 108,
        "mean": 0.6962962962962963,
        "median": 0.6,
        "p95": 1.0,
        "ci95_low": 0.6685185185185185,
        "ci95_high": 0.7240740740740741
      }
    },
    "baseline_no_context_phi3_latest": {
      "sample_count": 108,
      "context_relevance": {
        "n": 108,
        "mean": 0.6444444444444445,
        "median": 0.6,
        "p95": 1.0,
        "ci95_low": 0.6092592592592593,
        "ci95_high": 0.6833333333333333
      },
      "persona_consistency": {
        "n": 108,
        "mean": 0.8388888888888888,
        "median": 1.0,
        "p95": 1.0,
        "ci95_low": 0.8018518518518518,
        "ci95_high": 0.875925925925926
      },
      "naturalness": {
        "n": 108,
        "mean": 0.7851851851851852,
        "median": 0.8,
        "p95": 1.0,
        "ci95_low": 0.75,
        "ci95_high": 0.8185185185185185
      },
      "overall_quality": {
        "n": 108,
        "mean": 0.7092592592592593,
        "median": 0.6,
        "p95": 1.0,
        "ci95_low": 0.6814814814814815,
        "ci95_high": 0.7370370370370369
      }
    },
    "proposed_contextual_controlled_tuned": {
      "sample_count": 108,
      "context_relevance": {
        "n": 108,
        "mean": 0.8055555555555556,
        "median": 0.8,
        "p95": 1.0,
        "ci95_low": 0.7833333333333334,
        "ci95_high": 0.8277777777777778
      },
      "persona_consistency": {
        "n": 108,
        "mean": 0.8777777777777778,
        "median": 1.0,
        "p95": 1.0,
        "ci95_low": 0.8481481481481481,
        "ci95_high": 0.9055555555555556
      },
      "naturalness": {
        "n": 108,
        "mean": 0.7592592592592593,
        "median": 0.8,
        "p95": 1.0,
        "ci95_low": 0.7240740740740741,
        "ci95_high": 0.7907407407407407
      },
      "overall_quality": {
        "n": 108,
        "mean": 0.8240740740740741,
        "median": 0.8,
        "p95": 1.0,
        "ci95_low": 0.7907407407407407,
        "ci95_high": 0.8537037037037037
      }
    }
  },
  "agreement": {
    "context_relevance": {
      "pairwise_kappa": {
        "phi3_mini__balanced__t0.00__phi3_mini__balanced__t0.05": 0.8430460688853365,
        "phi3_mini__balanced__t0.00__phi3_mini__balanced__t0.10": 0.6854521625163826,
        "phi3_mini__balanced__t0.05__phi3_mini__balanced__t0.10": 0.6517150395778363
      },
      "mean_pairwise_kappa": 0.7267377569931851,
      "pair_count": 3
    },
    "persona_consistency": {
      "pairwise_kappa": {
        "phi3_mini__balanced__t0.00__phi3_mini__balanced__t0.05": 0.8283898305084745,
        "phi3_mini__balanced__t0.00__phi3_mini__balanced__t0.10": 0.6445497630331753,
        "phi3_mini__balanced__t0.05__phi3_mini__balanced__t0.10": 0.5876777251184835
      },
      "mean_pairwise_kappa": 0.6868724395533778,
      "pair_count": 3
    },
    "naturalness": {
      "pairwise_kappa": {
        "phi3_mini__balanced__t0.00__phi3_mini__balanced__t0.05": 0.744814912050407,
        "phi3_mini__balanced__t0.00__phi3_mini__balanced__t0.10": 0.5829560585885486,
        "phi3_mini__balanced__t0.05__phi3_mini__balanced__t0.10": 0.5423728813559322
      },
      "mean_pairwise_kappa": 0.6233812839982958,
      "pair_count": 3
    },
    "overall_quality": {
      "pairwise_kappa": {
        "phi3_mini__balanced__t0.00__phi3_mini__balanced__t0.05": 0.6951612903225807,
        "phi3_mini__balanced__t0.00__phi3_mini__balanced__t0.10": 0.6335504885993485,
        "phi3_mini__balanced__t0.05__phi3_mini__balanced__t0.10": 0.6351844345358736
      },
      "mean_pairwise_kappa": 0.6546320711526009,
      "pair_count": 3
    }
  },
  "paired_deltas": {
    "proposed_contextual_controlled_tuned_vs_baseline_no_context": {
      "context_relevance": {
        "n": 36,
        "mean_delta": 0.22407407407407418,
        "ci95_low": 0.16666666666666674,
        "ci95_high": 0.2777777777777779,
        "p_delta_le_0": 0.0
      },
      "persona_consistency": {
        "n": 36,
        "mean_delta": 0.10740740740740737,
        "ci95_low": 0.04624999999999996,
        "ci95_high": 0.16666666666666663,
        "p_delta_le_0": 0.0003333333333333333
      },
      "naturalness": {
        "n": 36,
        "mean_delta": 0.04629629629629631,
        "ci95_low": -0.016666666666666684,
        "ci95_high": 0.10555555555555558,
        "p_delta_le_0": 0.07166666666666667
      },
      "overall_quality": {
        "n": 36,
        "mean_delta": 0.12777777777777777,
        "ci95_low": 0.08518518518518518,
        "ci95_high": 0.16666666666666666,
        "p_delta_le_0": 0.0
      }
    },
    "proposed_contextual_controlled_tuned_vs_baseline_no_context_phi3_latest": {
      "context_relevance": {
        "n": 36,
        "mean_delta": 0.16111111111111115,
        "ci95_low": 0.09074074074074082,
        "ci95_high": 0.2314814814814815,
        "p_delta_le_0": 0.0
      },
      "persona_consistency": {
        "n": 36,
        "mean_delta": 0.03888888888888889,
        "ci95_low": -0.025972222222222223,
        "ci95_high": 0.10560185185185202,
        "p_delta_le_0": 0.12466666666666666
      },
      "naturalness": {
        "n": 36,
        "mean_delta": -0.025925925925925908,
        "ci95_low": -0.10555555555555556,
        "ci95_high": 0.05740740740740745,
        "p_delta_le_0": 0.7126666666666667
      },
      "overall_quality": {
        "n": 36,
        "mean_delta": 0.11481481481481486,
        "ci95_low": 0.05180555555555557,
        "ci95_high": 0.1796296296296297,
        "p_delta_le_0": 0.0
      }
    }
  },
  "preferences": {
    "proposed_contextual_controlled_tuned_vs_baseline_no_context": {
      "n": 108,
      "wins": 76,
      "losses": 11,
      "ties": 21,
      "soft_win_rate": {
        "n": 108,
        "mean": 0.8009259259259259,
        "median": 1.0,
        "p95": 1.0,
        "ci95_low": 0.7361111111111112,
        "ci95_high": 0.8657407407407407
      },
      "strict_non_tie_win_rate": {
        "n": 87,
        "mean": 0.8735632183908046,
        "median": 1.0,
        "p95": 1.0,
        "ci95_low": 0.8045977011494253,
        "ci95_high": 0.9425287356321839
      }
    },
    "proposed_contextual_controlled_tuned_vs_baseline_no_context_phi3_latest": {
      "n": 108,
      "wins": 59,
      "losses": 22,
      "ties": 27,
      "soft_win_rate": {
        "n": 108,
        "mean": 0.6712962962962963,
        "median": 1.0,
        "p95": 1.0,
        "ci95_low": 0.5925925925925926,
        "ci95_high": 0.7453703703703702
      },
      "strict_non_tie_win_rate": {
        "n": 81,
        "mean": 0.7283950617283951,
        "median": 1.0,
        "p95": 1.0,
        "ci95_low": 0.6296296296296297,
        "ci95_high": 0.8271604938271605
      }
    }
  }
}