{
  "ttft_ms": {
    "candidate_mean": 14046.840008334078,
    "baseline_mean": 14100.279540279897,
    "absolute_delta": -53.43953194581809,
    "relative_delta": -0.0037899625885542756,
    "candidate_better": true,
    "lower_is_better": true
  },
  "total_time_ms": {
    "candidate_mean": 20447.545558333433,
    "baseline_mean": 20418.83041388913,
    "absolute_delta": 28.715144444304315,
    "relative_delta": 0.0014063070147628013,
    "candidate_better": false,
    "lower_is_better": true
  },
  "tokens_per_s": {
    "candidate_mean": 10.115747252768466,
    "baseline_mean": 10.221909798821322,
    "absolute_delta": -0.10616254605285569,
    "relative_delta": -0.010385783884054346,
    "candidate_better": false,
    "lower_is_better": false
  }
}