{
  "elara-npc:latest": {
    "total_requests": 72,
    "ok_requests": 72,
    "error_requests": 0,
    "error_rate": 0.0,
    "ttft_ms": {
      "n": 72,
      "mean": 14046.840008334078,
      "median": 11656.939000007696,
      "p95": 27273.672869997972,
      "ci95_low": 12458.789540068767,
      "ci95_high": 15772.833133262975
    },
    "total_time_ms": {
      "n": 72,
      "mean": 20447.545558333433,
      "median": 17962.7105499967,
      "p95": 34180.08821999974,
      "ci95_low": 18741.682977602697,
      "ci95_high": 22207.293222814453
    },
    "tokens_per_s": {
      "n": 72,
      "mean": 10.115747252768466,
      "median": 9.762526353467235,
      "p95": 12.303316008821106,
      "ci95_low": 9.84382682521558,
      "ci95_high": 10.389114151453612
    }
  },
  "phi3:mini": {
    "total_requests": 72,
    "ok_requests": 72,
    "error_requests": 0,
    "error_rate": 0.0,
    "ttft_ms": {
      "n": 72,
      "mean": 14100.279540279897,
      "median": 12529.6659500018,
      "p95": 23473.342939991562,
      "ci95_low": 12817.647210559031,
      "ci95_high": 15483.645700732186
    },
    "total_time_ms": {
      "n": 72,
      "mean": 20418.83041388913,
      "median": 18797.503300011158,
      "p95": 30013.675220000732,
      "ci95_low": 19137.667393019143,
      "ci95_high": 21820.34756083536
    },
    "tokens_per_s": {
      "n": 72,
      "mean": 10.221909798821322,
      "median": 9.84299945467853,
      "p95": 12.47343945196572,
      "ci95_low": 9.950434205352854,
      "ci95_high": 10.50596916882054
    }
  }
}