{
  "proposed_vs_candidate_no_context": {
    "context_relevance": {
      "target_mean": 0.048471845318860236,
      "baseline_mean": 0.006496212121212121,
      "absolute_delta": 0.04197563319764812,
      "relative_delta": 6.461555197772071
    },
    "persona_consistency": {
      "target_mean": 0.18333333333333335,
      "baseline_mean": 0.15000000000000002,
      "absolute_delta": 0.033333333333333326,
      "relative_delta": 0.22222222222222213
    },
    "naturalness": {
      "target_mean": 0.8492936720142602,
      "baseline_mean": 0.8222348484848484,
      "absolute_delta": 0.027058823529411802,
      "relative_delta": 0.03290887461079245
    },
    "context_keyword_coverage": {
      "target_mean": 0.04772727272727273,
      "baseline_mean": 0.0,
      "absolute_delta": 0.04772727272727273,
      "relative_delta": NaN
    },
    "context_overlap": {
      "target_mean": 0.05020918136589778,
      "baseline_mean": 0.021654040404040405,
      "absolute_delta": 0.028555140961857378,
      "relative_delta": 1.3186980549149296
    },
    "persona_keyword_coverage": {
      "target_mean": 0.041666666666666664,
      "baseline_mean": 0.0,
      "absolute_delta": 0.041666666666666664,
      "relative_delta": NaN
    },
    "persona_style": {
      "target_mean": 0.75,
      "baseline_mean": 0.75,
      "absolute_delta": 0.0,
      "relative_delta": 0.0
    },
    "distinct1": {
      "target_mean": 0.9471925133689839,
      "baseline_mean": 0.9545454545454546,
      "absolute_delta": -0.007352941176470673,
      "relative_delta": -0.007703081232493086
    },
    "length_score": {
      "target_mean": 0.48333333333333334,
      "baseline_mean": 0.3333333333333333,
      "absolute_delta": 0.15000000000000002,
      "relative_delta": 0.45000000000000007
    },
    "sentence_score": {
      "target_mean": 0.7375,
      "baseline_mean": 0.7375,
      "absolute_delta": 0.0,
      "relative_delta": 0.0
    },
    "overall_quality": {
      "target_mean": 0.2486267805358236,
      "baseline_mean": 0.2117856060606061,
      "absolute_delta": 0.03684117447521751,
      "relative_delta": 0.17395504425676017
    }
  },
  "proposed_vs_baseline_no_context": {
    "context_relevance": {
      "target_mean": 0.048471845318860236,
      "baseline_mean": 0.01955239827688256,
      "absolute_delta": 0.028919447041977676,
      "relative_delta": 1.4790741592129946
    },
    "persona_consistency": {
      "target_mean": 0.18333333333333335,
      "baseline_mean": 0.17857142857142858,
      "absolute_delta": 0.004761904761904773,
      "relative_delta": 0.026666666666666727
    },
    "naturalness": {
      "target_mean": 0.8492936720142602,
      "baseline_mean": 0.9180701754385965,
      "absolute_delta": -0.06877650342433628,
      "relative_delta": -0.07491421164126061
    },
    "context_keyword_coverage": {
      "target_mean": 0.04772727272727273,
      "baseline_mean": 0.022727272727272728,
      "absolute_delta": 0.025,
      "relative_delta": 1.1
    },
    "context_overlap": {
      "target_mean": 0.05020918136589778,
      "baseline_mean": 0.012144357892638851,
      "absolute_delta": 0.03806482347325893,
      "relative_delta": 3.1343627888578154
    },
    "persona_keyword_coverage": {
      "target_mean": 0.041666666666666664,
      "baseline_mean": 0.03571428571428571,
      "absolute_delta": 0.005952380952380952,
      "relative_delta": 0.16666666666666666
    },
    "persona_style": {
      "target_mean": 0.75,
      "baseline_mean": 0.75,
      "absolute_delta": 0.0,
      "relative_delta": 0.0
    },
    "distinct1": {
      "target_mean": 0.9471925133689839,
      "baseline_mean": 0.9868421052631579,
      "absolute_delta": -0.03964959189417394,
      "relative_delta": -0.040178253119429595
    },
    "length_score": {
      "target_mean": 0.48333333333333334,
      "baseline_mean": 0.6166666666666667,
      "absolute_delta": -0.13333333333333336,
      "relative_delta": -0.21621621621621626
    },
    "sentence_score": {
      "target_mean": 0.7375,
      "baseline_mean": 1.0,
      "absolute_delta": -0.26249999999999996,
      "relative_delta": -0.26249999999999996
    },
    "overall_quality": {
      "target_mean": 0.2486267805358236,
      "baseline_mean": 0.2481853659998646,
      "absolute_delta": 0.0004414145359590005,
      "relative_delta": 0.0017785679432817216
    }
  },
  "proposed_vs_baseline_no_context_phi3_latest": {
    "context_relevance": {
      "target_mean": 0.048471845318860236,
      "baseline_mean": 0.01941558441558441,
      "absolute_delta": 0.029056260903275826,
      "relative_delta": 1.4965432037138724
    },
    "persona_consistency": {
      "target_mean": 0.18333333333333335,
      "baseline_mean": 0.15000000000000002,
      "absolute_delta": 0.033333333333333326,
      "relative_delta": 0.22222222222222213
    },
    "naturalness": {
      "target_mean": 0.8492936720142602,
      "baseline_mean": 0.9138490214352284,
      "absolute_delta": -0.06455534942096819,
      "relative_delta": -0.0706411539617146
    },
    "context_keyword_coverage": {
      "target_mean": 0.04772727272727273,
      "baseline_mean": 0.022727272727272728,
      "absolute_delta": 0.025,
      "relative_delta": 1.1
    },
    "context_overlap": {
      "target_mean": 0.05020918136589778,
      "baseline_mean": 0.011688311688311689,
      "absolute_delta": 0.0385208696775861,
      "relative_delta": 3.2956744057490326
    },
    "persona_keyword_coverage": {
      "target_mean": 0.041666666666666664,
      "baseline_mean": 0.0,
      "absolute_delta": 0.041666666666666664,
      "relative_delta": NaN
    },
    "persona_style": {
      "target_mean": 0.75,
      "baseline_mean": 0.75,
      "absolute_delta": 0.0,
      "relative_delta": 0.0
    },
    "distinct1": {
      "target_mean": 0.9471925133689839,
      "baseline_mean": 0.9846225535880708,
      "absolute_delta": -0.03743004021908691,
      "relative_delta": -0.038014607813611226
    },
    "length_score": {
      "target_mean": 0.48333333333333334,
      "baseline_mean": 0.6,
      "absolute_delta": -0.11666666666666664,
      "relative_delta": -0.19444444444444442
    },
    "sentence_score": {
      "target_mean": 0.7375,
      "baseline_mean": 1.0,
      "absolute_delta": -0.26249999999999996,
      "relative_delta": -0.26249999999999996
    },
    "overall_quality": {
      "target_mean": 0.2486267805358236,
      "baseline_mean": 0.23657759649483795,
      "absolute_delta": 0.01204918404098565,
      "relative_delta": 0.05093121335032482
    }
  },
  "controlled_vs_proposed_raw": {
    "context_relevance": {
      "target_mean": 0.21091844592440184,
      "baseline_mean": 0.048471845318860236,
      "absolute_delta": 0.1624466006055416,
      "relative_delta": 3.3513599397119336
    },
    "persona_consistency": {
      "target_mean": 0.3738095238095238,
      "baseline_mean": 0.18333333333333335,
      "absolute_delta": 0.19047619047619047,
      "relative_delta": 1.0389610389610389
    },
    "naturalness": {
      "target_mean": 0.9116188697279772,
      "baseline_mean": 0.8492936720142602,
      "absolute_delta": 0.06232519771371703,
      "relative_delta": 0.07338474283683412
    },
    "context_keyword_coverage": {
      "target_mean": 0.26136363636363635,
      "baseline_mean": 0.04772727272727273,
      "absolute_delta": 0.21363636363636362,
      "relative_delta": 4.476190476190475
    },
    "context_overlap": {
      "target_mean": 0.09321300156618798,
      "baseline_mean": 0.05020918136589778,
      "absolute_delta": 0.04300382020029019,
      "relative_delta": 0.8564931558413837
    },
    "persona_keyword_coverage": {
      "target_mean": 0.27976190476190477,
      "baseline_mean": 0.041666666666666664,
      "absolute_delta": 0.2380952380952381,
      "relative_delta": 5.714285714285715
    },
    "persona_style": {
      "target_mean": 0.75,
      "baseline_mean": 0.75,
      "absolute_delta": 0.0,
      "relative_delta": 0.0
    },