{
  "proposed_contextual_controlled": {
    "sample_count": 4,
    "context_relevance": {
      "n": 4,
      "mean": 0.21091844592440184,
      "median": 0.21628133629324814,
      "p95": 0.23466051822573558,
      "ci95_low": 0.18424901185770748,
      "ci95_high": 0.23222498962224988
    },
    "persona_consistency": {
      "n": 4,
      "mean": 0.3738095238095238,
      "median": 0.380952380952381,
      "p95": 0.48928571428571427,
      "ci95_low": 0.28214285714285714,
      "ci95_high": 0.4642857142857143
    },
    "naturalness": {
      "n": 4,
      "mean": 0.9116188697279772,
      "median": 0.910844577062792,
      "p95": 0.9325819783197833,
      "ci95_low": 0.8958560037523453,
      "ci95_high": 0.9281560283687944
    },
    "context_keyword_coverage": {
      "n": 4,
      "mean": 0.26136363636363635,
      "median": 0.2727272727272727,
      "p95": 0.2959090909090909,
      "ci95_low": 0.2181818181818182,
      "ci95_high": 0.29318181818181815
    },
    "context_overlap": {
      "n": 4,
      "mean": 0.09321300156618798,
      "median": 0.08977455716586151,
      "p95": 0.10833333333333332,
      "ci95_low": 0.08457415128052412,
      "ci95_high": 0.10507246376811594
    },
    "persona_keyword_coverage": {
      "n": 4,
      "mean": 0.27976190476190477,
      "median": 0.22619047619047616,
      "p95": 0.46785714285714275,
      "ci95_low": 0.16666666666666666,
      "ci95_high": 0.4166666666666667
    },
    "persona_style": {
      "n": 4,
      "mean": 0.75,
      "median": 0.75,
      "p95": 1.0,
      "ci95_low": 0.5,
      "ci95_high": 1.0
    },
    "distinct1": {
      "n": 4,
      "mean": 0.9300888409866096,
      "median": 0.9249530956848031,
      "p95": 0.9512466124661247,
      "ci95_low": 0.9178775298391282,
      "ci95_high": 0.9474358974358975
    },
    "length_score": {
      "n": 4,
      "mean": 0.7416666666666667,
      "median": 0.7333333333333333,
      "p95": 0.8799999999999999,
      "ci95_low": 0.6416666666666666,
      "ci95_high": 0.85
    },
    "sentence_score": {
      "n": 4,
      "mean": 0.9125,
      "median": 1.0,
      "p95": 1.0,
      "ci95_low": 0.7375,
      "ci95_high": 1.0
    },
    "overall_quality": {
      "n": 4,
      "mean": 0.40809207681604254,
      "median": 0.4148468587728863,
      "p95": 0.45693307695080143,
      "ci95_low": 0.364449865987671,
      "ci95_high": 0.4471443439077113
    },
    "metrics": [
      "context_relevance",
      "persona_consistency",
      "naturalness",
      "context_keyword_coverage",
      "context_overlap",
      "persona_keyword_coverage",
      "persona_style",
      "distinct1",
      "length_score",
      "sentence_score",
      "overall_quality"
    ]
  },
  "proposed_contextual": {
    "sample_count": 4,
    "context_relevance": {
      "n": 4,
      "mean": 0.048471845318860236,
      "median": 0.046034599728629576,
      "p95": 0.09231037991858886,
      "ci95_low": 0.010909090909090908,
      "ci95_high": 0.08603459972862956
    },
    "persona_consistency": {
      "n": 4,
      "mean": 0.18333333333333335,
      "median": 0.15000000000000002,
      "p95": 0.31333333333333335,
      "ci95_low": 0.1,
      "ci95_high": 0.275
    },
    "naturalness": {
      "n": 4,
      "mean": 0.8492936720142602,
      "median": 0.8434848484848484,
      "p95": 0.9580833333333334,
      "ci95_low": 0.7486363636363635,
      "ci95_high": 0.9499509803921569
    },
    "context_keyword_coverage": {
      "n": 4,
      "mean": 0.04772727272727273,
      "median": 0.045454545454545456,
      "p95": 0.09863636363636363,
      "ci95_low": 0.0,
      "ci95_high": 0.09545454545454546
    },
    "context_overlap": {
      "n": 4,
      "mean": 0.05020918136589778,
      "median": 0.04738805970149254,
      "p95": 0.07833333333333332,
      "ci95_low": 0.02954545454545455,
      "ci95_high": 0.07369402985074626
    },
    "persona_keyword_coverage": {
      "n": 4,
      "mean": 0.041666666666666664,
      "median": 0.0,
      "p95": 0.1416666666666666,
      "ci95_low": 0.0,
      "ci95_high": 0.125
    },
    "persona_style": {
      "n": 4,
      "mean": 0.75,
      "median": 0.75,
      "p95": 1.0,
      "ci95_low": 0.5,
      "ci95_high": 1.0
    },
    "distinct1": {
      "n": 4,
      "mean": 0.9471925133689839,
      "median": 0.9398395721925134,
      "p95": 0.9955882352941177,
      "ci95_low": 0.9090909090909091,
      "ci95_high": 0.9852941176470589
    },
    "length_score": {
      "n": 4,
      "mean": 0.48333333333333334,
      "median": 0.48333333333333334,
      "p95": 0.8666666666666667,
      "ci95_low": 0.09999999999999998,
      "ci95_high": 0.8666666666666667
    },
    "sentence_score": {
      "n": 4,
      "mean": 0.7375,
      "median": 0.65,
      "p95": 0.9474999999999999,
      "ci95_low": 0.65,
      "ci95_high": 0.9125
    },
    "overall_quality": {
      "n": 4,
      "mean": 0.2486267805358236,
      "median": 0.2383477718360072,
      "p95": 0.3224587187059356,
      "ci95_low": 0.19865454545454547,
      "ci95_high": 0.30255868385346
    },
    "metrics": [
      "context_relevance",
      "persona_consistency",
      "naturalness",
      "context_keyword_coverage",
      "context_overlap",
      "persona_keyword_coverage",
      "persona_style",
      "distinct1",
      "length_score",
      "sentence_score",
      "overall_quality"
    ]
  },
  "candidate_no_context": {
    "sample_count": 4,
    "context_relevance": {
      "n": 4,
      "mean": 0.006496212121212121,
      "median": 0.005492424242424242,
      "p95": 0.01377272727272727,
      "ci95_low": 0.0017045454545454545,
      "ci95_high": 0.012291666666666666
    },
    "persona_consistency": {
      "n": 4,
      "mean": 0.15000000000000002,
      "median": 0.15000000000000002,
      "p95": 0.2,
      "ci95_low": 0.1,
      "ci95_high": 0.2
    },
    "naturalness": {
      "n": 4,
      "mean": 0.8222348484848484,
      "median": 0.7734848484848484,
      "p95": 0.9640833333333332,
      "ci95_low": 0.7486363636363635,
      "ci95_high": 0.9321590909090909
    },
    "context_keyword_coverage": {
      "n": 4,
      "mean": 0.0,
      "median": 0.0,
      "p95": 0.0,
      "ci95_low": 0.0,
      "ci95_high": 0.0
    },
    "context_overlap": {
      "n": 4,
      "mean": 0.021654040404040405,
      "median": 0.018308080808080808,
      "p95": 0.0459090909090909,
      "ci95_low": 0.005681818181818182,
      "ci95_high": 0.04097222222222222
    },
    "persona_keyword_coverage": {
      "n": 4,
      "mean": 0.0,
      "median": 0.0,
      "p95": 0.0,
      "ci95_low": 0.0,
      "ci95_high": 0.0
    },
    "persona_style": {
      "n": 4,
      "mean": 0.75,
      "median": 0.75,
      "p95": 1.0,
      "ci95_low": 0.5,
      "ci95_high": 1.0
    },
    "distinct1": {
      "n": 4,
      "mean": 0.9545454545454546,
      "median": 0.9545454545454546,
      "p95": 1.0,
      "ci95_low": 0.9090909090909091,
      "ci95_high": 1.0
    },
    "length_score": {
      "n": 4,
      "mean": 0.3333333333333333,
      "median": 0.1333333333333333,
      "p95": 0.8466666666666663,
      "ci95_low": 0.09999999999999998,
      "ci95_high": 0.75
    },
    "sentence_score": {
      "n": 4,
      "mean": 0.7375,
      "median": 0.65,
      "p95": 0.9474999999999999,
      "ci95_low": 0.65,
      "ci95_high": 0.9125
    },
    "overall_quality": {
      "n": 4,
      "mean": 0.2117856060606061,
      "median": 0.20092424242424248,
      "p95": 0.25296893939393944,
      "ci95_low": 0.18739696969696973,
      "ci95_high": 0.2425416666666667
    },
    "metrics": [
      "context_relevance",
      "persona_consistency",
      "naturalness",
      "context_keyword_coverage",
      "context_overlap",
      "persona_keyword_coverage",
      "persona_style",
      "distinct1",
      "length_score",
      "sentence_score",
      "overall_quality"
    ]
  },
  "baseline_no_context": {
    "sample_count": 4,
    "context_relevance": {
      "n": 4,