{
  "bm25": {
    "hit@5": {
      "n": 10,
      "mean": 1.0,
      "median": 1.0,
      "p95": 1.0,
      "ci95_low": 1.0,
      "ci95_high": 1.0
    },
    "mrr": {
      "n": 10,
      "mean": 0.85,
      "median": 1.0,
      "p95": 1.0,
      "ci95_low": 0.7,
      "ci95_high": 1.0
    },
    "ndcg@5": {
      "n": 10,
      "mean": 0.8892789260714373,
      "median": 1.0,
      "p95": 1.0,
      "ci95_low": 0.7785578521428744,
      "ci95_high": 1.0
    },
    "query_count": 10
  }
}