{
  "proposed_contextual_controlled": {
    "sample_count": 24,
    "context_relevance": {
      "n": 24,
      "mean": 0.08460037810182319,
      "median": 0.015306122448979591,
      "p95": 0.28412320574162664,
      "ci95_low": 0.04576936205391668,
      "ci95_high": 0.1258196980082073
    },
    "persona_consistency": {
      "n": 24,
      "mean": 0.2614236111111111,
      "median": 0.23333333333333334,
      "p95": 0.46523809523809523,
      "ci95_low": 0.2104039558531746,
      "ci95_high": 0.3138394097222222
    },
    "naturalness": {
      "n": 24,
      "mean": 0.8655582702220933,
      "median": 0.8652173913043477,
      "p95": 0.9329896480331263,
      "ci95_low": 0.8499900447413974,
      "ci95_high": 0.8806363780527082
    },
    "quest_state_correctness": {
      "n": 24,
      "mean": 0.17258907262459286,
      "median": 0.1210072463768116,
      "p95": 0.352712925495557,
      "ci95_low": 0.13844082488648388,
      "ci95_high": 0.21218380506385642
    },
    "lore_consistency": {
      "n": 24,
      "mean": 0.03686365489725663,
      "median": 0.0,
      "p95": 0.19886829377519033,
      "ci95_low": 0.011310511552287867,
      "ci95_high": 0.0681146953630169
    },
    "multi_turn_contradiction_safety": {
      "n": 24,
      "mean": 1.0,
      "median": 1.0,
      "p95": 1.0,
      "ci95_low": 1.0,
      "ci95_high": 1.0
    },
    "objective_completion_support": {
      "n": 24,
      "mean": 0.08555555555555555,
      "median": 0.12166666666666667,
      "p95": 0.16333333333333333,
      "ci95_low": 0.06013888888888889,
      "ci95_high": 0.10951562499999999
    },
    "gameplay_usefulness": {
      "n": 24,
      "mean": 0.3000247599129292,
      "median": 0.2924522422366076,
      "p95": 0.35146113636363635,
      "ci95_low": 0.28668734396722,
      "ci95_high": 0.3126622962162912
    },
    "time_pressure_acceptability": {
      "n": 24,
      "mean": 0.3031053751803752,
      "median": 0.30475,
      "p95": 0.36473333333333335,
      "ci95_low": 0.28117728738275616,
      "ci95_high": 0.32403379351551226
    },
    "context_keyword_coverage": {
      "n": 24,
      "mean": 0.09696969696969697,
      "median": 0.0,
      "p95": 0.3809090909090907,
      "ci95_low": 0.04924242424242425,
      "ci95_high": 0.15378787878787878
    },
    "context_overlap": {
      "n": 24,
      "mean": 0.05573863407678443,
      "median": 0.039736842105263154,
      "p95": 0.16699695121951216,
      "ci95_low": 0.038658613224788044,
      "ci95_high": 0.07594947969585697
    },
    "persona_keyword_coverage": {
      "n": 24,
      "mean": 0.19722222222222222,
      "median": 0.16666666666666666,
      "p95": 0.48499999999999976,
      "ci95_low": 0.13968253968253969,
      "ci95_high": 0.25774305555555554
    },
    "persona_style": {
      "n": 24,
      "mean": 0.5182291666666666,
      "median": 0.5,
      "p95": 0.9812499999999997,
      "ci95_low": 0.41015625,
      "ci95_high": 0.6197916666666666
    },
    "distinct1": {
      "n": 24,
      "mean": 0.9168470644441223,
      "median": 0.9166666666666666,
      "p95": 0.9766830294530154,
      "ci95_low": 0.9001072335887789,
      "ci95_high": 0.934044702468105
    },
    "length_score": {
      "n": 24,
      "mean": 0.5013888888888889,
      "median": 0.5,
      "p95": 0.7233333333333333,
      "ci95_low": 0.4388888888888889,
      "ci95_high": 0.5569444444444445
    },
    "sentence_score": {
      "n": 24,
      "mean": 0.9854166666666666,
      "median": 1.0,
      "p95": 1.0,
      "ci95_low": 0.9562499999999999,
      "ci95_high": 1.0
    },
    "overall_quality": {
      "n": 24,
      "mean": 0.30158578258531754,
      "median": 0.27934368823000905,
      "p95": 0.45131255909478424,
      "ci95_low": 0.2662388946657702,
      "ci95_high": 0.33820369907630293
    },
    "metrics": [
      "context_relevance",
      "persona_consistency",
      "naturalness",
      "quest_state_correctness",
      "lore_consistency",
      "multi_turn_contradiction_safety",
      "objective_completion_support",
      "gameplay_usefulness",
      "time_pressure_acceptability",
      "context_keyword_coverage",
      "context_overlap",
      "persona_keyword_coverage",
      "persona_style",
      "distinct1",
      "length_score",
      "sentence_score",
      "overall_quality"
    ]
  },
  "proposed_contextual_controlled_tuned": {
    "sample_count": 24,
    "context_relevance": {
      "n": 24,
      "mean": 0.08917572777272353,
      "median": 0.015535714285714285,
      "p95": 0.34807954545454534,
      "ci95_low": 0.046171503090644925,
      "ci95_high": 0.13839658318107634
    },
    "persona_consistency": {
      "n": 24,
      "mean": 0.24838789682539683,
      "median": 0.23333333333333334,
      "p95": 0.4548214285714285,
      "ci95_low": 0.19589254712301588,
      "ci95_high": 0.30335751488095236
    },
    "naturalness": {
      "n": 24,
      "mean": 0.8714424415725608,
      "median": 0.8652173913043477,
      "p95": 0.9255238095238094,
      "ci95_low": 0.8585684383529335,
      "ci95_high": 0.885191737451025
    },
    "quest_state_correctness": {
      "n": 24,
      "mean": 0.18072627787119636,
      "median": 0.11854057971014492,
      "p95": 0.4261971075415812,
      "ci95_low": 0.14055479622100625,
      "ci95_high": 0.22806064370833407
    },
    "lore_consistency": {
      "n": 24,
      "mean": 0.03427836600165377,
      "median": 0.0,
      "p95": 0.15507870129870122,
      "ci95_low": 0.009509721512410634,
      "ci95_high": 0.0651432852494931
    },
    "multi_turn_contradiction_safety": {
      "n": 24,
      "mean": 1.0,
      "median": 1.0,
      "p95": 1.0,
      "ci95_low": 1.0,
      "ci95_high": 1.0
    },
    "objective_completion_support": {
      "n": 24,
      "mean": 0.08722222222222221,
      "median": 0.12166666666666667,
      "p95": 0.17608333333333331,
      "ci95_low": 0.06131770833333334,
      "ci95_high": 0.11381944444444446
    },
    "gameplay_usefulness": {
      "n": 24,
      "mean": 0.3049535254242081,
      "median": 0.2949289855072464,
      "p95": 0.3706808332351254,
      "ci95_low": 0.29062893416391455,
      "ci95_high": 0.3210861483448289
    },
    "time_pressure_acceptability": {
      "n": 24,
      "mean": 0.30517318722943726,
      "median": 0.30475,
      "p95": 0.36473333333333335,
      "ci95_low": 0.2888048475829726,
      "ci95_high": 0.32110210700757574
    },
    "context_keyword_coverage": {
      "n": 24,
      "mean": 0.10454545454545455,
      "median": 0.0,
      "p95": 0.4463636363636362,
      "ci95_low": 0.04621212121212121,
      "ci95_high": 0.16893939393939394
    },
    "context_overlap": {
      "n": 24,
      "mean": 0.05331303196968456,
      "median": 0.043560606060606064,
      "p95": 0.1246173469387755,
      "ci95_low": 0.03910791791091111,
      "ci95_high": 0.06923954256962804
    },
    "persona_keyword_coverage": {
      "n": 24,
      "mean": 0.18353174603174602,
      "median": 0.16666666666666666,
      "p95": 0.5357142857142851,
      "ci95_low": 0.11805555555555554,
      "ci95_high": 0.26091269841269843
    },
    "persona_style": {
      "n": 24,
      "mean": 0.5078125,
      "median": 0.5,
      "p95": 0.8609374999999998,
      "ci95_low": 0.40361328124999996,
      "ci95_high": 0.6067708333333334
    },
    "distinct1": {
      "n": 24,
      "mean": 0.9237449928202907,
      "median": 0.9342857142857143,
      "p95": 0.9790384615384615,
      "ci95_low": 0.9047316908214694,
      "ci95_high": 0.942345501080426
    },
    "length_score": {
      "n": 24,
      "mean": 0.5097222222222223,
      "median": 0.5166666666666666,
      "p95": 0.6666666666666667,
      "ci95_low": 0.4597222222222222,
      "ci95_high": 0.5555555555555556
    },
    "sentence_score": {
      "n": 24,
      "mean": 1.0,
      "median": 1.0,
      "p95": 1.0,
      "ci95_low": 1.0,
      "ci95_high": 1.0
    },
    "overall_quality": {
      "n": 24,
      "mean": 0.30028366048585287,