{
  "ttft_ms": {
    "candidate_mean": 673.2468916661674,
    "baseline_mean": 298.82481874938094,
    "absolute_delta": 374.4220729167864,
    "relative_delta": 1.252981845630458,
    "candidate_better": false,
    "lower_is_better": true
  },
  "total_time_ms": {
    "candidate_mean": 4652.619452084157,
    "baseline_mean": 3986.400960414661,
    "absolute_delta": 666.2184916694964,
    "relative_delta": 0.16712280031163676,
    "candidate_better": false,
    "lower_is_better": true
  },
  "tokens_per_s": {
    "candidate_mean": 16.285095671980077,
    "baseline_mean": 17.516857736012394,
    "absolute_delta": -1.231762064032317,
    "relative_delta": -0.07031866574448302,
    "candidate_better": false,
    "lower_is_better": false
  }
}