{
  "candidate_model": "elara-npc:latest",
  "baseline_model": "phi3:mini",
  "candidate_mean": -0.02766315463910966,
  "baseline_mean": 0.07569278500159271,
  "absolute_delta": -0.10335593964070237,
  "relative_delta": -1.3654662018120693,
  "candidate_better": false
}