{
  "elara-npc:latest": {
    "total_requests": 48,
    "ok_requests": 48,
    "error_requests": 0,
    "error_rate": 0.0,
    "ttft_ms": {
      "n": 48,
      "mean": 673.2468916661674,
      "median": 718.2466000012937,
      "p95": 848.6691700010851,
      "ci95_low": 619.562260936012,
      "ci95_high": 720.5206006234978
    },
    "total_time_ms": {
      "n": 48,
      "mean": 4652.619452084157,
      "median": 4507.142050002585,
      "p95": 5915.6224100035615,
      "ci95_low": 4505.434567448863,
      "ci95_high": 4809.487775625136
    },
    "tokens_per_s": {
      "n": 48,
      "mean": 16.285095671980077,
      "median": 16.873788850172893,
      "p95": 17.539464482387547,
      "ci95_low": 15.852930702989083,
      "ci95_high": 16.683171731081885
    }
  },
  "phi3:mini": {
    "total_requests": 48,
    "ok_requests": 48,
    "error_requests": 0,
    "error_rate": 0.0,
    "ttft_ms": {
      "n": 48,
      "mean": 298.82481874938094,
      "median": 256.1894500031485,
      "p95": 614.5443900008103,
      "ci95_low": 266.3798484889564,
      "ci95_high": 339.14909807257715
    },
    "total_time_ms": {
      "n": 48,
      "mean": 3986.400960414661,
      "median": 3843.8156499978504,
      "p95": 4679.825459996209,
      "ci95_low": 3907.2686183830683,
      "ci95_high": 4081.323048851899
    },
    "tokens_per_s": {
      "n": 48,
      "mean": 17.516857736012394,
      "median": 17.941298060326144,
      "p95": 18.606969208398986,
      "ci95_low": 17.184796527941607,
      "ci95_high": 17.8002226600635
    }
  }
}