{
  "proposed_contextual_controlled": {
    "sample_count": 24,
    "context_relevance": {
      "n": 24,
      "mean": 0.0976145076584542,
      "median": 0.07378933566433565,
      "p95": 0.23607485910316092,
      "ci95_low": 0.06132218161267309,
      "ci95_high": 0.13661395431607454
    },
    "persona_consistency": {
      "n": 24,
      "mean": 0.2548065476190476,
      "median": 0.23333333333333334,
      "p95": 0.45714285714285713,
      "ci95_low": 0.20361607142857147,
      "ci95_high": 0.30960794890873017
    },
    "naturalness": {
      "n": 24,
      "mean": 0.8690190721469868,
      "median": 0.8816666666666667,
      "p95": 0.9526363636363638,
      "ci95_low": 0.8411132615364985,
      "ci95_high": 0.8937389892535027
    },
    "quest_state_correctness": {
      "n": 24,
      "mean": 0.18436344497926574,
      "median": 0.14756416083916085,
      "p95": 0.3161202826104712,
      "ci95_low": 0.14961023869156784,
      "ci95_high": 0.21821288085813473
    },
    "lore_consistency": {
      "n": 24,
      "mean": 0.0326432702155621,
      "median": 0.0,
      "p95": 0.12840909090909086,
      "ci95_low": 0.012989283227119933,
      "ci95_high": 0.05519334668565031
    },
    "multi_turn_contradiction_safety": {
      "n": 24,
      "mean": 1.0,
      "median": 1.0,
      "p95": 1.0,
      "ci95_low": 1.0,
      "ci95_high": 1.0
    },
    "objective_completion_support": {
      "n": 24,
      "mean": 0.07347222222222223,
      "median": 0.09583333333333335,
      "p95": 0.16283333333333333,
      "ci95_low": 0.04728298611111111,
      "ci95_high": 0.09944618055555554
    },
    "gameplay_usefulness": {
      "n": 24,
      "mean": 0.3002233765737646,
      "median": 0.2905211051693405,
      "p95": 0.35336002164502167,
      "ci95_low": 0.2864018207156834,
      "ci95_high": 0.314092237142465
    },
    "time_pressure_acceptability": {
      "n": 24,
      "mean": 0.28657583874458875,
      "median": 0.2722181818181818,
      "p95": 0.36226833333333336,
      "ci95_low": 0.26717095170454547,
      "ci95_high": 0.30399494881854255
    },
    "context_keyword_coverage": {
      "n": 24,
      "mean": 0.11401515151515151,
      "median": 0.09090909090909091,
      "p95": 0.2727272727272727,
      "ci95_low": 0.06856060606060606,
      "ci95_high": 0.1640151515151515
    },
    "context_overlap": {
      "n": 24,
      "mean": 0.05934633865949384,
      "median": 0.04714912280701754,
      "p95": 0.15357142857142853,
      "ci95_low": 0.04141098492047428,
      "ci95_high": 0.08140949996297571
    },
    "persona_keyword_coverage": {
      "n": 24,
      "mean": 0.19285714285714284,
      "median": 0.16666666666666666,
      "p95": 0.5607142857142855,
      "ci95_low": 0.13194444444444445,
      "ci95_high": 0.260922619047619
    },
    "persona_style": {
      "n": 24,
      "mean": 0.5026041666666666,
      "median": 0.5,
      "p95": 0.875,
      "ci95_low": 0.3932291666666667,
      "ci95_high": 0.6055013020833332
    },
    "distinct1": {
      "n": 24,
      "mean": 0.9189057756437738,
      "median": 0.9325396825396826,
      "p95": 0.9711688311688311,
      "ci95_low": 0.8956330015208808,
      "ci95_high": 0.9401199001531881
    },
    "length_score": {
      "n": 24,
      "mean": 0.513888888888889,
      "median": 0.5333333333333333,
      "p95": 0.8283333333333334,
      "ci95_low": 0.4236111111111111,
      "ci95_high": 0.5958333333333333
    },
    "sentence_score": {
      "n": 24,
      "mean": 1.0,
      "median": 1.0,
      "p95": 1.0,
      "ci95_low": 1.0,
      "ci95_high": 1.0
    },
    "overall_quality": {
      "n": 24,
      "mean": 0.30607964216479594,
      "median": 0.31115120712620714,
      "p95": 0.4110274547262038,
      "ci95_low": 0.2751378311258346,
      "ci95_high": 0.3366301205476561
    },
    "metrics": [
      "context_relevance",
      "persona_consistency",
      "naturalness",
      "quest_state_correctness",
      "lore_consistency",
      "multi_turn_contradiction_safety",
      "objective_completion_support",
      "gameplay_usefulness",
      "time_pressure_acceptability",
      "context_keyword_coverage",
      "context_overlap",
      "persona_keyword_coverage",
      "persona_style",
      "distinct1",
      "length_score",
      "sentence_score",
      "overall_quality"
    ]
  },
  "proposed_contextual_controlled_tuned": {
    "sample_count": 24,
    "context_relevance": {
      "n": 24,
      "mean": 0.1274283751631832,
      "median": 0.01225,
      "p95": 0.473863636363636,
      "ci95_low": 0.06423144186765074,
      "ci95_high": 0.19950502583444726
    },
    "persona_consistency": {
      "n": 24,
      "mean": 0.2838045634920635,
      "median": 0.2583333333333333,
      "p95": 0.5557142857142855,
      "ci95_low": 0.21077535962301588,
      "ci95_high": 0.36976810515873015
    },
    "naturalness": {
      "n": 24,
      "mean": 0.8713412899591835,
      "median": 0.8775686274509804,
      "p95": 0.9403655913978495,
      "ci95_low": 0.8493785846183667,
      "ci95_high": 0.8921570005574402
    },
    "quest_state_correctness": {
      "n": 24,
      "mean": 0.2072015960111269,
      "median": 0.11162106918238994,
      "p95": 0.4931409090909089,
      "ci95_low": 0.15461030352797123,
      "ci95_high": 0.2694347864807452
    },
    "lore_consistency": {
      "n": 24,
      "mean": 0.06927086772150434,
      "median": 0.0,
      "p95": 0.2269907692688418,
      "ci95_low": 0.024732222506396867,
      "ci95_high": 0.12460601467460677
    },
    "multi_turn_contradiction_safety": {
      "n": 24,
      "mean": 1.0,
      "median": 1.0,
      "p95": 1.0,
      "ci95_low": 1.0,
      "ci95_high": 1.0
    },
    "objective_completion_support": {
      "n": 24,
      "mean": 0.07152777777777779,
      "median": 0.06833333333333334,
      "p95": 0.15958333333333327,
      "ci95_low": 0.046515625000000005,
      "ci95_high": 0.09479166666666666
    },
    "gameplay_usefulness": {
      "n": 24,
      "mean": 0.307073203037528,
      "median": 0.29237442067736186,
      "p95": 0.36919340083824786,
      "ci95_low": 0.293056461404928,
      "ci95_high": 0.32056170285811425
    },
    "time_pressure_acceptability": {
      "n": 24,
      "mean": 0.2864550595238095,
      "median": 0.28208333333333335,
      "p95": 0.34713999999999995,
      "ci95_low": 0.270468428255772,
      "ci95_high": 0.3017767408459596
    },
    "context_keyword_coverage": {
      "n": 24,
      "mean": 0.15643939393939393,
      "median": 0.0,
      "p95": 0.6090909090909087,
      "ci95_low": 0.07307765151515153,
      "ci95_high": 0.25
    },
    "context_overlap": {
      "n": 24,
      "mean": 0.0597359980186915,
      "median": 0.039607843137254906,
      "p95": 0.1512175324675324,
      "ci95_low": 0.04251985192985916,
      "ci95_high": 0.07928558356138682
    },
    "persona_keyword_coverage": {
      "n": 24,
      "mean": 0.22519841269841268,
      "median": 0.16666666666666666,
      "p95": 0.6928571428571426,
      "ci95_low": 0.13588789682539684,
      "ci95_high": 0.33134920634920634
    },
    "persona_style": {
      "n": 24,
      "mean": 0.5182291666666666,
      "median": 0.5,
      "p95": 0.9812499999999997,
      "ci95_low": 0.4088541666666667,
      "ci95_high": 0.623763020833333
    },
    "distinct1": {
      "n": 24,
      "mean": 0.9280556058503396,
      "median": 0.9379795396419437,
      "p95": 1.0,
      "ci95_low": 0.9063032245472222,
      "ci95_high": 0.9483072075712738
    },
    "length_score": {
      "n": 24,
      "mean": 0.5055555555555555,
      "median": 0.5166666666666666,
      "p95": 0.7616666666666665,
      "ci95_low": 0.42777777777777776,
      "ci95_high": 0.5847222222222223
    },
    "sentence_score": {
      "n": 24,
      "mean": 1.0,
      "median": 1.0,
      "p95": 1.0,
      "ci95_low": 1.0,
      "ci95_high": 1.0
    },
    "overall_quality": {
      "n": 24,
      "mean": 0.331310898375258,
      "median": 0.28615781160663245,