{
  "proposed_contextual_controlled": {
    "sample_count": 24,
    "context_relevance": {
      "n": 24,
      "mean": 0.13568475365202332,
      "median": 0.07849025974025974,
      "p95": 0.4089928372131761,
      "ci95_low": 0.07839336982698666,
      "ci95_high": 0.2023476563010764
    },
    "persona_consistency": {
      "n": 24,
      "mean": 0.24474950396825398,
      "median": 0.24666666666666667,
      "p95": 0.4304166666666665,
      "ci95_low": 0.1990840153769841,
      "ci95_high": 0.2912594246031746
    },
    "naturalness": {
      "n": 24,
      "mean": 0.8932606205842034,
      "median": 0.8883333333333332,
      "p95": 0.9893333333333332,
      "ci95_low": 0.874999302961,
      "ci95_high": 0.9125475912613314
    },
    "quest_state_correctness": {
      "n": 24,
      "mean": 0.21453500337822043,
      "median": 0.16655312176086823,
      "p95": 0.4459043559738475,
      "ci95_low": 0.16229705760740407,
      "ci95_high": 0.27152781090107786
    },
    "lore_consistency": {
      "n": 24,
      "mean": 0.05901536711266598,
      "median": 0.0,
      "p95": 0.28288537549407106,
      "ci95_low": 0.02156395256145643,
      "ci95_high": 0.09897987806903792
    },
    "multi_turn_contradiction_safety": {
      "n": 24,
      "mean": 1.0,
      "median": 1.0,
      "p95": 1.0,
      "ci95_low": 1.0,
      "ci95_high": 1.0
    },
    "objective_completion_support": {
      "n": 24,
      "mean": 0.06236111111111112,
      "median": 0.041666666666666664,
      "p95": 0.1613333333333333,
      "ci95_low": 0.03749826388888889,
      "ci95_high": 0.08680555555555557
    },
    "gameplay_usefulness": {
      "n": 24,
      "mean": 0.31783552180607394,
      "median": 0.3086221987646972,
      "p95": 0.4131148323662153,
      "ci95_low": 0.29959352707073367,
      "ci95_high": 0.33683965721511033
    },
    "time_pressure_acceptability": {
      "n": 24,
      "mean": 0.2978676316738817,
      "median": 0.2935119047619048,
      "p95": 0.36473333333333335,
      "ci95_low": 0.28065043222402597,
      "ci95_high": 0.3150929477813853
    },
    "context_keyword_coverage": {
      "n": 24,
      "mean": 0.16098484848484848,
      "median": 0.09090909090909091,
      "p95": 0.5318181818181816,
      "ci95_low": 0.0890151515151515,
      "ci95_high": 0.2431912878787878
    },
    "context_overlap": {
      "n": 24,
      "mean": 0.07665119904209794,
      "median": 0.04951298701298701,
      "p95": 0.19656556645851908,
      "ci95_low": 0.05072342054182103,
      "ci95_high": 0.11019265199306608
    },
    "persona_keyword_coverage": {
      "n": 24,
      "mean": 0.17996031746031746,
      "median": 0.16666666666666666,
      "p95": 0.41428571428571404,
      "ci95_low": 0.12142857142857143,
      "ci95_high": 0.24088789682539677
    },
    "persona_style": {
      "n": 24,
      "mean": 0.50390625,
      "median": 0.5,
      "p95": 0.9015624999999999,
      "ci95_low": 0.39453125,
      "ci95_high": 0.6068033854166665
    },
    "distinct1": {
      "n": 24,
      "mean": 0.9399223847938419,
      "median": 0.9583333333333334,
      "p95": 1.0,
      "ci95_low": 0.9201057028100436,
      "ci95_high": 0.958970210323108
    },
    "length_score": {
      "n": 24,
      "mean": 0.6083333333333333,
      "median": 0.55,
      "p95": 0.9466666666666664,
      "ci95_low": 0.5444097222222222,
      "ci95_high": 0.6749999999999999
    },
    "sentence_score": {
      "n": 24,
      "mean": 0.9562499999999999,
      "median": 1.0,
      "p95": 1.0,
      "ci95_low": 0.8979166666666667,
      "ci95_high": 1.0
    },
    "overall_quality": {
      "n": 24,
      "mean": 0.32459989354845226,
      "median": 0.31811807732497394,
      "p95": 0.48066434050983287,
      "ci95_low": 0.2846326985370383,
      "ci95_high": 0.36333264569861085
    },
    "metrics": [
      "context_relevance",
      "persona_consistency",
      "naturalness",
      "quest_state_correctness",
      "lore_consistency",
      "multi_turn_contradiction_safety",
      "objective_completion_support",
      "gameplay_usefulness",
      "time_pressure_acceptability",
      "context_keyword_coverage",
      "context_overlap",
      "persona_keyword_coverage",
      "persona_style",
      "distinct1",
      "length_score",
      "sentence_score",
      "overall_quality"
    ]
  },
  "proposed_contextual_controlled_tuned": {
    "sample_count": 24,
    "context_relevance": {
      "n": 24,
      "mean": 0.10980792241101721,
      "median": 0.016086065573770493,
      "p95": 0.3077935828877004,
      "ci95_low": 0.06225485562856878,
      "ci95_high": 0.16174084838590885
    },
    "persona_consistency": {
      "n": 24,
      "mean": 0.3026289682539683,
      "median": 0.2583333333333333,
      "p95": 0.624047619047619,
      "ci95_low": 0.2260847594246032,
      "ci95_high": 0.3843452380952381
    },
    "naturalness": {
      "n": 24,
      "mean": 0.885507582472122,
      "median": 0.8973333333333332,
      "p95": 0.9648484848484848,
      "ci95_low": 0.8637418103495177,
      "ci95_high": 0.9071854705021167
    },
    "quest_state_correctness": {
      "n": 24,
      "mean": 0.19641775682987095,
      "median": 0.11287431693989072,
      "p95": 0.3876026714562032,
      "ci95_low": 0.15243516261783335,
      "ci95_high": 0.24400025199332184
    },
    "lore_consistency": {
      "n": 24,
      "mean": 0.05246610970025231,
      "median": 0.0,
      "p95": 0.21191769283348227,
      "ci95_low": 0.022450996876270626,
      "ci95_high": 0.08533765570251929
    },
    "multi_turn_contradiction_safety": {
      "n": 24,
      "mean": 1.0,
      "median": 1.0,
      "p95": 1.0,
      "ci95_low": 1.0,
      "ci95_high": 1.0
    },
    "objective_completion_support": {
      "n": 24,
      "mean": 0.06861111111111111,
      "median": 0.04833333333333334,
      "p95": 0.16475,
      "ci95_low": 0.04305034722222223,
      "ci95_high": 0.0945138888888889
    },
    "gameplay_usefulness": {
      "n": 24,
      "mean": 0.3085394014361759,
      "median": 0.29134463458110516,
      "p95": 0.366013440049801,
      "ci95_low": 0.29405678874433683,
      "ci95_high": 0.3231750531410172
    },
    "time_pressure_acceptability": {
      "n": 24,
      "mean": 0.28904141414141415,
      "median": 0.28208333333333335,
      "p95": 0.34713999999999995,
      "ci95_low": 0.2754063451479077,
      "ci95_high": 0.30302430781024525
    },
    "context_keyword_coverage": {
      "n": 24,
      "mean": 0.1303030303030303,
      "median": 0.0,
      "p95": 0.39454545454545453,
      "ci95_low": 0.06742424242424243,
      "ci95_high": 0.19999999999999998
    },
    "context_overlap": {
      "n": 24,
      "mean": 0.061986003996319976,
      "median": 0.04044117647058823,
      "p95": 0.14448837209302315,
      "ci95_low": 0.04364616301456475,
      "ci95_high": 0.08469888428297574
    },
    "persona_keyword_coverage": {
      "n": 24,
      "mean": 0.251984126984127,
      "median": 0.16666666666666666,
      "p95": 0.7071428571428571,
      "ci95_low": 0.15771329365079365,
      "ci95_high": 0.36408730158730157
    },
    "persona_style": {
      "n": 24,
      "mean": 0.5052083333333334,
      "median": 0.5,
      "p95": 0.9281249999999999,
      "ci95_low": 0.39189453125,
      "ci95_high": 0.6158854166666666
    },
    "distinct1": {
      "n": 24,
      "mean": 0.9351231228469716,
      "median": 0.9529346622369879,
      "p95": 1.0,
      "ci95_low": 0.91631268459617,
      "ci95_high": 0.9542164468027748
    },
    "length_score": {
      "n": 24,
      "mean": 0.5791666666666667,
      "median": 0.5666666666666667,
      "p95": 0.9516666666666665,
      "ci95_low": 0.4777777777777778,
      "ci95_high": 0.6791666666666667
    },
    "sentence_score": {
      "n": 24,
      "mean": 0.9562499999999999,
      "median": 1.0,
      "p95": 1.0,
      "ci95_low": 0.9125,
      "ci95_high": 1.0
    },
    "overall_quality": {
      "n": 24,
      "mean": 0.33296434908187117,
      "median": 0.32989499363162006,