{
  "ttft_ms": {
    "candidate_mean": 375.0138604170085,
    "baseline_mean": 192.91430833375975,
    "absolute_delta": 182.09955208324877,
    "relative_delta": 0.9439401030233566,
    "candidate_better": false,
    "lower_is_better": true
  },
  "total_time_ms": {
    "candidate_mean": 3160.1633770830326,
    "baseline_mean": 2997.496279166929,
    "absolute_delta": 162.66709791610356,
    "relative_delta": 0.05426765632593625,
    "candidate_better": false,
    "lower_is_better": true
  },
  "tokens_per_s": {
    "candidate_mean": 22.89035800731855,
    "baseline_mean": 23.0344553218012,
    "absolute_delta": -0.14409731448265006,
    "relative_delta": -0.0062557291878426865,
    "candidate_better": false,
    "lower_is_better": false
  }
}