{
  "candidate_model": "elara-npc:latest",
  "baseline_model": "phi3:mini",
  "candidate_mean": -0.02624906502023805,
  "baseline_mean": 0.07198511366793052,
  "absolute_delta": -0.09823417868816857,
  "relative_delta": -1.3646457396917615,
  "candidate_better": false
}