{
  "elara-npc:latest": {
    "total_requests": 48,
    "ok_requests": 48,
    "error_requests": 0,
    "error_rate": 0.0,
    "ttft_ms": {
      "n": 48,
      "mean": 375.0138604170085,
      "median": 403.1163000036031,
      "p95": 445.7316799918772,
      "ci95_low": 346.49485328076634,
      "ci95_high": 402.3509858863993
    },
    "total_time_ms": {
      "n": 48,
      "mean": 3160.1633770830326,
      "median": 3191.929849992448,
      "p95": 3416.123804997187,
      "ci95_low": 3101.9995586989808,
      "ci95_high": 3210.8222778129325
    },
    "tokens_per_s": {
      "n": 48,
      "mean": 22.89035800731855,
      "median": 22.941689105769598,
      "p95": 24.497378539046203,
      "ci95_low": 22.66546879643113,
      "ci95_high": 23.113028354774194
    }
  },
  "phi3:mini": {
    "total_requests": 48,
    "ok_requests": 48,
    "error_requests": 0,
    "error_rate": 0.0,
    "ttft_ms": {
      "n": 48,
      "mean": 192.91430833375975,
      "median": 166.77484999672743,
      "p95": 380.6176600024627,
      "ci95_low": 173.91641973991528,
      "ci95_high": 215.7390949492007
    },
    "total_time_ms": {
      "n": 48,
      "mean": 2997.496279166929,
      "median": 2975.3333999979077,
      "p95": 3237.51401000045,
      "ci95_low": 2962.6266654673145,
      "ci95_high": 3034.8978098956495
    },
    "tokens_per_s": {
      "n": 48,
      "mean": 23.0344553218012,
      "median": 22.89115047952543,
      "p95": 24.778363163331854,
      "ci95_low": 22.746785774468215,
      "ci95_high": 23.31809286308887
    }
  }
}