{
  "proposed_vs_candidate_no_context": {
    "context_relevance": {
      "target_mean": 0.09053344992061896,
      "baseline_mean": 0.02482427892082148,
      "absolute_delta": 0.06570917099979748,
      "relative_delta": 2.6469719909843423
    },
    "persona_consistency": {
      "target_mean": 0.1910714285714286,
      "baseline_mean": 0.2110119047619048,
      "absolute_delta": -0.019940476190476203,
      "relative_delta": -0.09449929478138228
    },
    "naturalness": {
      "target_mean": 0.8238940012763998,
      "baseline_mean": 0.8273951920725632,
      "absolute_delta": -0.0035011907961634003,
      "relative_delta": -0.004231582235078232
    },
    "context_keyword_coverage": {
      "target_mean": 0.10227272727272728,
      "baseline_mean": 0.017045454545454544,
      "absolute_delta": 0.08522727272727273,
      "relative_delta": 5.000000000000001
    },
    "context_overlap": {
      "target_mean": 0.0631418027656996,
      "baseline_mean": 0.042974869130011,
      "absolute_delta": 0.020166933635688597,
      "relative_delta": 0.4692727178453524
    },
    "persona_keyword_coverage": {
      "target_mean": 0.09821428571428571,
      "baseline_mean": 0.13095238095238096,
      "absolute_delta": -0.03273809523809525,
      "relative_delta": -0.25000000000000006
    },
    "persona_style": {
      "target_mean": 0.5625,
      "baseline_mean": 0.53125,
      "absolute_delta": 0.03125,
      "relative_delta": 0.058823529411764705
    },
    "distinct1": {
      "target_mean": 0.9435891698576664,
      "baseline_mean": 0.938800480181408,
      "absolute_delta": 0.00478868967625834,
      "relative_delta": 0.005100859849723344
    },
    "length_score": {
      "target_mean": 0.3416666666666667,
      "baseline_mean": 0.36874999999999997,
      "absolute_delta": -0.027083333333333293,
      "relative_delta": -0.07344632768361571
    },
    "sentence_score": {
      "target_mean": 0.78125,
      "baseline_mean": 0.78125,
      "absolute_delta": 0.0,
      "relative_delta": 0.0
    },
    "overall_quality": {
      "target_mean": 0.26876694612280677,
      "baseline_mean": 0.2469401294753591,
      "absolute_delta": 0.021826816647447678,
      "relative_delta": 0.08838910343904094
    }
  },
  "controlled_vs_proposed_raw": {
    "context_relevance": {
      "target_mean": 0.2533203113668306,
      "baseline_mean": 0.09053344992061896,
      "absolute_delta": 0.16278686144621163,
      "relative_delta": 1.7980852556590465
    },
    "persona_consistency": {
      "target_mean": 0.3707440476190476,
      "baseline_mean": 0.1910714285714286,
      "absolute_delta": 0.17967261904761903,
      "relative_delta": 0.9403426791277256
    },
    "naturalness": {
      "target_mean": 0.9032587494577111,
      "baseline_mean": 0.8238940012763998,
      "absolute_delta": 0.07936474818131134,
      "relative_delta": 0.09632883363437195
    },
    "context_keyword_coverage": {
      "target_mean": 0.3170454545454545,
      "baseline_mean": 0.10227272727272728,
      "absolute_delta": 0.21477272727272723,
      "relative_delta": 2.099999999999999
    },
    "context_overlap": {
      "target_mean": 0.10462831061670806,
      "baseline_mean": 0.0631418027656996,
      "absolute_delta": 0.041486507851008464,
      "relative_delta": 0.6570371138269923
    },
    "persona_keyword_coverage": {
      "target_mean": 0.3032738095238095,
      "baseline_mean": 0.09821428571428571,
      "absolute_delta": 0.2050595238095238,
      "relative_delta": 2.087878787878788
    },
    "persona_style": {
      "target_mean": 0.640625,
      "baseline_mean": 0.5625,
      "absolute_delta": 0.078125,
      "relative_delta": 0.1388888888888889
    },
    "distinct1": {
      "target_mean": 0.9417675632994502,
      "baseline_mean": 0.9435891698576664,
      "absolute_delta": -0.0018216065582161711,
      "relative_delta": -0.001930508124092763
    },
    "length_score": {
      "target_mean": 0.65625,
      "baseline_mean": 0.3416666666666667,
      "absolute_delta": 0.3145833333333333,
      "relative_delta": 0.9207317073170731
    },
    "sentence_score": {
      "target_mean": 0.95625,
      "baseline_mean": 0.78125,
      "absolute_delta": 0.17500000000000004,
      "relative_delta": 0.22400000000000006
    },
    "overall_quality": {
      "target_mean": 0.42663034120438054,
      "baseline_mean": 0.26876694612280677,
      "absolute_delta": 0.15786339508157377,
      "relative_delta": 0.5873616430847928
    }
  },
  "controlled_vs_candidate_no_context": {
    "context_relevance": {
      "target_mean": 0.2533203113668306,
      "baseline_mean": 0.02482427892082148,
      "absolute_delta": 0.2284960324460091,
      "relative_delta": 9.204538555774807
    },
    "persona_consistency": {
      "target_mean": 0.3707440476190476,
      "baseline_mean": 0.2110119047619048,
      "absolute_delta": 0.15973214285714282,
      "relative_delta": 0.7569816643159377
    },
    "naturalness": {
      "target_mean": 0.9032587494577111,
      "baseline_mean": 0.8273951920725632,
      "absolute_delta": 0.07586355738514794,
      "relative_delta": 0.09168962801816069
    },
    "context_keyword_coverage": {
      "target_mean": 0.3170454545454545,
      "baseline_mean": 0.017045454545454544,
      "absolute_delta": 0.3,
      "relative_delta": 17.6
    },
    "context_overlap": {
      "target_mean": 0.10462831061670806,
      "baseline_mean": 0.042974869130011,
      "absolute_delta": 0.06165344148669706,
      "relative_delta": 1.4346394238032036
    },
    "persona_keyword_coverage": {
      "target_mean": 0.3032738095238095,
      "baseline_mean": 0.13095238095238096,
      "absolute_delta": 0.17232142857142854,
      "relative_delta": 1.3159090909090907
    },
    "persona_style": {
      "target_mean": 0.640625,
      "baseline_mean": 0.53125,
      "absolute_delta": 0.109375,
      "relative_delta": 0.20588235294117646
    },
    "distinct1": {
      "target_mean": 0.9417675632994502,
      "baseline_mean": 0.938800480181408,
      "absolute_delta": 0.0029670831180421686,
      "relative_delta": 0.003160504474250831
    },
    "length_score": {
      "target_mean": 0.65625,
      "baseline_mean": 0.36874999999999997,
      "absolute_delta": 0.28750000000000003,
      "relative_delta": 0.7796610169491527
    },
    "sentence_score": {
      "target_mean": 0.95625,
      "baseline_mean": 0.78125,
      "absolute_delta": 0.17500000000000004,
      "relative_delta": 0.22400000000000006
    },
    "overall_quality": {
      "target_mean": 0.42663034120438054,
      "baseline_mean": 0.2469401294753591,
      "absolute_delta": 0.17969021172902144,
      "relative_delta": 0.7276671155505805
    }
  },
  "controlled_alt_vs_controlled_default": {
    "context_relevance": {
      "target_mean": 0.2664985565738196,
      "baseline_mean": 0.2533203113668306,
      "absolute_delta": 0.013178245206989014,
      "relative_delta": 0.05202206303901834
    },
    "persona_consistency": {
      "target_mean": 0.3654464285714286,
      "baseline_mean": 0.3707440476190476,
      "absolute_delta": -0.0052976190476189955,
      "relative_delta": -0.014289154692140824
    },
    "naturalness": {
      "target_mean": 0.916465978540144,
      "baseline_mean": 0.9032587494577111,
      "absolute_delta": 0.01320722908243288,
      "relative_delta": 0.014621756047602193
    },
    "context_keyword_coverage": {
      "target_mean": 0.33749999999999997,
      "baseline_mean": 0.3170454545454545,
      "absolute_delta": 0.020454545454545447,
      "relative_delta": 0.06451612903225805
    },
    "context_overlap": {
      "target_mean": 0.10082852191273214,
      "baseline_mean": 0.10462831061670806,
      "absolute_delta": -0.0037997887039759176,
      "relative_delta": -0.03631702243473986
    },
    "persona_keyword_coverage": {
      "target_mean": 0.2982142857142857,
      "baseline_mean": 0.3032738095238095,
      "absolute_delta": -0.0050595238095237915,
      "relative_delta": -0.016683022571148128
    },