{
  "proposed_contextual_controlled": {
    "sample_count": 16,
    "context_relevance": {
      "n": 16,
      "mean": 0.2533203113668306,
      "median": 0.22276999316472998,
      "p95": 0.4451502907159799,
      "ci95_low": 0.20251371992735198,
      "ci95_high": 0.3096597113073827
    },
    "persona_consistency": {
      "n": 16,
      "mean": 0.3707440476190476,
      "median": 0.33333333333333337,
      "p95": 0.6571428571428571,
      "ci95_low": 0.2908534226190477,
      "ci95_high": 0.45702529761904764
    },
    "naturalness": {
      "n": 16,
      "mean": 0.9032587494577111,
      "median": 0.9275268817204301,
      "p95": 0.9691025641025641,
      "ci95_low": 0.8745085672482057,
      "ci95_high": 0.9313934498729235
    },
    "context_keyword_coverage": {
      "n": 16,
      "mean": 0.3170454545454545,
      "median": 0.2727272727272727,
      "p95": 0.5590909090909091,
      "ci95_low": 0.2545454545454545,
      "ci95_high": 0.3886363636363636
    },
    "context_overlap": {
      "n": 16,
      "mean": 0.10462831061670806,
      "median": 0.10181190681622088,
      "p95": 0.17928884784114524,
      "ci95_low": 0.08504941510862794,
      "ci95_high": 0.1264920427073879
    },
    "persona_keyword_coverage": {
      "n": 16,
      "mean": 0.3032738095238095,
      "median": 0.18333333333333335,
      "p95": 0.7142857142857143,
      "ci95_low": 0.19194196428571428,
      "ci95_high": 0.42679315476190466
    },
    "persona_style": {
      "n": 16,
      "mean": 0.640625,
      "median": 0.5,
      "p95": 1.0,
      "ci95_low": 0.453125,
      "ci95_high": 0.8125
    },
    "distinct1": {
      "n": 16,
      "mean": 0.9417675632994502,
      "median": 0.9384469696969697,
      "p95": 0.9810314685314685,
      "ci95_low": 0.9308052534648422,
      "ci95_high": 0.9529344413083208
    },
    "length_score": {
      "n": 16,
      "mean": 0.65625,
      "median": 0.7833333333333333,
      "p95": 0.9666666666666667,
      "ci95_low": 0.5125,
      "ci95_high": 0.7854166666666667
    },
    "sentence_score": {
      "n": 16,
      "mean": 0.95625,
      "median": 1.0,
      "p95": 1.0,
      "ci95_low": 0.890625,
      "ci95_high": 1.0
    },
    "overall_quality": {
      "n": 16,
      "mean": 0.42663034120438054,
      "median": 0.4159442330027697,
      "p95": 0.5457027614028118,
      "ci95_low": 0.3924622584057148,
      "ci95_high": 0.46291376403495604
    },
    "metrics": [
      "context_relevance",
      "persona_consistency",
      "naturalness",
      "context_keyword_coverage",
      "context_overlap",
      "persona_keyword_coverage",
      "persona_style",
      "distinct1",
      "length_score",
      "sentence_score",
      "overall_quality"
    ]
  },
  "proposed_contextual_controlled_tuned": {
    "sample_count": 16,
    "context_relevance": {
      "n": 16,
      "mean": 0.2664985565738196,
      "median": 0.22364718614718612,
      "p95": 0.4404511533242876,
      "ci95_low": 0.21891283923009633,
      "ci95_high": 0.3190444408497519
    },
    "persona_consistency": {
      "n": 16,
      "mean": 0.3654464285714286,
      "median": 0.3238095238095238,
      "p95": 0.7885714285714286,
      "ci95_low": 0.27236309523809527,
      "ci95_high": 0.47945163690476184
    },
    "naturalness": {
      "n": 16,
      "mean": 0.916465978540144,
      "median": 0.9312634408602151,
      "p95": 0.9675,
      "ci95_low": 0.8881887572420979,
      "ci95_high": 0.9410013788868571
    },
    "context_keyword_coverage": {
      "n": 16,
      "mean": 0.33749999999999997,
      "median": 0.2727272727272727,
      "p95": 0.5681818181818181,
      "ci95_low": 0.27499999999999997,
      "ci95_high": 0.40568181818181814
    },
    "context_overlap": {
      "n": 16,
      "mean": 0.10082852191273214,
      "median": 0.10259103641456582,
      "p95": 0.1424129353233831,
      "ci95_low": 0.08713642084887722,
      "ci95_high": 0.11531164964317875
    },
    "persona_keyword_coverage": {
      "n": 16,
      "mean": 0.2982142857142857,
      "median": 0.16666666666666666,
      "p95": 0.7857142857142857,
      "ci95_low": 0.17707589285714284,
      "ci95_high": 0.4523809523809524
    },
    "persona_style": {
      "n": 16,
      "mean": 0.634375,
      "median": 0.5,
      "p95": 1.0,
      "ci95_low": 0.46875,
      "ci95_high": 0.8000781249999996
    },
    "distinct1": {
      "n": 16,
      "mean": 0.9476753630170266,
      "median": 0.9393382352941176,
      "p95": 1.0,
      "ci95_low": 0.932013785373372,
      "ci95_high": 0.9634063330954042
    },
    "length_score": {
      "n": 16,
      "mean": 0.6979166666666666,
      "median": 0.8,
      "p95": 0.9333333333333333,
      "ci95_low": 0.5479166666666666,
      "ci95_high": 0.8229166666666666
    },
    "sentence_score": {
      "n": 16,
      "mean": 0.978125,
      "median": 1.0,
      "p95": 1.0,
      "ci95_low": 0.934375,
      "ci95_high": 1.0
    },
    "overall_quality": {
      "n": 16,
      "mean": 0.4337594617888897,
      "median": 0.4233501051905225,
      "p95": 0.6201065796948151,
      "ci95_low": 0.3944314971812327,
      "ci95_high": 0.4798148960022619
    },
    "metrics": [
      "context_relevance",
      "persona_consistency",
      "naturalness",
      "context_keyword_coverage",
      "context_overlap",
      "persona_keyword_coverage",
      "persona_style",
      "distinct1",
      "length_score",
      "sentence_score",
      "overall_quality"
    ]
  },
  "proposed_contextual": {
    "sample_count": 16,
    "context_relevance": {
      "n": 16,
      "mean": 0.09053344992061896,
      "median": 0.016263736263736263,
      "p95": 0.315535702107345,
      "ci95_low": 0.0368477106809086,
      "ci95_high": 0.14847606923084603
    },
    "persona_consistency": {
      "n": 16,
      "mean": 0.1910714285714286,
      "median": 0.1,
      "p95": 0.6214285714285716,
      "ci95_low": 0.11444893973214286,
      "ci95_high": 0.2812611607142857
    },
    "naturalness": {
      "n": 16,
      "mean": 0.8238940012763998,
      "median": 0.7668181818181817,
      "p95": 0.945392156862745,
      "ci95_low": 0.7835359848484847,
      "ci95_high": 0.8658194322565982
    },
    "context_keyword_coverage": {
      "n": 16,
      "mean": 0.10227272727272728,
      "median": 0.0,
      "p95": 0.36363636363636365,
      "ci95_low": 0.03409090909090909,
      "ci95_high": 0.17613636363636365
    },
    "context_overlap": {
      "n": 16,
      "mean": 0.0631418027656996,
      "median": 0.04878048780487805,
      "p95": 0.20330082520630155,
      "ci95_low": 0.03796363340325477,
      "ci95_high": 0.09365531296994442
    },
    "persona_keyword_coverage": {
      "n": 16,
      "mean": 0.09821428571428571,
      "median": 0.0,
      "p95": 0.7142857142857143,
      "ci95_low": 0.0,
      "ci95_high": 0.23214285714285715
    },
    "persona_style": {
      "n": 16,
      "mean": 0.5625,
      "median": 0.5,
      "p95": 1.0,
      "ci95_low": 0.416015625,
      "ci95_high": 0.7207519531249997
    },
    "distinct1": {
      "n": 16,
      "mean": 0.9435891698576664,
      "median": 0.9128787878787878,
      "p95": 1.0,
      "ci95_low": 0.924298128342246,
      "ci95_high": 0.9631269170217495
    },
    "length_score": {
      "n": 16,
      "mean": 0.3416666666666667,
      "median": 0.09999999999999998,
      "p95": 0.7666666666666667,
      "ci95_low": 0.19999999999999998,
      "ci95_high": 0.4895833333333333
    },
    "sentence_score": {
      "n": 16,
      "mean": 0.78125,
      "median": 0.65,
      "p95": 1.0,
      "ci95_low": 0.7150781250000001,
      "ci95_high": 0.86875
    },
    "overall_quality": {
      "n": 16,
      "mean": 0.26876694612280677,
      "median": 0.20626985682118984,
      "p95": 0.4710407229636724,
      "ci95_low": 0.21576566710571457,
      "ci95_high": 0.32939729321958644
    },