{
  "proposed_contextual_controlled": {
    "sample_count": 112,
    "context_relevance": {
      "n": 112,
      "mean": 0.2653198665703879,
      "median": 0.24676769771109391,
      "p95": 0.44411255411255385,
      "ci95_low": 0.24922078630552413,
      "ci95_high": 0.2824548586123414
    },
    "persona_consistency": {
      "n": 112,
      "mean": 0.3780486846637389,
      "median": 0.33333333333333337,
      "p95": 0.7357142857142858,
      "ci95_low": 0.348068245177818,
      "ci95_high": 0.4079986181972789
    },
    "naturalness": {
      "n": 112,
      "mean": 0.8667907868995474,
      "median": 0.8887634408602151,
      "p95": 0.9722106722106721,
      "ci95_low": 0.8510776938984361,
      "ci95_high": 0.881591071799629
    },
    "context_keyword_coverage": {
      "n": 112,
      "mean": 0.3341314935064935,
      "median": 0.2727272727272727,
      "p95": 0.5699999999999994,
      "ci95_low": 0.3103612012987013,
      "ci95_high": 0.3574431818181818
    },
    "context_overlap": {
      "n": 112,
      "mean": 0.10475940371947498,
      "median": 0.09945054945054946,
      "p95": 0.16788471435923819,
      "ci95_low": 0.09774403932533796,
      "ci95_high": 0.11179709092465503
    },
    "persona_keyword_coverage": {
      "n": 112,
      "mean": 0.31734693877551023,
      "median": 0.2,
      "p95": 0.8,
      "ci95_low": 0.2791656037414966,
      "ci95_high": 0.35765412414965986
    },
    "persona_style": {
      "n": 112,
      "mean": 0.6208556682166538,
      "median": 0.5,
      "p95": 1.0,
      "ci95_low": 0.5607031250000001,
      "ci95_high": 0.6812282234887624
    },
    "distinct1": {
      "n": 112,
      "mean": 0.9382031257230107,
      "median": 0.9393939393939394,
      "p95": 1.0,
      "ci95_low": 0.9320228901081877,
      "ci95_high": 0.9441804524165142
    },
    "length_score": {
      "n": 112,
      "mean": 0.5095238095238096,
      "median": 0.5833333333333333,
      "p95": 0.9666666666666666,
      "ci95_low": 0.4443303571428571,
      "ci95_high": 0.5750074404761906
    },
    "sentence_score": {
      "n": 112,
      "mean": 0.9,
      "median": 1.0,
      "p95": 1.0,
      "ci95_low": 0.86875,
      "ci95_high": 0.928125
    },
    "bertscore_f1": {
      "n": 112,
      "mean": 0.08034084362485114,
      "median": 0.08007311820983887,
      "p95": 0.1868974804878234,
      "ci95_low": 0.06875261378905374,
      "ci95_high": 0.0918032363128077
    },
    "overall_quality": {
      "n": 112,
      "mean": 0.3899302141265215,
      "median": 0.38658132804714673,
      "p95": 0.5028924408418828,
      "ci95_low": 0.3793390804451785,
      "ci95_high": 0.4012592579421369
    },
    "metrics": [
      "context_relevance",
      "persona_consistency",
      "naturalness",
      "context_keyword_coverage",
      "context_overlap",
      "persona_keyword_coverage",
      "persona_style",
      "distinct1",
      "length_score",
      "sentence_score",
      "bertscore_f1",
      "overall_quality"
    ]
  },
  "proposed_contextual_controlled_alt": {
    "sample_count": 112,
    "context_relevance": {
      "n": 112,
      "mean": 0.2647410409402733,
      "median": 0.2412337662337662,
      "p95": 0.4899692513368984,
      "ci95_low": 0.2435927031370803,
      "ci95_high": 0.2852318293246885
    },
    "persona_consistency": {
      "n": 112,
      "mean": 0.32770989554818136,
      "median": 0.33333333333333337,
      "p95": 0.5752857142857142,
      "ci95_low": 0.3037329927406874,
      "ci95_high": 0.3526132431575766
    },
    "naturalness": {
      "n": 112,
      "mean": 0.8755265378057763,
      "median": 0.886962962962963,
      "p95": 0.9699018492176387,
      "ci95_low": 0.8621212729401729,
      "ci95_high": 0.8896130943842785
    },
    "context_keyword_coverage": {
      "n": 112,
      "mean": 0.3319534632034632,
      "median": 0.3,
      "p95": 0.6363636363636364,
      "ci95_low": 0.3036921672077922,
      "ci95_high": 0.3604217397186147
    },
    "context_overlap": {
      "n": 112,
      "mean": 0.10791205565949687,
      "median": 0.1031947261663286,
      "p95": 0.1716071428571428,
      "ci95_low": 0.10100008501797032,
      "ci95_high": 0.11505039287477618
    },
    "persona_keyword_coverage": {
      "n": 112,
      "mean": 0.2555272108843537,
      "median": 0.2,
      "p95": 0.5714285714285714,
      "ci95_low": 0.2272098214285714,
      "ci95_high": 0.2865667517006803
    },
    "persona_style": {
      "n": 112,
      "mean": 0.6164406342034917,
      "median": 0.5,
      "p95": 1.0,
      "ci95_low": 0.5568046208948664,
      "ci95_high": 0.6736941788802784
    },
    "distinct1": {
      "n": 112,
      "mean": 0.9390557899547788,
      "median": 0.9393939393939394,
      "p95": 1.0,
      "ci95_low": 0.9327594844942064,
      "ci95_high": 0.9452373367464139
    },
    "length_score": {
      "n": 112,
      "mean": 0.5485119047619048,
      "median": 0.6333333333333333,
      "p95": 0.9666666666666666,
      "ci95_low": 0.48601190476190476,
      "ci95_high": 0.6095238095238095
    },
    "sentence_score": {
      "n": 112,
      "mean": 0.9031250000000001,
      "median": 1.0,
      "p95": 1.0,
      "ci95_low": 0.8718750000000001,
      "ci95_high": 0.93125
    },
    "bertscore_f1": {
      "n": 112,
      "mean": 0.08832068665963431,
      "median": 0.0719396248459816,
      "p95": 0.21331035196781153,
      "ci95_low": 0.07653399152545066,
      "ci95_high": 0.10027235222158716
    },
    "overall_quality": {
      "n": 112,
      "mean": 0.3754298808847815,
      "median": 0.36978679010604987,
      "p95": 0.46664251396020334,
      "ci95_low": 0.3643663526000028,
      "ci95_high": 0.3858526504550412
    },
    "metrics": [
      "context_relevance",
      "persona_consistency",
      "naturalness",
      "context_keyword_coverage",
      "context_overlap",
      "persona_keyword_coverage",
      "persona_style",
      "distinct1",
      "length_score",
      "sentence_score",
      "bertscore_f1",
      "overall_quality"
    ]
  },
  "proposed_contextual": {
    "sample_count": 112,
    "context_relevance": {
      "n": 112,
      "mean": 0.10555542921372099,
      "median": 0.06587516960651288,
      "p95": 0.38682844173610187,
      "ci95_low": 0.08474344961602717,
      "ci95_high": 0.12894490083219495
    },
    "persona_consistency": {
      "n": 112,
      "mean": 0.15985233494258472,
      "median": 0.1,
      "p95": 0.4614285714285713,
      "ci95_low": 0.13783986208072405,
      "ci95_high": 0.18508234555289574
    },
    "naturalness": {
      "n": 112,
      "mean": 0.8077049411281086,
      "median": 0.7806163612986179,
      "p95": 0.9450000000000001,
      "ci95_low": 0.7947651429516689,
      "ci95_high": 0.820771756428329
    },
    "context_keyword_coverage": {
      "n": 112,
      "mean": 0.12378246753246754,
      "median": 0.08333333333333333,
      "p95": 0.49545454545454437,
      "ci95_low": 0.09415212391774891,
      "ci95_high": 0.15556412337662337
    },
    "context_overlap": {
      "n": 112,
      "mean": 0.06302567313664577,
      "median": 0.05334281650071124,
      "p95": 0.13832417582417572,
      "ci95_low": 0.056063285623347156,
      "ci95_high": 0.0702486003925914
    },
    "persona_keyword_coverage": {
      "n": 112,
      "mean": 0.07074829931972788,
      "median": 0.0,
      "p95": 0.3333333333333333,
      "ci95_low": 0.044045493197278913,
      "ci95_high": 0.09996386054421764
    },
    "persona_style": {
      "n": 112,
      "mean": 0.5162684774340119,
      "median": 0.5,
      "p95": 1.0,
      "ci95_low": 0.45182931303797946,
      "ci95_high": 0.5763187931847459
    },
    "distinct1": {
      "n": 112,
      "mean": 0.937924661493741,
      "median": 0.9160798122065728,
      "p95": 1.0,
      "ci95_low": 0.9312445743253751,
      "ci95_high": 0.9446570420395433
    },
    "length_score": {
      "n": 112,
      "mean": 0.2741071428571428,
      "median": 0.09999999999999998,
      "p95": 0.9,