{
  "ttft_ms": {
    "candidate_mean": 508.67325000035635,
    "baseline_mean": 186.4902625002287,
    "absolute_delta": 322.18298750012764,
    "relative_delta": 1.7276129229521167,
    "candidate_better": false,
    "lower_is_better": true
  },
  "total_time_ms": {
    "candidate_mean": 1522.5557624999055,
    "baseline_mean": 1143.9546250003332,
    "absolute_delta": 378.60113749957236,
    "relative_delta": 0.33095817720870013,
    "candidate_better": false,
    "lower_is_better": true
  },
  "tokens_per_s": {
    "candidate_mean": 23.858120323249448,
    "baseline_mean": 25.25865377920007,
    "absolute_delta": -1.4005334559506224,
    "relative_delta": -0.055447668280085856,
    "candidate_better": false,
    "lower_is_better": false
  }
}