{
  "candidate_model": "elara-npc:latest",
  "baseline_model": "phi3:mini",
  "candidate_mean": 0.021334204473532736,
  "baseline_mean": 0.1257162569090724,
  "absolute_delta": -0.10438205243553966,
  "relative_delta": -0.8302987616870962,
  "candidate_better": false
}