{
  "elara-npc:latest": {
    "total_requests": 8,
    "ok_requests": 8,
    "error_requests": 0,
    "error_rate": 0.0,
    "ttft_ms": {
      "n": 8,
      "mean": 508.67325000035635,
      "median": 453.9863999962108,
      "p95": 864.1326550045047,
      "ci95_low": 407.40379499984556,
      "ci95_high": 677.9630125020049
    },
    "total_time_ms": {
      "n": 8,
      "mean": 1522.5557624999055,
      "median": 1477.346250001574,
      "p95": 1906.9260949989252,
      "ci95_low": 1406.5246565643065,
      "ci95_high": 1707.29939468747
    },
    "tokens_per_s": {
      "n": 8,
      "mean": 23.858120323249448,
      "median": 23.797651712170953,
      "p95": 24.804543077415005,
      "ci95_low": 23.35880832354746,
      "ci95_high": 24.314167806630078
    }
  },
  "phi3:mini": {
    "total_requests": 8,
    "ok_requests": 8,
    "error_requests": 0,
    "error_rate": 0.0,
    "ttft_ms": {
      "n": 8,
      "mean": 186.4902625002287,
      "median": 158.38005000841804,
      "p95": 319.276429995807,
      "ci95_low": 151.25508749952132,
      "ci95_high": 249.61201531086772
    },
    "total_time_ms": {
      "n": 8,
      "mean": 1143.9546250003332,
      "median": 1123.2174500037218,
      "p95": 1274.8714649962494,
      "ci95_low": 1103.9101375008613,
      "ci95_high": 1203.408612498606
    },
    "tokens_per_s": {
      "n": 8,
      "mean": 25.25865377920007,
      "median": 25.285084185755068,
      "p95": 26.00893404368721,
      "ci95_low": 24.843488922056004,
      "ci95_high": 25.664416204114005
    }
  }
}