{
  "proposed_vs_candidate_no_context": {
    "context_relevance": {
      "target_mean": 0.07564928586060879,
      "baseline_mean": 0.016660400791039816,
      "absolute_delta": 0.05898888506956897,
      "relative_delta": 3.5406642258746848
    },
    "persona_consistency": {
      "target_mean": 0.12979166666666667,
      "baseline_mean": 0.1642293233082707,
      "absolute_delta": -0.03443765664160403,
      "relative_delta": -0.20969249551714939
    },
    "naturalness": {
      "target_mean": 0.7968398812169414,
      "baseline_mean": 0.7985773309764151,
      "absolute_delta": -0.0017374497594737637,
      "relative_delta": -0.00217568129231692
    },
    "context_keyword_coverage": {
      "target_mean": 0.08522727272727273,
      "baseline_mean": 0.006818181818181818,
      "absolute_delta": 0.07840909090909091,
      "relative_delta": 11.500000000000002
    },
    "context_overlap": {
      "target_mean": 0.053300649838392965,
      "baseline_mean": 0.03962557839437515,
      "absolute_delta": 0.013675071444017813,
      "relative_delta": 0.34510717567113136
    },
    "persona_keyword_coverage": {
      "target_mean": 0.04583333333333333,
      "baseline_mean": 0.08571428571428572,
      "absolute_delta": -0.039880952380952385,
      "relative_delta": -0.46527777777777785
    },
    "persona_style": {
      "target_mean": 0.465625,
      "baseline_mean": 0.47828947368421054,
      "absolute_delta": -0.012664473684210531,
      "relative_delta": -0.026478679504814313
    },
    "distinct1": {
      "target_mean": 0.9370149162206483,
      "baseline_mean": 0.9318599941077046,
      "absolute_delta": 0.005154922112943661,
      "relative_delta": 0.005531863311590833
    },
    "length_score": {
      "target_mean": 0.24666666666666665,
      "baseline_mean": 0.25166666666666665,
      "absolute_delta": -0.0050000000000000044,
      "relative_delta": -0.01986754966887419
    },
    "sentence_score": {
      "target_mean": 0.72875,
      "baseline_mean": 0.755,
      "absolute_delta": -0.026249999999999996,
      "relative_delta": -0.0347682119205298
    },
    "bertscore_f1": {
      "target_mean": 0.06293003663886339,
      "baseline_mean": 0.03688508312916383,
      "absolute_delta": 0.026044953509699556,
      "relative_delta": 0.7061107445114218
    },
    "overall_quality": {
      "target_mean": 0.2178311672587442,
      "baseline_mean": 0.20234133591296827,
      "absolute_delta": 0.015489831345775945,
      "relative_delta": 0.07655297557409863
    }
  },
  "proposed_vs_baseline_no_context": {
    "context_relevance": {
      "target_mean": 0.07564928586060879,
      "baseline_mean": 0.03853144774667934,
      "absolute_delta": 0.03711783811392945,
      "relative_delta": 0.9633128336613899
    },
    "persona_consistency": {
      "target_mean": 0.12979166666666667,
      "baseline_mean": 0.196,
      "absolute_delta": -0.06620833333333334,
      "relative_delta": -0.33779761904761907
    },
    "naturalness": {
      "target_mean": 0.7968398812169414,
      "baseline_mean": 0.9015857145172828,
      "absolute_delta": -0.10474583330034137,
      "relative_delta": -0.11617956186941499
    },
    "context_keyword_coverage": {
      "target_mean": 0.08522727272727273,
      "baseline_mean": 0.03848484848484849,
      "absolute_delta": 0.046742424242424245,
      "relative_delta": 1.214566929133858
    },
    "context_overlap": {
      "target_mean": 0.053300649838392965,
      "baseline_mean": 0.03864017935761801,
      "absolute_delta": 0.014660470480774956,
      "relative_delta": 0.37941000079453846
    },
    "persona_keyword_coverage": {
      "target_mean": 0.04583333333333333,
      "baseline_mean": 0.10333333333333332,
      "absolute_delta": -0.05749999999999999,
      "relative_delta": -0.5564516129032258
    },
    "persona_style": {
      "target_mean": 0.465625,
      "baseline_mean": 0.5666666666666667,
      "absolute_delta": -0.10104166666666664,
      "relative_delta": -0.17830882352941171
    },
    "distinct1": {
      "target_mean": 0.9370149162206483,
      "baseline_mean": 0.9766726196265401,
      "absolute_delta": -0.03965770340589181,
      "relative_delta": -0.040604909576615465
    },
    "length_score": {
      "target_mean": 0.24666666666666665,
      "baseline_mean": 0.5983333333333334,
      "absolute_delta": -0.35166666666666674,
      "relative_delta": -0.5877437325905294
    },
    "sentence_score": {
      "target_mean": 0.72875,
      "baseline_mean": 0.9125,
      "absolute_delta": -0.18374999999999997,
      "relative_delta": -0.2013698630136986
    },
    "bertscore_f1": {
      "target_mean": 0.06293003663886339,
      "baseline_mean": 0.046244387503247705,
      "absolute_delta": 0.016685649135615682,
      "relative_delta": 0.3608145774326422
    },
    "overall_quality": {
      "target_mean": 0.2178311672587442,
      "baseline_mean": 0.24055964398295893,
      "absolute_delta": -0.022728476724214713,
      "relative_delta": -0.09448166927709946
    }
  },
  "controlled_vs_proposed_raw": {
    "context_relevance": {
      "target_mean": 0.25698374189254425,
      "baseline_mean": 0.07564928586060879,
      "absolute_delta": 0.18133445603193546,
      "relative_delta": 2.397041214190203
    },
    "persona_consistency": {
      "target_mean": 0.38821428571428573,
      "baseline_mean": 0.12979166666666667,
      "absolute_delta": 0.2584226190476191,
      "relative_delta": 1.9910570969961021
    },
    "naturalness": {
      "target_mean": 0.9023065157155056,
      "baseline_mean": 0.7968398812169414,
      "absolute_delta": 0.1054666344985642,
      "relative_delta": 0.13235611944710216
    },
    "context_keyword_coverage": {
      "target_mean": 0.3250757575757576,
      "baseline_mean": 0.08522727272727273,
      "absolute_delta": 0.23984848484848484,
      "relative_delta": 2.814222222222222
    },
    "context_overlap": {
      "target_mean": 0.09810237196504655,
      "baseline_mean": 0.053300649838392965,
      "absolute_delta": 0.044801722126653586,
      "relative_delta": 0.840547390369385
    },
    "persona_keyword_coverage": {
      "target_mean": 0.33214285714285713,
      "baseline_mean": 0.04583333333333333,
      "absolute_delta": 0.2863095238095238,
      "relative_delta": 6.246753246753247
    },
    "persona_style": {
      "target_mean": 0.6125,
      "baseline_mean": 0.465625,
      "absolute_delta": 0.14687500000000003,
      "relative_delta": 0.3154362416107383
    },
    "distinct1": {
      "target_mean": 0.9325371226220973,
      "baseline_mean": 0.9370149162206483,
      "absolute_delta": -0.004477793598550939,
      "relative_delta": -0.0047787858240417895
    },
    "length_score": {
      "target_mean": 0.6683333333333333,
      "baseline_mean": 0.24666666666666665,
      "absolute_delta": 0.4216666666666667,
      "relative_delta": 1.7094594594594597
    },
    "sentence_score": {
      "target_mean": 0.95625,
      "baseline_mean": 0.72875,
      "absolute_delta": 0.22750000000000004,
      "relative_delta": 0.3121783876500858
    },
    "bertscore_f1": {
      "target_mean": 0.07497176508186384,
      "baseline_mean": 0.06293003663886339,
      "absolute_delta": 0.012041728443000457,
      "relative_delta": 0.19135104770563421
    },
    "overall_quality": {
      "target_mean": 0.3959379678124385,
      "baseline_mean": 0.2178311672587442,
      "absolute_delta": 0.1781068005536943,
      "relative_delta": 0.8176369010690535
    }
  },
  "controlled_vs_candidate_no_context": {
    "context_relevance": {
      "target_mean": 0.25698374189254425,
      "baseline_mean": 0.016660400791039816,
      "absolute_delta": 0.24032334110150444,
      "relative_delta": 14.424823515095358
    },
    "persona_consistency": {
      "target_mean": 0.38821428571428573,
      "baseline_mean": 0.1642293233082707,
      "absolute_delta": 0.22398496240601504,
      "relative_delta": 1.363854870092709
    },
    "naturalness": {
      "target_mean": 0.9023065157155056,