{
  "proposed_contextual_controlled": {
    "sample_count": 40,
    "context_relevance": {
      "n": 40,
      "mean": 0.25698374189254425,
      "median": 0.24907243163340723,
      "p95": 0.3505940133037693,
      "ci95_low": 0.24201606721759894,
      "ci95_high": 0.27309399012394536
    },
    "persona_consistency": {
      "n": 40,
      "mean": 0.38821428571428573,
      "median": 0.33333333333333337,
      "p95": 0.667619047619047,
      "ci95_low": 0.3367333333333334,
      "ci95_high": 0.4437196428571429
    },
    "naturalness": {
      "n": 40,
      "mean": 0.9023065157155056,
      "median": 0.9275268817204301,
      "p95": 0.9685855855855856,
      "ci95_low": 0.8826010622383228,
      "ci95_high": 0.9202331614512361
    },
    "context_keyword_coverage": {
      "n": 40,
      "mean": 0.3250757575757576,
      "median": 0.303030303030303,
      "p95": 0.45454545454545453,
      "ci95_low": 0.3038579545454545,
      "ci95_high": 0.3466666666666667
    },
    "context_overlap": {
      "n": 40,
      "mean": 0.09810237196504655,
      "median": 0.1,
      "p95": 0.1300839404497941,
      "ci95_low": 0.09236070010301034,
      "ci95_high": 0.10372304102392395
    },
    "persona_keyword_coverage": {
      "n": 40,
      "mean": 0.33214285714285713,
      "median": 0.24285714285714285,
      "p95": 0.7202380952380949,
      "ci95_low": 0.2767827380952381,
      "ci95_high": 0.3969255952380951
    },
    "persona_style": {
      "n": 40,
      "mean": 0.6125,
      "median": 0.5,
      "p95": 1.0,
      "ci95_low": 0.5207291666666666,
      "ci95_high": 0.7083333333333333
    },
    "distinct1": {
      "n": 40,
      "mean": 0.9325371226220973,
      "median": 0.936491935483871,
      "p95": 0.967741935483871,
      "ci95_low": 0.9259532526003007,
      "ci95_high": 0.9394240051880558
    },
    "length_score": {
      "n": 40,
      "mean": 0.6683333333333333,
      "median": 0.7666666666666666,
      "p95": 0.9666666666666667,
      "ci95_low": 0.5816666666666667,
      "ci95_high": 0.7500208333333332
    },
    "sentence_score": {
      "n": 40,
      "mean": 0.95625,
      "median": 1.0,
      "p95": 1.0,
      "ci95_low": 0.92125,
      "ci95_high": 0.99125
    },
    "bertscore_f1": {
      "n": 40,
      "mean": 0.07497176508186384,
      "median": 0.060245899483561516,
      "p95": 0.15954746976494788,
      "ci95_low": 0.06020653443410992,
      "ci95_high": 0.09015915243682683
    },
    "overall_quality": {
      "n": 40,
      "mean": 0.3959379678124385,
      "median": 0.3762357927443387,
      "p95": 0.508489318976116,
      "ci95_low": 0.37884772450620996,
      "ci95_high": 0.416127081213392
    },
    "metrics": [
      "context_relevance",
      "persona_consistency",
      "naturalness",
      "context_keyword_coverage",
      "context_overlap",
      "persona_keyword_coverage",
      "persona_style",
      "distinct1",
      "length_score",
      "sentence_score",
      "bertscore_f1",
      "overall_quality"
    ]
  },
  "proposed_contextual": {
    "sample_count": 40,
    "context_relevance": {
      "n": 40,
      "mean": 0.07564928586060879,
      "median": 0.014634146341463414,
      "p95": 0.3481621034910508,
      "ci95_low": 0.045669405892166795,
      "ci95_high": 0.10987073632560664
    },
    "persona_consistency": {
      "n": 40,
      "mean": 0.12979166666666667,
      "median": 0.1,
      "p95": 0.37333333333333296,
      "ci95_low": 0.09530636160714286,
      "ci95_high": 0.17302697172619047
    },
    "naturalness": {
      "n": 40,
      "mean": 0.7968398812169414,
      "median": 0.7489660691421254,
      "p95": 0.9120109819121446,
      "ci95_low": 0.7784589776243412,
      "ci95_high": 0.8188431227962846
    },
    "context_keyword_coverage": {
      "n": 40,
      "mean": 0.08522727272727273,
      "median": 0.0,
      "p95": 0.41856060606060597,
      "ci95_low": 0.04469223484848485,
      "ci95_high": 0.13087594696969695
    },
    "context_overlap": {
      "n": 40,
      "mean": 0.053300649838392965,
      "median": 0.04878048780487805,
      "p95": 0.10032066698733355,
      "ci95_low": 0.04350888531396305,
      "ci95_high": 0.06487550537452004
    },
    "persona_keyword_coverage": {
      "n": 40,
      "mean": 0.04583333333333333,
      "median": 0.0,
      "p95": 0.3416666666666662,
      "ci95_low": 0.008333333333333333,
      "ci95_high": 0.09047619047619047
    },
    "persona_style": {
      "n": 40,
      "mean": 0.465625,
      "median": 0.5,
      "p95": 1.0,
      "ci95_low": 0.36951171875,
      "ci95_high": 0.56015625
    },
    "distinct1": {
      "n": 40,
      "mean": 0.9370149162206483,
      "median": 0.9090909090909091,
      "p95": 1.0,
      "ci95_low": 0.9246151464257846,
      "ci95_high": 0.95001071054347
    },
    "length_score": {
      "n": 40,
      "mean": 0.24666666666666665,
      "median": 0.09999999999999998,
      "p95": 0.7683333333333332,
      "ci95_low": 0.17331249999999998,
      "ci95_high": 0.32166666666666666
    },
    "sentence_score": {
      "n": 40,
      "mean": 0.72875,
      "median": 0.65,
      "p95": 1.0,
      "ci95_low": 0.685,
      "ci95_high": 0.7725000000000001
    },
    "bertscore_f1": {
      "n": 40,
      "mean": 0.06293003663886339,
      "median": 0.04035193286836147,
      "p95": 0.19835893139243121,
      "ci95_low": 0.042798803573823534,
      "ci95_high": 0.08385715522861573
    },
    "overall_quality": {
      "n": 40,
      "mean": 0.2178311672587442,
      "median": 0.18259466863062437,
      "p95": 0.3614351393765668,
      "ci95_low": 0.19557210300646694,
      "ci95_high": 0.24307509186782547
    },
    "metrics": [
      "context_relevance",
      "persona_consistency",
      "naturalness",
      "context_keyword_coverage",
      "context_overlap",
      "persona_keyword_coverage",
      "persona_style",
      "distinct1",
      "length_score",
      "sentence_score",
      "bertscore_f1",
      "overall_quality"
    ]
  },
  "candidate_no_context": {
    "sample_count": 40,
    "context_relevance": {
      "n": 40,
      "mean": 0.016660400791039816,
      "median": 0.013238157040882543,
      "p95": 0.07595083487940629,
      "ci95_low": 0.011548491256913693,
      "ci95_high": 0.022700174978776744
    },
    "persona_consistency": {
      "n": 40,
      "mean": 0.1642293233082707,
      "median": 0.1,
      "p95": 0.5080357142857143,
      "ci95_low": 0.11907817395050127,
      "ci95_high": 0.21495320332080198
    },
    "naturalness": {
      "n": 40,
      "mean": 0.7985773309764151,
      "median": 0.7486363636363635,
      "p95": 0.927736434108527,
      "ci95_low": 0.776728592156821,
      "ci95_high": 0.8239396971254787
    },
    "context_keyword_coverage": {
      "n": 40,
      "mean": 0.006818181818181818,
      "median": 0.0,
      "p95": 0.09090909090909091,
      "ci95_low": 0.0,
      "ci95_high": 0.013636363636363636
    },
    "context_overlap": {
      "n": 40,
      "mean": 0.03962557839437515,
      "median": 0.04257246376811594,
      "p95": 0.056311962987442156,
      "ci95_low": 0.03612411191879044,
      "ci95_high": 0.04318499876930964
    },
    "persona_keyword_coverage": {
      "n": 40,
      "mean": 0.08571428571428572,
      "median": 0.0,
      "p95": 0.5714285714285714,
      "ci95_low": 0.02857142857142857,
      "ci95_high": 0.15357142857142855
    },
    "persona_style": {
      "n": 40,
      "mean": 0.47828947368421054,
      "median": 0.5,
      "p95": 1.0,
      "ci95_low": 0.38469572368421057,
      "ci95_high": 0.5692588404605263
    },
    "distinct1": {
      "n": 40,
      "mean": 0.9318599941077046,
      "median": 0.9090909090909091,
      "p95": 1.0,
      "ci95_low": 0.9212580874198864,
      "ci95_high": 0.9433349669742588
    },
    "length_score": {
      "n": 40,
      "mean": 0.25166666666666665,
      "median": 0.09999999999999998,
      "p95": 0.7699999999999998,
      "ci95_low": 0.17666666666666667,
      "ci95_high": 0.335
    },