{
  "proposed_vs_candidate_no_context": {
    "context_relevance": {
      "target_mean": 0.09499125973587766,
      "baseline_mean": 0.029409629824069368,
      "absolute_delta": 0.0655816299118083,
      "relative_delta": 2.229937279187891
    },
    "persona_consistency": {
      "target_mean": 0.1576956736995188,
      "baseline_mean": 0.18922028667236127,
      "absolute_delta": -0.03152461297284245,
      "relative_delta": -0.1666027122526664
    },
    "naturalness": {
      "target_mean": 0.7988467386694291,
      "baseline_mean": 0.8224323650395187,
      "absolute_delta": -0.02358562637008954,
      "relative_delta": -0.02867789179108513
    },
    "context_keyword_coverage": {
      "target_mean": 0.11033549783549783,
      "baseline_mean": 0.024945887445887445,
      "absolute_delta": 0.08538961038961038,
      "relative_delta": 3.4229934924078087
    },
    "context_overlap": {
      "target_mean": 0.0591880375034306,
      "baseline_mean": 0.03982502870649386,
      "absolute_delta": 0.01936300879693674,
      "relative_delta": 0.4862020047653955
    },
    "persona_keyword_coverage": {
      "target_mean": 0.0703656462585034,
      "baseline_mean": 0.10552721088435373,
      "absolute_delta": -0.03516156462585032,
      "relative_delta": -0.33319903303787257
    },
    "persona_style": {
      "target_mean": 0.5070157834635804,
      "baseline_mean": 0.5239925898243912,
      "absolute_delta": -0.01697680636081078,
      "relative_delta": -0.03239894359288615
    },
    "distinct1": {
      "target_mean": 0.9376674419116682,
      "baseline_mean": 0.9406246332560739,
      "absolute_delta": -0.002957191344405752,
      "relative_delta": -0.0031438591334453088
    },
    "length_score": {
      "target_mean": 0.2407738095238095,
      "baseline_mean": 0.33422619047619045,
      "absolute_delta": -0.09345238095238095,
      "relative_delta": -0.27960819234194123
    },
    "sentence_score": {
      "target_mean": 0.75625,
      "baseline_mean": 0.7937500000000001,
      "absolute_delta": -0.03750000000000009,
      "relative_delta": -0.04724409448818909
    },
    "bertscore_f1": {
      "target_mean": 0.07099816500002427,
      "baseline_mean": 0.03686253500828635,
      "absolute_delta": 0.03413562999173792,
      "relative_delta": 0.9260250274177984
    },
    "overall_quality": {
      "target_mean": 0.23573252471989853,
      "baseline_mean": 0.21964572779675476,
      "absolute_delta": 0.01608679692314377,
      "relative_delta": 0.0732397442213372
    }
  },
  "proposed_vs_baseline_no_context": {
    "context_relevance": {
      "target_mean": 0.09499125973587766,
      "baseline_mean": 0.0491683937601551,
      "absolute_delta": 0.045822865975722556,
      "relative_delta": 0.9319577572382752
    },
    "persona_consistency": {
      "target_mean": 0.1576956736995188,
      "baseline_mean": 0.1901871714594929,
      "absolute_delta": -0.03249149775997409,
      "relative_delta": -0.17083958665894722
    },
    "naturalness": {
      "target_mean": 0.7988467386694291,
      "baseline_mean": 0.886578520678823,
      "absolute_delta": -0.08773178200939391,
      "relative_delta": -0.0989554562434252
    },
    "context_keyword_coverage": {
      "target_mean": 0.11033549783549783,
      "baseline_mean": 0.0517180735930736,
      "absolute_delta": 0.05861742424242423,
      "relative_delta": 1.1334030865812186
    },
    "context_overlap": {
      "target_mean": 0.0591880375034306,
      "baseline_mean": 0.04321914081667865,
      "absolute_delta": 0.01596889668675195,
      "relative_delta": 0.36948667615783354
    },
    "persona_keyword_coverage": {
      "target_mean": 0.0703656462585034,
      "baseline_mean": 0.08983843537414966,
      "absolute_delta": -0.01947278911564626,
      "relative_delta": -0.21675343114055845
    },
    "persona_style": {
      "target_mean": 0.5070157834635804,
      "baseline_mean": 0.5915821158008657,
      "absolute_delta": -0.08456633233728528,
      "relative_delta": -0.1429494402865813
    },
    "distinct1": {
      "target_mean": 0.9376674419116682,
      "baseline_mean": 0.9759329088399149,
      "absolute_delta": -0.03826546692824673,
      "relative_delta": -0.039209116304657295
    },
    "length_score": {
      "target_mean": 0.2407738095238095,
      "baseline_mean": 0.5357142857142857,
      "absolute_delta": -0.2949404761904762,
      "relative_delta": -0.5505555555555556
    },
    "sentence_score": {
      "target_mean": 0.75625,
      "baseline_mean": 0.890625,
      "absolute_delta": -0.13437500000000002,
      "relative_delta": -0.15087719298245617
    },
    "bertscore_f1": {
      "target_mean": 0.07099816500002427,
      "baseline_mean": 0.0617633640026075,
      "absolute_delta": 0.009234800997416776,
      "relative_delta": 0.1495190740748335
    },
    "overall_quality": {
      "target_mean": 0.23573252471989853,
      "baseline_mean": 0.24172615948076404,
      "absolute_delta": -0.005993634760865507,
      "relative_delta": -0.024795143288339323
    }
  },
  "controlled_vs_proposed_raw": {
    "context_relevance": {
      "target_mean": 0.2777855417721931,
      "baseline_mean": 0.09499125973587766,
      "absolute_delta": 0.18279428203631545,
      "relative_delta": 1.9243273806934797
    },
    "persona_consistency": {
      "target_mean": 0.3554053716327181,
      "baseline_mean": 0.1576956736995188,
      "absolute_delta": 0.1977096979331993,
      "relative_delta": 1.2537420545215794
    },
    "naturalness": {
      "target_mean": 0.865192049124288,
      "baseline_mean": 0.7988467386694291,
      "absolute_delta": 0.06634531045485892,
      "relative_delta": 0.08305136297528691
    },
    "context_keyword_coverage": {
      "target_mean": 0.34937770562770565,
      "baseline_mean": 0.11033549783549783,
      "absolute_delta": 0.2390422077922078,
      "relative_delta": 2.166503187837175
    },
    "context_overlap": {
      "target_mean": 0.11073715944266393,
      "baseline_mean": 0.0591880375034306,
      "absolute_delta": 0.05154912193923333,
      "relative_delta": 0.8709381847006752
    },
    "persona_keyword_coverage": {
      "target_mean": 0.2921343537414966,
      "baseline_mean": 0.0703656462585034,
      "absolute_delta": 0.2217687074829932,
      "relative_delta": 3.1516616314199397
    },
    "persona_style": {
      "target_mean": 0.6084894431976041,
      "baseline_mean": 0.5070157834635804,
      "absolute_delta": 0.10147365973402367,
      "relative_delta": 0.20013905492414052
    },
    "distinct1": {
      "target_mean": 0.9354109705688846,
      "baseline_mean": 0.9376674419116682,
      "absolute_delta": -0.002256471342783617,
      "relative_delta": -0.0024064729582411854
    },
    "length_score": {
      "target_mean": 0.5008928571428571,
      "baseline_mean": 0.2407738095238095,
      "absolute_delta": 0.26011904761904764,
      "relative_delta": 1.0803461063040793
    },
    "sentence_score": {
      "target_mean": 0.9098214285714287,
      "baseline_mean": 0.75625,
      "absolute_delta": 0.1535714285714287,
      "relative_delta": 0.20306965761511234
    },
    "bertscore_f1": {
      "target_mean": 0.0895823892455415,
      "baseline_mean": 0.07099816500002427,
      "absolute_delta": 0.018584224245517228,
      "relative_delta": 0.26175640237336945
    },
    "overall_quality": {
      "target_mean": 0.38833650256161995,
      "baseline_mean": 0.23573252471989853,
      "absolute_delta": 0.15260397784172142,
      "relative_delta": 0.6473607238672224
    }
  },
  "controlled_vs_candidate_no_context": {
    "context_relevance": {
      "target_mean": 0.2777855417721931,
      "baseline_mean": 0.029409629824069368,
      "absolute_delta": 0.24837591194812375,
      "relative_delta": 8.44539402345175
    },
    "persona_consistency": {
      "target_mean": 0.3554053716327181,
      "baseline_mean": 0.18922028667236127,
      "absolute_delta": 0.16618508496035686,
      "relative_delta": 0.8782625155203875
    },