{
  "proposed_contextual_controlled": {
    "sample_count": 112,
    "context_relevance": {
      "n": 112,
      "mean": 0.2777855417721931,
      "median": 0.2756785243741765,
      "p95": 0.4634850697991143,
      "ci95_low": 0.2578581844846951,
      "ci95_high": 0.2983725823517984
    },
    "persona_consistency": {
      "n": 112,
      "mean": 0.3554053716327181,
      "median": 0.33333333333333337,
      "p95": 0.7096607142857136,
      "ci95_low": 0.3231550390409125,
      "ci95_high": 0.3881229822576211
    },
    "naturalness": {
      "n": 112,
      "mean": 0.865192049124288,
      "median": 0.8783333333333332,
      "p95": 0.9677147147147146,
      "ci95_low": 0.8502911023413947,
      "ci95_high": 0.8796901989031702
    },
    "context_keyword_coverage": {
      "n": 112,
      "mean": 0.34937770562770565,
      "median": 0.36363636363636365,
      "p95": 0.607196969696969,
      "ci95_low": 0.323430735930736,
      "ci95_high": 0.37582589285714285
    },
    "context_overlap": {
      "n": 112,
      "mean": 0.11073715944266393,
      "median": 0.10526315789473684,
      "p95": 0.16529850746268654,
      "ci95_low": 0.10188811206990725,
      "ci95_high": 0.12064452899714023
    },
    "persona_keyword_coverage": {
      "n": 112,
      "mean": 0.2921343537414966,
      "median": 0.2,
      "p95": 0.7142857142857143,
      "ci95_low": 0.25505102040816324,
      "ci95_high": 0.332751913265306
    },
    "persona_style": {
      "n": 112,
      "mean": 0.6084894431976041,
      "median": 0.5,
      "p95": 1.0,
      "ci95_low": 0.5511597660430522,
      "ci95_high": 0.6661067415560921
    },
    "distinct1": {
      "n": 112,
      "mean": 0.9354109705688846,
      "median": 0.9375,
      "p95": 1.0,
      "ci95_low": 0.9280772407299325,
      "ci95_high": 0.9428985004861576
    },
    "length_score": {
      "n": 112,
      "mean": 0.5008928571428571,
      "median": 0.6166666666666667,
      "p95": 0.9333333333333333,
      "ci95_low": 0.43779761904761905,
      "ci95_high": 0.5648883928571429
    },
    "sentence_score": {
      "n": 112,
      "mean": 0.9098214285714287,
      "median": 1.0,
      "p95": 1.0,
      "ci95_low": 0.88125,
      "ci95_high": 0.9375
    },
    "bertscore_f1": {
      "n": 112,
      "mean": 0.0895823892455415,
      "median": 0.07842544093728065,
      "p95": 0.203317853808403,
      "ci95_low": 0.07726923351188555,
      "ci95_high": 0.10158773680679067
    },
    "overall_quality": {
      "n": 112,
      "mean": 0.38833650256161995,
      "median": 0.3795790553285585,
      "p95": 0.5179918465517355,
      "ci95_low": 0.3758017763256172,
      "ci95_high": 0.4012224023584388
    },
    "metrics": [
      "context_relevance",
      "persona_consistency",
      "naturalness",
      "context_keyword_coverage",
      "context_overlap",
      "persona_keyword_coverage",
      "persona_style",
      "distinct1",
      "length_score",
      "sentence_score",
      "bertscore_f1",
      "overall_quality"
    ]
  },
  "proposed_contextual": {
    "sample_count": 112,
    "context_relevance": {
      "n": 112,
      "mean": 0.09499125973587766,
      "median": 0.0169047619047619,
      "p95": 0.370535714285714,
      "ci95_low": 0.0709396576124958,
      "ci95_high": 0.11979805630050423
    },
    "persona_consistency": {
      "n": 112,
      "mean": 0.1576956736995188,
      "median": 0.1,
      "p95": 0.4666666666666667,
      "ci95_low": 0.13422319957418288,
      "ci95_high": 0.18320971177746198
    },
    "naturalness": {
      "n": 112,
      "mean": 0.7988467386694291,
      "median": 0.753026265702322,
      "p95": 0.9353525641025641,
      "ci95_low": 0.7866804563300213,
      "ci95_high": 0.811090677851354
    },
    "context_keyword_coverage": {
      "n": 112,
      "mean": 0.11033549783549783,
      "median": 0.0,
      "p95": 0.4749999999999995,
      "ci95_low": 0.08083975919913419,
      "ci95_high": 0.14383860930735928
    },
    "context_overlap": {
      "n": 112,
      "mean": 0.0591880375034306,
      "median": 0.04878048780487805,
      "p95": 0.13459129861568886,
      "ci95_low": 0.051048713689744375,
      "ci95_high": 0.06925845325222763
    },
    "persona_keyword_coverage": {
      "n": 112,
      "mean": 0.0703656462585034,
      "median": 0.0,
      "p95": 0.44047619047618775,
      "ci95_low": 0.044212372448979596,
      "ci95_high": 0.09906462585034014
    },
    "persona_style": {
      "n": 112,
      "mean": 0.5070157834635804,
      "median": 0.5,
      "p95": 1.0,
      "ci95_low": 0.4418351025719881,
      "ci95_high": 0.5724214352973674
    },
    "distinct1": {
      "n": 112,
      "mean": 0.9376674419116682,
      "median": 0.9090909090909091,
      "p95": 1.0,
      "ci95_low": 0.9310414418203438,
      "ci95_high": 0.9449960448898718
    },
    "length_score": {
      "n": 112,
      "mean": 0.2407738095238095,
      "median": 0.09999999999999998,
      "p95": 0.8333333333333334,
      "ci95_low": 0.1958333333333333,
      "ci95_high": 0.2895982142857142
    },
    "sentence_score": {
      "n": 112,
      "mean": 0.75625,
      "median": 0.65,
      "p95": 1.0,
      "ci95_low": 0.728125,
      "ci95_high": 0.7875
    },
    "bertscore_f1": {
      "n": 112,
      "mean": 0.07099816500002427,
      "median": 0.05735597386956215,
      "p95": 0.16903428137302395,
      "ci95_low": 0.059827300215329164,
      "ci95_high": 0.0818436356785826
    },
    "overall_quality": {
      "n": 112,
      "mean": 0.23573252471989853,
      "median": 0.20391719556748866,
      "p95": 0.4179101321630828,
      "ci95_low": 0.21916546289912847,
      "ci95_high": 0.253068990237585
    },
    "metrics": [
      "context_relevance",
      "persona_consistency",
      "naturalness",
      "context_keyword_coverage",
      "context_overlap",
      "persona_keyword_coverage",
      "persona_style",
      "distinct1",
      "length_score",
      "sentence_score",
      "bertscore_f1",
      "overall_quality"
    ]
  },
  "candidate_no_context": {
    "sample_count": 112,
    "context_relevance": {
      "n": 112,
      "mean": 0.029409629824069368,
      "median": 0.014119601328903653,
      "p95": 0.14031620553359683,
      "ci95_low": 0.022393303239871883,
      "ci95_high": 0.03690371078037891
    },
    "persona_consistency": {
      "n": 112,
      "mean": 0.18922028667236127,
      "median": 0.1,
      "p95": 0.4848809523809519,
      "ci95_low": 0.1614213763630452,
      "ci95_high": 0.21921487501250497
    },
    "naturalness": {
      "n": 112,
      "mean": 0.8224323650395187,
      "median": 0.7855959333765953,
      "p95": 0.9733333333333332,
      "ci95_low": 0.8071182131787702,
      "ci95_high": 0.8382957971986806
    },
    "context_keyword_coverage": {
      "n": 112,
      "mean": 0.024945887445887445,
      "median": 0.0,
      "p95": 0.1734848484848483,
      "ci95_low": 0.015313176406926405,
      "ci95_high": 0.035619588744588745
    },
    "context_overlap": {
      "n": 112,
      "mean": 0.03982502870649386,
      "median": 0.040547945205479455,
      "p95": 0.06798407997038133,
      "ci95_low": 0.03687794729749185,
      "ci95_high": 0.04289247458347771
    },
    "persona_keyword_coverage": {
      "n": 112,
      "mean": 0.10552721088435373,
      "median": 0.0,
      "p95": 0.5714285714285714,
      "ci95_low": 0.0697140731292517,
      "ci95_high": 0.14345238095238094
    },
    "persona_style": {
      "n": 112,
      "mean": 0.5239925898243912,
      "median": 0.5,
      "p95": 1.0,
      "ci95_low": 0.4579926664175285,
      "ci95_high": 0.585635731456044
    },
    "distinct1": {
      "n": 112,
      "mean": 0.9406246332560739,
      "median": 0.9246031746031746,
      "p95": 1.0,
      "ci95_low": 0.9335548640365661,
      "ci95_high": 0.9477324473162979
    },
    "length_score": {
      "n": 112,
      "mean": 0.33422619047619045,
      "median": 0.09999999999999998,
      "p95": 0.8816666666666663,
      "ci95_low": 0.27796875,