{
  "proposed_contextual_controlled": {
    "sample_count": 20,
    "context_relevance": {
      "n": 20,
      "mean": 0.27163940894214533,
      "median": 0.2509048611740536,
      "p95": 0.4227246236036911,
      "ci95_low": 0.2390779563751786,
      "ci95_high": 0.3088731775570505
    },
    "persona_consistency": {
      "n": 20,
      "mean": 0.318,
      "median": 0.26,
      "p95": 0.5527142857142859,
      "ci95_low": 0.2642833333333333,
      "ci95_high": 0.3822857142857143
    },
    "naturalness": {
      "n": 20,
      "mean": 0.8569467736249579,
      "median": 0.8682370820668692,
      "p95": 0.9410752688172043,
      "ci95_low": 0.8295159024743519,
      "ci95_high": 0.8856659837345968
    },
    "context_keyword_coverage": {
      "n": 20,
      "mean": 0.33878787878787875,
      "median": 0.303030303030303,
      "p95": 0.55,
      "ci95_low": 0.295439393939394,
      "ci95_high": 0.3903181818181817
    },
    "context_overlap": {
      "n": 20,
      "mean": 0.11495964596876747,
      "median": 0.11189358372456965,
      "p95": 0.15399698340874812,
      "ci95_low": 0.10132306252013436,
      "ci95_high": 0.12815181187107816
    },
    "persona_keyword_coverage": {
      "n": 20,
      "mean": 0.24166666666666664,
      "median": 0.18333333333333335,
      "p95": 0.4471428571428574,
      "ci95_low": 0.1819047619047619,
      "ci95_high": 0.31524404761904756
    },
    "persona_style": {
      "n": 20,
      "mean": 0.6233333333333333,
      "median": 0.5,
      "p95": 1.0,
      "ci95_low": 0.5,
      "ci95_high": 0.755
    },
    "distinct1": {
      "n": 20,
      "mean": 0.9317644899471238,
      "median": 0.9375,
      "p95": 1.0,
      "ci95_low": 0.9153519240355327,
      "ci95_high": 0.9485504908983269
    },
    "length_score": {
      "n": 20,
      "mean": 0.45,
      "median": 0.5,
      "p95": 0.8383333333333334,
      "ci95_low": 0.311625,
      "ci95_high": 0.5933749999999998
    },
    "sentence_score": {
      "n": 20,
      "mean": 0.9475,
      "median": 1.0,
      "p95": 1.0,
      "ci95_low": 0.8949999999999999,
      "ci95_high": 1.0
    },
    "bertscore_f1": {
      "n": 20,
      "mean": 0.0905554961413145,
      "median": 0.1090972051024437,
      "p95": 0.15442290753126142,
      "ci95_low": 0.06960234512109309,
      "ci95_high": 0.1129322610236704
    },
    "overall_quality": {
      "n": 20,
      "mean": 0.37165526510845737,
      "median": 0.3632912856014887,
      "p95": 0.4447525680371392,
      "ci95_low": 0.35030545228601906,
      "ci95_high": 0.3959923757148311
    },
    "metrics": [
      "context_relevance",
      "persona_consistency",
      "naturalness",
      "context_keyword_coverage",
      "context_overlap",
      "persona_keyword_coverage",
      "persona_style",
      "distinct1",
      "length_score",
      "sentence_score",
      "bertscore_f1",
      "overall_quality"
    ]
  },
  "proposed_contextual": {
    "sample_count": 20,
    "context_relevance": {
      "n": 20,
      "mean": 0.07871571211082529,
      "median": 0.015384615384615384,
      "p95": 0.3397187363198599,
      "ci95_low": 0.03709673877308129,
      "ci95_high": 0.12758842338714954
    },
    "persona_consistency": {
      "n": 20,
      "mean": 0.1192202380952381,
      "median": 0.1,
      "p95": 0.21067857142857158,
      "ci95_low": 0.08374739583333334,
      "ci95_high": 0.16224404761904762
    },
    "naturalness": {
      "n": 20,
      "mean": 0.7965369437898511,
      "median": 0.7486363636363635,
      "p95": 0.9419473684210525,
      "ci95_low": 0.768257196969697,
      "ci95_high": 0.8309992374579533
    },
    "context_keyword_coverage": {
      "n": 20,
      "mean": 0.08939393939393939,
      "median": 0.0,
      "p95": 0.45454545454545453,
      "ci95_low": 0.031818181818181815,
      "ci95_high": 0.1628882575757575
    },
    "context_overlap": {
      "n": 20,
      "mean": 0.05379984845022571,
      "median": 0.050031269543464665,
      "p95": 0.08001321877065434,
      "ci95_low": 0.04585776345514645,
      "ci95_high": 0.06272161406490151
    },
    "persona_keyword_coverage": {
      "n": 20,
      "mean": 0.014285714285714285,
      "median": 0.0,
      "p95": 0.014285714285714488,
      "ci95_low": 0.0,
      "ci95_high": 0.04285714285714286
    },
    "persona_style": {
      "n": 20,
      "mean": 0.5389583333333333,
      "median": 0.5,
      "p95": 1.0,
      "ci95_low": 0.4076692708333334,
      "ci95_high": 0.6729088541666661
    },
    "distinct1": {
      "n": 20,
      "mean": 0.9334256928079612,
      "median": 0.9090909090909091,
      "p95": 1.0,
      "ci95_low": 0.9200951622484458,
      "ci95_high": 0.949236331835063
    },
    "length_score": {
      "n": 20,
      "mean": 0.23833333333333329,
      "median": 0.09999999999999998,
      "p95": 0.7783333333333334,
      "ci95_low": 0.1333333333333333,
      "ci95_high": 0.36508333333333287
    },
    "sentence_score": {
      "n": 20,
      "mean": 0.755,
      "median": 0.65,
      "p95": 1.0,
      "ci95_low": 0.685,
      "ci95_high": 0.825
    },
    "bertscore_f1": {
      "n": 20,
      "mean": 0.07169775869697333,
      "median": 0.06355855986475945,
      "p95": 0.17149249836802488,
      "ci95_low": 0.04809621765045449,
      "ci95_high": 0.09943468499288427
    },
    "overall_quality": {
      "n": 20,
      "mean": 0.21565035971057273,
      "median": 0.1741732346008199,
      "p95": 0.35343286906390825,
      "ci95_low": 0.18657885527208296,
      "ci95_high": 0.24944101591031076
    },
    "metrics": [
      "context_relevance",
      "persona_consistency",
      "naturalness",
      "context_keyword_coverage",
      "context_overlap",
      "persona_keyword_coverage",
      "persona_style",
      "distinct1",
      "length_score",
      "sentence_score",
      "bertscore_f1",
      "overall_quality"
    ]
  },
  "candidate_no_context": {
    "sample_count": 20,
    "context_relevance": {
      "n": 20,
      "mean": 0.01674523571585538,
      "median": 0.014459930313588849,
      "p95": 0.0208944179735572,
      "ci95_low": 0.012482790413462345,
      "ci95_high": 0.023927776644631377
    },
    "persona_consistency": {
      "n": 20,
      "mean": 0.16055059523809526,
      "median": 0.1,
      "p95": 0.38190476190476214,
      "ci95_low": 0.10239322916666665,
      "ci95_high": 0.23295275297619036
    },
    "naturalness": {
      "n": 20,
      "mean": 0.7787127599772456,
      "median": 0.7486363636363635,
      "p95": 0.8632453773113442,
      "ci95_low": 0.758192953147306,
      "ci95_high": 0.8040003415385777
    },
    "context_keyword_coverage": {
      "n": 20,
      "mean": 0.004545454545454545,
      "median": 0.0,
      "p95": 0.00454545454545461,
      "ci95_low": 0.0,
      "ci95_high": 0.013636363636363636
    },
    "context_overlap": {
      "n": 20,
      "mean": 0.045211391780124,
      "median": 0.047619047619047616,
      "p95": 0.05886742756804214,
      "ci95_low": 0.03998233806351193,
      "ci95_high": 0.04974977902927277
    },
    "persona_keyword_coverage": {
      "n": 20,
      "mean": 0.06904761904761905,
      "median": 0.0,
      "p95": 0.3523809523809527,
      "ci95_low": 0.0,
      "ci95_high": 0.15714285714285714
    },
    "persona_style": {
      "n": 20,
      "mean": 0.5265625,
      "median": 0.5,
      "p95": 1.0,
      "ci95_low": 0.403125,
      "ci95_high": 0.65
    },
    "distinct1": {
      "n": 20,
      "mean": 0.9249068999431141,
      "median": 0.9090909090909091,
      "p95": 0.9836206896551724,
      "ci95_low": 0.9130473751600512,
      "ci95_high": 0.9383285981849024
    },
    "length_score": {
      "n": 20,
      "mean": 0.175,
      "median": 0.09999999999999998,
      "p95": 0.44833333333333353,
      "ci95_low": 0.11166666666666665,
      "ci95_high": 0.25
    },
    "sentence_score": {
      "n": 20,
      "mean": 0.7375,
      "median": 0.65,
      "p95": 1.0,
      "ci95_low": 0.685,
      "ci95_high": 0.8074999999999999
    },