{
  "candidate_model": "elara-npc:latest",
  "baseline_model": "phi3:mini",
  "candidate_mean": 0.0032644968014210463,
  "baseline_mean": 0.1262858638074249,
  "absolute_delta": -0.12302136700600386,
  "relative_delta": -0.974149942812292,
  "candidate_better": false
}