{
  "elara-npc:latest": {
    "total_requests": 8,
    "ok_requests": 8,
    "error_requests": 0,
    "error_rate": 0.0,
    "ttft_ms": {
      "n": 8,
      "mean": 762.8517374996591,
      "median": 743.4992499984219,
      "p95": 924.7175499971488,
      "ci95_low": 712.2826499999064,
      "ci95_high": 838.2731228117791
    },
    "total_time_ms": {
      "n": 8,
      "mean": 4686.846825003158,
      "median": 4676.720300012676,
      "p95": 5029.387684998073,
      "ci95_low": 4539.356469377981,
      "ci95_high": 4848.339885939731
    },
    "tokens_per_s": {
      "n": 8,
      "mean": 16.441794289615938,
      "median": 16.547785773661662,
      "p95": 17.39959142069653,
      "ci95_low": 15.886064691974449,
      "ci95_high": 16.93494742617782
    }
  },
  "phi3:mini": {
    "total_requests": 8,
    "ok_requests": 8,
    "error_requests": 0,
    "error_rate": 0.0,
    "ttft_ms": {
      "n": 8,
      "mean": 302.8637000006711,
      "median": 250.77930000406923,
      "p95": 536.058500006038,
      "ci95_low": 244.15249999765365,
      "ci95_high": 413.58698000340155
    },
    "total_time_ms": {
      "n": 8,
      "mean": 3856.252649999078,
      "median": 3881.5255500012427,
      "p95": 4625.732930003869,
      "ci95_low": 3366.2361568733104,
      "ci95_high": 4286.387187501532
    },
    "tokens_per_s": {
      "n": 8,
      "mean": 17.18213436392176,
      "median": 17.58428305728529,
      "p95": 17.8412357648859,
      "ci95_low": 16.57976197012075,
      "ci95_high": 17.652999774498078
    }
  }
}