{
  "proposed_vs_candidate_no_context": {
    "context_relevance": {
      "target_mean": 0.1114989152174188,
      "baseline_mean": 0.017809190285926292,
      "absolute_delta": 0.0936897249314925,
      "relative_delta": 5.2607515236406215
    },
    "persona_consistency": {
      "target_mean": 0.16998809523809524,
      "baseline_mean": 0.14071428571428574,
      "absolute_delta": 0.029273809523809508,
      "relative_delta": 0.20803722504230104
    },
    "naturalness": {
      "target_mean": 0.8263365430741153,
      "baseline_mean": 0.7914634439634438,
      "absolute_delta": 0.03487309911067149,
      "relative_delta": 0.04406154115727196
    },
    "context_keyword_coverage": {
      "target_mean": 0.1318181818181818,
      "baseline_mean": 0.00909090909090909,
      "absolute_delta": 0.12272727272727271,
      "relative_delta": 13.499999999999998
    },
    "context_overlap": {
      "target_mean": 0.0640872931489718,
      "baseline_mean": 0.038151846407633104,
      "absolute_delta": 0.025935446741338693,
      "relative_delta": 0.6797953227278076
    },
    "persona_keyword_coverage": {
      "target_mean": 0.06904761904761905,
      "baseline_mean": 0.03214285714285714,
      "absolute_delta": 0.03690476190476191,
      "relative_delta": 1.1481481481481486
    },
    "persona_style": {
      "target_mean": 0.57375,
      "baseline_mean": 0.575,
      "absolute_delta": -0.0012499999999999734,
      "relative_delta": -0.0021739130434782145
    },
    "distinct1": {
      "target_mean": 0.942508024351955,
      "baseline_mean": 0.9299086099086098,
      "absolute_delta": 0.012599414443345225,
      "relative_delta": 0.01354908892023645
    },
    "length_score": {
      "target_mean": 0.3516666666666667,
      "baseline_mean": 0.255,
      "absolute_delta": 0.09666666666666668,
      "relative_delta": 0.3790849673202615
    },
    "sentence_score": {
      "target_mean": 0.79,
      "baseline_mean": 0.685,
      "absolute_delta": 0.10499999999999998,
      "relative_delta": 0.15328467153284667
    },
    "overall_quality": {
      "target_mean": 0.2710916583528341,
      "baseline_mean": 0.20957412716575216,
      "absolute_delta": 0.06151753118708195,
      "relative_delta": 0.2935359055005284
    }
  },
  "controlled_vs_proposed_raw": {
    "context_relevance": {
      "target_mean": 0.29526052358799687,
      "baseline_mean": 0.1114989152174188,
      "absolute_delta": 0.1837616083705781,
      "relative_delta": 1.6481022080999594
    },
    "persona_consistency": {
      "target_mean": 0.30060714285714285,
      "baseline_mean": 0.16998809523809524,
      "absolute_delta": 0.1306190476190476,
      "relative_delta": 0.7684011485398136
    },
    "naturalness": {
      "target_mean": 0.8872634298245006,
      "baseline_mean": 0.8263365430741153,
      "absolute_delta": 0.06092688675038527,
      "relative_delta": 0.07373132322543388
    },
    "context_keyword_coverage": {
      "target_mean": 0.3727272727272727,
      "baseline_mean": 0.1318181818181818,
      "absolute_delta": 0.24090909090909088,
      "relative_delta": 1.8275862068965516
    },
    "context_overlap": {
      "target_mean": 0.11450477559635316,
      "baseline_mean": 0.0640872931489718,
      "absolute_delta": 0.05041748244738137,
      "relative_delta": 0.7867001392957139
    },
    "persona_keyword_coverage": {
      "target_mean": 0.22523809523809524,
      "baseline_mean": 0.06904761904761905,
      "absolute_delta": 0.15619047619047619,
      "relative_delta": 2.262068965517241
    },
    "persona_style": {
      "target_mean": 0.6020833333333333,
      "baseline_mean": 0.57375,
      "absolute_delta": 0.02833333333333332,
      "relative_delta": 0.0493827160493827
    },
    "distinct1": {
      "target_mean": 0.9423252412279177,
      "baseline_mean": 0.942508024351955,
      "absolute_delta": -0.00018278312403730013,
      "relative_delta": -0.00019393269798734843
    },
    "length_score": {
      "target_mean": 0.6216666666666667,
      "baseline_mean": 0.3516666666666667,
      "absolute_delta": 0.27,
      "relative_delta": 0.7677725118483413
    },
    "sentence_score": {
      "target_mean": 0.86,
      "baseline_mean": 0.79,
      "absolute_delta": 0.06999999999999995,
      "relative_delta": 0.08860759493670879
    },
    "overall_quality": {
      "target_mean": 0.4172610848461894,
      "baseline_mean": 0.2710916583528341,
      "absolute_delta": 0.1461694264933553,
      "relative_delta": 0.5391882117712058
    }
  },
  "controlled_vs_candidate_no_context": {
    "context_relevance": {
      "target_mean": 0.29526052358799687,
      "baseline_mean": 0.017809190285926292,
      "absolute_delta": 0.27745133330207056,
      "relative_delta": 15.579109934117914
    },
    "persona_consistency": {
      "target_mean": 0.30060714285714285,
      "baseline_mean": 0.14071428571428574,
      "absolute_delta": 0.15989285714285711,
      "relative_delta": 1.1362944162436543
    },
    "naturalness": {
      "target_mean": 0.8872634298245006,
      "baseline_mean": 0.7914634439634438,
      "absolute_delta": 0.09579998586105676,
      "relative_delta": 0.12104158011558343
    },
    "context_keyword_coverage": {
      "target_mean": 0.3727272727272727,
      "baseline_mean": 0.00909090909090909,
      "absolute_delta": 0.3636363636363636,
      "relative_delta": 40.0
    },
    "context_overlap": {
      "target_mean": 0.11450477559635316,
      "baseline_mean": 0.038151846407633104,
      "absolute_delta": 0.07635292918872005,
      "relative_delta": 2.0012905371060623
    },
    "persona_keyword_coverage": {
      "target_mean": 0.22523809523809524,
      "baseline_mean": 0.03214285714285714,
      "absolute_delta": 0.1930952380952381,
      "relative_delta": 6.007407407407408
    },
    "persona_style": {
      "target_mean": 0.6020833333333333,
      "baseline_mean": 0.575,
      "absolute_delta": 0.027083333333333348,
      "relative_delta": 0.04710144927536235
    },
    "distinct1": {
      "target_mean": 0.9423252412279177,
      "baseline_mean": 0.9299086099086098,
      "absolute_delta": 0.012416631319307925,
      "relative_delta": 0.01335252861087953
    },
    "length_score": {
      "target_mean": 0.6216666666666667,
      "baseline_mean": 0.255,
      "absolute_delta": 0.3666666666666667,
      "relative_delta": 1.4379084967320261
    },
    "sentence_score": {
      "target_mean": 0.86,
      "baseline_mean": 0.685,
      "absolute_delta": 0.17499999999999993,
      "relative_delta": 0.25547445255474444
    },
    "overall_quality": {
      "target_mean": 0.4172610848461894,
      "baseline_mean": 0.20957412716575216,
      "absolute_delta": 0.20768695768043724,
      "relative_delta": 0.9909952172492058
    }
  },
  "controlled_alt_vs_controlled_default": {
    "context_relevance": {
      "target_mean": 0.32038845079457057,
      "baseline_mean": 0.29526052358799687,
      "absolute_delta": 0.025127927206573697,
      "relative_delta": 0.08510425606924994
    },
    "persona_consistency": {
      "target_mean": 0.3567976190476191,
      "baseline_mean": 0.30060714285714285,
      "absolute_delta": 0.056190476190476235,
      "relative_delta": 0.18692329016672624
    },
    "naturalness": {
      "target_mean": 0.8754015076038577,
      "baseline_mean": 0.8872634298245006,
      "absolute_delta": -0.011861922220642862,
      "relative_delta": -0.013369109806530777
    },
    "context_keyword_coverage": {
      "target_mean": 0.40909090909090906,
      "baseline_mean": 0.3727272727272727,
      "absolute_delta": 0.036363636363636376,
      "relative_delta": 0.09756097560975614
    },
    "context_overlap": {
      "target_mean": 0.11341604810311397,
      "baseline_mean": 0.11450477559635316,
      "absolute_delta": -0.0010887274932391972,
      "relative_delta": -0.009508140490813484
    },
    "persona_keyword_coverage": {
      "target_mean": 0.2938095238095238,
      "baseline_mean": 0.22523809523809524,