{
  "proposed_contextual_controlled": {
    "sample_count": 20,
    "context_relevance": {
      "n": 20,
      "mean": 0.29526052358799687,
      "median": 0.28278465720326185,
      "p95": 0.4316795665634675,
      "ci95_low": 0.2646038516905998,
      "ci95_high": 0.3292006307424171
    },
    "persona_consistency": {
      "n": 20,
      "mean": 0.30060714285714285,
      "median": 0.23333333333333334,
      "p95": 0.5447142857142857,
      "ci95_low": 0.24340089285714284,
      "ci95_high": 0.36070386904761903
    },
    "naturalness": {
      "n": 20,
      "mean": 0.8872634298245006,
      "median": 0.8941017316017317,
      "p95": 0.9557655502392346,
      "ci95_low": 0.8608475458758704,
      "ci95_high": 0.9125027390735838
    },
    "context_keyword_coverage": {
      "n": 20,
      "mean": 0.3727272727272727,
      "median": 0.36363636363636365,
      "p95": 0.55,
      "ci95_low": 0.32727272727272727,
      "ci95_high": 0.42272727272727273
    },
    "context_overlap": {
      "n": 20,
      "mean": 0.11450477559635316,
      "median": 0.1056547619047619,
      "p95": 0.1574941841143237,
      "ci95_low": 0.10382584527728655,
      "ci95_high": 0.1262758261240786
    },
    "persona_keyword_coverage": {
      "n": 20,
      "mean": 0.22523809523809524,
      "median": 0.16666666666666666,
      "p95": 0.4371428571428572,
      "ci95_low": 0.16999999999999998,
      "ci95_high": 0.28976785714285713
    },
    "persona_style": {
      "n": 20,
      "mean": 0.6020833333333333,
      "median": 0.5,
      "p95": 1.0,
      "ci95_low": 0.48536458333333343,
      "ci95_high": 0.725
    },
    "distinct1": {
      "n": 20,
      "mean": 0.9423252412279177,
      "median": 0.9393939393939394,
      "p95": 1.0,
      "ci95_low": 0.9300504112677163,
      "ci95_high": 0.9555102959392884
    },
    "length_score": {
      "n": 20,
      "mean": 0.6216666666666667,
      "median": 0.75,
      "p95": 0.8416666666666668,
      "ci95_low": 0.4866666666666667,
      "ci95_high": 0.74
    },
    "sentence_score": {
      "n": 20,
      "mean": 0.86,
      "median": 1.0,
      "p95": 1.0,
      "ci95_low": 0.79,
      "ci95_high": 0.93
    },
    "overall_quality": {
      "n": 20,
      "mean": 0.4172610848461894,
      "median": 0.4123758865248228,
      "p95": 0.5011652564335594,
      "ci95_low": 0.3934944463817425,
      "ci95_high": 0.4409295189789237
    },
    "metrics": [
      "context_relevance",
      "persona_consistency",
      "naturalness",
      "context_keyword_coverage",
      "context_overlap",
      "persona_keyword_coverage",
      "persona_style",
      "distinct1",
      "length_score",
      "sentence_score",
      "overall_quality"
    ]
  },
  "proposed_contextual_controlled_tuned": {
    "sample_count": 20,
    "context_relevance": {
      "n": 20,
      "mean": 0.32038845079457057,
      "median": 0.29268146237324316,
      "p95": 0.4338504464285714,
      "ci95_low": 0.28823836736695707,
      "ci95_high": 0.3530334908159988
    },
    "persona_consistency": {
      "n": 20,
      "mean": 0.3567976190476191,
      "median": 0.3142857142857143,
      "p95": 0.6174940476190477,
      "ci95_low": 0.2907839285714286,
      "ci95_high": 0.4314419642857143
    },
    "naturalness": {
      "n": 20,
      "mean": 0.8754015076038577,
      "median": 0.8848235294117647,
      "p95": 0.9551515151515153,
      "ci95_low": 0.8458641908777843,
      "ci95_high": 0.9019916730035492
    },
    "context_keyword_coverage": {
      "n": 20,
      "mean": 0.40909090909090906,
      "median": 0.36363636363636365,
      "p95": 0.55,
      "ci95_low": 0.36818181818181817,
      "ci95_high": 0.45
    },
    "context_overlap": {
      "n": 20,
      "mean": 0.11341604810311397,
      "median": 0.10811688311688311,
      "p95": 0.16283482142857147,
      "ci95_low": 0.1008395908804659,
      "ci95_high": 0.12766929133898622
    },
    "persona_keyword_coverage": {
      "n": 20,
      "mean": 0.2938095238095238,
      "median": 0.2,
      "p95": 0.5845238095238097,
      "ci95_low": 0.21617857142857141,
      "ci95_high": 0.37952976190476184
    },
    "persona_style": {
      "n": 20,
      "mean": 0.60875,
      "median": 0.5,
      "p95": 1.0,
      "ci95_low": 0.5083333333333333,
      "ci95_high": 0.7170833333333333
    },
    "distinct1": {
      "n": 20,
      "mean": 0.9360037690096444,
      "median": 0.9393939393939394,
      "p95": 0.9838983050847459,
      "ci95_low": 0.91739637256815,
      "ci95_high": 0.9515612349190882
    },
    "length_score": {
      "n": 20,
      "mean": 0.54,
      "median": 0.5833333333333333,
      "p95": 0.9333333333333333,
      "ci95_low": 0.4033333333333333,
      "ci95_high": 0.6733333333333333
    },
    "sentence_score": {
      "n": 20,
      "mean": 0.93,
      "median": 1.0,
      "p95": 1.0,
      "ci95_low": 0.86,
      "ci95_high": 0.9824999999999999
    },
    "overall_quality": {
      "n": 20,
      "mean": 0.4478152736769469,
      "median": 0.4437799873737375,
      "p95": 0.5110239782816056,
      "ci95_low": 0.42183925475481704,
      "ci95_high": 0.47279321512912764
    },
    "metrics": [
      "context_relevance",
      "persona_consistency",
      "naturalness",
      "context_keyword_coverage",
      "context_overlap",
      "persona_keyword_coverage",
      "persona_style",
      "distinct1",
      "length_score",
      "sentence_score",
      "overall_quality"
    ]
  },
  "proposed_contextual": {
    "sample_count": 20,
    "context_relevance": {
      "n": 20,
      "mean": 0.1114989152174188,
      "median": 0.046271963330786856,
      "p95": 0.34226215644820296,
      "ci95_low": 0.05937272289888334,
      "ci95_high": 0.16769238711365586
    },
    "persona_consistency": {
      "n": 20,
      "mean": 0.16998809523809524,
      "median": 0.1,
      "p95": 0.4340357142857144,
      "ci95_low": 0.11664910714285714,
      "ci95_high": 0.23503511904761876
    },
    "naturalness": {
      "n": 20,
      "mean": 0.8263365430741153,
      "median": 0.8183333333333334,
      "p95": 0.9543333333333333,
      "ci95_low": 0.7936397655582048,
      "ci95_high": 0.860807414929274
    },
    "context_keyword_coverage": {
      "n": 20,
      "mean": 0.1318181818181818,
      "median": 0.045454545454545456,
      "p95": 0.37272727272727285,
      "ci95_low": 0.06818181818181818,
      "ci95_high": 0.20454545454545453
    },
    "context_overlap": {
      "n": 20,
      "mean": 0.0640872931489718,
      "median": 0.044938189107918476,
      "p95": 0.1291050035236083,
      "ci95_low": 0.042239907487774814,
      "ci95_high": 0.0930094834786381
    },
    "persona_keyword_coverage": {
      "n": 20,
      "mean": 0.06904761904761905,
      "median": 0.0,
      "p95": 0.33809523809523817,
      "ci95_low": 0.016666666666666666,
      "ci95_high": 0.13452380952380952
    },
    "persona_style": {
      "n": 20,
      "mean": 0.57375,
      "median": 0.5,
      "p95": 1.0,
      "ci95_low": 0.425,
      "ci95_high": 0.7
    },
    "distinct1": {
      "n": 20,
      "mean": 0.942508024351955,
      "median": 0.9271764316451506,
      "p95": 1.0,
      "ci95_low": 0.9268716931908562,
      "ci95_high": 0.959091646715995
    },
    "length_score": {
      "n": 20,
      "mean": 0.3516666666666667,
      "median": 0.26666666666666666,
      "p95": 0.7716666666666667,
      "ci95_low": 0.24,
      "ci95_high": 0.47000000000000003
    },
    "sentence_score": {
      "n": 20,
      "mean": 0.79,
      "median": 0.65,
      "p95": 1.0,
      "ci95_low": 0.72,
      "ci95_high": 0.86
    },
    "overall_quality": {
      "n": 20,
      "mean": 0.2710916583528341,
      "median": 0.23190812638878722,
      "p95": 0.45193023953957695,
      "ci95_low": 0.2266023632811494,
      "ci95_high": 0.3185734343046374
    },