{
  "proposed_contextual_controlled": {
    "sample_count": 24,
    "context_relevance": {
      "n": 24,
      "mean": 0.0705124428781717,
      "median": 0.012632978723404254,
      "p95": 0.276981534090909,
      "ci95_low": 0.03645027297385434,
      "ci95_high": 0.10961047848807055
    },
    "persona_consistency": {
      "n": 24,
      "mean": 0.23762400793650795,
      "median": 0.23333333333333334,
      "p95": 0.48607142857142827,
      "ci95_low": 0.19166573660714284,
      "ci95_high": 0.29401134672619045
    },
    "naturalness": {
      "n": 24,
      "mean": 0.868170815929636,
      "median": 0.8733333333333334,
      "p95": 0.9321833333333331,
      "ci95_low": 0.8481351099715304,
      "ci95_high": 0.8846080305589681
    },
    "quest_state_correctness": {
      "n": 24,
      "mean": 0.15924955880122119,
      "median": 0.11712248062015504,
      "p95": 0.3196560173160172,
      "ci95_low": 0.12902180100152685,
      "ci95_high": 0.19433015750261937
    },
    "lore_consistency": {
      "n": 24,
      "mean": 0.02647201809489945,
      "median": 0.0,
      "p95": 0.15458301528979487,
      "ci95_low": 0.006048340548340547,
      "ci95_high": 0.05364259559884559
    },
    "multi_turn_contradiction_safety": {
      "n": 24,
      "mean": 1.0,
      "median": 1.0,
      "p95": 1.0,
      "ci95_low": 1.0,
      "ci95_high": 1.0
    },
    "objective_completion_support": {
      "n": 24,
      "mean": 0.08597222222222223,
      "median": 0.12166666666666667,
      "p95": 0.15958333333333327,
      "ci95_low": 0.062286458333333336,
      "ci95_high": 0.11
    },
    "gameplay_usefulness": {
      "n": 24,
      "mean": 0.30000681385848194,
      "median": 0.29076765327695564,
      "p95": 0.36834904040404043,
      "ci95_low": 0.28576956799965675,
      "ci95_high": 0.31547777668561944
    },
    "time_pressure_acceptability": {
      "n": 24,
      "mean": 0.2960933261183261,
      "median": 0.30475,
      "p95": 0.34713999999999995,
      "ci95_low": 0.2796765888798701,
      "ci95_high": 0.31211966495310245
    },
    "context_keyword_coverage": {
      "n": 24,
      "mean": 0.07992424242424243,
      "median": 0.0,
      "p95": 0.3499999999999998,
      "ci95_low": 0.037812500000000006,
      "ci95_high": 0.1325852272727272
    },
    "context_overlap": {
      "n": 24,
      "mean": 0.04855157727067335,
      "median": 0.031688437348814706,
      "p95": 0.12783224400871457,
      "ci95_low": 0.033780820880131825,
      "ci95_high": 0.06505993100786184
    },
    "persona_keyword_coverage": {
      "n": 24,
      "mean": 0.1765873015873016,
      "median": 0.16666666666666666,
      "p95": 0.5357142857142851,
      "ci95_low": 0.12103174603174603,
      "ci95_high": 0.24804067460317447
    },
    "persona_style": {
      "n": 24,
      "mean": 0.4817708333333333,
      "median": 0.5,
      "p95": 0.7765624999999999,
      "ci95_low": 0.3958333333333333,
      "ci95_high": 0.5572916666666666
    },
    "distinct1": {
      "n": 24,
      "mean": 0.9197945993478993,
      "median": 0.9321266968325792,
      "p95": 1.0,
      "ci95_low": 0.8960455091841703,
      "ci95_high": 0.9408048334291605
    },
    "length_score": {
      "n": 24,
      "mean": 0.5208333333333334,
      "median": 0.5,
      "p95": 0.8266666666666661,
      "ci95_low": 0.47500000000000003,
      "ci95_high": 0.5750000000000001
    },
    "sentence_score": {
      "n": 24,
      "mean": 0.9854166666666666,
      "median": 1.0,
      "p95": 1.0,
      "ci95_low": 0.9562499999999999,
      "ci95_high": 1.0
    },
    "overall_quality": {
      "n": 24,
      "mean": 0.2872950224921989,
      "median": 0.27942359943977596,
      "p95": 0.4071573023467761,
      "ci95_low": 0.2605429642905664,
      "ci95_high": 0.31615511802294455
    },
    "metrics": [
      "context_relevance",
      "persona_consistency",
      "naturalness",
      "quest_state_correctness",
      "lore_consistency",
      "multi_turn_contradiction_safety",
      "objective_completion_support",
      "gameplay_usefulness",
      "time_pressure_acceptability",
      "context_keyword_coverage",
      "context_overlap",
      "persona_keyword_coverage",
      "persona_style",
      "distinct1",
      "length_score",
      "sentence_score",
      "overall_quality"
    ]
  },
  "proposed_contextual_controlled_tuned": {
    "sample_count": 24,
    "context_relevance": {
      "n": 24,
      "mean": 0.10942986406210407,
      "median": 0.017365519545606414,
      "p95": 0.34950049950049944,
      "ci95_low": 0.06026280558745524,
      "ci95_high": 0.1671497769749012
    },
    "persona_consistency": {
      "n": 24,
      "mean": 0.2907986111111111,
      "median": 0.23333333333333334,
      "p95": 0.5617857142857142,
      "ci95_low": 0.230773189484127,
      "ci95_high": 0.3566220238095238
    },
    "naturalness": {
      "n": 24,
      "mean": 0.8706966652132833,
      "median": 0.8802396514161219,
      "p95": 0.9290130902290791,
      "ci95_low": 0.8524893315462556,
      "ci95_high": 0.8871994053776854
    },
    "quest_state_correctness": {
      "n": 24,
      "mean": 0.1917286948963013,
      "median": 0.1192151635469843,
      "p95": 0.3765837659901075,
      "ci95_low": 0.14934176980704345,
      "ci95_high": 0.23912052239850612
    },
    "lore_consistency": {
      "n": 24,
      "mean": 0.05216877255193988,
      "median": 0.0,
      "p95": 0.2307021682021681,
      "ci95_low": 0.02015862793922495,
      "ci95_high": 0.08764031868672709
    },
    "multi_turn_contradiction_safety": {
      "n": 24,
      "mean": 1.0,
      "median": 1.0,
      "p95": 1.0,
      "ci95_low": 1.0,
      "ci95_high": 1.0
    },
    "objective_completion_support": {
      "n": 24,
      "mean": 0.06965277777777777,
      "median": 0.08249999999999999,
      "p95": 0.13299999999999998,
      "ci95_low": 0.04826388888888889,
      "ci95_high": 0.09006944444444444
    },
    "gameplay_usefulness": {
      "n": 24,
      "mean": 0.29757552831337913,
      "median": 0.29076765327695564,
      "p95": 0.3575997811712097,
      "ci95_low": 0.28381692853907875,
      "ci95_high": 0.3123645616756199
    },
    "time_pressure_acceptability": {
      "n": 24,
      "mean": 0.28037199675324675,
      "median": 0.2923662337662338,
      "p95": 0.3380066666666667,
      "ci95_low": 0.26465624661796533,
      "ci95_high": 0.29588200081168836
    },
    "context_keyword_coverage": {
      "n": 24,
      "mean": 0.13333333333333333,
      "median": 0.0,
      "p95": 0.4545454545454545,
      "ci95_low": 0.06515151515151515,
      "ci95_high": 0.20606060606060606
    },
    "context_overlap": {
      "n": 24,
      "mean": 0.0536551024292358,
      "median": 0.04913639070875521,
      "p95": 0.10612179487179486,
      "ci95_low": 0.0422913942861578,
      "ci95_high": 0.06559483332841443
    },
    "persona_keyword_coverage": {
      "n": 24,
      "mean": 0.24305555555555555,
      "median": 0.16666666666666666,
      "p95": 0.6928571428571426,
      "ci95_low": 0.16564980158730158,
      "ci95_high": 0.3393105158730157
    },
    "persona_style": {
      "n": 24,
      "mean": 0.4817708333333333,
      "median": 0.5,
      "p95": 0.7765624999999999,
      "ci95_low": 0.40625,
      "ci95_high": 0.55859375
    },
    "distinct1": {
      "n": 24,
      "mean": 0.934554163033208,
      "median": 0.9569842738205365,
      "p95": 0.9955223880597015,
      "ci95_low": 0.9169506947052443,
      "ci95_high": 0.9516767509789924
    },
    "length_score": {
      "n": 24,
      "mean": 0.4916666666666667,
      "median": 0.5166666666666666,
      "p95": 0.7616666666666665,
      "ci95_low": 0.4055555555555555,
      "ci95_high": 0.5694444444444444
    },
    "sentence_score": {
      "n": 24,
      "mean": 0.9854166666666666,
      "median": 1.0,
      "p95": 1.0,
      "ci95_low": 0.9562499999999999,
      "ci95_high": 1.0
    },
    "overall_quality": {
      "n": 24,
      "mean": 0.3260236674383475,