{
  "proposed_vs_candidate_no_context": {
    "context_relevance": {
      "target_mean": 0.047487722670789614,
      "baseline_mean": 0.03509071498964004,
      "absolute_delta": 0.012397007681149576,
      "relative_delta": 0.35328455646485374
    },
    "persona_consistency": {
      "target_mean": 0.15528071622670808,
      "baseline_mean": 0.17751116071428572,
      "absolute_delta": -0.022230444487577633,
      "relative_delta": -0.12523406639968288
    },
    "naturalness": {
      "target_mean": 0.8048999495940348,
      "baseline_mean": 0.8322104543910473,
      "absolute_delta": -0.02731050479701258,
      "relative_delta": -0.032816824942431745
    },
    "context_keyword_coverage": {
      "target_mean": 0.046638257575757576,
      "baseline_mean": 0.03361742424242424,
      "absolute_delta": 0.013020833333333336,
      "relative_delta": 0.3873239436619719
    },
    "context_overlap": {
      "target_mean": 0.049469807892531054,
      "baseline_mean": 0.03852839339981024,
      "absolute_delta": 0.010941414492720812,
      "relative_delta": 0.283983149237017
    },
    "persona_keyword_coverage": {
      "target_mean": 0.06919642857142858,
      "baseline_mean": 0.08705357142857142,
      "absolute_delta": -0.01785714285714285,
      "relative_delta": -0.20512820512820504
    },
    "persona_style": {
      "target_mean": 0.4996178668478261,
      "baseline_mean": 0.5393415178571429,
      "absolute_delta": -0.039723651009316796,
      "relative_delta": -0.0736521289277762
    },
    "distinct1": {
      "target_mean": 0.9330832073184204,
      "baseline_mean": 0.9435469693109517,
      "absolute_delta": -0.010463761992531295,
      "relative_delta": -0.011089815698494283
    },
    "length_score": {
      "target_mean": 0.2895833333333333,
      "baseline_mean": 0.3833333333333333,
      "absolute_delta": -0.09375,
      "relative_delta": -0.24456521739130438
    },
    "sentence_score": {
      "target_mean": 0.7375,
      "baseline_mean": 0.78125,
      "absolute_delta": -0.043749999999999956,
      "relative_delta": -0.055999999999999946
    },
    "overall_quality": {
      "target_mean": 0.23254263126865002,
      "baseline_mean": 0.24024070471387388,
      "absolute_delta": -0.0076980734452238575,
      "relative_delta": -0.03204316876439505
    }
  },
  "controlled_vs_proposed_raw": {
    "context_relevance": {
      "target_mean": 0.28208549477328343,
      "baseline_mean": 0.047487722670789614,
      "absolute_delta": 0.23459777210249383,
      "relative_delta": 4.940177353394088
    },
    "persona_consistency": {
      "target_mean": 0.33549603174603176,
      "baseline_mean": 0.15528071622670808,
      "absolute_delta": 0.18021531551932368,
      "relative_delta": 1.1605775649322185
    },
    "naturalness": {
      "target_mean": 0.8847857848000209,
      "baseline_mean": 0.8048999495940348,
      "absolute_delta": 0.07988583520598613,
      "relative_delta": 0.09924939770002214
    },
    "context_keyword_coverage": {
      "target_mean": 0.3542613636363636,
      "baseline_mean": 0.046638257575757576,
      "absolute_delta": 0.30762310606060606,
      "relative_delta": 6.5959390862944165
    },
    "context_overlap": {
      "target_mean": 0.11367513409276297,
      "baseline_mean": 0.049469807892531054,
      "absolute_delta": 0.06420532620023192,
      "relative_delta": 1.2978689211753667
    },
    "persona_keyword_coverage": {
      "target_mean": 0.26919642857142856,
      "baseline_mean": 0.06919642857142858,
      "absolute_delta": 0.19999999999999998,
      "relative_delta": 2.8903225806451607
    },
    "persona_style": {
      "target_mean": 0.6006944444444444,
      "baseline_mean": 0.4996178668478261,
      "absolute_delta": 0.10107657759661831,
      "relative_delta": 0.2023077722066418
    },
    "distinct1": {
      "target_mean": 0.9350113370000522,
      "baseline_mean": 0.9330832073184204,
      "absolute_delta": 0.0019281296816318072,
      "relative_delta": 0.0020664070111957563
    },
    "length_score": {
      "target_mean": 0.603125,
      "baseline_mean": 0.2895833333333333,
      "absolute_delta": 0.3135416666666667,
      "relative_delta": 1.0827338129496407
    },
    "sentence_score": {
      "target_mean": 0.9015625,
      "baseline_mean": 0.7375,
      "absolute_delta": 0.1640625,
      "relative_delta": 0.22245762711864406
    },
    "overall_quality": {
      "target_mean": 0.42364943940739064,
      "baseline_mean": 0.23254263126865002,
      "absolute_delta": 0.19110680813874062,
      "relative_delta": 0.8218140781161122
    }
  },
  "controlled_vs_candidate_no_context": {
    "context_relevance": {
      "target_mean": 0.28208549477328343,
      "baseline_mean": 0.03509071498964004,
      "absolute_delta": 0.2469947797836434,
      "relative_delta": 7.038750275010486
    },
    "persona_consistency": {
      "target_mean": 0.33549603174603176,
      "baseline_mean": 0.17751116071428572,
      "absolute_delta": 0.15798487103174605,
      "relative_delta": 0.8899996507038319
    },
    "naturalness": {
      "target_mean": 0.8847857848000209,
      "baseline_mean": 0.8322104543910473,
      "absolute_delta": 0.05257533040897355,
      "relative_delta": 0.06317552264762698
    },
    "context_keyword_coverage": {
      "target_mean": 0.3542613636363636,
      "baseline_mean": 0.03361742424242424,
      "absolute_delta": 0.32064393939393937,
      "relative_delta": 9.538028169014085
    },
    "context_overlap": {
      "target_mean": 0.11367513409276297,
      "baseline_mean": 0.03852839339981024,
      "absolute_delta": 0.07514674069295274,
      "relative_delta": 1.9504249739446142
    },
    "persona_keyword_coverage": {
      "target_mean": 0.26919642857142856,
      "baseline_mean": 0.08705357142857142,
      "absolute_delta": 0.18214285714285713,
      "relative_delta": 2.0923076923076924
    },
    "persona_style": {
      "target_mean": 0.6006944444444444,
      "baseline_mean": 0.5393415178571429,
      "absolute_delta": 0.061352926587301515,
      "relative_delta": 0.11375524515721087
    },
    "distinct1": {
      "target_mean": 0.9350113370000522,
      "baseline_mean": 0.9435469693109517,
      "absolute_delta": -0.008535632310899488,
      "relative_delta": -0.009046324760210764
    },
    "length_score": {
      "target_mean": 0.603125,
      "baseline_mean": 0.3833333333333333,
      "absolute_delta": 0.21979166666666672,
      "relative_delta": 0.5733695652173915
    },
    "sentence_score": {
      "target_mean": 0.9015625,
      "baseline_mean": 0.78125,
      "absolute_delta": 0.12031250000000004,
      "relative_delta": 0.15400000000000005
    },
    "overall_quality": {
      "target_mean": 0.42364943940739064,
      "baseline_mean": 0.24024070471387388,
      "absolute_delta": 0.18340873469351676,
      "relative_delta": 0.7634373821536868
    }
  },
  "controlled_alt_vs_controlled_default": {
    "context_relevance": {
      "target_mean": 0.2800463473490562,
      "baseline_mean": 0.28208549477328343,
      "absolute_delta": -0.002039147424227228,
      "relative_delta": -0.007228827649809228
    },
    "persona_consistency": {
      "target_mean": 0.2972048611111111,
      "baseline_mean": 0.33549603174603176,
      "absolute_delta": -0.03829117063492066,
      "relative_delta": -0.11413300609143066
    },
    "naturalness": {
      "target_mean": 0.898255720769136,
      "baseline_mean": 0.8847857848000209,
      "absolute_delta": 0.013469935969115054,
      "relative_delta": 0.015223951605596293
    },
    "context_keyword_coverage": {
      "target_mean": 0.3547348484848485,
      "baseline_mean": 0.3542613636363636,
      "absolute_delta": 0.00047348484848486194,
      "relative_delta": 0.0013365410318097145
    },
    "context_overlap": {
      "target_mean": 0.10577317803220762,
      "baseline_mean": 0.11367513409276297,
      "absolute_delta": -0.007901956060555354,
      "relative_delta": -0.06951349671694318
    },