{
  "proposed_contextual_controlled": {
    "sample_count": 32,
    "context_relevance": {
      "n": 32,
      "mean": 0.28208549477328343,
      "median": 0.277848621966269,
      "p95": 0.44586950146627563,
      "ci95_low": 0.24885915764341948,
      "ci95_high": 0.31700193383931746
    },
    "persona_consistency": {
      "n": 32,
      "mean": 0.33549603174603176,
      "median": 0.3238095238095238,
      "p95": 0.5939285714285715,
      "ci95_low": 0.2885241815476191,
      "ci95_high": 0.3887384672619048
    },
    "naturalness": {
      "n": 32,
      "mean": 0.8847857848000209,
      "median": 0.9018817204301076,
      "p95": 0.9604285714285714,
      "ci95_low": 0.8628584037323334,
      "ci95_high": 0.9062953772615935
    },
    "context_keyword_coverage": {
      "n": 32,
      "mean": 0.3542613636363636,
      "median": 0.36363636363636365,
      "p95": 0.5454545454545454,
      "ci95_low": 0.31221590909090907,
      "ci95_high": 0.3964015151515151
    },
    "context_overlap": {
      "n": 32,
      "mean": 0.11367513409276297,
      "median": 0.10232558139534884,
      "p95": 0.21350439882697947,
      "ci95_low": 0.09759693401314903,
      "ci95_high": 0.13047885548200908
    },
    "persona_keyword_coverage": {
      "n": 32,
      "mean": 0.26919642857142856,
      "median": 0.18333333333333335,
      "p95": 0.7142857142857143,
      "ci95_low": 0.20892857142857144,
      "ci95_high": 0.33780133928571426
    },
    "persona_style": {
      "n": 32,
      "mean": 0.6006944444444444,
      "median": 0.5,
      "p95": 1.0,
      "ci95_low": 0.5017361111111112,
      "ci95_high": 0.7048611111111112
    },
    "distinct1": {
      "n": 32,
      "mean": 0.9350113370000522,
      "median": 0.9393939393939394,
      "p95": 0.9686217008797655,
      "ci95_low": 0.9259754414993285,
      "ci95_high": 0.9440598983602889
    },
    "length_score": {
      "n": 32,
      "mean": 0.603125,
      "median": 0.75,
      "p95": 0.9816666666666667,
      "ci95_low": 0.48747395833333335,
      "ci95_high": 0.7114583333333333
    },
    "sentence_score": {
      "n": 32,
      "mean": 0.9015625,
      "median": 1.0,
      "p95": 1.0,
      "ci95_low": 0.846875,
      "ci95_high": 0.95625
    },
    "overall_quality": {
      "n": 32,
      "mean": 0.42364943940739064,
      "median": 0.41028666168388145,
      "p95": 0.5302470202581037,
      "ci95_low": 0.40089312321834275,
      "ci95_high": 0.4460001306277458
    },
    "metrics": [
      "context_relevance",
      "persona_consistency",
      "naturalness",
      "context_keyword_coverage",
      "context_overlap",
      "persona_keyword_coverage",
      "persona_style",
      "distinct1",
      "length_score",
      "sentence_score",
      "overall_quality"
    ]
  },
  "proposed_contextual_controlled_rt": {
    "sample_count": 32,
    "context_relevance": {
      "n": 32,
      "mean": 0.2800463473490562,
      "median": 0.27847866419294987,
      "p95": 0.4465800865800865,
      "ci95_low": 0.24600317653871415,
      "ci95_high": 0.3166174756552405
    },
    "persona_consistency": {
      "n": 32,
      "mean": 0.2972048611111111,
      "median": 0.2692857142857143,
      "p95": 0.5387321428571429,
      "ci95_low": 0.25876590401785715,
      "ci95_high": 0.33914868551587307
    },
    "naturalness": {
      "n": 32,
      "mean": 0.898255720769136,
      "median": 0.9151700680272108,
      "p95": 0.9622682926829269,
      "ci95_low": 0.8783333126738809,
      "ci95_high": 0.9170637971754454
    },
    "context_keyword_coverage": {
      "n": 32,
      "mean": 0.3547348484848485,
      "median": 0.36363636363636365,
      "p95": 0.5454545454545454,
      "ci95_low": 0.30988991477272726,
      "ci95_high": 0.40104166666666663
    },
    "context_overlap": {
      "n": 32,
      "mean": 0.10577317803220762,
      "median": 0.09174174174174174,
      "p95": 0.1714285714285714,
      "ci95_low": 0.09274140812306766,
      "ci95_high": 0.12131936683140249
    },
    "persona_keyword_coverage": {
      "n": 32,
      "mean": 0.2220238095238095,
      "median": 0.16666666666666666,
      "p95": 0.42857142857142855,
      "ci95_low": 0.18080357142857142,
      "ci95_high": 0.2681547619047619
    },
    "persona_style": {
      "n": 32,
      "mean": 0.5979290674603175,
      "median": 0.5,
      "p95": 1.0,
      "ci95_low": 0.5067734685019841,
      "ci95_high": 0.6953317212301587
    },
    "distinct1": {
      "n": 32,
      "mean": 0.9508476352561732,
      "median": 0.9454365079365079,
      "p95": 1.0,
      "ci95_low": 0.9407963136894691,
      "ci95_high": 0.9611163846205217
    },
    "length_score": {
      "n": 32,
      "mean": 0.6114583333333333,
      "median": 0.7000000000000001,
      "p95": 0.915,
      "ci95_low": 0.5197916666666667,
      "ci95_high": 0.7
    },
    "sentence_score": {
      "n": 32,
      "mean": 0.95625,
      "median": 1.0,
      "p95": 1.0,
      "ci95_low": 0.9125,
      "ci95_high": 0.9890625
    },
    "overall_quality": {
      "n": 32,
      "mean": 0.4113295039830373,
      "median": 0.41000906370910273,
      "p95": 0.4880208194411655,
      "ci95_low": 0.3899757982520643,
      "ci95_high": 0.43364124138374416
    },
    "metrics": [
      "context_relevance",
      "persona_consistency",
      "naturalness",
      "context_keyword_coverage",
      "context_overlap",
      "persona_keyword_coverage",
      "persona_style",
      "distinct1",
      "length_score",
      "sentence_score",
      "overall_quality"
    ]
  },
  "proposed_contextual": {
    "sample_count": 32,
    "context_relevance": {
      "n": 32,
      "mean": 0.047487722670789614,
      "median": 0.014285714285714284,
      "p95": 0.2179991718807508,
      "ci95_low": 0.02419818693279769,
      "ci95_high": 0.07580753410569169
    },
    "persona_consistency": {
      "n": 32,
      "mean": 0.15528071622670808,
      "median": 0.1,
      "p95": 0.4588095238095237,
      "ci95_low": 0.10344935825892858,
      "ci95_high": 0.2208692922651397
    },
    "naturalness": {
      "n": 32,
      "mean": 0.8048999495940348,
      "median": 0.7486363636363635,
      "p95": 0.9250444033302498,
      "ci95_low": 0.7796507316382421,
      "ci95_high": 0.8310791190563583
    },
    "context_keyword_coverage": {
      "n": 32,
      "mean": 0.046638257575757576,
      "median": 0.0,
      "p95": 0.2602272727272727,
      "ci95_low": 0.017045454545454544,
      "ci95_high": 0.08239228219696966
    },
    "context_overlap": {
      "n": 32,
      "mean": 0.049469807892531054,
      "median": 0.046536796536796536,
      "p95": 0.11872469635627529,
      "ci95_low": 0.03968218247665106,
      "ci95_high": 0.060283756011657134
    },
    "persona_keyword_coverage": {
      "n": 32,
      "mean": 0.06919642857142858,
      "median": 0.0,
      "p95": 0.5047619047619045,
      "ci95_low": 0.010416666666666666,
      "ci95_high": 0.1488095238095238
    },
    "persona_style": {
      "n": 32,
      "mean": 0.4996178668478261,
      "median": 0.5,
      "p95": 1.0,
      "ci95_low": 0.3902428668478261,
      "ci95_high": 0.6111582880434783
    },
    "distinct1": {
      "n": 32,
      "mean": 0.9330832073184204,
      "median": 0.9090909090909091,
      "p95": 1.0,
      "ci95_low": 0.9224648582870381,
      "ci95_high": 0.9452604281489061
    },
    "length_score": {
      "n": 32,
      "mean": 0.2895833333333333,
      "median": 0.09999999999999998,
      "p95": 0.7483333333333333,
      "ci95_low": 0.2020833333333333,
      "ci95_high": 0.3729166666666667
    },
    "sentence_score": {
      "n": 32,
      "mean": 0.7375,
      "median": 0.65,
      "p95": 1.0,
      "ci95_low": 0.6828125,
      "ci95_high": 0.7921875
    },
    "overall_quality": {
      "n": 32,
      "mean": 0.23254263126865002,
      "median": 0.19941212121212126,
      "p95": 0.40674608211092034,
      "ci95_low": 0.2062829762056237,
      "ci95_high": 0.26307928659337493
    },