{
  "proposed_vs_candidate_no_context": {
    "context_relevance": {
      "target_mean": 0.10128676470588234,
      "baseline_mean": 0.007820855614973261,
      "absolute_delta": 0.09346590909090907,
      "relative_delta": 11.9508547008547
    },
    "persona_consistency": {
      "target_mean": 0.15000000000000002,
      "baseline_mean": 0.15000000000000002,
      "absolute_delta": 0.0,
      "relative_delta": 0.0
    },
    "naturalness": {
      "target_mean": 0.8576515151515152,
      "baseline_mean": 0.7486363636363635,
      "absolute_delta": 0.10901515151515162,
      "relative_delta": 0.1456182958915201
    },
    "context_keyword_coverage": {
      "target_mean": 0.125,
      "baseline_mean": 0.0,
      "absolute_delta": 0.125,
      "relative_delta": NaN
    },
    "context_overlap": {
      "target_mean": 0.04595588235294118,
      "baseline_mean": 0.02606951871657754,
      "absolute_delta": 0.01988636363636364,
      "relative_delta": 0.7628205128205129
    },
    "persona_keyword_coverage": {
      "target_mean": 0.0,
      "baseline_mean": 0.0,
      "absolute_delta": 0.0,
      "relative_delta": NaN
    },
    "persona_style": {
      "target_mean": 0.75,
      "baseline_mean": 0.75,
      "absolute_delta": 0.0,
      "relative_delta": 0.0
    },
    "distinct1": {
      "target_mean": 0.9545454545454546,
      "baseline_mean": 0.9090909090909091,
      "absolute_delta": 0.045454545454545525,
      "relative_delta": 0.05000000000000008
    },
    "length_score": {
      "target_mean": 0.4666666666666667,
      "baseline_mean": 0.09999999999999998,
      "absolute_delta": 0.3666666666666667,
      "relative_delta": 3.666666666666668
    },
    "sentence_score": {
      "target_mean": 0.825,
      "baseline_mean": 0.65,
      "absolute_delta": 0.17499999999999993,
      "relative_delta": 0.2692307692307691
    },
    "overall_quality": {
      "target_mean": 0.26299353832442074,
      "baseline_mean": 0.19754278074866313,
      "absolute_delta": 0.0654507575757576,
      "relative_delta": 0.33132447223688555
    }
  },
  "controlled_vs_proposed_raw": {
    "context_relevance": {
      "target_mean": 0.25416666666666665,
      "baseline_mean": 0.10128676470588234,
      "absolute_delta": 0.15287990196078433,
      "relative_delta": 1.5093768905021177
    },
    "persona_consistency": {
      "target_mean": 0.33333333333333337,
      "baseline_mean": 0.15000000000000002,
      "absolute_delta": 0.18333333333333335,
      "relative_delta": 1.222222222222222
    },
    "naturalness": {
      "target_mean": 0.9418181818181819,
      "baseline_mean": 0.8576515151515152,
      "absolute_delta": 0.08416666666666672,
      "relative_delta": 0.09813620704884735
    },
    "context_keyword_coverage": {
      "target_mean": 0.3333333333333333,
      "baseline_mean": 0.125,
      "absolute_delta": 0.20833333333333331,
      "relative_delta": 1.6666666666666665
    },
    "context_overlap": {
      "target_mean": 0.06944444444444445,
      "baseline_mean": 0.04595588235294118,
      "absolute_delta": 0.023488562091503268,
      "relative_delta": 0.5111111111111111
    },
    "persona_keyword_coverage": {
      "target_mean": 0.16666666666666666,
      "baseline_mean": 0.0,
      "absolute_delta": 0.16666666666666666,
      "relative_delta": NaN
    },
    "persona_style": {
      "target_mean": 1.0,
      "baseline_mean": 0.75,
      "absolute_delta": 0.25,
      "relative_delta": 0.3333333333333333
    },
    "distinct1": {
      "target_mean": 0.9545454545454546,
      "baseline_mean": 0.9545454545454546,
      "absolute_delta": 0.0,
      "relative_delta": 0.0
    },
    "length_score": {
      "target_mean": 0.8,
      "baseline_mean": 0.4666666666666667,
      "absolute_delta": 0.33333333333333337,
      "relative_delta": 0.7142857142857143
    },
    "sentence_score": {
      "target_mean": 1.0,
      "baseline_mean": 0.825,
      "absolute_delta": 0.17500000000000004,
      "relative_delta": 0.21212121212121218
    },
    "overall_quality": {
      "target_mean": 0.4165303030303032,
      "baseline_mean": 0.26299353832442074,
      "absolute_delta": 0.15353676470588246,
      "relative_delta": 0.5838043234221376
    }
  },
  "controlled_vs_candidate_no_context": {
    "context_relevance": {
      "target_mean": 0.25416666666666665,
      "baseline_mean": 0.007820855614973261,
      "absolute_delta": 0.2463458110516934,
      "relative_delta": 31.4985754985755
    },
    "persona_consistency": {
      "target_mean": 0.33333333333333337,
      "baseline_mean": 0.15000000000000002,
      "absolute_delta": 0.18333333333333335,
      "relative_delta": 1.222222222222222
    },
    "naturalness": {
      "target_mean": 0.9418181818181819,
      "baseline_mean": 0.7486363636363635,
      "absolute_delta": 0.19318181818181834,
      "relative_delta": 0.258044930176078
    },
    "context_keyword_coverage": {
      "target_mean": 0.3333333333333333,
      "baseline_mean": 0.0,
      "absolute_delta": 0.3333333333333333,
      "relative_delta": NaN
    },
    "context_overlap": {
      "target_mean": 0.06944444444444445,
      "baseline_mean": 0.02606951871657754,
      "absolute_delta": 0.04337492572786691,
      "relative_delta": 1.6638176638176638
    },
    "persona_keyword_coverage": {
      "target_mean": 0.16666666666666666,
      "baseline_mean": 0.0,
      "absolute_delta": 0.16666666666666666,
      "relative_delta": NaN
    },
    "persona_style": {
      "target_mean": 1.0,
      "baseline_mean": 0.75,
      "absolute_delta": 0.25,
      "relative_delta": 0.3333333333333333
    },
    "distinct1": {
      "target_mean": 0.9545454545454546,
      "baseline_mean": 0.9090909090909091,
      "absolute_delta": 0.045454545454545525,
      "relative_delta": 0.05000000000000008
    },
    "length_score": {
      "target_mean": 0.8,
      "baseline_mean": 0.09999999999999998,
      "absolute_delta": 0.7000000000000001,
      "relative_delta": 7.000000000000003
    },
    "sentence_score": {
      "target_mean": 1.0,
      "baseline_mean": 0.65,
      "absolute_delta": 0.35,
      "relative_delta": 0.5384615384615384
    },
    "overall_quality": {
      "target_mean": 0.4165303030303032,
      "baseline_mean": 0.19754278074866313,
      "absolute_delta": 0.21898752228164006,
      "relative_delta": 1.108557455006475
    }
  },
  "controlled_alt_vs_controlled_default": {
    "context_relevance": {
      "target_mean": 0.3720674486803519,
      "baseline_mean": 0.25416666666666665,
      "absolute_delta": 0.11790078201368526,
      "relative_delta": 0.46387192923417153
    },
    "persona_consistency": {
      "target_mean": 0.2833333333333333,
      "baseline_mean": 0.33333333333333337,
      "absolute_delta": -0.050000000000000044,
      "relative_delta": -0.1500000000000001
    },
    "naturalness": {
      "target_mean": 0.8750328407224959,
      "baseline_mean": 0.9418181818181819,
      "absolute_delta": -0.06678534109568601,
      "relative_delta": -0.07091107645294846
    },
    "context_keyword_coverage": {
      "target_mean": 0.46969696969696967,
      "baseline_mean": 0.3333333333333333,
      "absolute_delta": 0.13636363636363635,
      "relative_delta": 0.40909090909090906
    },
    "context_overlap": {
      "target_mean": 0.1442652329749104,
      "baseline_mean": 0.06944444444444445,
      "absolute_delta": 0.07482078853046595,
      "relative_delta": 1.0774193548387097
    },
    "persona_keyword_coverage": {
      "target_mean": 0.16666666666666666,
      "baseline_mean": 0.16666666666666666,
      "absolute_delta": 0.0,
      "relative_delta": 0.0
    },
    "persona_style": {
      "target_mean": 0.75,
      "baseline_mean": 1.0,
      "absolute_delta": -0.25,
      "relative_delta": -0.25
    },
    "distinct1": {
      "target_mean": 0.9107142857142857,
      "baseline_mean": 0.9545454545454546,
      "absolute_delta": -0.04383116883116889,
      "relative_delta": -0.04591836734693883
    },