{
  "proposed_contextual_controlled": {
    "sample_count": 1,
    "context_relevance": {
      "n": 1,
      "mean": 0.25416666666666665,
      "median": 0.25416666666666665,
      "p95": 0.25416666666666665,
      "ci95_low": 0.25416666666666665,
      "ci95_high": 0.25416666666666665
    },
    "persona_consistency": {
      "n": 1,
      "mean": 0.33333333333333337,
      "median": 0.33333333333333337,
      "p95": 0.33333333333333337,
      "ci95_low": 0.33333333333333337,
      "ci95_high": 0.33333333333333337
    },
    "naturalness": {
      "n": 1,
      "mean": 0.9418181818181819,
      "median": 0.9418181818181819,
      "p95": 0.9418181818181819,
      "ci95_low": 0.9418181818181819,
      "ci95_high": 0.9418181818181819
    },
    "context_keyword_coverage": {
      "n": 1,
      "mean": 0.3333333333333333,
      "median": 0.3333333333333333,
      "p95": 0.3333333333333333,
      "ci95_low": 0.3333333333333333,
      "ci95_high": 0.3333333333333333
    },
    "context_overlap": {
      "n": 1,
      "mean": 0.06944444444444445,
      "median": 0.06944444444444445,
      "p95": 0.06944444444444445,
      "ci95_low": 0.06944444444444445,
      "ci95_high": 0.06944444444444445
    },
    "persona_keyword_coverage": {
      "n": 1,
      "mean": 0.16666666666666666,
      "median": 0.16666666666666666,
      "p95": 0.16666666666666666,
      "ci95_low": 0.16666666666666666,
      "ci95_high": 0.16666666666666666
    },
    "persona_style": {
      "n": 1,
      "mean": 1.0,
      "median": 1.0,
      "p95": 1.0,
      "ci95_low": 1.0,
      "ci95_high": 1.0
    },
    "distinct1": {
      "n": 1,
      "mean": 0.9545454545454546,
      "median": 0.9545454545454546,
      "p95": 0.9545454545454546,
      "ci95_low": 0.9545454545454546,
      "ci95_high": 0.9545454545454546
    },
    "length_score": {
      "n": 1,
      "mean": 0.8,
      "median": 0.8,
      "p95": 0.8,
      "ci95_low": 0.8,
      "ci95_high": 0.8
    },
    "sentence_score": {
      "n": 1,
      "mean": 1.0,
      "median": 1.0,
      "p95": 1.0,
      "ci95_low": 1.0,
      "ci95_high": 1.0
    },
    "overall_quality": {
      "n": 1,
      "mean": 0.4165303030303032,
      "median": 0.4165303030303032,
      "p95": 0.4165303030303032,
      "ci95_low": 0.4165303030303032,
      "ci95_high": 0.4165303030303032
    },
    "metrics": [
      "context_relevance",
      "persona_consistency",
      "naturalness",
      "context_keyword_coverage",
      "context_overlap",
      "persona_keyword_coverage",
      "persona_style",
      "distinct1",
      "length_score",
      "sentence_score",
      "overall_quality"
    ]
  },
  "proposed_contextual_controlled_alt": {
    "sample_count": 2,
    "context_relevance": {
      "n": 2,
      "mean": 0.3720674486803519,
      "median": 0.3720674486803519,
      "p95": 0.5051099706744868,
      "ci95_low": 0.22424242424242422,
      "ci95_high": 0.5198924731182796
    },
    "persona_consistency": {
      "n": 2,
      "mean": 0.2833333333333333,
      "median": 0.2833333333333333,
      "p95": 0.32833333333333337,
      "ci95_low": 0.23333333333333334,
      "ci95_high": 0.33333333333333337
    },
    "naturalness": {
      "n": 2,
      "mean": 0.8750328407224959,
      "median": 0.8750328407224959,
      "p95": 0.9292175697865354,
      "ci95_low": 0.8148275862068965,
      "ci95_high": 0.9352380952380953
    },
    "context_keyword_coverage": {
      "n": 2,
      "mean": 0.46969696969696967,
      "median": 0.46969696969696967,
      "p95": 0.646969696969697,
      "ci95_low": 0.2727272727272727,
      "ci95_high": 0.6666666666666666
    },
    "context_overlap": {
      "n": 2,
      "mean": 0.1442652329749104,
      "median": 0.1442652329749104,
      "p95": 0.17410394265232976,
      "ci95_low": 0.1111111111111111,
      "ci95_high": 0.1774193548387097
    },
    "persona_keyword_coverage": {
      "n": 2,
      "mean": 0.16666666666666666,
      "median": 0.16666666666666666,
      "p95": 0.16666666666666666,
      "ci95_low": 0.16666666666666666,
      "ci95_high": 0.16666666666666666
    },
    "persona_style": {
      "n": 2,
      "mean": 0.75,
      "median": 0.75,
      "p95": 0.975,
      "ci95_low": 0.5,
      "ci95_high": 1.0
    },
    "distinct1": {
      "n": 2,
      "mean": 0.9107142857142857,
      "median": 0.9107142857142857,
      "p95": 0.9160714285714285,
      "ci95_low": 0.9047619047619048,
      "ci95_high": 0.9166666666666666
    },
    "length_score": {
      "n": 2,
      "mean": 0.5666666666666667,
      "median": 0.5666666666666667,
      "p95": 0.8366666666666667,
      "ci95_low": 0.2666666666666667,
      "ci95_high": 0.8666666666666667
    },
    "sentence_score": {
      "n": 2,
      "mean": 1.0,
      "median": 1.0,
      "p95": 1.0,
      "ci95_low": 1.0,
      "ci95_high": 1.0
    },
    "overall_quality": {
      "n": 2,
      "mean": 0.4415266072451835,
      "median": 0.4415266072451835,
      "p95": 0.5279406791576982,
      "ci95_low": 0.3455109717868339,
      "ci95_high": 0.5375422427035331
    },
    "metrics": [
      "context_relevance",
      "persona_consistency",
      "naturalness",
      "context_keyword_coverage",
      "context_overlap",
      "persona_keyword_coverage",
      "persona_style",
      "distinct1",
      "length_score",
      "sentence_score",
      "overall_quality"
    ]
  },
  "proposed_contextual": {
    "sample_count": 2,
    "context_relevance": {
      "n": 2,
      "mean": 0.10128676470588234,
      "median": 0.10128676470588234,
      "p95": 0.18450367647058818,
      "ci95_low": 0.008823529411764706,
      "ci95_high": 0.19374999999999998
    },
    "persona_consistency": {
      "n": 2,
      "mean": 0.15000000000000002,
      "median": 0.15000000000000002,
      "p95": 0.195,
      "ci95_low": 0.1,
      "ci95_high": 0.2
    },
    "naturalness": {
      "n": 2,
      "mean": 0.8576515151515152,
      "median": 0.8576515151515152,
      "p95": 0.9557651515151515,
      "ci95_low": 0.7486363636363635,
      "ci95_high": 0.9666666666666667
    },
    "context_keyword_coverage": {
      "n": 2,
      "mean": 0.125,
      "median": 0.125,
      "p95": 0.2375,
      "ci95_low": 0.0,
      "ci95_high": 0.25
    },
    "context_overlap": {
      "n": 2,
      "mean": 0.04595588235294118,
      "median": 0.04595588235294118,
      "p95": 0.06084558823529412,
      "ci95_low": 0.029411764705882353,
      "ci95_high": 0.0625
    },
    "persona_keyword_coverage": {
      "n": 2,
      "mean": 0.0,
      "median": 0.0,
      "p95": 0.0,
      "ci95_low": 0.0,
      "ci95_high": 0.0
    },
    "persona_style": {
      "n": 2,
      "mean": 0.75,
      "median": 0.75,
      "p95": 0.975,
      "ci95_low": 0.5,
      "ci95_high": 1.0
    },
    "distinct1": {
      "n": 2,
      "mean": 0.9545454545454546,
      "median": 0.9545454545454546,
      "p95": 0.9954545454545455,
      "ci95_low": 0.9090909090909091,
      "ci95_high": 1.0
    },
    "length_score": {
      "n": 2,
      "mean": 0.4666666666666667,
      "median": 0.4666666666666667,
      "p95": 0.7966666666666666,
      "ci95_low": 0.09999999999999998,
      "ci95_high": 0.8333333333333334
    },
    "sentence_score": {
      "n": 2,
      "mean": 0.825,
      "median": 0.825,
      "p95": 0.9824999999999999,
      "ci95_low": 0.65,
      "ci95_high": 1.0
    },
    "overall_quality": {
      "n": 2,
      "mean": 0.26299353832442074,
      "median": 0.26299353832442074,
      "p95": 0.3350743538324421,
      "ci95_low": 0.18290374331550804,
      "ci95_high": 0.3430833333333334
    },
    "metrics": [
      "context_relevance",
      "persona_consistency",
      "naturalness",
      "context_keyword_coverage",
      "context_overlap",
      "persona_keyword_coverage",
      "persona_style",
      "distinct1",
      "length_score",
      "sentence_score",
      "overall_quality"
    ]
  },
  "candidate_no_context": {
    "sample_count": 2,
    "context_relevance": {
      "n": 2,