{
  "proposed_contextual_controlled": {
    "sample_count": 112,
    "context_relevance": {
      "n": 112,
      "mean": 0.2777315713811768,
      "median": 0.25109180035650625,
      "p95": 0.5172383561643832,
      "ci95_low": 0.2579832858798047,
      "ci95_high": 0.2989153813195396
    },
    "persona_consistency": {
      "n": 112,
      "mean": 0.3645412766497267,
      "median": 0.33333333333333337,
      "p95": 0.7186666666666665,
      "ci95_low": 0.3342156897254201,
      "ci95_high": 0.39492140284793326
    },
    "naturalness": {
      "n": 112,
      "mean": 0.8700422595677821,
      "median": 0.8758333333333332,
      "p95": 0.9693240418118467,
      "ci95_low": 0.8560986954183923,
      "ci95_high": 0.8835908801410768
    },
    "context_keyword_coverage": {
      "n": 112,
      "mean": 0.34994588744588745,
      "median": 0.31666666666666665,
      "p95": 0.6499999999999997,
      "ci95_low": 0.32493066829004325,
      "ci95_high": 0.3770028409090909
    },
    "context_overlap": {
      "n": 112,
      "mean": 0.10923150056351863,
      "median": 0.0984701572936867,
      "p95": 0.1889680365296803,
      "ci95_low": 0.10034411913521833,
      "ci95_high": 0.11842796986240908
    },
    "persona_keyword_coverage": {
      "n": 112,
      "mean": 0.30680272108843537,
      "median": 0.2,
      "p95": 0.752857142857142,
      "ci95_low": 0.26887436224489797,
      "ci95_high": 0.3470269982993197
    },
    "persona_style": {
      "n": 112,
      "mean": 0.5954954988948921,
      "median": 0.5,
      "p95": 1.0,
      "ci95_low": 0.5346418546111626,
      "ci95_high": 0.6589306454360098
    },
    "distinct1": {
      "n": 112,
      "mean": 0.9420327322527885,
      "median": 0.9393939393939394,
      "p95": 1.0,
      "ci95_low": 0.9363053165755711,
      "ci95_high": 0.9474756242614256
    },
    "length_score": {
      "n": 112,
      "mean": 0.5020833333333333,
      "median": 0.5666666666666667,
      "p95": 0.9333333333333333,
      "ci95_low": 0.4386904761904762,
      "ci95_high": 0.5651860119047618
    },
    "sentence_score": {
      "n": 112,
      "mean": 0.928125,
      "median": 1.0,
      "p95": 1.0,
      "ci95_low": 0.9,
      "ci95_high": 0.953125
    },
    "bertscore_f1": {
      "n": 112,
      "mean": 0.08649132664036838,
      "median": 0.07977045699954033,
      "p95": 0.20750352516770354,
      "ci95_low": 0.07368871226403176,
      "ci95_high": 0.10018284212684583
    },
    "overall_quality": {
      "n": 112,
      "mean": 0.392067989078917,
      "median": 0.38459246276131587,
      "p95": 0.4955599866369249,
      "ci95_low": 0.3799270009602858,
      "ci95_high": 0.4046957414154438
    },
    "metrics": [
      "context_relevance",
      "persona_consistency",
      "naturalness",
      "context_keyword_coverage",
      "context_overlap",
      "persona_keyword_coverage",
      "persona_style",
      "distinct1",
      "length_score",
      "sentence_score",
      "bertscore_f1",
      "overall_quality"
    ]
  },
  "proposed_contextual_controlled_alt": {
    "sample_count": 112,
    "context_relevance": {
      "n": 112,
      "mean": 0.2501714341549247,
      "median": 0.22276999316472998,
      "p95": 0.4828145138089758,
      "ci95_low": 0.22912622712181946,
      "ci95_high": 0.27079890932736994
    },
    "persona_consistency": {
      "n": 112,
      "mean": 0.33281030305360665,
      "median": 0.33333333333333337,
      "p95": 0.5752857142857142,
      "ci95_low": 0.30452409546745485,
      "ci95_high": 0.36142275690646225
    },
    "naturalness": {
      "n": 112,
      "mean": 0.8640187068778314,
      "median": 0.8775925925925925,
      "p95": 0.9717117117117117,
      "ci95_low": 0.8481273265906614,
      "ci95_high": 0.8782708041463019
    },
    "context_keyword_coverage": {
      "n": 112,
      "mean": 0.3137851731601731,
      "median": 0.2727272727272727,
      "p95": 0.6363636363636364,
      "ci95_low": 0.2860765016233766,
      "ci95_high": 0.3420599972943723
    },
    "context_overlap": {
      "n": 112,
      "mean": 0.10173937647601182,
      "median": 0.09803921568627451,
      "p95": 0.15509731232622798,
      "ci95_low": 0.09445476867638916,
      "ci95_high": 0.10970966456600734
    },
    "persona_keyword_coverage": {
      "n": 112,
      "mean": 0.2637329931972789,
      "median": 0.18333333333333335,
      "p95": 0.6514285714285701,
      "ci95_low": 0.23014349489795916,
      "ci95_high": 0.2971109693877551
    },
    "persona_style": {
      "n": 112,
      "mean": 0.6091195424789175,
      "median": 0.5,
      "p95": 1.0,
      "ci95_low": 0.5513339924961019,
      "ci95_high": 0.6660323953390359
    },
    "distinct1": {
      "n": 112,
      "mean": 0.934012399788428,
      "median": 0.9375,
      "p95": 1.0,
      "ci95_low": 0.9254677003276685,
      "ci95_high": 0.9423705038482223
    },
    "length_score": {
      "n": 112,
      "mean": 0.5011904761904762,
      "median": 0.5666666666666667,
      "p95": 0.9666666666666666,
      "ci95_low": 0.4371949404761905,
      "ci95_high": 0.5645982142857142
    },
    "sentence_score": {
      "n": 112,
      "mean": 0.9071428571428571,
      "median": 1.0,
      "p95": 1.0,
      "ci95_low": 0.8772321428571429,
      "ci95_high": 0.9375
    },
    "bertscore_f1": {
      "n": 112,
      "mean": 0.07263980026930637,
      "median": 0.06288613937795162,
      "p95": 0.18119930103421203,
      "ci95_low": 0.06164132830272138,
      "ci95_high": 0.08416263578084389
    },
    "overall_quality": {
      "n": 112,
      "mean": 0.36743981885395544,
      "median": 0.3596138086801418,
      "p95": 0.4672299680344938,
      "ci95_low": 0.3558605600506929,
      "ci95_high": 0.37994991059115746
    },
    "metrics": [
      "context_relevance",
      "persona_consistency",
      "naturalness",
      "context_keyword_coverage",
      "context_overlap",
      "persona_keyword_coverage",
      "persona_style",
      "distinct1",
      "length_score",
      "sentence_score",
      "bertscore_f1",
      "overall_quality"
    ]
  },
  "proposed_contextual": {
    "sample_count": 112,
    "context_relevance": {
      "n": 112,
      "mean": 0.1083217728026794,
      "median": 0.06322365445499772,
      "p95": 0.34562548015364913,
      "ci95_low": 0.08699450723208263,
      "ci95_high": 0.13353978870786049
    },
    "persona_consistency": {
      "n": 112,
      "mean": 0.18969017628382634,
      "median": 0.1125,
      "p95": 0.5071428571428571,
      "ci95_low": 0.16218252062103677,
      "ci95_high": 0.2201675759275373
    },
    "naturalness": {
      "n": 112,
      "mean": 0.8120157964761993,
      "median": 0.7811119257086999,
      "p95": 0.9474483159117306,
      "ci95_low": 0.7985777768920874,
      "ci95_high": 0.8255229289914732
    },
    "context_keyword_coverage": {
      "n": 112,
      "mean": 0.12880140692640693,
      "median": 0.08333333333333333,
      "p95": 0.45454545454545453,
      "ci95_low": 0.09963338744588744,
      "ci95_high": 0.16065746753246746
    },
    "context_overlap": {
      "n": 112,
      "mean": 0.060535959847315204,
      "median": 0.05263157894736842,
      "p95": 0.11655089096949561,
      "ci95_low": 0.05443486509284877,
      "ci95_high": 0.06665309410264902
    },
    "persona_keyword_coverage": {
      "n": 112,
      "mean": 0.10276360544217687,
      "median": 0.0,
      "p95": 0.5714285714285714,
      "ci95_low": 0.06755208333333333,
      "ci95_high": 0.1409438775510204
    },
    "persona_style": {
      "n": 112,
      "mean": 0.5373964596504243,
      "median": 0.5,
      "p95": 1.0,
      "ci95_low": 0.47513942957112854,
      "ci95_high": 0.5970933526109308
    },
    "distinct1": {
      "n": 112,
      "mean": 0.9404189554762127,
      "median": 0.9224386724386724,
      "p95": 1.0,
      "ci95_low": 0.9333837174520606,
      "ci95_high": 0.9475381396904399
    },
    "length_score": {
      "n": 112,
      "mean": 0.2839285714285714,