{
  "proposed_contextual_controlled": {
    "sample_count": 24,
    "context_relevance": {
      "n": 24,
      "mean": 0.2979807252072597,
      "median": 0.27705952584001364,
      "p95": 0.47100844155844146,
      "ci95_low": 0.25985323873170735,
      "ci95_high": 0.3385250212500508
    },
    "persona_consistency": {
      "n": 24,
      "mean": 0.372909604519774,
      "median": 0.33333333333333337,
      "p95": 0.5787142857142856,
      "ci95_low": 0.3224323505178908,
      "ci95_high": 0.4260934305219264
    },
    "naturalness": {
      "n": 24,
      "mean": 0.8617780638209666,
      "median": 0.8519799498746867,
      "p95": 0.9707049549549549,
      "ci95_low": 0.8325550042029011,
      "ci95_high": 0.8904006948527787
    },
    "context_keyword_coverage": {
      "n": 24,
      "mean": 0.3763888888888889,
      "median": 0.36363636363636365,
      "p95": 0.5833333333333334,
      "ci95_low": 0.3273958333333334,
      "ci95_high": 0.42740688131313126
    },
    "context_overlap": {
      "n": 24,
      "mean": 0.11502834328345841,
      "median": 0.11357142857142857,
      "p95": 0.15584415584415584,
      "ci95_low": 0.09684574247211697,
      "ci95_high": 0.136421103985469
    },
    "persona_keyword_coverage": {
      "n": 24,
      "mean": 0.31527777777777777,
      "median": 0.18333333333333335,
      "p95": 0.697142857142857,
      "ci95_low": 0.23670634920634917,
      "ci95_high": 0.40161210317460305
    },
    "persona_style": {
      "n": 24,
      "mean": 0.6034369114877589,
      "median": 0.5,
      "p95": 1.0,
      "ci95_low": 0.4864496527777777,
      "ci95_high": 0.7235766831450093
    },
    "distinct1": {
      "n": 24,
      "mean": 0.9402090484413055,
      "median": 0.936491935483871,
      "p95": 1.0,
      "ci95_low": 0.926538691884546,
      "ci95_high": 0.9538315957283622
    },
    "length_score": {
      "n": 24,
      "mean": 0.47222222222222227,
      "median": 0.38333333333333336,
      "p95": 0.9616666666666667,
      "ci95_low": 0.33468749999999997,
      "ci95_high": 0.613958333333333
    },
    "sentence_score": {
      "n": 24,
      "mean": 0.9125,
      "median": 1.0,
      "p95": 1.0,
      "ci95_low": 0.8541666666666666,
      "ci95_high": 0.9708333333333333
    },
    "overall_quality": {
      "n": 24,
      "mean": 0.4405293329725169,
      "median": 0.46108553072404346,
      "p95": 0.5084727012371628,
      "ci95_low": 0.41874409472272445,
      "ci95_high": 0.4623192054585364
    },
    "metrics": [
      "context_relevance",
      "persona_consistency",
      "naturalness",
      "context_keyword_coverage",
      "context_overlap",
      "persona_keyword_coverage",
      "persona_style",
      "distinct1",
      "length_score",
      "sentence_score",
      "overall_quality"
    ]
  },
  "proposed_contextual_controlled_alt": {
    "sample_count": 24,
    "context_relevance": {
      "n": 24,
      "mean": 0.2537421339935679,
      "median": 0.23025033477161133,
      "p95": 0.3472763332124784,
      "ci95_low": 0.2332766465564657,
      "ci95_high": 0.27559742772489704
    },
    "persona_consistency": {
      "n": 24,
      "mean": 0.34427099334357397,
      "median": 0.33333333333333337,
      "p95": 0.6517857142857142,
      "ci95_low": 0.2914197708653354,
      "ci95_high": 0.4040977822580644
    },
    "naturalness": {
      "n": 24,
      "mean": 0.890880234637383,
      "median": 0.9002551020408165,
      "p95": 0.9663333333333334,
      "ci95_low": 0.8677759553269839,
      "ci95_high": 0.9119643812540729
    },
    "context_keyword_coverage": {
      "n": 24,
      "mean": 0.3151515151515151,
      "median": 0.2727272727272727,
      "p95": 0.44886363636363624,
      "ci95_low": 0.287372159090909,
      "ci95_high": 0.34312973484848475
    },
    "context_overlap": {
      "n": 24,
      "mean": 0.1104535779583576,
      "median": 0.10890436746987953,
      "p95": 0.15047025148231444,
      "ci95_low": 0.09959465948366142,
      "ci95_high": 0.12079753383742317
    },
    "persona_keyword_coverage": {
      "n": 24,
      "mean": 0.2783730158730158,
      "median": 0.2,
      "p95": 0.6928571428571426,
      "ci95_low": 0.21071428571428572,
      "ci95_high": 0.36290178571428566
    },
    "persona_style": {
      "n": 24,
      "mean": 0.6078629032258064,
      "median": 0.5,
      "p95": 1.0,
      "ci95_low": 0.48286290322580644,
      "ci95_high": 0.7224462365591399
    },
    "distinct1": {
      "n": 24,
      "mean": 0.9483811421490129,
      "median": 0.944949494949495,
      "p95": 1.0,
      "ci95_low": 0.937078987830264,
      "ci95_high": 0.9601121170408343
    },
    "length_score": {
      "n": 24,
      "mean": 0.6013888888888889,
      "median": 0.6666666666666667,
      "p95": 0.9233333333333332,
      "ci95_low": 0.49444444444444446,
      "ci95_high": 0.7000000000000001
    },
    "sentence_score": {
      "n": 24,
      "mean": 0.9125,
      "median": 1.0,
      "p95": 1.0,
      "ci95_low": 0.8541666666666666,
      "ci95_high": 0.9708333333333333
    },
    "overall_quality": {
      "n": 24,
      "mean": 0.41471901533273553,
      "median": 0.40863235620697325,
      "p95": 0.5371297755691494,
      "ci95_low": 0.3943317303465896,
      "ci95_high": 0.4383547597515429
    },
    "metrics": [
      "context_relevance",
      "persona_consistency",
      "naturalness",
      "context_keyword_coverage",
      "context_overlap",
      "persona_keyword_coverage",
      "persona_style",
      "distinct1",
      "length_score",
      "sentence_score",
      "overall_quality"
    ]
  },
  "proposed_contextual": {
    "sample_count": 24,
    "context_relevance": {
      "n": 24,
      "mean": 0.0796738055078336,
      "median": 0.015587044534412953,
      "p95": 0.26816990550900327,
      "ci95_low": 0.043376768397105386,
      "ci95_high": 0.11954189059024287
    },
    "persona_consistency": {
      "n": 24,
      "mean": 0.15429776077097507,
      "median": 0.1,
      "p95": 0.4799999999999997,
      "ci95_low": 0.10257161458333335,
      "ci95_high": 0.21057787698412697
    },
    "naturalness": {
      "n": 24,
      "mean": 0.8250262689825983,
      "median": 0.8267948717948718,
      "p95": 0.9329977324263039,
      "ci95_low": 0.7950307078164347,
      "ci95_high": 0.8561014153348904
    },
    "context_keyword_coverage": {
      "n": 24,
      "mean": 0.08933080808080808,
      "median": 0.0,
      "p95": 0.3499999999999998,
      "ci95_low": 0.041666666666666664,
      "ci95_high": 0.14426294191919187
    },
    "context_overlap": {
      "n": 24,
      "mean": 0.057140799504226486,
      "median": 0.050957481337228175,
      "p95": 0.09958333333333334,
      "ci95_low": 0.04627833798778633,
      "ci95_high": 0.06884712683575579
    },
    "persona_keyword_coverage": {
      "n": 24,
      "mean": 0.06448412698412698,
      "median": 0.0,
      "p95": 0.47499999999999964,
      "ci95_low": 0.005952380952380952,
      "ci95_high": 0.12698412698412698
    },
    "persona_style": {
      "n": 24,
      "mean": 0.5135522959183674,
      "median": 0.5,
      "p95": 1.0,
      "ci95_low": 0.39973958333333337,
      "ci95_high": 0.6283209768282312
    },
    "distinct1": {
      "n": 24,
      "mean": 0.9417323391231629,
      "median": 0.9411538461538461,
      "p95": 1.0,
      "ci95_low": 0.928702070306237,
      "ci95_high": 0.9553573988262273
    },
    "length_score": {
      "n": 24,
      "mean": 0.35833333333333334,
      "median": 0.2833333333333333,
      "p95": 0.7666666666666666,
      "ci95_low": 0.25277777777777777,
      "ci95_high": 0.47083333333333327
    },
    "sentence_score": {
      "n": 24,
      "mean": 0.7666666666666666,
      "median": 0.65,
      "p95": 1.0,
      "ci95_low": 0.7083333333333334,
      "ci95_high": 0.8250000000000001
    },
    "overall_quality": {
      "n": 24,
      "mean": 0.25099266427614464,
      "median": 0.23320957610201737,
      "p95": 0.3774734831118002,
      "ci95_low": 0.220685393164102,