{
  "ttft_ms": {
    "candidate_mean": 846.1181166666291,
    "baseline_mean": 804.0289972220004,
    "absolute_delta": 42.08911944462875,
    "relative_delta": 0.05234776306582327,
    "candidate_better": false,
    "lower_is_better": true
  },
  "total_time_ms": {
    "candidate_mean": 4782.465859722733,
    "baseline_mean": 4405.060198610954,
    "absolute_delta": 377.4056611117785,
    "relative_delta": 0.08567548321604905,
    "candidate_better": false,
    "lower_is_better": true
  },
  "tokens_per_s": {
    "candidate_mean": 16.666794389745647,
    "baseline_mean": 18.03436408231834,
    "absolute_delta": -1.367569692572694,
    "relative_delta": -0.07583132326320935,
    "candidate_better": false,
    "lower_is_better": false
  }
}