{
  "elara-npc:latest": {
    "total_requests": 72,
    "ok_requests": 72,
    "error_requests": 0,
    "error_rate": 0.0,
    "ttft_ms": {
      "n": 72,
      "mean": 846.1181166666291,
      "median": 809.9241000018083,
      "p95": 1129.0956799930427,
      "ci95_low": 811.6940658321558,
      "ci95_high": 882.261355069502
    },
    "total_time_ms": {
      "n": 72,
      "mean": 4782.465859722733,
      "median": 4575.403850001749,
      "p95": 5741.984939995746,
      "ci95_low": 4621.275077083909,
      "ci95_high": 4982.286974861876
    },
    "tokens_per_s": {
      "n": 72,
      "mean": 16.666794389745647,
      "median": 17.07499803890945,
      "p95": 19.058624235594788,
      "ci95_low": 16.163881516959766,
      "ci95_high": 17.100531661857406
    }
  },
  "phi3:mini": {
    "total_requests": 72,
    "ok_requests": 72,
    "error_requests": 0,
    "error_rate": 0.0,
    "ttft_ms": {
      "n": 72,
      "mean": 804.0289972220004,
      "median": 798.5670499983826,
      "p95": 868.6572249913297,
      "ci95_low": 795.8453443748467,
      "ci95_high": 813.0170726378108
    },
    "total_time_ms": {
      "n": 72,
      "mean": 4405.060198610954,
      "median": 4308.495149998635,
      "p95": 5196.093974994437,
      "ci95_low": 4341.956899825881,
      "ci95_high": 4481.142822187373
    },
    "tokens_per_s": {
      "n": 72,
      "mean": 18.03436408231834,
      "median": 18.37739609345226,
      "p95": 19.17433019823132,
      "ci95_low": 17.720779424798067,
      "ci95_high": 18.304627849783657
    }
  }
}