{
  "proposed_vs_candidate_no_context": {
    "context_relevance": {
      "target_mean": 0.007894736842105262,
      "baseline_mean": 0.007936887673729779,
      "absolute_delta": -4.2150831624516993e-05,
      "relative_delta": -0.005310750681785706
    },
    "persona_consistency": {
      "target_mean": 0.0,
      "baseline_mean": 0.2017857142857143,
      "absolute_delta": -0.2017857142857143,
      "relative_delta": -1.0
    },
    "naturalness": {
      "target_mean": 0.7486363636363635,
      "baseline_mean": 0.8597103386809268,
      "absolute_delta": -0.11107397504456329,
      "relative_delta": -0.1291993012611511
    },
    "context_keyword_coverage": {
      "target_mean": 0.0,
      "baseline_mean": 0.0,
      "absolute_delta": 0.0,
      "relative_delta": NaN
    },
    "context_overlap": {
      "target_mean": 0.02631578947368421,
      "baseline_mean": 0.026456292245765928,
      "absolute_delta": -0.00014050277208171869,
      "relative_delta": -0.005310750681785532
    },
    "persona_keyword_coverage": {
      "target_mean": 0.0,
      "baseline_mean": 0.14285714285714285,
      "absolute_delta": -0.14285714285714285,
      "relative_delta": -1.0
    },
    "persona_style": {
      "target_mean": 0.0,
      "baseline_mean": 0.4375,
      "absolute_delta": -0.4375,
      "relative_delta": -1.0
    },
    "distinct1": {
      "target_mean": 0.9090909090909091,
      "baseline_mean": 0.9471925133689839,
      "absolute_delta": -0.03810160427807485,
      "relative_delta": -0.04022582921665489
    },
    "length_score": {
      "target_mean": 0.09999999999999998,
      "baseline_mean": 0.4916666666666667,
      "absolute_delta": -0.3916666666666667,
      "relative_delta": -0.7966101694915255
    },
    "sentence_score": {
      "target_mean": 0.65,
      "baseline_mean": 0.825,
      "absolute_delta": -0.17499999999999993,
      "relative_delta": -0.21212121212121204
    },
    "overall_quality": {
      "target_mean": 0.15256937799043063,
      "baseline_mean": 0.24390649015587101,
      "absolute_delta": -0.09133711216544038,
      "relative_delta": -0.37447593996810186
    }
  },
  "controlled_vs_proposed_raw": {
    "context_relevance": {
      "target_mean": 0.1783290043290043,
      "baseline_mean": 0.007894736842105262,
      "absolute_delta": 0.17043426748689905,
      "relative_delta": 21.58834054834055
    },
    "persona_consistency": {
      "target_mean": 0.3370238095238095,
      "baseline_mean": 0.0,
      "absolute_delta": 0.3370238095238095,
      "relative_delta": NaN
    },
    "naturalness": {
      "target_mean": 0.926658692185008,
      "baseline_mean": 0.7486363636363635,
      "absolute_delta": 0.17802232854864442,
      "relative_delta": 0.23779546011355054
    },
    "context_keyword_coverage": {
      "target_mean": 0.22727272727272727,
      "baseline_mean": 0.0,
      "absolute_delta": 0.22727272727272727,
      "relative_delta": NaN
    },
    "context_overlap": {
      "target_mean": 0.06412698412698413,
      "baseline_mean": 0.02631578947368421,
      "absolute_delta": 0.03781119465329992,
      "relative_delta": 1.436825396825397
    },
    "persona_keyword_coverage": {
      "target_mean": 0.3119047619047619,
      "baseline_mean": 0.0,
      "absolute_delta": 0.3119047619047619,
      "relative_delta": NaN
    },
    "persona_style": {
      "target_mean": 0.4375,
      "baseline_mean": 0.0,
      "absolute_delta": 0.4375,
      "relative_delta": NaN
    },
    "distinct1": {
      "target_mean": 0.95414673046252,
      "baseline_mean": 0.9090909090909091,
      "absolute_delta": 0.045055821371610905,
      "relative_delta": 0.049561403508771994
    },
    "length_score": {
      "target_mean": 0.725,
      "baseline_mean": 0.09999999999999998,
      "absolute_delta": 0.625,
      "relative_delta": 6.250000000000002
    },
    "sentence_score": {
      "target_mean": 1.0,
      "baseline_mean": 0.65,
      "absolute_delta": 0.35,
      "relative_delta": 0.5384615384615384
    },
    "overall_quality": {
      "target_mean": 0.38753342674868996,
      "baseline_mean": 0.15256937799043063,
      "absolute_delta": 0.23496404875825933,
      "relative_delta": 1.5400472352518642
    }
  },
  "controlled_vs_candidate_no_context": {
    "context_relevance": {
      "target_mean": 0.1783290043290043,
      "baseline_mean": 0.007936887673729779,
      "absolute_delta": 0.17039211665527454,
      "relative_delta": 21.468379503373043
    },
    "persona_consistency": {
      "target_mean": 0.3370238095238095,
      "baseline_mean": 0.2017857142857143,
      "absolute_delta": 0.1352380952380952,
      "relative_delta": 0.6702064896755161
    },
    "naturalness": {
      "target_mean": 0.926658692185008,
      "baseline_mean": 0.8597103386809268,
      "absolute_delta": 0.06694835350408113,
      "relative_delta": 0.07787315156265483
    },
    "context_keyword_coverage": {
      "target_mean": 0.22727272727272727,
      "baseline_mean": 0.0,
      "absolute_delta": 0.22727272727272727,
      "relative_delta": NaN
    },
    "context_overlap": {
      "target_mean": 0.06412698412698413,
      "baseline_mean": 0.026456292245765928,
      "absolute_delta": 0.0376706918812182,
      "relative_delta": 1.4238840246878144
    },
    "persona_keyword_coverage": {
      "target_mean": 0.3119047619047619,
      "baseline_mean": 0.14285714285714285,
      "absolute_delta": 0.16904761904761906,
      "relative_delta": 1.1833333333333336
    },
    "persona_style": {
      "target_mean": 0.4375,
      "baseline_mean": 0.4375,
      "absolute_delta": 0.0,
      "relative_delta": 0.0
    },
    "distinct1": {
      "target_mean": 0.95414673046252,
      "baseline_mean": 0.9471925133689839,
      "absolute_delta": 0.0069542170935360526,
      "relative_delta": 0.007341925738835522
    },
    "length_score": {
      "target_mean": 0.725,
      "baseline_mean": 0.4916666666666667,
      "absolute_delta": 0.23333333333333328,
      "relative_delta": 0.4745762711864405
    },
    "sentence_score": {
      "target_mean": 1.0,
      "baseline_mean": 0.825,
      "absolute_delta": 0.17500000000000004,
      "relative_delta": 0.21212121212121218
    },
    "overall_quality": {
      "target_mean": 0.38753342674868996,
      "baseline_mean": 0.24390649015587101,
      "absolute_delta": 0.14362693659281894,
      "relative_delta": 0.588860659267544
    }
  },
  "controlled_alt_vs_controlled_default": {
    "context_relevance": {
      "target_mean": 0.28468365736756696,
      "baseline_mean": 0.1783290043290043,
      "absolute_delta": 0.10635465303856265,
      "relative_delta": 0.5963957093729177
    },
    "persona_consistency": {
      "target_mean": 0.2911904761904762,
      "baseline_mean": 0.3370238095238095,
      "absolute_delta": -0.04583333333333328,
      "relative_delta": -0.1359943482868243
    },
    "naturalness": {
      "target_mean": 0.9314751082251083,
      "baseline_mean": 0.926658692185008,
      "absolute_delta": 0.004816416040100302,
      "relative_delta": 0.005197615994669482
    },
    "context_keyword_coverage": {
      "target_mean": 0.3636363636363636,
      "baseline_mean": 0.22727272727272727,
      "absolute_delta": 0.13636363636363633,
      "relative_delta": 0.5999999999999999
    },
    "context_overlap": {
      "target_mean": 0.10046067607370816,
      "baseline_mean": 0.06412698412698413,
      "absolute_delta": 0.036333691946724034,
      "relative_delta": 0.5665897506543599
    },
    "persona_keyword_coverage": {
      "target_mean": 0.2702380952380952,
      "baseline_mean": 0.3119047619047619,
      "absolute_delta": -0.041666666666666685,
      "relative_delta": -0.13358778625954204
    },
    "persona_style": {
      "target_mean": 0.375,
      "baseline_mean": 0.4375,
      "absolute_delta": -0.0625,
      "relative_delta": -0.14285714285714285
    },
    "distinct1": {
      "target_mean": 0.9505627705627706,
      "baseline_mean": 0.95414673046252,