{
  "proposed_contextual_controlled": {
    "sample_count": 4,
    "context_relevance": {
      "n": 4,
      "mean": 0.1783290043290043,
      "median": 0.1778051948051948,
      "p95": 0.2196233766233766,
      "ci95_low": 0.140034632034632,
      "ci95_high": 0.2166233766233766
    },
    "persona_consistency": {
      "n": 4,
      "mean": 0.3370238095238095,
      "median": 0.3404761904761905,
      "p95": 0.4860714285714285,
      "ci95_low": 0.2116666666666667,
      "ci95_high": 0.4589285714285714
    },
    "naturalness": {
      "n": 4,
      "mean": 0.926658692185008,
      "median": 0.9478787878787879,
      "p95": 0.9816666666666666,
      "ci95_low": 0.8564912280701754,
      "ci95_high": 0.9756060606060606
    },
    "context_keyword_coverage": {
      "n": 4,
      "mean": 0.22727272727272727,
      "median": 0.22727272727272727,
      "p95": 0.2727272727272727,
      "ci95_low": 0.18181818181818182,
      "ci95_high": 0.2727272727272727
    },
    "context_overlap": {
      "n": 4,
      "mean": 0.06412698412698413,
      "median": 0.062380952380952384,
      "p95": 0.0957142857142857,
      "ci95_low": 0.041666666666666664,
      "ci95_high": 0.08833333333333333
    },
    "persona_keyword_coverage": {
      "n": 4,
      "mean": 0.3119047619047619,
      "median": 0.26666666666666666,
      "p95": 0.5357142857142856,
      "ci95_low": 0.17142857142857143,
      "ci95_high": 0.47857142857142854
    },
    "persona_style": {
      "n": 4,
      "mean": 0.4375,
      "median": 0.375,
      "p95": 0.9249999999999998,
      "ci95_low": 0.0625,
      "ci95_high": 0.8125
    },
    "distinct1": {
      "n": 4,
      "mean": 0.95414673046252,
      "median": 0.9696969696969697,
      "p95": 1.0,
      "ci95_low": 0.9075159489633173,
      "ci95_high": 1.0
    },
    "length_score": {
      "n": 4,
      "mean": 0.725,
      "median": 0.8,
      "p95": 0.9183333333333333,
      "ci95_low": 0.4833333333333334,
      "ci95_high": 0.8916666666666666
    },
    "sentence_score": {
      "n": 4,
      "mean": 1.0,
      "median": 1.0,
      "p95": 1.0,
      "ci95_low": 1.0,
      "ci95_high": 1.0
    },
    "overall_quality": {
      "n": 4,
      "mean": 0.38753342674868996,
      "median": 0.3906884985190249,
      "p95": 0.42131944998860793,
      "ci95_low": 0.35536363636363644,
      "ci95_high": 0.41970321713374353
    },
    "metrics": [
      "context_relevance",
      "persona_consistency",
      "naturalness",
      "context_keyword_coverage",
      "context_overlap",
      "persona_keyword_coverage",
      "persona_style",
      "distinct1",
      "length_score",
      "sentence_score",
      "overall_quality"
    ]
  },
  "proposed_contextual_controlled_alt": {
    "sample_count": 4,
    "context_relevance": {
      "n": 4,
      "mean": 0.28468365736756696,
      "median": 0.31920906961890566,
      "p95": 0.43009017914170133,
      "ci95_low": 0.14092818945760122,
      "ci95_high": 0.4284391252775327
    },
    "persona_consistency": {
      "n": 4,
      "mean": 0.2911904761904762,
      "median": 0.27380952380952384,
      "p95": 0.43571428571428567,
      "ci95_low": 0.19666666666666668,
      "ci95_high": 0.4011904761904762
    },
    "naturalness": {
      "n": 4,
      "mean": 0.9314751082251083,
      "median": 0.9322835497835498,
      "p95": 0.9743636363636363,
      "ci95_low": 0.8966060606060606,
      "ci95_high": 0.9655357142857143
    },
    "context_keyword_coverage": {
      "n": 4,
      "mean": 0.3636363636363636,
      "median": 0.40909090909090906,
      "p95": 0.5454545454545454,
      "ci95_low": 0.18181818181818182,
      "ci95_high": 0.5454545454545454
    },
    "context_overlap": {
      "n": 4,
      "mean": 0.10046067607370816,
      "median": 0.1094847775175644,
      "p95": 0.16090665774506524,
      "ci95_low": 0.04551820728291316,
      "ci95_high": 0.15540314486450318
    },
    "persona_keyword_coverage": {
      "n": 4,
      "mean": 0.2702380952380952,
      "median": 0.18333333333333335,
      "p95": 0.5157142857142856,
      "ci95_low": 0.15476190476190477,
      "ci95_high": 0.47023809523809523
    },
    "persona_style": {
      "n": 4,
      "mean": 0.375,
      "median": 0.25,
      "p95": 0.9249999999999998,
      "ci95_low": 0.0,
      "ci95_high": 0.75
    },
    "distinct1": {
      "n": 4,
      "mean": 0.9505627705627706,
      "median": 0.9411255411255411,
      "p95": 0.9914285714285714,
      "ci95_low": 0.9257142857142857,
      "ci95_high": 0.9848484848484849
    },
    "length_score": {
      "n": 4,
      "mean": 0.8,
      "median": 0.8666666666666667,
      "p95": 0.9,
      "ci95_low": 0.65,
      "ci95_high": 0.9
    },
    "sentence_score": {
      "n": 4,
      "mean": 0.9125,
      "median": 1.0,
      "p95": 1.0,
      "ci95_low": 0.7375,
      "ci95_high": 1.0
    },
    "overall_quality": {
      "n": 4,
      "mean": 0.4214434759596835,
      "median": 0.404948361162647,
      "p95": 0.5492586407737462,
      "ci95_low": 0.32908393175452005,
      "ci95_high": 0.5138030201648469
    },
    "metrics": [
      "context_relevance",
      "persona_consistency",
      "naturalness",
      "context_keyword_coverage",
      "context_overlap",
      "persona_keyword_coverage",
      "persona_style",
      "distinct1",
      "length_score",
      "sentence_score",
      "overall_quality"
    ]
  },
  "proposed_contextual": {
    "sample_count": 1,
    "context_relevance": {
      "n": 1,
      "mean": 0.007894736842105262,
      "median": 0.007894736842105262,
      "p95": 0.007894736842105262,
      "ci95_low": 0.007894736842105262,
      "ci95_high": 0.007894736842105262
    },
    "persona_consistency": {
      "n": 1,
      "mean": 0.0,
      "median": 0.0,
      "p95": 0.0,
      "ci95_low": 0.0,
      "ci95_high": 0.0
    },
    "naturalness": {
      "n": 1,
      "mean": 0.7486363636363635,
      "median": 0.7486363636363635,
      "p95": 0.7486363636363635,
      "ci95_low": 0.7486363636363635,
      "ci95_high": 0.7486363636363635
    },
    "context_keyword_coverage": {
      "n": 1,
      "mean": 0.0,
      "median": 0.0,
      "p95": 0.0,
      "ci95_low": 0.0,
      "ci95_high": 0.0
    },
    "context_overlap": {
      "n": 1,
      "mean": 0.02631578947368421,
      "median": 0.02631578947368421,
      "p95": 0.02631578947368421,
      "ci95_low": 0.02631578947368421,
      "ci95_high": 0.02631578947368421
    },
    "persona_keyword_coverage": {
      "n": 1,
      "mean": 0.0,
      "median": 0.0,
      "p95": 0.0,
      "ci95_low": 0.0,
      "ci95_high": 0.0
    },
    "persona_style": {
      "n": 1,
      "mean": 0.0,
      "median": 0.0,
      "p95": 0.0,
      "ci95_low": 0.0,
      "ci95_high": 0.0
    },
    "distinct1": {
      "n": 1,
      "mean": 0.9090909090909091,
      "median": 0.9090909090909091,
      "p95": 0.9090909090909091,
      "ci95_low": 0.9090909090909091,
      "ci95_high": 0.9090909090909091
    },
    "length_score": {
      "n": 1,
      "mean": 0.09999999999999998,
      "median": 0.09999999999999998,
      "p95": 0.09999999999999998,
      "ci95_low": 0.09999999999999998,
      "ci95_high": 0.09999999999999998
    },
    "sentence_score": {
      "n": 1,
      "mean": 0.65,
      "median": 0.65,
      "p95": 0.65,
      "ci95_low": 0.65,
      "ci95_high": 0.65
    },
    "overall_quality": {
      "n": 1,
      "mean": 0.15256937799043063,
      "median": 0.15256937799043063,
      "p95": 0.15256937799043063,
      "ci95_low": 0.15256937799043063,
      "ci95_high": 0.15256937799043063
    },
    "metrics": [
      "context_relevance",
      "persona_consistency",
      "naturalness",
      "context_keyword_coverage",
      "context_overlap",
      "persona_keyword_coverage",
      "persona_style",
      "distinct1",
      "length_score",
      "sentence_score",
      "overall_quality"
    ]
  },
  "candidate_no_context": {
    "sample_count": 4,
    "context_relevance": {
      "n": 4,