{
  "proposed_contextual_controlled": {
    "sample_count": 20,
    "context_relevance": {
      "n": 20,
      "mean": 0.27257987448113447,
      "median": 0.2239393939393939,
      "p95": 0.42141818181818175,
      "ci95_low": 0.23772996372187608,
      "ci95_high": 0.31100956755001846
    },
    "persona_consistency": {
      "n": 20,
      "mean": 0.28585714285714287,
      "median": 0.2785714285714286,
      "p95": 0.4342857142857144,
      "ci95_low": 0.2369964285714286,
      "ci95_high": 0.3377202380952381
    },
    "naturalness": {
      "n": 20,
      "mean": 0.8857902903827984,
      "median": 0.914713788741303,
      "p95": 0.9719594594594595,
      "ci95_low": 0.8525198686603145,
      "ci95_high": 0.9177264881451739
    },
    "context_keyword_coverage": {
      "n": 20,
      "mean": 0.3429545454545454,
      "median": 0.2727272727272727,
      "p95": 0.5454545454545454,
      "ci95_low": 0.29659090909090907,
      "ci95_high": 0.3954772727272726
    },
    "context_overlap": {
      "n": 20,
      "mean": 0.10837230887650888,
      "median": 0.10380747126436782,
      "p95": 0.15056285178236403,
      "ci95_low": 0.09185779515386108,
      "ci95_high": 0.1264486612606494
    },
    "persona_keyword_coverage": {
      "n": 20,
      "mean": 0.20166666666666666,
      "median": 0.16666666666666666,
      "p95": 0.40142857142857147,
      "ci95_low": 0.15095238095238095,
      "ci95_high": 0.25691071428571427
    },
    "persona_style": {
      "n": 20,
      "mean": 0.6226190476190476,
      "median": 0.5,
      "p95": 1.0,
      "ci95_low": 0.4916666666666667,
      "ci95_high": 0.7619047619047619
    },
    "distinct1": {
      "n": 20,
      "mean": 0.9275805646666735,
      "median": 0.9344086021505376,
      "p95": 0.9753066037735848,
      "ci95_low": 0.9116061626359676,
      "ci95_high": 0.9406084643602964
    },
    "length_score": {
      "n": 20,
      "mean": 0.645,
      "median": 0.7666666666666666,
      "p95": 0.9666666666666667,
      "ci95_low": 0.51,
      "ci95_high": 0.7633333333333333
    },
    "sentence_score": {
      "n": 20,
      "mean": 0.86,
      "median": 1.0,
      "p95": 1.0,
      "ci95_low": 0.79,
      "ci95_high": 0.93
    },
    "bertscore_f1": {
      "n": 20,
      "mean": 0.08083095206384314,
      "median": 0.0719878301024437,
      "p95": 0.15741015151143076,
      "ci95_low": 0.05792749107989948,
      "ci95_high": 0.10490737727144733
    },
    "overall_quality": {
      "n": 20,
      "mean": 0.3656170544020308,
      "median": 0.3689597873275363,
      "p95": 0.4378898152594133,
      "ci95_low": 0.3452833939023923,
      "ci95_high": 0.3853386980804444
    },
    "metrics": [
      "context_relevance",
      "persona_consistency",
      "naturalness",
      "context_keyword_coverage",
      "context_overlap",
      "persona_keyword_coverage",
      "persona_style",
      "distinct1",
      "length_score",
      "sentence_score",
      "bertscore_f1",
      "overall_quality"
    ]
  },
  "proposed_contextual": {
    "sample_count": 20,
    "context_relevance": {
      "n": 20,
      "mean": 0.06902691359066747,
      "median": 0.0150093808630394,
      "p95": 0.22406113195747343,
      "ci95_low": 0.03467507716154352,
      "ci95_high": 0.10828488890370364
    },
    "persona_consistency": {
      "n": 20,
      "mean": 0.10936011904761904,
      "median": 0.1,
      "p95": 0.2057142857142858,
      "ci95_low": 0.08112053571428572,
      "ci95_high": 0.14175632440476185
    },
    "naturalness": {
      "n": 20,
      "mean": 0.8051415267612922,
      "median": 0.7486363636363635,
      "p95": 0.9159211098506335,
      "ci95_low": 0.7762375615841776,
      "ci95_high": 0.8373038319015184
    },
    "context_keyword_coverage": {
      "n": 20,
      "mean": 0.07462121212121212,
      "median": 0.0,
      "p95": 0.27575757575757576,
      "ci95_low": 0.02727272727272727,
      "ci95_high": 0.12765151515151513
    },
    "context_overlap": {
      "n": 20,
      "mean": 0.055973550352729974,
      "median": 0.04878048780487805,
      "p95": 0.10136945221911241,
      "ci95_low": 0.04283222275658682,
      "ci95_high": 0.07041721151915432
    },
    "persona_keyword_coverage": {
      "n": 20,
      "mean": 0.007142857142857143,
      "median": 0.0,
      "p95": 0.007142857142857244,
      "ci95_low": 0.0,
      "ci95_high": 0.02142857142857143
    },
    "persona_style": {
      "n": 20,
      "mean": 0.5182291666666667,
      "median": 0.5,
      "p95": 1.0,
      "ci95_low": 0.39479166666666665,
      "ci95_high": 0.65
    },
    "distinct1": {
      "n": 20,
      "mean": 0.9349371502365642,
      "median": 0.9090909090909091,
      "p95": 1.0,
      "ci95_low": 0.9203134892114637,
      "ci95_high": 0.9513270834128538
    },
    "length_score": {
      "n": 20,
      "mean": 0.2783333333333333,
      "median": 0.09999999999999998,
      "p95": 0.8366666666666667,
      "ci95_low": 0.1733333333333333,
      "ci95_high": 0.4033333333333333
    },
    "sentence_score": {
      "n": 20,
      "mean": 0.755,
      "median": 0.65,
      "p95": 1.0,
      "ci95_low": 0.685,
      "ci95_high": 0.825
    },
    "bertscore_f1": {
      "n": 20,
      "mean": 0.06704792289528996,
      "median": 0.055540723726153374,
      "p95": 0.17251254320144657,
      "ci95_low": 0.04384947640588507,
      "ci95_high": 0.09299110071035098
    },
    "overall_quality": {
      "n": 20,
      "mean": 0.2095333716113646,
      "median": 0.1741732346008199,
      "p95": 0.311767207074979,
      "ci95_low": 0.18410913227535758,
      "ci95_high": 0.23737354736327948
    },
    "metrics": [
      "context_relevance",
      "persona_consistency",
      "naturalness",
      "context_keyword_coverage",
      "context_overlap",
      "persona_keyword_coverage",
      "persona_style",
      "distinct1",
      "length_score",
      "sentence_score",
      "bertscore_f1",
      "overall_quality"
    ]
  },
  "candidate_no_context": {
    "sample_count": 20,
    "context_relevance": {
      "n": 20,
      "mean": 0.03814338190996962,
      "median": 0.0150093808630394,
      "p95": 0.19565210559396606,
      "ci95_low": 0.016450498754245438,
      "ci95_high": 0.06480369762894925
    },
    "persona_consistency": {
      "n": 20,
      "mean": 0.14100198412698414,
      "median": 0.1,
      "p95": 0.34523809523809545,
      "ci95_low": 0.0953125,
      "ci95_high": 0.20425855654761904
    },
    "naturalness": {
      "n": 20,
      "mean": 0.811542850404275,
      "median": 0.7486363636363635,
      "p95": 0.9453006535947712,
      "ci95_low": 0.7785333546872557,
      "ci95_high": 0.8476453678327855
    },
    "context_keyword_coverage": {
      "n": 20,
      "mean": 0.034090909090909095,
      "median": 0.0,
      "p95": 0.25,
      "ci95_low": 0.004545454545454545,
      "ci95_high": 0.0715909090909091
    },
    "context_overlap": {
      "n": 20,
      "mean": 0.04759915182111086,
      "median": 0.047619047619047616,
      "p95": 0.07250830564784054,
      "ci95_low": 0.040219246402162165,
      "ci95_high": 0.056189192933034746
    },
    "persona_keyword_coverage": {
      "n": 20,
      "mean": 0.044047619047619044,
      "median": 0.0,
      "p95": 0.19404761904761944,
      "ci95_low": 0.0,
      "ci95_high": 0.12380952380952381
    },
    "persona_style": {
      "n": 20,
      "mean": 0.5288194444444445,
      "median": 0.5,
      "p95": 1.0,
      "ci95_low": 0.39375,
      "ci95_high": 0.6616319444444445
    },
    "distinct1": {
      "n": 20,
      "mean": 0.9376071260106876,
      "median": 0.9090909090909091,
      "p95": 1.0,
      "ci95_low": 0.9229062274534323,
      "ci95_high": 0.9535108619900271
    },
    "length_score": {
      "n": 20,
      "mean": 0.305,
      "median": 0.09999999999999998,
      "p95": 0.8683333333333333,
      "ci95_low": 0.18995833333333334,
      "ci95_high": 0.445
    },
    "sentence_score": {
      "n": 20,
      "mean": 0.755,
      "median": 0.65,
      "p95": 1.0,