{
  "ttft_ms": {
    "candidate_mean": 10569.66649436451,
    "baseline_mean": 6717.386879167962,
    "absolute_delta": 3852.2796151965476,
    "relative_delta": 0.5734788965547424,
    "candidate_better": false,
    "lower_is_better": true
  },
  "total_time_ms": {
    "candidate_mean": 17199.732560564807,
    "baseline_mean": 13555.494204165976,
    "absolute_delta": 3644.2383563988315,
    "relative_delta": 0.26883847254192006,
    "candidate_better": false,
    "lower_is_better": true
  },
  "tokens_per_s": {
    "candidate_mean": 10.073046653504294,
    "baseline_mean": 10.262393999261413,
    "absolute_delta": -0.18934734575711865,
    "relative_delta": -0.01845060185476664,
    "candidate_better": false,
    "lower_is_better": false
  }
}