{
  "elara-npc:latest": {
    "total_requests": 72,
    "ok_requests": 71,
    "error_requests": 1,
    "error_rate": 0.013888888888888888,
    "ttft_ms": {
      "n": 71,
      "mean": 10569.66649436451,
      "median": 9328.680799982976,
      "p95": 23318.301000021165,
      "ci95_low": 8640.892336653367,
      "ci95_high": 12829.889272251352
    },
    "total_time_ms": {
      "n": 71,
      "mean": 17199.732560564807,
      "median": 15606.775199994445,
      "p95": 30539.428950010915,
      "ci95_low": 15068.087707994227,
      "ci95_high": 19748.642508910114
    },
    "tokens_per_s": {
      "n": 71,
      "mean": 10.073046653504294,
      "median": 9.820707185134738,
      "p95": 12.533885626675794,
      "ci95_low": 9.663950693121532,
      "ci95_high": 10.473781590711111
    }
  },
  "phi3:mini": {
    "total_requests": 72,
    "ok_requests": 72,
    "error_requests": 0,
    "error_rate": 0.0,
    "ttft_ms": {
      "n": 72,
      "mean": 6717.386879167962,
      "median": 6756.411900001694,
      "p95": 11148.81480000331,
      "ci95_low": 5811.266799651458,
      "ci95_high": 7737.282007568087
    },
    "total_time_ms": {
      "n": 72,
      "mean": 13555.494204165976,
      "median": 12277.893599995878,
      "p95": 20856.71325500735,
      "ci95_low": 12334.644397532693,
      "ci95_high": 15137.219771285021
    },
    "tokens_per_s": {
      "n": 72,
      "mean": 10.262393999261413,
      "median": 10.230597555393206,
      "p95": 13.11723246520259,
      "ci95_low": 9.656386468889618,
      "ci95_high": 10.832361755980758
    }
  }
}