{
  "ttft_ms": {
    "candidate_mean": 1048.932337507722,
    "baseline_mean": 221.09983749396633,
    "absolute_delta": 827.8325000137556,
    "relative_delta": 3.7441569808315514,
    "candidate_better": false,
    "lower_is_better": true
  },
  "total_time_ms": {
    "candidate_mean": 3351.0384374967543,
    "baseline_mean": 2226.712187497469,
    "absolute_delta": 1124.3262499992852,
    "relative_delta": 0.5049266161617769,
    "candidate_better": false,
    "lower_is_better": true
  },
  "tokens_per_s": {
    "candidate_mean": 28.13842512837404,
    "baseline_mean": 29.596808416997188,
    "absolute_delta": -1.4583832886231498,
    "relative_delta": -0.04927501871403178,
    "candidate_better": false,
    "lower_is_better": false
  }
}