{
  "candidate_model": "elara-npc:latest",
  "baseline_model": "phi3:mini",
  "candidate_mean": -0.017992674256674945,
  "baseline_mean": 0.13131996570155025,
  "absolute_delta": -0.1493126399582252,
  "relative_delta": -1.1370140036250598,
  "candidate_better": false
}