{
  "proposed_contextual_controlled": {
    "sample_count": 24,
    "context_relevance": {
      "n": 24,
      "mean": 0.13954535071468904,
      "median": 0.015433673469387753,
      "p95": 0.4820762711864404,
      "ci95_low": 0.07853391556557689,
      "ci95_high": 0.21165508438433145
    },
    "persona_consistency": {
      "n": 24,
      "mean": 0.23875248015873018,
      "median": 0.23333333333333334,
      "p95": 0.45166666666666644,
      "ci95_low": 0.19206349206349208,
      "ci95_high": 0.29001085069444443
    },
    "naturalness": {
      "n": 24,
      "mean": 0.8778119398274874,
      "median": 0.8723636363636365,
      "p95": 0.9500833333333332,
      "ci95_low": 0.861749004453932,
      "ci95_high": 0.8939860707713866
    },
    "quest_state_correctness": {
      "n": 24,
      "mean": 0.21771648498744678,
      "median": 0.11181336882579118,
      "p95": 0.5057426957223565,
      "ci95_low": 0.16086971446612555,
      "ci95_high": 0.2755371861160613
    },
    "lore_consistency": {
      "n": 24,
      "mean": 0.07498340807546842,
      "median": 0.0,
      "p95": 0.30754312354312346,
      "ci95_low": 0.03260175683541078,
      "ci95_high": 0.12334580628788995
    },
    "multi_turn_contradiction_safety": {
      "n": 24,
      "mean": 1.0,
      "median": 1.0,
      "p95": 1.0,
      "ci95_low": 1.0,
      "ci95_high": 1.0
    },
    "objective_completion_support": {
      "n": 24,
      "mean": 0.07979166666666666,
      "median": 0.10833333333333334,
      "p95": 0.16333333333333333,
      "ci95_low": 0.05437326388888889,
      "ci95_high": 0.10409722222222223
    },
    "gameplay_usefulness": {
      "n": 24,
      "mean": 0.31596008616561044,
      "median": 0.3103952543452544,
      "p95": 0.41620244459520567,
      "ci95_low": 0.2991133249693158,
      "ci95_high": 0.33326560320077453
    },
    "time_pressure_acceptability": {
      "n": 24,
      "mean": 0.3005405663780664,
      "median": 0.30475,
      "p95": 0.36473333333333335,
      "ci95_low": 0.2823656558892496,
      "ci95_high": 0.31692566896645025
    },
    "context_keyword_coverage": {
      "n": 24,
      "mean": 0.17121212121212123,
      "median": 0.0,
      "p95": 0.6159090909090906,
      "ci95_low": 0.0909090909090909,
      "ci95_high": 0.26477272727272727
    },
    "context_overlap": {
      "n": 24,
      "mean": 0.06565621955401403,
      "median": 0.04083333333333333,
      "p95": 0.17917232021709628,
      "ci95_low": 0.0470637173134801,
      "ci95_high": 0.0882791678117204
    },
    "persona_keyword_coverage": {
      "n": 24,
      "mean": 0.1626984126984127,
      "median": 0.16666666666666666,
      "p95": 0.3333333333333333,
      "ci95_low": 0.11408730158730158,
      "ci95_high": 0.21527777777777776
    },
    "persona_style": {
      "n": 24,
      "mean": 0.54296875,
      "median": 0.5,
      "p95": 1.0,
      "ci95_low": 0.4375,
      "ci95_high": 0.6484375
    },
    "distinct1": {
      "n": 24,
      "mean": 0.9238701273464964,
      "median": 0.9173060528559249,
      "p95": 1.0,
      "ci95_low": 0.9037569045256572,
      "ci95_high": 0.9444880963828992
    },
    "length_score": {
      "n": 24,
      "mean": 0.548611111111111,
      "median": 0.5166666666666666,
      "p95": 0.8233333333333333,
      "ci95_low": 0.4930555555555556,
      "ci95_high": 0.6097222222222222
    },
    "sentence_score": {
      "n": 24,
      "mean": 0.9854166666666666,
      "median": 1.0,
      "p95": 1.0,
      "ci95_low": 0.9562499999999999,
      "ci95_high": 1.0
    },
    "overall_quality": {
      "n": 24,
      "mean": 0.32088333272927916,
      "median": 0.27781060999871654,
      "p95": 0.5214865062452875,
      "ci95_low": 0.2759568346522029,
      "ci95_high": 0.36967612860330584
    },
    "metrics": [
      "context_relevance",
      "persona_consistency",
      "naturalness",
      "quest_state_correctness",
      "lore_consistency",
      "multi_turn_contradiction_safety",
      "objective_completion_support",
      "gameplay_usefulness",
      "time_pressure_acceptability",
      "context_keyword_coverage",
      "context_overlap",
      "persona_keyword_coverage",
      "persona_style",
      "distinct1",
      "length_score",
      "sentence_score",
      "overall_quality"
    ]
  },
  "proposed_contextual_controlled_tuned": {
    "sample_count": 24,
    "context_relevance": {
      "n": 24,
      "mean": 0.07006965382839996,
      "median": 0.015433673469387753,
      "p95": 0.2647198879551819,
      "ci95_low": 0.035572986457650606,
      "ci95_high": 0.11143165251399775
    },
    "persona_consistency": {
      "n": 24,
      "mean": 0.24884672619047618,
      "median": 0.23333333333333334,
      "p95": 0.49749999999999983,
      "ci95_low": 0.19704923115079362,
      "ci95_high": 0.30746744791666664
    },
    "naturalness": {
      "n": 24,
      "mean": 0.8747839823456832,
      "median": 0.8816666666666667,
      "p95": 0.9400606060606062,
      "ci95_low": 0.8567921144984125,
      "ci95_high": 0.8916481667930678
    },
    "quest_state_correctness": {
      "n": 24,
      "mean": 0.15924293252108113,
      "median": 0.1075139146567718,
      "p95": 0.3536991596638654,
      "ci95_low": 0.12648746418768758,
      "ci95_high": 0.19693401159527274
    },
    "lore_consistency": {
      "n": 24,
      "mean": 0.030314273988458314,
      "median": 0.0,
      "p95": 0.07992084357084356,
      "ci95_low": 0.009120036137994801,
      "ci95_high": 0.059574948825564696
    },
    "multi_turn_contradiction_safety": {
      "n": 24,
      "mean": 1.0,
      "median": 1.0,
      "p95": 1.0,
      "ci95_low": 1.0,
      "ci95_high": 1.0
    },
    "objective_completion_support": {
      "n": 24,
      "mean": 0.07340277777777778,
      "median": 0.08083333333333334,
      "p95": 0.17324999999999996,
      "ci95_low": 0.04609722222222222,
      "ci95_high": 0.10126215277777771
    },
    "gameplay_usefulness": {
      "n": 24,
      "mean": 0.296447132874422,
      "median": 0.29134463458110516,
      "p95": 0.34766295454545454,
      "ci95_low": 0.2814338954023091,
      "ci95_high": 0.3106147654248789
    },
    "time_pressure_acceptability": {
      "n": 24,
      "mean": 0.2973333062770563,
      "median": 0.29416720779220784,
      "p95": 0.36473333333333335,
      "ci95_low": 0.27934433035714284,
      "ci95_high": 0.31498489741161617
    },
    "context_keyword_coverage": {
      "n": 24,
      "mean": 0.07992424242424243,
      "median": 0.0,
      "p95": 0.3499999999999998,
      "ci95_low": 0.034090909090909095,
      "ci95_high": 0.13333333333333333
    },
    "context_overlap": {
      "n": 24,
      "mean": 0.047075613771434204,
      "median": 0.04044117647058823,
      "p95": 0.08884669479606189,
      "ci95_low": 0.03627786116644164,
      "ci95_high": 0.05819527310736885
    },
    "persona_keyword_coverage": {
      "n": 24,
      "mean": 0.17857142857142858,
      "median": 0.16666666666666666,
      "p95": 0.5499999999999997,
      "ci95_low": 0.11607142857142856,
      "ci95_high": 0.2539930555555554
    },
    "persona_style": {
      "n": 24,
      "mean": 0.5299479166666666,
      "median": 0.5,
      "p95": 0.8609374999999998,
      "ci95_low": 0.4401041666666667,
      "ci95_high": 0.6198242187499998
    },
    "distinct1": {
      "n": 24,
      "mean": 0.9260224558642078,
      "median": 0.933982683982684,
      "p95": 0.9952380952380951,
      "ci95_low": 0.9072343669846068,
      "ci95_high": 0.9449009875579567
    },
    "length_score": {
      "n": 24,
      "mean": 0.5291666666666667,
      "median": 0.5333333333333333,
      "p95": 0.813333333333333,
      "ci95_low": 0.4527777777777778,
      "ci95_high": 0.5944444444444444
    },
    "sentence_score": {
      "n": 24,
      "mean": 0.9854166666666666,
      "median": 1.0,
      "p95": 1.0,
      "ci95_low": 0.9562499999999999,
      "ci95_high": 1.0
    },
    "overall_quality": {
      "n": 24,
      "mean": 0.29194411481272864,