{
  "proposed_vs_candidate_no_context": {
    "context_relevance": {
      "target_mean": 0.11167723909797081,
      "baseline_mean": 0.02425407035494912,
      "absolute_delta": 0.0874231687430217,
      "relative_delta": 3.6044741135659613
    },
    "persona_consistency": {
      "target_mean": 0.13562500000000002,
      "baseline_mean": 0.10591666666666669,
      "absolute_delta": 0.029708333333333337,
      "relative_delta": 0.28048780487804875
    },
    "naturalness": {
      "target_mean": 0.8061851797325481,
      "baseline_mean": 0.8157563089084828,
      "absolute_delta": -0.009571129175934723,
      "relative_delta": -0.01173282887476691
    },
    "context_keyword_coverage": {
      "target_mean": 0.1340909090909091,
      "baseline_mean": 0.01818181818181818,
      "absolute_delta": 0.1159090909090909,
      "relative_delta": 6.375
    },
    "context_overlap": {
      "target_mean": 0.05937867578111481,
      "baseline_mean": 0.03842265875892131,
      "absolute_delta": 0.020956017022193497,
      "relative_delta": 0.5454077801767881
    },
    "persona_keyword_coverage": {
      "target_mean": 0.03333333333333333,
      "baseline_mean": 0.03333333333333333,
      "absolute_delta": 0.0,
      "relative_delta": 0.0
    },
    "persona_style": {
      "target_mean": 0.5447916666666667,
      "baseline_mean": 0.39625,
      "absolute_delta": 0.14854166666666668,
      "relative_delta": 0.3748685594111462
    },
    "distinct1": {
      "target_mean": 0.9512962826647037,
      "baseline_mean": 0.9498074389378737,
      "absolute_delta": 0.0014888437268300025,
      "relative_delta": 0.0015675216531204563
    },
    "length_score": {
      "target_mean": 0.2333333333333333,
      "baseline_mean": 0.33666666666666667,
      "absolute_delta": -0.10333333333333336,
      "relative_delta": -0.306930693069307
    },
    "sentence_score": {
      "target_mean": 0.79,
      "baseline_mean": 0.685,
      "absolute_delta": 0.10499999999999998,
      "relative_delta": 0.15328467153284667
    },
    "bertscore_f1": {
      "target_mean": 0.08015583027154208,
      "baseline_mean": 0.0357207790017128,
      "absolute_delta": 0.04443505126982928,
      "relative_delta": 1.2439552695001035
    },
    "overall_quality": {
      "target_mean": 0.23724789310777433,
      "baseline_mean": 0.1901175623114293,
      "absolute_delta": 0.047130330796345044,
      "relative_delta": 0.24790098412445147
    }
  },
  "proposed_vs_baseline_no_context": {
    "context_relevance": {
      "target_mean": 0.11167723909797081,
      "baseline_mean": 0.0572694997180123,
      "absolute_delta": 0.05440773937995851,
      "relative_delta": 0.95002993998298
    },
    "persona_consistency": {
      "target_mean": 0.13562500000000002,
      "baseline_mean": 0.14764102564102566,
      "absolute_delta": -0.012016025641025635,
      "relative_delta": -0.08138676623827713
    },
    "naturalness": {
      "target_mean": 0.8061851797325481,
      "baseline_mean": 0.8594949988092402,
      "absolute_delta": -0.05330981907669208,
      "relative_delta": -0.06202458321520016
    },
    "context_keyword_coverage": {
      "target_mean": 0.1340909090909091,
      "baseline_mean": 0.06212121212121212,
      "absolute_delta": 0.07196969696969698,
      "relative_delta": 1.1585365853658538
    },
    "context_overlap": {
      "target_mean": 0.05937867578111481,
      "baseline_mean": 0.0459488374438794,
      "absolute_delta": 0.013429838337235413,
      "relative_delta": 0.2922780876368904
    },
    "persona_keyword_coverage": {
      "target_mean": 0.03333333333333333,
      "baseline_mean": 0.04,
      "absolute_delta": -0.006666666666666668,
      "relative_delta": -0.16666666666666669
    },
    "persona_style": {
      "target_mean": 0.5447916666666667,
      "baseline_mean": 0.5782051282051281,
      "absolute_delta": -0.033413461538461475,
      "relative_delta": -0.05778824833702872
    },
    "distinct1": {
      "target_mean": 0.9512962826647037,
      "baseline_mean": 0.974570830356434,
      "absolute_delta": -0.02327454769173032,
      "relative_delta": -0.0238818431321385
    },
    "length_score": {
      "target_mean": 0.2333333333333333,
      "baseline_mean": 0.4533333333333333,
      "absolute_delta": -0.22,
      "relative_delta": -0.4852941176470589
    },
    "sentence_score": {
      "target_mean": 0.79,
      "baseline_mean": 0.79,
      "absolute_delta": 0.0,
      "relative_delta": 0.0
    },
    "bertscore_f1": {
      "target_mean": 0.08015583027154208,
      "baseline_mean": 0.0618678311817348,
      "absolute_delta": 0.01828799908980728,
      "relative_delta": 0.29559786953072364
    },
    "overall_quality": {
      "target_mean": 0.23724789310777433,
      "baseline_mean": 0.226146863335649,
      "absolute_delta": 0.01110102977212532,
      "relative_delta": 0.04908770171907749
    }
  },
  "controlled_vs_proposed_raw": {
    "context_relevance": {
      "target_mean": 0.28647962756104334,
      "baseline_mean": 0.11167723909797081,
      "absolute_delta": 0.17480238846307253,
      "relative_delta": 1.565246328392163
    },
    "persona_consistency": {
      "target_mean": 0.3206625258799172,
      "baseline_mean": 0.13562500000000002,
      "absolute_delta": 0.1850375258799172,
      "relative_delta": 1.364331988054689
    },
    "naturalness": {
      "target_mean": 0.8554504860591818,
      "baseline_mean": 0.8061851797325481,
      "absolute_delta": 0.04926530632663373,
      "relative_delta": 0.06110916891696954
    },
    "context_keyword_coverage": {
      "target_mean": 0.3583333333333333,
      "baseline_mean": 0.1340909090909091,
      "absolute_delta": 0.2242424242424242,
      "relative_delta": 1.6723163841807904
    },
    "context_overlap": {
      "target_mean": 0.11882098075903333,
      "baseline_mean": 0.05937867578111481,
      "absolute_delta": 0.05944230497791852,
      "relative_delta": 1.0010715832909152
    },
    "persona_keyword_coverage": {
      "target_mean": 0.24285714285714283,
      "baseline_mean": 0.03333333333333333,
      "absolute_delta": 0.2095238095238095,
      "relative_delta": 6.285714285714285
    },
    "persona_style": {
      "target_mean": 0.6318840579710144,
      "baseline_mean": 0.5447916666666667,
      "absolute_delta": 0.08709239130434776,
      "relative_delta": 0.15986366281486394
    },
    "distinct1": {
      "target_mean": 0.9323762151479542,
      "baseline_mean": 0.9512962826647037,
      "absolute_delta": -0.01892006751674946,
      "relative_delta": -0.019888722222010487
    },
    "length_score": {
      "target_mean": 0.5,
      "baseline_mean": 0.2333333333333333,
      "absolute_delta": 0.2666666666666667,
      "relative_delta": 1.1428571428571432
    },
    "sentence_score": {
      "target_mean": 0.825,
      "baseline_mean": 0.79,
      "absolute_delta": 0.03499999999999992,
      "relative_delta": 0.044303797468354326
    },
    "bertscore_f1": {
      "target_mean": 0.08733303465414792,
      "baseline_mean": 0.08015583027154208,
      "absolute_delta": 0.007177204382605842,
      "relative_delta": 0.08954064050352657
    },
    "overall_quality": {
      "target_mean": 0.3777933457145649,
      "baseline_mean": 0.23724789310777433,
      "absolute_delta": 0.14054545260679058,
      "relative_delta": 0.5923991600757658
    }
  },
  "controlled_vs_candidate_no_context": {
    "context_relevance": {
      "target_mean": 0.28647962756104334,
      "baseline_mean": 0.02425407035494912,
      "absolute_delta": 0.2622255572060942,
      "relative_delta": 10.81161031400184
    },
    "persona_consistency": {
      "target_mean": 0.3206625258799172,
      "baseline_mean": 0.10591666666666669,
      "absolute_delta": 0.21474585921325054,
      "relative_delta": 2.0274982773871013
    },
    "naturalness": {
      "target_mean": 0.8554504860591818,
      "baseline_mean": 0.8157563089084828,
      "absolute_delta": 0.039694177150699006,
      "relative_delta": 0.0486593566206206
    },