{
  "proposed_contextual_controlled": {
    "sample_count": 10,
    "context_relevance": {
      "n": 10,
      "mean": 0.28647962756104334,
      "median": 0.2574361477979341,
      "p95": 0.41277181078263203,
      "ci95_low": 0.24394449551994576,
      "ci95_high": 0.33727037071862404
    },
    "persona_consistency": {
      "n": 10,
      "mean": 0.3206625258799172,
      "median": 0.2952173913043478,
      "p95": 0.5025714285714286,
      "ci95_low": 0.26399492753623194,
      "ci95_high": 0.3884857142857143
    },
    "naturalness": {
      "n": 10,
      "mean": 0.8554504860591818,
      "median": 0.8676515151515152,
      "p95": 0.9596914414414414,
      "ci95_low": 0.8047847849614155,
      "ci95_high": 0.9034961711711712
    },
    "context_keyword_coverage": {
      "n": 10,
      "mean": 0.3583333333333333,
      "median": 0.3181818181818182,
      "p95": 0.5253787878787878,
      "ci95_low": 0.3,
      "ci95_high": 0.4258522727272722
    },
    "context_overlap": {
      "n": 10,
      "mean": 0.11882098075903333,
      "median": 0.12486126526082131,
      "p95": 0.15782961460446246,
      "ci95_low": 0.09981634325252409,
      "ci95_high": 0.13679817649542256
    },
    "persona_keyword_coverage": {
      "n": 10,
      "mean": 0.24285714285714283,
      "median": 0.2,
      "p95": 0.4157142857142857,
      "ci95_low": 0.18991666666666668,
      "ci95_high": 0.3119047619047619
    },
    "persona_style": {
      "n": 10,
      "mean": 0.6318840579710144,
      "median": 0.5,
      "p95": 1.0,
      "ci95_low": 0.4666666666666667,
      "ci95_high": 0.7956884057971012
    },
    "distinct1": {
      "n": 10,
      "mean": 0.9323762151479542,
      "median": 0.9252717391304348,
      "p95": 1.0,
      "ci95_low": 0.9079359424359424,
      "ci95_high": 0.9587127262426175
    },
    "length_score": {
      "n": 10,
      "mean": 0.5,
      "median": 0.6333333333333333,
      "p95": 0.9366666666666665,
      "ci95_low": 0.26325,
      "ci95_high": 0.7367499999999996
    },
    "sentence_score": {
      "n": 10,
      "mean": 0.825,
      "median": 0.825,
      "p95": 1.0,
      "ci95_low": 0.72,
      "ci95_high": 0.93
    },
    "bertscore_f1": {
      "n": 10,
      "mean": 0.08733303465414792,
      "median": 0.10559896007180214,
      "p95": 0.13553801998496054,
      "ci95_low": 0.060049238144420085,
      "ci95_high": 0.1135667872242629
    },
    "overall_quality": {
      "n": 10,
      "mean": 0.3777933457145649,
      "median": 0.37997942168180654,
      "p95": 0.43821893096520464,
      "ci95_low": 0.3508973843801427,
      "ci95_high": 0.4046333875144881
    },
    "metrics": [
      "context_relevance",
      "persona_consistency",
      "naturalness",
      "context_keyword_coverage",
      "context_overlap",
      "persona_keyword_coverage",
      "persona_style",
      "distinct1",
      "length_score",
      "sentence_score",
      "bertscore_f1",
      "overall_quality"
    ]
  },
  "proposed_contextual": {
    "sample_count": 10,
    "context_relevance": {
      "n": 10,
      "mean": 0.11167723909797081,
      "median": 0.042395104895104896,
      "p95": 0.3261769480519478,
      "ci95_low": 0.03788034815931157,
      "ci95_high": 0.1936986833549333
    },
    "persona_consistency": {
      "n": 10,
      "mean": 0.13562500000000002,
      "median": 0.1,
      "p95": 0.2916666666666665,
      "ci95_low": 0.08229166666666668,
      "ci95_high": 0.1956302083333333
    },
    "naturalness": {
      "n": 10,
      "mean": 0.8061851797325481,
      "median": 0.7896794871794872,
      "p95": 0.8987999999999998,
      "ci95_low": 0.7718131026867868,
      "ci95_high": 0.8436332180100601
    },
    "context_keyword_coverage": {
      "n": 10,
      "mean": 0.1340909090909091,
      "median": 0.045454545454545456,
      "p95": 0.4227272727272724,
      "ci95_low": 0.04539772727272728,
      "ci95_high": 0.25227272727272726
    },
    "context_overlap": {
      "n": 10,
      "mean": 0.05937867578111481,
      "median": 0.050031269543464665,
      "p95": 0.11874999999999998,
      "ci95_low": 0.03940880853380853,
      "ci95_high": 0.08153595927071537
    },
    "persona_keyword_coverage": {
      "n": 10,
      "mean": 0.03333333333333333,
      "median": 0.0,
      "p95": 0.18333333333333296,
      "ci95_low": 0.0,
      "ci95_high": 0.1
    },
    "persona_style": {
      "n": 10,
      "mean": 0.5447916666666667,
      "median": 0.5,
      "p95": 1.0,
      "ci95_low": 0.35609375,
      "ci95_high": 0.7282552083333327
    },
    "distinct1": {
      "n": 10,
      "mean": 0.9512962826647037,
      "median": 0.9536842105263157,
      "p95": 1.0,
      "ci95_low": 0.9280235553919765,
      "ci95_high": 0.9749090909090908
    },
    "length_score": {
      "n": 10,
      "mean": 0.2333333333333333,
      "median": 0.09999999999999998,
      "p95": 0.5366666666666666,
      "ci95_low": 0.12666666666666665,
      "ci95_high": 0.35333333333333333
    },
    "sentence_score": {
      "n": 10,
      "mean": 0.79,
      "median": 0.65,
      "p95": 1.0,
      "ci95_low": 0.685,
      "ci95_high": 0.8949999999999999
    },
    "bertscore_f1": {
      "n": 10,
      "mean": 0.08015583027154208,
      "median": 0.06867534667253494,
      "p95": 0.18841849900782096,
      "ci95_low": 0.047738336138427255,
      "ci95_high": 0.12363407901953906
    },
    "overall_quality": {
      "n": 10,
      "mean": 0.23724789310777433,
      "median": 0.21880223953148908,
      "p95": 0.37976549791582587,
      "ci95_low": 0.18714968870379592,
      "ci95_high": 0.29721859258280175
    },
    "metrics": [
      "context_relevance",
      "persona_consistency",
      "naturalness",
      "context_keyword_coverage",
      "context_overlap",
      "persona_keyword_coverage",
      "persona_style",
      "distinct1",
      "length_score",
      "sentence_score",
      "bertscore_f1",
      "overall_quality"
    ]
  },
  "candidate_no_context": {
    "sample_count": 10,
    "context_relevance": {
      "n": 10,
      "mean": 0.02425407035494912,
      "median": 0.01380952380952381,
      "p95": 0.0800922459893048,
      "ci95_low": 0.009392631540344957,
      "ci95_high": 0.0447536424889366
    },
    "persona_consistency": {
      "n": 10,
      "mean": 0.10591666666666669,
      "median": 0.1,
      "p95": 0.2916666666666665,
      "ci95_low": 0.05,
      "ci95_high": 0.17400000000000002
    },
    "naturalness": {
      "n": 10,
      "mean": 0.8157563089084828,
      "median": 0.7568181818181817,
      "p95": 0.9474423076923078,
      "ci95_low": 0.7685804195804196,
      "ci95_high": 0.86944152224587
    },
    "context_keyword_coverage": {
      "n": 10,
      "mean": 0.01818181818181818,
      "median": 0.0,
      "p95": 0.09090909090909091,
      "ci95_low": 0.0,
      "ci95_high": 0.045454545454545456
    },
    "context_overlap": {
      "n": 10,
      "mean": 0.03842265875892131,
      "median": 0.046031746031746035,
      "p95": 0.05542986425339365,
      "ci95_low": 0.027351726219238773,
      "ci95_high": 0.04741222635864853
    },
    "persona_keyword_coverage": {
      "n": 10,
      "mean": 0.03333333333333333,
      "median": 0.0,
      "p95": 0.18333333333333296,
      "ci95_low": 0.0,
      "ci95_high": 0.1
    },
    "persona_style": {
      "n": 10,
      "mean": 0.39625,
      "median": 0.5,
      "p95": 0.7749999999999995,
      "ci95_low": 0.215,
      "ci95_high": 0.5900000000000001
    },
    "distinct1": {
      "n": 10,
      "mean": 0.9498074389378737,
      "median": 0.9417249417249417,
      "p95": 1.0,
      "ci95_low": 0.9247086247086246,
      "ci95_high": 0.9749160079051382
    },
    "length_score": {
      "n": 10,
      "mean": 0.33666666666666667,
      "median": 0.09999999999999998,
      "p95": 0.8616666666666664,
      "ci95_low": 0.14666666666666667,
      "ci95_high": 0.5666666666666667
    },
    "sentence_score": {
      "n": 10,
      "mean": 0.685,
      "median": 0.65,
      "p95": 0.8424999999999996,