{
  "proposed_contextual_controlled": {
    "sample_count": 20,
    "context_relevance": {
      "n": 20,
      "mean": 0.28504119320043725,
      "median": 0.27062937062937065,
      "p95": 0.5400827922077922,
      "ci95_low": 0.23315451510025456,
      "ci95_high": 0.34153960005095957
    },
    "persona_consistency": {
      "n": 20,
      "mean": 0.34973809523809524,
      "median": 0.33333333333333337,
      "p95": 0.6964285714285715,
      "ci95_low": 0.27416488095238095,
      "ci95_high": 0.43962619047619045
    },
    "naturalness": {
      "n": 20,
      "mean": 0.8373959720530172,
      "median": 0.8336507936507936,
      "p95": 0.943888615888616,
      "ci95_low": 0.795821283843963,
      "ci95_high": 0.8766081396200875
    },
    "context_keyword_coverage": {
      "n": 20,
      "mean": 0.35704545454545455,
      "median": 0.3484848484848485,
      "p95": 0.640909090909091,
      "ci95_low": 0.2863541666666667,
      "ci95_high": 0.42977651515151516
    },
    "context_overlap": {
      "n": 20,
      "mean": 0.11703125006206358,
      "median": 0.10577819198508853,
      "p95": 0.20303822937625762,
      "ci95_low": 0.09442568748647091,
      "ci95_high": 0.14606344694927897
    },
    "persona_keyword_coverage": {
      "n": 20,
      "mean": 0.2857142857142857,
      "median": 0.18333333333333335,
      "p95": 0.8642857142857143,
      "ci95_low": 0.1890297619047619,
      "ci95_high": 0.3973928571428571
    },
    "persona_style": {
      "n": 20,
      "mean": 0.6058333333333333,
      "median": 0.5,
      "p95": 1.0,
      "ci95_low": 0.4883333333333334,
      "ci95_high": 0.7325
    },
    "distinct1": {
      "n": 20,
      "mean": 0.9192579649584133,
      "median": 0.9359631147540983,
      "p95": 0.9841666666666666,
      "ci95_low": 0.8922519799444287,
      "ci95_high": 0.9422670397564658
    },
    "length_score": {
      "n": 20,
      "mean": 0.4033333333333333,
      "median": 0.25,
      "p95": 0.8400000000000001,
      "ci95_low": 0.2415833333333333,
      "ci95_high": 0.5566666666666666
    },
    "sentence_score": {
      "n": 20,
      "mean": 0.93,
      "median": 1.0,
      "p95": 1.0,
      "ci95_low": 0.86,
      "ci95_high": 0.9824999999999999
    },
    "bertscore_f1": {
      "n": 20,
      "mean": 0.08563481932505965,
      "median": 0.06016837991774082,
      "p95": 0.2437720641493798,
      "ci95_low": 0.0515377371897921,
      "ci95_high": 0.12335234073223544
    },
    "overall_quality": {
      "n": 20,
      "mean": 0.3837984476123178,
      "median": 0.3709400337677736,
      "p95": 0.5067564884580735,
      "ci95_low": 0.35307443633527263,
      "ci95_high": 0.41761002346812304
    },
    "metrics": [
      "context_relevance",
      "persona_consistency",
      "naturalness",
      "context_keyword_coverage",
      "context_overlap",
      "persona_keyword_coverage",
      "persona_style",
      "distinct1",
      "length_score",
      "sentence_score",
      "bertscore_f1",
      "overall_quality"
    ]
  },
  "proposed_contextual": {
    "sample_count": 20,
    "context_relevance": {
      "n": 20,
      "mean": 0.07582863215939428,
      "median": 0.0150093808630394,
      "p95": 0.34123915250795367,
      "ci95_low": 0.030954361695814107,
      "ci95_high": 0.13140975250342163
    },
    "persona_consistency": {
      "n": 20,
      "mean": 0.12924107142857144,
      "median": 0.1,
      "p95": 0.28297619047619055,
      "ci95_low": 0.0938515625,
      "ci95_high": 0.1681722470238095
    },
    "naturalness": {
      "n": 20,
      "mean": 0.7744147150663544,
      "median": 0.7486363636363635,
      "p95": 0.8593333333333334,
      "ci95_low": 0.7582502414366142,
      "ci95_high": 0.7928766054869538
    },
    "context_keyword_coverage": {
      "n": 20,
      "mean": 0.08522727272727272,
      "median": 0.0,
      "p95": 0.45454545454545453,
      "ci95_low": 0.026136363636363635,
      "ci95_high": 0.15378787878787878
    },
    "context_overlap": {
      "n": 20,
      "mean": 0.053898470834344604,
      "median": 0.04878048780487805,
      "p95": 0.09611908177905311,
      "ci95_low": 0.04356781211296114,
      "ci95_high": 0.06602175423089959
    },
    "persona_keyword_coverage": {
      "n": 20,
      "mean": 0.030952380952380953,
      "median": 0.0,
      "p95": 0.28809523809523807,
      "ci95_low": 0.0,
      "ci95_high": 0.07619047619047618
    },
    "persona_style": {
      "n": 20,
      "mean": 0.5223958333333333,
      "median": 0.5,
      "p95": 1.0,
      "ci95_low": 0.4072656250000001,
      "ci95_high": 0.6500130208333333
    },
    "distinct1": {
      "n": 20,
      "mean": 0.9335367876658861,
      "median": 0.9090909090909091,
      "p95": 1.0,
      "ci95_low": 0.9190843745564544,
      "ci95_high": 0.9502988184686443
    },
    "length_score": {
      "n": 20,
      "mean": 0.14499999999999996,
      "median": 0.09999999999999998,
      "p95": 0.47166666666666673,
      "ci95_low": 0.09495833333333331,
      "ci95_high": 0.20999999999999996
    },
    "sentence_score": {
      "n": 20,
      "mean": 0.72,
      "median": 0.65,
      "p95": 1.0,
      "ci95_low": 0.6675,
      "ci95_high": 0.79
    },
    "bertscore_f1": {
      "n": 20,
      "mean": 0.06483486853539944,
      "median": 0.06497491523623466,
      "p95": 0.14273528605699543,
      "ci95_low": 0.04558064047247171,
      "ci95_high": 0.0844246703619137
    },
    "overall_quality": {
      "n": 20,
      "mean": 0.21318431273552516,
      "median": 0.18280192259026531,
      "p95": 0.32452967034854774,
      "ci95_low": 0.18680803889237801,
      "ci95_high": 0.24361777825377795
    },
    "metrics": [
      "context_relevance",
      "persona_consistency",
      "naturalness",
      "context_keyword_coverage",
      "context_overlap",
      "persona_keyword_coverage",
      "persona_style",
      "distinct1",
      "length_score",
      "sentence_score",
      "bertscore_f1",
      "overall_quality"
    ]
  },
  "candidate_no_context": {
    "sample_count": 20,
    "context_relevance": {
      "n": 20,
      "mean": 0.028718211947873256,
      "median": 0.014459930313588849,
      "p95": 0.08280893052730406,
      "ci95_low": 0.015461444306920272,
      "ci95_high": 0.04580030488673669
    },
    "persona_consistency": {
      "n": 20,
      "mean": 0.17160416666666667,
      "median": 0.1,
      "p95": 0.5085714285714287,
      "ci95_low": 0.1074921875,
      "ci95_high": 0.24674665178571425
    },
    "naturalness": {
      "n": 20,
      "mean": 0.8180408196076655,
      "median": 0.7486363636363635,
      "p95": 0.933724358974359,
      "ci95_low": 0.783373746222331,
      "ci95_high": 0.8556533467873074
    },
    "context_keyword_coverage": {
      "n": 20,
      "mean": 0.022727272727272728,
      "median": 0.0,
      "p95": 0.09545454545454551,
      "ci95_low": 0.004545454545454545,
      "ci95_high": 0.045454545454545456
    },
    "context_overlap": {
      "n": 20,
      "mean": 0.04269707012927449,
      "median": 0.047619047619047616,
      "p95": 0.054400131839156235,
      "ci95_low": 0.03725333980904524,
      "ci95_high": 0.04769385713067874
    },
    "persona_keyword_coverage": {
      "n": 20,
      "mean": 0.08333333333333334,
      "median": 0.0,
      "p95": 0.5107142857142859,
      "ci95_low": 0.014285714285714285,
      "ci95_high": 0.17619047619047618
    },
    "persona_style": {
      "n": 20,
      "mean": 0.5246875,
      "median": 0.5,
      "p95": 1.0,
      "ci95_low": 0.403125,
      "ci95_high": 0.6459453124999999
    },
    "distinct1": {
      "n": 20,
      "mean": 0.9367687156858308,
      "median": 0.9090909090909091,
      "p95": 1.0,
      "ci95_low": 0.9227913284866058,
      "ci95_high": 0.9519811833104412
    },
    "length_score": {
      "n": 20,
      "mean": 0.35666666666666663,
      "median": 0.09999999999999998,
      "p95": 0.8716666666666667,
      "ci95_low": 0.215,
      "ci95_high": 0.505
    },
    "sentence_score": {
      "n": 20,