{
  "proposed_contextual_controlled": {
    "sample_count": 12,
    "context_relevance": {
      "n": 12,
      "mean": 0.14744258859332388,
      "median": 0.08263636363636363,
      "p95": 0.4260934343434342,
      "ci95_low": 0.07713396712220243,
      "ci95_high": 0.23171816391669325
    },
    "persona_consistency": {
      "n": 12,
      "mean": 0.3174603174603175,
      "median": 0.23333333333333334,
      "p95": 0.622142857142857,
      "ci95_low": 0.22220238095238096,
      "ci95_high": 0.43373015873015874
    },
    "naturalness": {
      "n": 12,
      "mean": 0.903170967754222,
      "median": 0.8974901960784313,
      "p95": 0.9774444444444444,
      "ci95_low": 0.877206724263508,
      "ci95_high": 0.9315442599712642
    },
    "quest_state_correctness": {
      "n": 12,
      "mean": 0.23284001565428036,
      "median": 0.18908242424242425,
      "p95": 0.46503466200466187,
      "ci95_low": 0.17100417184571962,
      "ci95_high": 0.3137771105769231
    },
    "lore_consistency": {
      "n": 12,
      "mean": 0.052252371428013505,
      "median": 0.0,
      "p95": 0.25873522955917316,
      "ci95_low": 0.0,
      "ci95_high": 0.10806485376907911
    },
    "multi_turn_contradiction_safety": {
      "n": 12,
      "mean": 1.0,
      "median": 1.0,
      "p95": 1.0,
      "ci95_low": 1.0,
      "ci95_high": 1.0
    },
    "objective_completion_support": {
      "n": 12,
      "mean": 0.11041666666666666,
      "median": 0.10916666666666668,
      "p95": 0.27683333333333326,
      "ci95_low": 0.06159548611111111,
      "ci95_high": 0.15910069444444444
    },
    "gameplay_usefulness": {
      "n": 12,
      "mean": 0.34850145169030844,
      "median": 0.3389238733488733,
      "p95": 0.4122032857991682,
      "ci95_low": 0.3250349123289345,
      "ci95_high": 0.3723425978375629
    },
    "time_pressure_acceptability": {
      "n": 12,
      "mean": 0.33701358225108224,
      "median": 0.3389559523809524,
      "p95": 0.4305633333333333,
      "ci95_low": 0.30820962662337664,
      "ci95_high": 0.3679008292748918
    },
    "context_keyword_coverage": {
      "n": 12,
      "mean": 0.1818181818181818,
      "median": 0.09090909090909091,
      "p95": 0.5363636363636363,
      "ci95_low": 0.0909090909090909,
      "ci95_high": 0.29545454545454547
    },
    "context_overlap": {
      "n": 12,
      "mean": 0.06723287106865539,
      "median": 0.057777777777777775,
      "p95": 0.16879629629629622,
      "ci95_low": 0.04099113178034747,
      "ci95_high": 0.10029996141975309
    },
    "persona_keyword_coverage": {
      "n": 12,
      "mean": 0.23015873015873015,
      "median": 0.16666666666666666,
      "p95": 0.5964285714285713,
      "ci95_low": 0.13293650793650794,
      "ci95_high": 0.3412698412698412
    },
    "persona_style": {
      "n": 12,
      "mean": 0.6666666666666666,
      "median": 0.5,
      "p95": 1.0,
      "ci95_low": 0.5416666666666666,
      "ci95_high": 0.7916666666666666
    },
    "distinct1": {
      "n": 12,
      "mean": 0.9297352150844799,
      "median": 0.9305555555555556,
      "p95": 0.9858974358974358,
      "ci95_low": 0.9061335490319865,
      "ci95_high": 0.9547388019285997
    },
    "length_score": {
      "n": 12,
      "mean": 0.6749999999999999,
      "median": 0.5666666666666667,
      "p95": 0.9666666666666668,
      "ci95_low": 0.5666666666666667,
      "ci95_high": 0.7861111111111111
    },
    "sentence_score": {
      "n": 12,
      "mean": 0.9708333333333333,
      "median": 1.0,
      "p95": 1.0,
      "ci95_low": 0.9125,
      "ci95_high": 1.0
    },
    "overall_quality": {
      "n": 12,
      "mean": 0.35730659903751466,
      "median": 0.35126585113810926,
      "p95": 0.5593919515778341,
      "ci95_low": 0.29608965620747324,
      "ci95_high": 0.42479599119371036
    },
    "metrics": [
      "context_relevance",
      "persona_consistency",
      "naturalness",
      "quest_state_correctness",
      "lore_consistency",
      "multi_turn_contradiction_safety",
      "objective_completion_support",
      "gameplay_usefulness",
      "time_pressure_acceptability",
      "context_keyword_coverage",
      "context_overlap",
      "persona_keyword_coverage",
      "persona_style",
      "distinct1",
      "length_score",
      "sentence_score",
      "overall_quality"
    ]
  },
  "proposed_contextual_controlled_tuned": {
    "sample_count": 12,
    "context_relevance": {
      "n": 12,
      "mean": 0.14065405851749788,
      "median": 0.08201136363636363,
      "p95": 0.37185338633968756,
      "ci95_low": 0.0770200062817573,
      "ci95_high": 0.22447625014476305
    },
    "persona_consistency": {
      "n": 12,
      "mean": 0.30606150793650794,
      "median": 0.23333333333333334,
      "p95": 0.5711964285714285,
      "ci95_low": 0.21446155753968255,
      "ci95_high": 0.40449404761904756
    },
    "naturalness": {
      "n": 12,
      "mean": 0.8662670054618583,
      "median": 0.8651515151515152,
      "p95": 0.9243946078431372,
      "ci95_low": 0.8445695224301842,
      "ci95_high": 0.8885205770230586
    },
    "quest_state_correctness": {
      "n": 12,
      "mean": 0.2302941912250294,
      "median": 0.18419075757575756,
      "p95": 0.43928150479657313,
      "ci95_low": 0.16961698819821455,
      "ci95_high": 0.29988949889404154
    },
    "lore_consistency": {
      "n": 12,
      "mean": 0.06299112819087586,
      "median": 0.0,
      "p95": 0.2314151165627194,
      "ci95_low": 0.016360028860028856,
      "ci95_high": 0.12617210515281355
    },
    "multi_turn_contradiction_safety": {
      "n": 12,
      "mean": 1.0,
      "median": 1.0,
      "p95": 1.0,
      "ci95_low": 1.0,
      "ci95_high": 1.0
    },
    "objective_completion_support": {
      "n": 12,
      "mean": 0.15895833333333334,
      "median": 0.135,
      "p95": 0.27683333333333326,
      "ci95_low": 0.12012326388888889,
      "ci95_high": 0.20104340277777777
    },
    "gameplay_usefulness": {
      "n": 12,
      "mean": 0.34398237081060445,
      "median": 0.3466322720955836,
      "p95": 0.38809528438228436,
      "ci95_low": 0.3234250506910151,
      "ci95_high": 0.3633633841791472
    },
    "time_pressure_acceptability": {
      "n": 12,
      "mean": 0.34357321428571425,
      "median": 0.3256583333333334,
      "p95": 0.4305633333333333,
      "ci95_low": 0.3160573200757576,
      "ci95_high": 0.3751731791125541
    },
    "context_keyword_coverage": {
      "n": 12,
      "mean": 0.17424242424242423,
      "median": 0.09090909090909091,
      "p95": 0.4863636363636362,
      "ci95_low": 0.0909090909090909,
      "ci95_high": 0.2804924242424232
    },
    "context_overlap": {
      "n": 12,
      "mean": 0.062281205159336404,
      "median": 0.06125,
      "p95": 0.10466280295047417,
      "ci95_low": 0.04615827650740088,
      "ci95_high": 0.0791874475185183
    },
    "persona_keyword_coverage": {
      "n": 12,
      "mean": 0.21825396825396826,
      "median": 0.16666666666666666,
      "p95": 0.5357142857142855,
      "ci95_low": 0.11706349206349205,
      "ci95_high": 0.3274305555555553
    },
    "persona_style": {
      "n": 12,
      "mean": 0.6572916666666667,
      "median": 0.5,
      "p95": 1.0,
      "ci95_low": 0.5416666666666666,
      "ci95_high": 0.7822916666666666
    },
    "distinct1": {
      "n": 12,
      "mean": 0.9240008469879794,
      "median": 0.9166666666666666,
      "p95": 0.9739889705882352,
      "ci95_low": 0.9024032882201541,
      "ci95_high": 0.9442536691504982
    },
    "length_score": {
      "n": 12,
      "mean": 0.48333333333333334,
      "median": 0.5,
      "p95": 0.6716666666666664,
      "ci95_low": 0.39444444444444443,
      "ci95_high": 0.5694444444444445
    },
    "sentence_score": {
      "n": 12,
      "mean": 1.0,
      "median": 1.0,
      "p95": 1.0,
      "ci95_low": 1.0,
      "ci95_high": 1.0
    },
    "overall_quality": {
      "n": 12,
      "mean": 0.3427419465742554,
      "median": 0.3458311794494814,