{
  "proposed_vs_candidate_no_context": {
    "context_relevance": {
      "target_mean": 0.08271936703794525,
      "baseline_mean": 0.0205217696263082,
      "absolute_delta": 0.06219759741163705,
      "relative_delta": 3.0308106242408006
    },
    "persona_consistency": {
      "target_mean": 0.15892857142857145,
      "baseline_mean": 0.1273809523809524,
      "absolute_delta": 0.03154761904761905,
      "relative_delta": 0.2476635514018691
    },
    "naturalness": {
      "target_mean": 0.8256881438095147,
      "baseline_mean": 0.7831157372039724,
      "absolute_delta": 0.04257240660554229,
      "relative_delta": 0.05436285415172772
    },
    "context_keyword_coverage": {
      "target_mean": 0.09545454545454546,
      "baseline_mean": 0.013636363636363636,
      "absolute_delta": 0.08181818181818182,
      "relative_delta": 6.0
    },
    "context_overlap": {
      "target_mean": 0.05300395073254479,
      "baseline_mean": 0.03658771693617884,
      "absolute_delta": 0.016416233796365948,
      "relative_delta": 0.4486815568460127
    },
    "persona_keyword_coverage": {
      "target_mean": 0.04928571428571428,
      "baseline_mean": 0.015476190476190477,
      "absolute_delta": 0.0338095238095238,
      "relative_delta": 2.184615384615384
    },
    "persona_style": {
      "target_mean": 0.5974999999999999,
      "baseline_mean": 0.575,
      "absolute_delta": 0.022499999999999964,
      "relative_delta": 0.039130434782608636
    },
    "distinct1": {
      "target_mean": 0.9521370261904535,
      "baseline_mean": 0.9334143430099312,
      "absolute_delta": 0.01872268318052228,
      "relative_delta": 0.02005827671358493
    },
    "length_score": {
      "target_mean": 0.3466666666666667,
      "baseline_mean": 0.215,
      "absolute_delta": 0.13166666666666668,
      "relative_delta": 0.6124031007751939
    },
    "sentence_score": {
      "target_mean": 0.755,
      "baseline_mean": 0.6675,
      "absolute_delta": 0.08750000000000002,
      "relative_delta": 0.13108614232209742
    },
    "overall_quality": {
      "target_mean": 0.25318867881764123,
      "baseline_mean": 0.2042447507400317,
      "absolute_delta": 0.04894392807760953,
      "relative_delta": 0.23963371347499987
    }
  },
  "controlled_vs_proposed_raw": {
    "context_relevance": {
      "target_mean": 0.27562220519531566,
      "baseline_mean": 0.08271936703794525,
      "absolute_delta": 0.19290283815737042,
      "relative_delta": 2.33201540419043
    },
    "persona_consistency": {
      "target_mean": 0.39175000000000004,
      "baseline_mean": 0.15892857142857145,
      "absolute_delta": 0.2328214285714286,
      "relative_delta": 1.4649438202247191
    },
    "naturalness": {
      "target_mean": 0.875173062629423,
      "baseline_mean": 0.8256881438095147,
      "absolute_delta": 0.04948491881990824,
      "relative_delta": 0.05993172990421957
    },
    "context_keyword_coverage": {
      "target_mean": 0.34545454545454546,
      "baseline_mean": 0.09545454545454546,
      "absolute_delta": 0.25,
      "relative_delta": 2.619047619047619
    },
    "context_overlap": {
      "target_mean": 0.11268007792377957,
      "baseline_mean": 0.05300395073254479,
      "absolute_delta": 0.05967612719123478,
      "relative_delta": 1.1258807384445255
    },
    "persona_keyword_coverage": {
      "target_mean": 0.335,
      "baseline_mean": 0.04928571428571428,
      "absolute_delta": 0.28571428571428575,
      "relative_delta": 5.797101449275364
    },
    "persona_style": {
      "target_mean": 0.61875,
      "baseline_mean": 0.5974999999999999,
      "absolute_delta": 0.021250000000000102,
      "relative_delta": 0.03556485355648553
    },
    "distinct1": {
      "target_mean": 0.9420316825475832,
      "baseline_mean": 0.9521370261904535,
      "absolute_delta": -0.010105343642870301,
      "relative_delta": -0.010613329137406065
    },
    "length_score": {
      "target_mean": 0.5549999999999999,
      "baseline_mean": 0.3466666666666667,
      "absolute_delta": 0.20833333333333326,
      "relative_delta": 0.6009615384615382
    },
    "sentence_score": {
      "target_mean": 0.8775000000000001,
      "baseline_mean": 0.755,
      "absolute_delta": 0.12250000000000005,
      "relative_delta": 0.16225165562913915
    },
    "overall_quality": {
      "target_mean": 0.43951997003256194,
      "baseline_mean": 0.25318867881764123,
      "absolute_delta": 0.1863312912149207,
      "relative_delta": 0.7359384791020831
    }
  },
  "controlled_vs_candidate_no_context": {
    "context_relevance": {
      "target_mean": 0.27562220519531566,
      "baseline_mean": 0.0205217696263082,
      "absolute_delta": 0.25510043556900747,
      "relative_delta": 12.43072309134479
    },
    "persona_consistency": {
      "target_mean": 0.39175000000000004,
      "baseline_mean": 0.1273809523809524,
      "absolute_delta": 0.26436904761904767,
      "relative_delta": 2.0754205607476637
    },
    "naturalness": {
      "target_mean": 0.875173062629423,
      "baseline_mean": 0.7831157372039724,
      "absolute_delta": 0.09205732542545053,
      "relative_delta": 0.11755264394779112
    },
    "context_keyword_coverage": {
      "target_mean": 0.34545454545454546,
      "baseline_mean": 0.013636363636363636,
      "absolute_delta": 0.33181818181818185,
      "relative_delta": 24.333333333333336
    },
    "context_overlap": {
      "target_mean": 0.11268007792377957,
      "baseline_mean": 0.03658771693617884,
      "absolute_delta": 0.07609236098760072,
      "relative_delta": 2.0797242178387663
    },
    "persona_keyword_coverage": {
      "target_mean": 0.335,
      "baseline_mean": 0.015476190476190477,
      "absolute_delta": 0.31952380952380954,
      "relative_delta": 20.646153846153847
    },
    "persona_style": {
      "target_mean": 0.61875,
      "baseline_mean": 0.575,
      "absolute_delta": 0.04375000000000007,
      "relative_delta": 0.07608695652173925
    },
    "distinct1": {
      "target_mean": 0.9420316825475832,
      "baseline_mean": 0.9334143430099312,
      "absolute_delta": 0.00861733953765198,
      "relative_delta": 0.009232062483488422
    },
    "length_score": {
      "target_mean": 0.5549999999999999,
      "baseline_mean": 0.215,
      "absolute_delta": 0.33999999999999997,
      "relative_delta": 1.5813953488372092
    },
    "sentence_score": {
      "target_mean": 0.8775000000000001,
      "baseline_mean": 0.6675,
      "absolute_delta": 0.21000000000000008,
      "relative_delta": 0.3146067415730338
    },
    "overall_quality": {
      "target_mean": 0.43951997003256194,
      "baseline_mean": 0.2042447507400317,
      "absolute_delta": 0.23527521929253023,
      "relative_delta": 1.1519278632134589
    }
  },
  "controlled_alt_vs_controlled_default": {
    "context_relevance": {
      "target_mean": 0.2581255752811826,
      "baseline_mean": 0.27562220519531566,
      "absolute_delta": -0.01749662991413309,
      "relative_delta": -0.06348048010766896
    },
    "persona_consistency": {
      "target_mean": 0.33627380952380953,
      "baseline_mean": 0.39175000000000004,
      "absolute_delta": -0.05547619047619051,
      "relative_delta": -0.14161120734190302
    },
    "naturalness": {
      "target_mean": 0.8951181992265249,
      "baseline_mean": 0.875173062629423,
      "absolute_delta": 0.019945136597101953,
      "relative_delta": 0.022789934298454727
    },
    "context_keyword_coverage": {
      "target_mean": 0.32727272727272727,
      "baseline_mean": 0.34545454545454546,
      "absolute_delta": -0.018181818181818188,
      "relative_delta": -0.05263157894736844
    },
    "context_overlap": {
      "target_mean": 0.09678222063424503,
      "baseline_mean": 0.11268007792377957,
      "absolute_delta": -0.015897857289534537,
      "relative_delta": -0.14108844777590906
    },
    "persona_keyword_coverage": {
      "target_mean": 0.26357142857142857,
      "baseline_mean": 0.335,
      "absolute_delta": -0.07142857142857145,