{
  "proposed_contextual_controlled": {
    "sample_count": 20,
    "context_relevance": {
      "n": 20,
      "mean": 0.27562220519531566,
      "median": 0.27654903236298584,
      "p95": 0.4320574115362486,
      "ci95_low": 0.23993557654690528,
      "ci95_high": 0.3199273316765516
    },
    "persona_consistency": {
      "n": 20,
      "mean": 0.39175000000000004,
      "median": 0.26,
      "p95": 0.777857142857143,
      "ci95_low": 0.3019833333333333,
      "ci95_high": 0.48676607142857126
    },
    "naturalness": {
      "n": 20,
      "mean": 0.875173062629423,
      "median": 0.8753872053872054,
      "p95": 0.9554848484848486,
      "ci95_low": 0.846592075203261,
      "ci95_high": 0.9037521788076475
    },
    "context_keyword_coverage": {
      "n": 20,
      "mean": 0.34545454545454546,
      "median": 0.36363636363636365,
      "p95": 0.5545454545454547,
      "ci95_low": 0.3,
      "ci95_high": 0.4
    },
    "context_overlap": {
      "n": 20,
      "mean": 0.11268007792377957,
      "median": 0.1067629179331307,
      "p95": 0.2026582278481013,
      "ci95_low": 0.09589252069670705,
      "ci95_high": 0.1333824999966159
    },
    "persona_keyword_coverage": {
      "n": 20,
      "mean": 0.335,
      "median": 0.2,
      "p95": 0.7285714285714288,
      "ci95_low": 0.2385654761904762,
      "ci95_high": 0.4481309523809522
    },
    "persona_style": {
      "n": 20,
      "mean": 0.61875,
      "median": 0.5,
      "p95": 1.0,
      "ci95_low": 0.5166666666666667,
      "ci95_high": 0.73125
    },
    "distinct1": {
      "n": 20,
      "mean": 0.9420316825475832,
      "median": 0.9393939393939394,
      "p95": 1.0,
      "ci95_low": 0.924811046939713,
      "ci95_high": 0.9588014612663466
    },
    "length_score": {
      "n": 20,
      "mean": 0.5549999999999999,
      "median": 0.6166666666666667,
      "p95": 0.8350000000000001,
      "ci95_low": 0.42333333333333334,
      "ci95_high": 0.6716666666666666
    },
    "sentence_score": {
      "n": 20,
      "mean": 0.8775000000000001,
      "median": 1.0,
      "p95": 1.0,
      "ci95_low": 0.8074999999999999,
      "ci95_high": 0.9475
    },
    "overall_quality": {
      "n": 20,
      "mean": 0.43951997003256194,
      "median": 0.41732251082251093,
      "p95": 0.5573823536540979,
      "ci95_low": 0.4074557848724587,
      "ci95_high": 0.4757191233578326
    },
    "metrics": [
      "context_relevance",
      "persona_consistency",
      "naturalness",
      "context_keyword_coverage",
      "context_overlap",
      "persona_keyword_coverage",
      "persona_style",
      "distinct1",
      "length_score",
      "sentence_score",
      "overall_quality"
    ]
  },
  "proposed_contextual_controlled_tuned": {
    "sample_count": 20,
    "context_relevance": {
      "n": 20,
      "mean": 0.2581255752811826,
      "median": 0.2774046708008972,
      "p95": 0.35825874125874124,
      "ci95_low": 0.23396466072545527,
      "ci95_high": 0.28475447276186266
    },
    "persona_consistency": {
      "n": 20,
      "mean": 0.33627380952380953,
      "median": 0.23333333333333334,
      "p95": 0.6333928571428572,
      "ci95_low": 0.26371011904761904,
      "ci95_high": 0.41261577380952374
    },
    "naturalness": {
      "n": 20,
      "mean": 0.8951181992265249,
      "median": 0.9210752688172044,
      "p95": 0.9424242424242425,
      "ci95_low": 0.8662754142229235,
      "ci95_high": 0.918303828235864
    },
    "context_keyword_coverage": {
      "n": 20,
      "mean": 0.32727272727272727,
      "median": 0.36363636363636365,
      "p95": 0.45454545454545453,
      "ci95_low": 0.29534090909090915,
      "ci95_high": 0.35909090909090907
    },
    "context_overlap": {
      "n": 20,
      "mean": 0.09678222063424503,
      "median": 0.09130952380952381,
      "p95": 0.1335897435897436,
      "ci95_low": 0.08892607983147172,
      "ci95_high": 0.10542039526673651
    },
    "persona_keyword_coverage": {
      "n": 20,
      "mean": 0.26357142857142857,
      "median": 0.18333333333333335,
      "p95": 0.5728571428571428,
      "ci95_low": 0.18785714285714286,
      "ci95_high": 0.33763095238095225
    },
    "persona_style": {
      "n": 20,
      "mean": 0.6270833333333333,
      "median": 0.5,
      "p95": 1.0,
      "ci95_low": 0.52078125,
      "ci95_high": 0.7416666666666667
    },
    "distinct1": {
      "n": 20,
      "mean": 0.9303333768541913,
      "median": 0.9393939393939394,
      "p95": 0.9673333333333334,
      "ci95_low": 0.9165164854112665,
      "ci95_high": 0.942796405977521
    },
    "length_score": {
      "n": 20,
      "mean": 0.6533333333333333,
      "median": 0.7666666666666666,
      "p95": 0.8333333333333334,
      "ci95_low": 0.55,
      "ci95_high": 0.7483333333333333
    },
    "sentence_score": {
      "n": 20,
      "mean": 0.93,
      "median": 1.0,
      "p95": 1.0,
      "ci95_low": 0.86,
      "ci95_high": 0.9824999999999999
    },
    "overall_quality": {
      "n": 20,
      "mean": 0.41482709369977755,
      "median": 0.40308035550791643,
      "p95": 0.5143041146108794,
      "ci95_low": 0.3875980037649448,
      "ci95_high": 0.4420220957842669
    },
    "metrics": [
      "context_relevance",
      "persona_consistency",
      "naturalness",
      "context_keyword_coverage",
      "context_overlap",
      "persona_keyword_coverage",
      "persona_style",
      "distinct1",
      "length_score",
      "sentence_score",
      "overall_quality"
    ]
  },
  "proposed_contextual": {
    "sample_count": 20,
    "context_relevance": {
      "n": 20,
      "mean": 0.08271936703794525,
      "median": 0.04423576423576423,
      "p95": 0.22955908932365165,
      "ci95_low": 0.04699238108922254,
      "ci95_high": 0.12340879498458826
    },
    "persona_consistency": {
      "n": 20,
      "mean": 0.15892857142857145,
      "median": 0.1,
      "p95": 0.3169047619047619,
      "ci95_low": 0.11704345238095237,
      "ci95_high": 0.2026063988095238
    },
    "naturalness": {
      "n": 20,
      "mean": 0.8256881438095147,
      "median": 0.8252586206896553,
      "p95": 0.9234964539007092,
      "ci95_low": 0.7952260417333077,
      "ci95_high": 0.8563971141322866
    },
    "context_keyword_coverage": {
      "n": 20,
      "mean": 0.09545454545454546,
      "median": 0.045454545454545456,
      "p95": 0.2818181818181819,
      "ci95_low": 0.045454545454545456,
      "ci95_high": 0.15
    },
    "context_overlap": {
      "n": 20,
      "mean": 0.05300395073254479,
      "median": 0.04878048780487805,
      "p95": 0.1076212068364144,
      "ci95_low": 0.04078162287550614,
      "ci95_high": 0.06677690229019402
    },
    "persona_keyword_coverage": {
      "n": 20,
      "mean": 0.04928571428571428,
      "median": 0.0,
      "p95": 0.20666666666666678,
      "ci95_low": 0.014285714285714285,
      "ci95_high": 0.09380952380952381
    },
    "persona_style": {
      "n": 20,
      "mean": 0.5974999999999999,
      "median": 0.5,
      "p95": 1.0,
      "ci95_low": 0.473125,
      "ci95_high": 0.7212500000000001
    },
    "distinct1": {
      "n": 20,
      "mean": 0.9521370261904535,
      "median": 0.9574468085106383,
      "p95": 1.0,
      "ci95_low": 0.9341903177265036,
      "ci95_high": 0.9697986815615995
    },
    "length_score": {
      "n": 20,
      "mean": 0.3466666666666667,
      "median": 0.30000000000000004,
      "p95": 0.7,
      "ci95_low": 0.24166666666666664,
      "ci95_high": 0.45
    },
    "sentence_score": {
      "n": 20,
      "mean": 0.755,
      "median": 0.65,
      "p95": 1.0,
      "ci95_low": 0.685,
      "ci95_high": 0.825
    },
    "overall_quality": {
      "n": 20,
      "mean": 0.25318867881764123,
      "median": 0.26266689327112347,
      "p95": 0.34702342192164315,
      "ci95_low": 0.22220761644230935,
      "ci95_high": 0.284528931751733
    },