{
  "run_dir": "artifacts\\proposal\\20260309T091617Z",
  "scenario_count": 144,
  "metrics": [
    "distinct1",
    "distinct2",
    "content_distinct1",
    "mtld",
    "repetition_penalty",
    "lexical_richness"
  ],
  "summary": {
    "proposed_contextual_controlled": {
      "distinct1": {
        "n": 144,
        "mean": 0.938168427648438,
        "ci95_low": 0.9328909645681592,
        "ci95_high": 0.9434041819955777
      },
      "distinct2": {
        "n": 144,
        "mean": 0.9987132222994002,
        "ci95_low": 0.9977646682528881,
        "ci95_high": 0.9995080954363389
      },
      "content_distinct1": {
        "n": 144,
        "mean": 0.9926442747393431,
        "ci95_low": 0.9895316496859993,
        "ci95_high": 0.9954938271752678
      },
      "mtld": {
        "n": 144,
        "mean": 208.66107264957265,
        "ci95_low": 183.76086018518518,
        "ci95_high": 234.8992218037749
      },
      "repetition_penalty": {
        "n": 144,
        "mean": 0.061831572351561954,
        "ci95_low": 0.056859904568649706,
        "ci95_high": 0.0670699684863375
      },
      "lexical_richness": {
        "n": 144,
        "mean": 0.9271170682365726,
        "ci95_low": 0.9151188870354593,
        "ci95_high": 0.9394855423231763
      }
    },
    "proposed_contextual": {
      "distinct1": {
        "n": 144,
        "mean": 0.9392542644381859,
        "ci95_low": 0.9335877181525245,
        "ci95_high": 0.9450826515117606
      },
      "distinct2": {
        "n": 144,
        "mean": 0.9997385448432247,
        "ci95_low": 0.9993353663304403,
        "ci95_high": 1.0
      },
      "content_distinct1": {
        "n": 144,
        "mean": 0.9973882720036605,
        "ci95_low": 0.9957544090899849,
        "ci95_high": 0.9987548272446162
      },
      "mtld": {
        "n": 144,
        "mean": 131.92335648148148,
        "ci95_low": 108.20805891203706,
        "ci95_high": 157.25828877314814
      },
      "repetition_penalty": {
        "n": 144,
        "mean": 0.0607457355618141,
        "ci95_low": 0.054724902702211524,
        "ci95_high": 0.0663515117581841
      },
      "lexical_richness": {
        "n": 144,
        "mean": 0.8334379091243467,
        "ci95_low": 0.81500297080269,
        "ci95_high": 0.8522736242297114
      }
    },
    "candidate_no_context": {
      "distinct1": {
        "n": 144,
        "mean": 0.9413937484607442,
        "ci95_low": 0.935543813634656,
        "ci95_high": 0.9473735317818907
      },
      "distinct2": {
        "n": 144,
        "mean": 1.0,
        "ci95_low": 1.0,
        "ci95_high": 1.0
      },
      "content_distinct1": {
        "n": 144,
        "mean": 0.9964839253290355,
        "ci95_low": 0.9946321789042154,
        "ci95_high": 0.9980688396013403
      },
      "mtld": {
        "n": 144,
        "mean": 143.6624259259259,
        "ci95_low": 115.76020046296297,
        "ci95_high": 174.9782515046296
      },
      "repetition_penalty": {
        "n": 144,
        "mean": 0.058606251539255916,
        "ci95_low": 0.05252187821666036,
        "ci95_high": 0.06415263457031753
      },
      "lexical_richness": {
        "n": 144,
        "mean": 0.8326743127366192,
        "ci95_low": 0.814130187661982,
        "ci95_high": 0.852668610283489
      }
    },
    "baseline_no_context": {
      "distinct1": {
        "n": 144,
        "mean": 0.9829475259362687,
        "ci95_low": 0.978977734081704,
        "ci95_high": 0.9868582976918838
      },
      "distinct2": {
        "n": 144,
        "mean": 1.0,
        "ci95_low": 1.0,
        "ci95_high": 1.0
      },
      "content_distinct1": {
        "n": 144,
        "mean": 0.9992212964283639,
        "ci95_low": 0.998368139748649,
        "ci95_high": 0.9998306233062331
      },
      "mtld": {
        "n": 144,
        "mean": 131.29953703703697,
        "ci95_low": 102.903058449074,
        "ci95_high": 163.4542424768518
      },
      "repetition_penalty": {
        "n": 144,
        "mean": 0.01705247406373135,
        "ci95_low": 0.012990401715121683,
        "ci95_high": 0.021167963666197342
      },
      "lexical_richness": {
        "n": 144,
        "mean": 0.8285877340267355,
        "ci95_low": 0.8102956171033798,
        "ci95_high": 0.8476003588806762
      }
    },
    "baseline_no_context_phi3_latest": {
      "distinct1": {
        "n": 144,
        "mean": 0.9772549784945388,
        "ci95_low": 0.9727545952756174,
        "ci95_high": 0.9816257007975121
      },
      "distinct2": {
        "n": 144,
        "mean": 0.9997194163860831,
        "ci95_low": 0.9992845117845118,
        "ci95_high": 1.0
      },
      "content_distinct1": {
        "n": 144,
        "mean": 0.9985075999312633,
        "ci95_low": 0.9971461440194505,
        "ci95_high": 0.9995365689248401
      },
      "mtld": {
        "n": 144,
        "mean": 151.36985648148146,
        "ci95_low": 123.08919270833333,
        "ci95_high": 183.6320549768518
      },
      "repetition_penalty": {
        "n": 144,
        "mean": 0.022745021505461264,
        "ci95_low": 0.018391298398852583,
        "ci95_high": 0.027322071420834437
      },
      "lexical_richness": {
        "n": 144,
        "mean": 0.8462084334852561,
        "ci95_low": 0.8270271173666224,
        "ci95_high": 0.866279338263983
      }
    }
  },
  "paired_deltas": {
    "proposed_vs_candidate_no_context": {
      "distinct1": {
        "n": 144,
        "mean_delta": -0.0021394840225581837,
        "ci95_low": -0.00859176501695755,
        "ci95_high": 0.0043668545948892645,
        "p_delta_le_0": 0.7516666666666667
      },
      "distinct2": {
        "n": 144,
        "mean_delta": -0.0002614551567753542,
        "ci95_low": -0.0006646336695597789,
        "ci95_high": 0.0,
        "p_delta_le_0": 1.0
      },
      "content_distinct1": {
        "n": 144,
        "mean_delta": 0.0009043466746249627,
        "ci95_low": -0.0011457541566889575,
        "ci95_high": 0.0030418549490559823,
        "p_delta_le_0": 0.19733333333333333
      },
      "mtld": {
        "n": 144,
        "mean_delta": -11.739069444444423,
        "ci95_low": -45.835015393518425,
        "ci95_high": 22.323490625000055,
        "p_delta_le_0": 0.7436666666666667
      },
      "repetition_penalty": {
        "n": 144,
        "mean_delta": 0.0021394840225581837,
        "ci95_low": -0.004055173376403156,
        "ci95_high": 0.00823884543367752,
        "p_delta_le_0": 0.25666666666666665
      },
      "lexical_richness": {
        "n": 144,
        "mean_delta": 0.0007635963877275275,
        "ci95_low": -0.023672356024464422,
        "ci95_high": 0.024889287681706625,
        "p_delta_le_0": 0.4676666666666667
      }
    },
    "proposed_vs_baseline_no_context": {
      "distinct1": {
        "n": 144,
        "mean_delta": -0.04369326149808275,
        "ci95_low": -0.0505757751369052,
        "ci95_high": -0.03654545415389823,
        "p_delta_le_0": 1.0
      },
      "distinct2": {
        "n": 144,
        "mean_delta": -0.0002614551567753542,
        "ci95_low": -0.0006646336695597789,
        "ci95_high": 0.0,
        "p_delta_le_0": 1.0
      },
      "content_distinct1": {
        "n": 144,
        "mean_delta": -0.0018330244247034247,
        "ci95_low": -0.003629829385200947,
        "ci95_high": -0.0002226826534104194,
        "p_delta_le_0": 0.988
      },
      "mtld": {
        "n": 144,
        "mean_delta": 0.6238194444444942,
        "ci95_low": -35.125169212962874,
        "ci95_high": 37.142986458333404,
        "p_delta_le_0": 0.4746666666666667
      },
      "repetition_penalty": {
        "n": 144,
        "mean_delta": 0.043693261498082746,
        "ci95_low": 0.036411737753448754,
        "ci95_high": 0.05078550149675737,
        "p_delta_le_0": 0.0
      },
      "lexical_richness": {
        "n": 144,
        "mean_delta": 0.004850175097611202,
        "ci95_low": -0.020694352825725855,
        "ci95_high": 0.029584240965107776,