{
  "proposed_contextual_controlled": {
    "sample_count": 144,
    "context_relevance": {
      "n": 144,
      "mean": 0.2734514253206199,
      "median": 0.235183284457478,
      "p95": 0.48318757192174905,
      "ci95_low": 0.25676351168585837,
      "ci95_high": 0.2914551480252972
    },
    "persona_consistency": {
      "n": 144,
      "mean": 0.3137244849392321,
      "median": 0.32857142857142857,
      "p95": 0.49499999999999983,
      "ci95_low": 0.2934197201309594,
      "ci95_high": 0.33576925957993187
    },
    "naturalness": {
      "n": 144,
      "mean": 0.9015244039977462,
      "median": 0.92,
      "p95": 0.9728205128205129,
      "ci95_low": 0.8912693071520955,
      "ci95_high": 0.910991612452911
    },
    "context_keyword_coverage": {
      "n": 144,
      "mean": 0.3449810606060606,
      "median": 0.2727272727272727,
      "p95": 0.6309090909090906,
      "ci95_low": 0.32191708754208753,
      "ci95_high": 0.3681928661616162
    },
    "context_overlap": {
      "n": 144,
      "mean": 0.1065489429879249,
      "median": 0.10144927536231885,
      "p95": 0.15513598834385625,
      "ci95_low": 0.09909766725592309,
      "ci95_high": 0.11602890209193
    },
    "persona_keyword_coverage": {
      "n": 144,
      "mean": 0.2516203703703704,
      "median": 0.2,
      "p95": 0.5,
      "ci95_low": 0.22886656746031744,
      "ci95_high": 0.2759267526455026
    },
    "persona_style": {
      "n": 144,
      "mean": 0.562140943214679,
      "median": 0.5,
      "p95": 1.0,
      "ci95_low": 0.5151494547739598,
      "ci95_high": 0.6068182560034681
    },
    "distinct1": {
      "n": 144,
      "mean": 0.938168427648438,
      "median": 0.9354838709677419,
      "p95": 1.0,
      "ci95_low": 0.932567820278265,
      "ci95_high": 0.9430700593550482
    },
    "length_score": {
      "n": 144,
      "mean": 0.6534722222222222,
      "median": 0.7333333333333334,
      "p95": 0.9666666666666667,
      "ci95_low": 0.6073900462962963,
      "ci95_high": 0.6976851851851852
    },
    "sentence_score": {
      "n": 144,
      "mean": 0.9562499999999999,
      "median": 1.0,
      "p95": 1.0,
      "ci95_low": 0.9368055555555556,
      "ci95_high": 0.9732638888888889
    },
    "overall_quality": {
      "n": 144,
      "mean": 0.41556044646744916,
      "median": 0.40435900034866545,
      "p95": 0.5312243011226063,
      "ci95_low": 0.40478170811471537,
      "ci95_high": 0.427120418083816
    },
    "metrics": [
      "context_relevance",
      "persona_consistency",
      "naturalness",
      "context_keyword_coverage",
      "context_overlap",
      "persona_keyword_coverage",
      "persona_style",
      "distinct1",
      "length_score",
      "sentence_score",
      "overall_quality"
    ]
  },
  "proposed_contextual": {
    "sample_count": 144,
    "context_relevance": {
      "n": 144,
      "mean": 0.08692542020437605,
      "median": 0.02,
      "p95": 0.2948870694522867,
      "ci95_low": 0.0698565645042653,
      "ci95_high": 0.10536950259646563
    },
    "persona_consistency": {
      "n": 144,
      "mean": 0.15309290382819796,
      "median": 0.1,
      "p95": 0.44357142857142806,
      "ci95_low": 0.1338845850840336,
      "ci95_high": 0.1736847833751556
    },
    "naturalness": {
      "n": 144,
      "mean": 0.820342909478978,
      "median": 0.8116666666666665,
      "p95": 0.9541428571428572,
      "ci95_low": 0.8073855202333533,
      "ci95_high": 0.8330088324231836
    },
    "context_keyword_coverage": {
      "n": 144,
      "mean": 0.10088383838383838,
      "median": 0.0,
      "p95": 0.36363636363636365,
      "ci95_low": 0.07784906355218855,
      "ci95_high": 0.12611584595959596
    },
    "context_overlap": {
      "n": 144,
      "mean": 0.05435577778563061,
      "median": 0.04706533776301218,
      "p95": 0.11418831168831167,
      "ci95_low": 0.04861942561632636,
      "ci95_high": 0.060315232478661926
    },
    "persona_keyword_coverage": {
      "n": 144,
      "mean": 0.058201058201058205,
      "median": 0.0,
      "p95": 0.5357142857142844,
      "ci95_low": 0.033895502645502645,
      "ci95_high": 0.08681382275132271
    },
    "persona_style": {
      "n": 144,
      "mean": 0.5326602863367569,
      "median": 0.5,
      "p95": 1.0,
      "ci95_low": 0.4899567552715531,
      "ci95_high": 0.580464479628657
    },
    "distinct1": {
      "n": 144,
      "mean": 0.9392542644381859,
      "median": 0.9203174603174603,
      "p95": 1.0,
      "ci95_low": 0.9335550929179816,
      "ci95_high": 0.9451477478477041
    },
    "length_score": {
      "n": 144,
      "mean": 0.33379629629629626,
      "median": 0.21666666666666662,
      "p95": 0.9,
      "ci95_low": 0.2900405092592593,
      "ci95_high": 0.38171874999999994
    },
    "sentence_score": {
      "n": 144,
      "mean": 0.7788194444444445,
      "median": 0.65,
      "p95": 1.0,
      "ci95_low": 0.7520833333333333,
      "ci95_high": 0.8055555555555556
    },
    "overall_quality": {
      "n": 144,
      "mean": 0.25285237488060097,
      "median": 0.21798961038961046,
      "p95": 0.4341253766233767,
      "ci95_low": 0.23948831125645986,
      "ci95_high": 0.2675751144665168
    },
    "metrics": [
      "context_relevance",
      "persona_consistency",
      "naturalness",
      "context_keyword_coverage",
      "context_overlap",
      "persona_keyword_coverage",
      "persona_style",
      "distinct1",
      "length_score",
      "sentence_score",
      "overall_quality"
    ]
  },
  "candidate_no_context": {
    "sample_count": 144,
    "context_relevance": {
      "n": 144,
      "mean": 0.026126276058118614,
      "median": 0.012632978723404254,
      "p95": 0.08347559953043769,
      "ci95_low": 0.020865802007517982,
      "ci95_high": 0.031857300194071424
    },
    "persona_consistency": {
      "n": 144,
      "mean": 0.16086278121282968,
      "median": 0.1,
      "p95": 0.4652380952380952,
      "ci95_low": 0.1413201716692814,
      "ci95_high": 0.1837163687752502
    },
    "naturalness": {
      "n": 144,
      "mean": 0.8243699993842976,
      "median": 0.8142857142857143,
      "p95": 0.9700402930402929,
      "ci95_low": 0.8119336910318766,
      "ci95_high": 0.8376288726425728
    },
    "context_keyword_coverage": {
      "n": 144,
      "mean": 0.02185395622895623,
      "median": 0.0,
      "p95": 0.1,
      "ci95_low": 0.014257154882154883,
      "ci95_high": 0.029525726010101002
    },
    "context_overlap": {
      "n": 144,
      "mean": 0.03609502232616419,
      "median": 0.03625410733844468,
      "p95": 0.06521739130434782,
      "ci95_low": 0.03332429806426319,
      "ci95_high": 0.03882363202298378
    },
    "persona_keyword_coverage": {
      "n": 144,
      "mean": 0.06911375661375661,
      "median": 0.0,
      "p95": 0.5714285714285714,
      "ci95_low": 0.04348462301587302,
      "ci95_high": 0.09848131613756612
    },
    "persona_style": {
      "n": 144,
      "mean": 0.5278588796091219,
      "median": 0.5,
      "p95": 1.0,
      "ci95_low": 0.4870588217387515,
      "ci95_high": 0.5704181691013238
    },
    "distinct1": {
      "n": 144,
      "mean": 0.9413937484607442,
      "median": 0.9321839080459771,
      "p95": 1.0,
      "ci95_low": 0.9354428982390013,
      "ci95_high": 0.9472732172692151
    },
    "length_score": {
      "n": 144,
      "mean": 0.3375,
      "median": 0.25,
      "p95": 0.9333333333333333,
      "ci95_low": 0.2935127314814815,
      "ci95_high": 0.3838020833333333
    },
    "sentence_score": {
      "n": 144,
      "mean": 0.8031250000000001,
      "median": 0.65,
      "p95": 1.0,
      "ci95_low": 0.7763888888888889,
      "ci95_high": 0.8322916666666668
    },
    "overall_quality": {
      "n": 144,
      "mean": 0.22843343551677306,
      "median": 0.21210118577075104,
      "p95": 0.3747980787062795,
      "ci95_low": 0.2189348672496508,
      "ci95_high": 0.2397712282225316
    },