{
  "proposed_vs_candidate_no_context": {
    "context_relevance": {
      "target_mean": 0.08823439820228386,
      "baseline_mean": 0.03123094364701123,
      "absolute_delta": 0.05700345455527263,
      "relative_delta": 1.825223573118893
    },
    "persona_consistency": {
      "target_mean": 0.13604394638363534,
      "baseline_mean": 0.1740595527704687,
      "absolute_delta": -0.03801560638683335,
      "relative_delta": -0.21840574551495204
    },
    "naturalness": {
      "target_mean": 0.8000465855192164,
      "baseline_mean": 0.8130062227018015,
      "absolute_delta": -0.012959637182585082,
      "relative_delta": -0.015940391131961218
    },
    "context_keyword_coverage": {
      "target_mean": 0.10196158008658009,
      "baseline_mean": 0.02708333333333333,
      "absolute_delta": 0.07487824675324675,
      "relative_delta": 2.7647352647352648
    },
    "context_overlap": {
      "target_mean": 0.05620430713892605,
      "baseline_mean": 0.040908701045593,
      "absolute_delta": 0.015295606093333053,
      "relative_delta": 0.3738961566216929
    },
    "persona_keyword_coverage": {
      "target_mean": 0.043324829931972786,
      "baseline_mean": 0.09000850340136055,
      "absolute_delta": -0.04668367346938776,
      "relative_delta": -0.5186584789796883
    },
    "persona_style": {
      "target_mean": 0.5069204121902856,
      "baseline_mean": 0.5102637502469013,
      "absolute_delta": -0.0033433380566156856,
      "relative_delta": -0.006552176310776426
    },
    "distinct1": {
      "target_mean": 0.9340078328456601,
      "baseline_mean": 0.9380587115164084,
      "absolute_delta": -0.00405087867074827,
      "relative_delta": -0.004318363681309315
    },
    "length_score": {
      "target_mean": 0.2556547619047619,
      "baseline_mean": 0.30744047619047615,
      "absolute_delta": -0.05178571428571427,
      "relative_delta": -0.1684414327202323
    },
    "sentence_score": {
      "target_mean": 0.753125,
      "baseline_mean": 0.7629464285714286,
      "absolute_delta": -0.009821428571428537,
      "relative_delta": -0.012873025160912769
    },
    "bertscore_f1": {
      "target_mean": 0.06800355938165532,
      "baseline_mean": 0.04141452486302504,
      "absolute_delta": 0.026589034518630282,
      "relative_delta": 0.6420219622601301
    },
    "overall_quality": {
      "target_mean": 0.2256941654070493,
      "baseline_mean": 0.21434331724875189,
      "absolute_delta": 0.011350848158297427,
      "relative_delta": 0.05295638932901475
    }
  },
  "proposed_vs_baseline_no_context": {
    "context_relevance": {
      "target_mean": 0.08823439820228386,
      "baseline_mean": 0.04866234000348605,
      "absolute_delta": 0.03957205819879781,
      "relative_delta": 0.8131967800143389
    },
    "persona_consistency": {
      "target_mean": 0.13604394638363534,
      "baseline_mean": 0.19162568197468088,
      "absolute_delta": -0.05558173559104554,
      "relative_delta": -0.290053687054272
    },
    "naturalness": {
      "target_mean": 0.8000465855192164,
      "baseline_mean": 0.8819082914759696,
      "absolute_delta": -0.08186170595675324,
      "relative_delta": -0.09282337715608588
    },
    "context_keyword_coverage": {
      "target_mean": 0.10196158008658009,
      "baseline_mean": 0.05097402597402597,
      "absolute_delta": 0.050987554112554116,
      "relative_delta": 1.0002653927813165
    },
    "context_overlap": {
      "target_mean": 0.05620430713892605,
      "baseline_mean": 0.04326840607222622,
      "absolute_delta": 0.012935901066699833,
      "relative_delta": 0.2989687451187005
    },
    "persona_keyword_coverage": {
      "target_mean": 0.043324829931972786,
      "baseline_mean": 0.09077380952380952,
      "absolute_delta": -0.047448979591836735,
      "relative_delta": -0.5227166276346604
    },
    "persona_style": {
      "target_mean": 0.5069204121902856,
      "baseline_mean": 0.5950331717781662,
      "absolute_delta": -0.08811275958788056,
      "relative_delta": -0.14808041596163282
    },
    "distinct1": {
      "target_mean": 0.9340078328456601,
      "baseline_mean": 0.9809984072613528,
      "absolute_delta": -0.046990574415692654,
      "relative_delta": -0.04790076524882028
    },
    "length_score": {
      "target_mean": 0.2556547619047619,
      "baseline_mean": 0.5116071428571428,
      "absolute_delta": -0.25595238095238093,
      "relative_delta": -0.5002908667830134
    },
    "sentence_score": {
      "target_mean": 0.753125,
      "baseline_mean": 0.8718750000000001,
      "absolute_delta": -0.11875000000000002,
      "relative_delta": -0.13620071684587814
    },
    "bertscore_f1": {
      "target_mean": 0.06800355938165532,
      "baseline_mean": 0.06349461118017123,
      "absolute_delta": 0.004508948201484092,
      "relative_delta": 0.07101308469611031
    },
    "overall_quality": {
      "target_mean": 0.2256941654070493,
      "baseline_mean": 0.24131709449561728,
      "absolute_delta": -0.015622929088567966,
      "relative_delta": -0.06474025025546504
    }
  },
  "controlled_vs_proposed_raw": {
    "context_relevance": {
      "target_mean": 0.25299874314890997,
      "baseline_mean": 0.08823439820228386,
      "absolute_delta": 0.16476434494662612,
      "relative_delta": 1.8673482032357915
    },
    "persona_consistency": {
      "target_mean": 0.3672140731292517,
      "baseline_mean": 0.13604394638363534,
      "absolute_delta": 0.23117012674561635,
      "relative_delta": 1.6992312623285066
    },
    "naturalness": {
      "target_mean": 0.9093227970238897,
      "baseline_mean": 0.8000465855192164,
      "absolute_delta": 0.10927621150467337,
      "relative_delta": 0.1365873106423609
    },
    "context_keyword_coverage": {
      "target_mean": 0.3169507575757576,
      "baseline_mean": 0.10196158008658009,
      "absolute_delta": 0.2149891774891775,
      "relative_delta": 2.108531245853788
    },
    "context_overlap": {
      "target_mean": 0.10377737615293227,
      "baseline_mean": 0.05620430713892605,
      "absolute_delta": 0.047573069014006215,
      "relative_delta": 0.8464310198934557
    },
    "persona_keyword_coverage": {
      "target_mean": 0.3104591836734694,
      "baseline_mean": 0.043324829931972786,
      "absolute_delta": 0.26713435374149663,
      "relative_delta": 6.165848871442592
    },
    "persona_style": {
      "target_mean": 0.5942336309523809,
      "baseline_mean": 0.5069204121902856,
      "absolute_delta": 0.0873132187620953,
      "relative_delta": 0.17224245988603049
    },
    "distinct1": {
      "target_mean": 0.9312389517608936,
      "baseline_mean": 0.9340078328456601,
      "absolute_delta": -0.0027688810847665835,
      "relative_delta": -0.0029645159145299444
    },
    "length_score": {
      "target_mean": 0.7047619047619048,
      "baseline_mean": 0.2556547619047619,
      "absolute_delta": 0.4491071428571429,
      "relative_delta": 1.7566938300349249
    },
    "sentence_score": {
      "target_mean": 0.975,
      "baseline_mean": 0.753125,
      "absolute_delta": 0.22187499999999993,
      "relative_delta": 0.2946058091286306
    },
    "bertscore_f1": {
      "target_mean": 0.07871260034413094,
      "baseline_mean": 0.06800355938165532,
      "absolute_delta": 0.010709040962475616,
      "relative_delta": 0.15747765352065515
    },
    "overall_quality": {
      "target_mean": 0.3890500579849009,
      "baseline_mean": 0.2256941654070493,
      "absolute_delta": 0.16335589257785157,
      "relative_delta": 0.7237931573606791
    }
  },
  "controlled_vs_candidate_no_context": {
    "context_relevance": {
      "target_mean": 0.25299874314890997,
      "baseline_mean": 0.03123094364701123,
      "absolute_delta": 0.22176779950189873,
      "relative_delta": 7.10089973612186
    },
    "persona_consistency": {
      "target_mean": 0.3672140731292517,
      "baseline_mean": 0.1740595527704687,
      "absolute_delta": 0.193154520358783,
      "relative_delta": 1.109703646162384
    },