{
  "proposed_contextual_controlled": {
    "sample_count": 112,
    "context_relevance": {
      "n": 112,
      "mean": 0.25299874314890997,
      "median": 0.22334415584415582,
      "p95": 0.40966380393799706,
      "ci95_low": 0.23999168047788136,
      "ci95_high": 0.26779453954301097
    },
    "persona_consistency": {
      "n": 112,
      "mean": 0.3672140731292517,
      "median": 0.33333333333333337,
      "p95": 0.633922619047619,
      "ci95_low": 0.33986787840136057,
      "ci95_high": 0.3973259194302721
    },
    "naturalness": {
      "n": 112,
      "mean": 0.9093227970238897,
      "median": 0.9326515151515151,
      "p95": 0.9717117117117117,
      "ci95_low": 0.8963644455208524,
      "ci95_high": 0.9209384055862448
    },
    "context_keyword_coverage": {
      "n": 112,
      "mean": 0.3169507575757576,
      "median": 0.2727272727272727,
      "p95": 0.520454545454545,
      "ci95_low": 0.30095880681818177,
      "ci95_high": 0.3350652732683982
    },
    "context_overlap": {
      "n": 112,
      "mean": 0.10377737615293227,
      "median": 0.09523809523809523,
      "p95": 0.17638698630136984,
      "ci95_low": 0.09573290540976255,
      "ci95_high": 0.11314629061329627
    },
    "persona_keyword_coverage": {
      "n": 112,
      "mean": 0.3104591836734694,
      "median": 0.2857142857142857,
      "p95": 0.584285714285714,
      "ci95_low": 0.2803954081632653,
      "ci95_high": 0.3418792517006803
    },
    "persona_style": {
      "n": 112,
      "mean": 0.5942336309523809,
      "median": 0.5,
      "p95": 1.0,
      "ci95_low": 0.5297553943452381,
      "ci95_high": 0.6555180431547619
    },
    "distinct1": {
      "n": 112,
      "mean": 0.9312389517608936,
      "median": 0.9375,
      "p95": 0.9740409207161125,
      "ci95_low": 0.9226973659702848,
      "ci95_high": 0.9387180307621106
    },
    "length_score": {
      "n": 112,
      "mean": 0.7047619047619048,
      "median": 0.7833333333333333,
      "p95": 0.9666666666666666,
      "ci95_low": 0.656547619047619,
      "ci95_high": 0.7482142857142857
    },
    "sentence_score": {
      "n": 112,
      "mean": 0.975,
      "median": 1.0,
      "p95": 1.0,
      "ci95_low": 0.9562499999999999,
      "ci95_high": 0.990625
    },
    "bertscore_f1": {
      "n": 112,
      "mean": 0.07871260034413094,
      "median": 0.06351406127214432,
      "p95": 0.16054419800639147,
      "ci95_low": 0.06915397611241392,
      "ci95_high": 0.08799609545718079
    },
    "overall_quality": {
      "n": 112,
      "mean": 0.3890500579849009,
      "median": 0.37104398345917977,
      "p95": 0.4898293939022682,
      "ci95_low": 0.3789986734210568,
      "ci95_high": 0.40000932156484453
    },
    "metrics": [
      "context_relevance",
      "persona_consistency",
      "naturalness",
      "context_keyword_coverage",
      "context_overlap",
      "persona_keyword_coverage",
      "persona_style",
      "distinct1",
      "length_score",
      "sentence_score",
      "bertscore_f1",
      "overall_quality"
    ]
  },
  "proposed_contextual": {
    "sample_count": 112,
    "context_relevance": {
      "n": 112,
      "mean": 0.08823439820228386,
      "median": 0.016216216216216217,
      "p95": 0.31595779220779174,
      "ci95_low": 0.07083465327305055,
      "ci95_high": 0.10870914570653163
    },
    "persona_consistency": {
      "n": 112,
      "mean": 0.13604394638363534,
      "median": 0.1,
      "p95": 0.3666666666666667,
      "ci95_low": 0.11561107427820333,
      "ci95_high": 0.15876839956094407
    },
    "naturalness": {
      "n": 112,
      "mean": 0.8000465855192164,
      "median": 0.7486363636363635,
      "p95": 0.9560542005420051,
      "ci95_low": 0.7871522139897158,
      "ci95_high": 0.81348885567603
    },
    "context_keyword_coverage": {
      "n": 112,
      "mean": 0.10196158008658009,
      "median": 0.0,
      "p95": 0.4245454545454539,
      "ci95_low": 0.07611640963203463,
      "ci95_high": 0.12837222673160167
    },
    "context_overlap": {
      "n": 112,
      "mean": 0.05620430713892605,
      "median": 0.05,
      "p95": 0.13012422360248446,
      "ci95_low": 0.04999613585304445,
      "ci95_high": 0.062378535177354436
    },
    "persona_keyword_coverage": {
      "n": 112,
      "mean": 0.043324829931972786,
      "median": 0.0,
      "p95": 0.3333333333333333,
      "ci95_low": 0.02274659863945578,
      "ci95_high": 0.06667304421768704
    },
    "persona_style": {
      "n": 112,
      "mean": 0.5069204121902856,
      "median": 0.5,
      "p95": 1.0,
      "ci95_low": 0.44242084512434726,
      "ci95_high": 0.5751267910544177
    },
    "distinct1": {
      "n": 112,
      "mean": 0.9340078328456601,
      "median": 0.9090909090909091,
      "p95": 1.0,
      "ci95_low": 0.9275787106717971,
      "ci95_high": 0.9406507872866567
    },
    "length_score": {
      "n": 112,
      "mean": 0.2556547619047619,
      "median": 0.09999999999999998,
      "p95": 0.8483333333333329,
      "ci95_low": 0.20892113095238093,
      "ci95_high": 0.3044717261904762
    },
    "sentence_score": {
      "n": 112,
      "mean": 0.753125,
      "median": 0.65,
      "p95": 1.0,
      "ci95_low": 0.725,
      "ci95_high": 0.78125
    },
    "bertscore_f1": {
      "n": 112,
      "mean": 0.06800355938165532,
      "median": 0.06022206135094166,
      "p95": 0.17686591669917096,
      "ci95_low": 0.05692074668421421,
      "ci95_high": 0.07939956619095807
    },
    "overall_quality": {
      "n": 112,
      "mean": 0.2256941654070493,
      "median": 0.20071494190668254,
      "p95": 0.3849674315971979,
      "ci95_low": 0.21161550845635763,
      "ci95_high": 0.24005403741643738
    },
    "metrics": [
      "context_relevance",
      "persona_consistency",
      "naturalness",
      "context_keyword_coverage",
      "context_overlap",
      "persona_keyword_coverage",
      "persona_style",
      "distinct1",
      "length_score",
      "sentence_score",
      "bertscore_f1",
      "overall_quality"
    ]
  },
  "candidate_no_context": {
    "sample_count": 112,
    "context_relevance": {
      "n": 112,
      "mean": 0.03123094364701123,
      "median": 0.014285714285714284,
      "p95": 0.13411190137505924,
      "ci95_low": 0.02456376441432868,
      "ci95_high": 0.03909371125048454
    },
    "persona_consistency": {
      "n": 112,
      "mean": 0.1740595527704687,
      "median": 0.1,
      "p95": 0.4614285714285713,
      "ci95_low": 0.1459391642708415,
      "ci95_high": 0.20323359643002495
    },
    "naturalness": {
      "n": 112,
      "mean": 0.8130062227018015,
      "median": 0.7647907521217443,
      "p95": 0.9334404761904762,
      "ci95_low": 0.7995486659341939,
      "ci95_high": 0.8272392622240503
    },
    "context_keyword_coverage": {
      "n": 112,
      "mean": 0.02708333333333333,
      "median": 0.0,
      "p95": 0.16666666666666666,
      "ci95_low": 0.01753246753246753,
      "ci95_high": 0.037991071428571416
    },
    "context_overlap": {
      "n": 112,
      "mean": 0.040908701045593,
      "median": 0.038467861252671376,
      "p95": 0.07292682926829268,
      "ci95_low": 0.037659269399280666,
      "ci95_high": 0.04425105586519033
    },
    "persona_keyword_coverage": {
      "n": 112,
      "mean": 0.09000850340136055,
      "median": 0.0,
      "p95": 0.5714285714285714,
      "ci95_low": 0.05620535714285714,
      "ci95_high": 0.12835990646258505
    },
    "persona_style": {
      "n": 112,
      "mean": 0.5102637502469013,
      "median": 0.5,
      "p95": 1.0,
      "ci95_low": 0.44597316146998267,
      "ci95_high": 0.5721542771974866
    },
    "distinct1": {
      "n": 112,
      "mean": 0.9380587115164084,
      "median": 0.9090909090909091,
      "p95": 1.0,
      "ci95_low": 0.9314760521605849,
      "ci95_high": 0.9447656171628257
    },
    "length_score": {
      "n": 112,
      "mean": 0.30744047619047615,
      "median": 0.09999999999999998,
      "p95": 0.8333333333333334,