{
  "ttft_ms": {
    "candidate_mean": 297.6765499843168,
    "baseline_mean": 166.61312499491032,
    "absolute_delta": 131.06342498940649,
    "relative_delta": 0.7866332558939171,
    "candidate_better": false,
    "lower_is_better": true
  },
  "total_time_ms": {
    "candidate_mean": 1708.6953874895698,
    "baseline_mean": 1429.8649374904926,
    "absolute_delta": 278.83044999907725,
    "relative_delta": 0.19500474673394194,
    "candidate_better": false,
    "lower_is_better": true
  },
  "tokens_per_s": {
    "candidate_mean": 40.072816146953876,
    "baseline_mean": 41.052189145758476,
    "absolute_delta": -0.9793729988045996,
    "relative_delta": -0.023856778875476575,
    "candidate_better": false,
    "lower_is_better": false
  }
}