{
  "candidate_model": "elara-npc:latest",
  "baseline_model": "phi3:mini",
  "candidate_mean": 0.029268254176713526,
  "baseline_mean": 0.1168986412230879,
  "absolute_delta": -0.08763038704637438,
  "relative_delta": -0.7496270797463047,
  "candidate_better": false
}