{
  "elara-npc:latest": {
    "total_requests": 8,
    "ok_requests": 8,
    "error_requests": 0,
    "error_rate": 0.0,
    "ttft_ms": {
      "n": 8,
      "mean": 297.6765499843168,
      "median": 298.1652499875054,
      "p95": 338.5728399764048,
      "ci95_low": 278.22518685698014,
      "ci95_high": 317.454960303985
    },
    "total_time_ms": {
      "n": 8,
      "mean": 1708.6953874895698,
      "median": 1690.463249979075,
      "p95": 1764.571084995987,
      "ci95_low": 1684.793282809187,
      "ci95_high": 1734.3350899929646
    },
    "tokens_per_s": {
      "n": 8,
      "mean": 40.072816146953876,
      "median": 40.16653812050295,
      "p95": 41.1346537739723,
      "ci95_low": 39.44657407075063,
      "ci95_high": 40.666548558962916
    }
  },
  "phi3:mini": {
    "total_requests": 8,
    "ok_requests": 8,
    "error_requests": 0,
    "error_rate": 0.0,
    "ttft_ms": {
      "n": 8,
      "mean": 166.61312499491032,
      "median": 151.73189996858127,
      "p95": 251.57240498228924,
      "ci95_low": 139.82803376511583,
      "ci95_high": 204.6395187409871
    },
    "total_time_ms": {
      "n": 8,
      "mean": 1429.8649374904926,
      "median": 1513.8848499918822,
      "p95": 1637.4108999676537,
      "ci95_low": 1168.778151243714,
      "ci95_high": 1586.2797003002925
    },
    "tokens_per_s": {
      "n": 8,
      "mean": 41.052189145758476,
      "median": 41.402702150692804,
      "p95": 41.82230048826796,
      "ci95_low": 40.352666331686336,
      "ci95_high": 41.5858233042598
    }
  }
}