{
  "ttft_ms": {
    "candidate_mean": 42395.652410417824,
    "baseline_mean": 41158.13410416437,
    "absolute_delta": 1237.518306253456,
    "relative_delta": 0.030067405464045183,
    "candidate_better": false,
    "lower_is_better": true
  },
  "total_time_ms": {
    "candidate_mean": 49133.712764582015,
    "baseline_mean": 47864.65118541491,
    "absolute_delta": 1269.061579167108,
    "relative_delta": 0.026513544917544714,
    "candidate_better": false,
    "lower_is_better": true
  },
  "tokens_per_s": {
    "candidate_mean": 9.623516614005526,
    "baseline_mean": 9.860848464554703,
    "absolute_delta": -0.23733185054917705,
    "relative_delta": -0.024068096310604293,
    "candidate_better": false,
    "lower_is_better": false
  }
}