{
  "elara-npc:latest": {
    "total_requests": 48,
    "ok_requests": 48,
    "error_requests": 0,
    "error_rate": 0.0,
    "ttft_ms": {
      "n": 48,
      "mean": 42395.652410417824,
      "median": 40269.94675000606,
      "p95": 56829.94213999482,
      "ci95_low": 39780.107788335044,
      "ci95_high": 45098.605818126336
    },
    "total_time_ms": {
      "n": 48,
      "mean": 49133.712764582015,
      "median": 46707.66580000054,
      "p95": 63616.694844985606,
      "ci95_low": 46502.71352614601,
      "ci95_high": 51904.69634604216
    },
    "tokens_per_s": {
      "n": 48,
      "mean": 9.623516614005526,
      "median": 9.495264756337312,
      "p95": 11.884221260118746,
      "ci95_low": 9.321057459302597,
      "ci95_high": 9.914557616473575
    }
  },
  "phi3:mini": {
    "total_requests": 48,
    "ok_requests": 48,
    "error_requests": 0,
    "error_rate": 0.0,
    "ttft_ms": {
      "n": 48,
      "mean": 41158.13410416437,
      "median": 37263.94174998859,
      "p95": 58163.90514499361,
      "ci95_low": 38169.17943390461,
      "ci95_high": 44436.44547692484
    },
    "total_time_ms": {
      "n": 48,
      "mean": 47864.65118541491,
      "median": 44045.38214999775,
      "p95": 67852.06241498816,
      "ci95_low": 44756.42687505239,
      "ci95_high": 51273.088352758416
    },
    "tokens_per_s": {
      "n": 48,
      "mean": 9.860848464554703,
      "median": 9.61005255502597,
      "p95": 12.311709195214984,
      "ci95_low": 9.407765245370896,
      "ci95_high": 10.320569197310578
    }
  }
}