{
  "ttft_ms": {
    "candidate_mean": 672.4860499995581,
    "baseline_mean": 770.4412583322361,
    "absolute_delta": -97.95520833267801,
    "relative_delta": -0.1271416961037631,
    "candidate_better": true,
    "lower_is_better": true
  },
  "total_time_ms": {
    "candidate_mean": 4141.660162499647,
    "baseline_mean": 4136.65379374955,
    "absolute_delta": 5.006368750097863,
    "relative_delta": 0.0012102460103532102,
    "candidate_better": false,
    "lower_is_better": true
  },
  "tokens_per_s": {
    "candidate_mean": 18.616901818377162,
    "baseline_mean": 19.225809587985914,
    "absolute_delta": -0.6089077696087521,
    "relative_delta": -0.03167137211164594,
    "candidate_better": false,
    "lower_is_better": false
  }
}