{
  "elara-npc:latest": {
    "total_requests": 48,
    "ok_requests": 48,
    "error_requests": 0,
    "error_rate": 0.0,
    "ttft_ms": {
      "n": 48,
      "mean": 672.4860499995581,
      "median": 671.0179500005324,
      "p95": 805.0848649952968,
      "ci95_low": 647.9068489592313,
      "ci95_high": 698.1394478113997
    },
    "total_time_ms": {
      "n": 48,
      "mean": 4141.660162499647,
      "median": 4116.585899995698,
      "p95": 4528.010204997554,
      "ci95_low": 4082.027748385629,
      "ci95_high": 4206.919561145082
    },
    "tokens_per_s": {
      "n": 48,
      "mean": 18.616901818377162,
      "median": 18.965825137965272,
      "p95": 19.776827524035305,
      "ci95_low": 18.343868194116325,
      "ci95_high": 18.88602127472708
    }
  },
  "phi3:mini": {
    "total_requests": 48,
    "ok_requests": 48,
    "error_requests": 0,
    "error_rate": 0.0,
    "ttft_ms": {
      "n": 48,
      "mean": 770.4412583322361,
      "median": 782.1507499975269,
      "p95": 825.2382300088357,
      "ci95_low": 751.2994487504633,
      "ci95_high": 787.1420676040467
    },
    "total_time_ms": {
      "n": 48,
      "mean": 4136.65379374955,
      "median": 4093.715549999615,
      "p95": 4507.998334996228,
      "ci95_low": 4079.818449737574,
      "ci95_high": 4194.836269634371
    },
    "tokens_per_s": {
      "n": 48,
      "mean": 19.225809587985914,
      "median": 19.426256178388194,
      "p95": 20.25050444678611,
      "ci95_low": 18.957495045410784,
      "ci95_high": 19.48192055516722
    }
  }
}