{
  "proposed_contextual_controlled": {
    "sample_count": 12,
    "context_relevance": {
      "n": 12,
      "mean": 0.3135509455688672,
      "median": 0.29121212121212114,
      "p95": 0.5115227272727271,
      "ci95_low": 0.25517041921418027,
      "ci95_high": 0.3849586697348629
    },
    "persona_consistency": {
      "n": 12,
      "mean": 0.27820608506560524,
      "median": 0.25589285714285714,
      "p95": 0.39066666666666666,
      "ci95_low": 0.24156979381664948,
      "ci95_high": 0.31667419160646715
    },
    "naturalness": {
      "n": 12,
      "mean": 0.8949106155559813,
      "median": 0.8928930817610062,
      "p95": 0.9754414414414414,
      "ci95_low": 0.8539207594653926,
      "ci95_high": 0.9292107252527882
    },
    "context_keyword_coverage": {
      "n": 12,
      "mean": 0.3958333333333333,
      "median": 0.36363636363636365,
      "p95": 0.668181818181818,
      "ci95_low": 0.31436237373737375,
      "ci95_high": 0.4924558080808079
    },
    "context_overlap": {
      "n": 12,
      "mean": 0.12155870745177966,
      "median": 0.11833333333333333,
      "p95": 0.16038961038961036,
      "ci95_low": 0.10700189624486736,
      "ci95_high": 0.13694053672347672
    },
    "persona_keyword_coverage": {
      "n": 12,
      "mean": 0.20634920634920637,
      "median": 0.16666666666666666,
      "p95": 0.3633333333333333,
      "ci95_low": 0.17023809523809522,
      "ci95_high": 0.2535912698412698
    },
    "persona_style": {
      "n": 12,
      "mean": 0.5656335999312005,
      "median": 0.5,
      "p95": 0.9903508771929824,
      "ci95_low": 0.4200954861111111,
      "ci95_high": 0.7111283109735123
    },
    "distinct1": {
      "n": 12,
      "mean": 0.9572818807702953,
      "median": 0.9459459459459459,
      "p95": 1.0,
      "ci95_low": 0.9402128230218201,
      "ci95_high": 0.9755709732151139
    },
    "length_score": {
      "n": 12,
      "mean": 0.6361111111111112,
      "median": 0.6333333333333333,
      "p95": 0.9666666666666668,
      "ci95_low": 0.47493055555555563,
      "ci95_high": 0.7944444444444444
    },
    "sentence_score": {
      "n": 12,
      "mean": 0.8541666666666666,
      "median": 1.0,
      "p95": 1.0,
      "ci95_low": 0.7666666666666666,
      "ci95_high": 0.9416666666666668
    },
    "overall_quality": {
      "n": 12,
      "mean": 0.41936990808328917,
      "median": 0.40403835661194165,
      "p95": 0.49794692215442227,
      "ci95_low": 0.3933999774211501,
      "ci95_high": 0.4461312978384781
    },
    "metrics": [
      "context_relevance",
      "persona_consistency",
      "naturalness",
      "context_keyword_coverage",
      "context_overlap",
      "persona_keyword_coverage",
      "persona_style",
      "distinct1",
      "length_score",
      "sentence_score",
      "overall_quality"
    ]
  },
  "proposed_contextual_controlled_alt": {
    "sample_count": 12,
    "context_relevance": {
      "n": 12,
      "mean": 0.2551568398557281,
      "median": 0.24514796797405491,
      "p95": 0.34745379620379624,
      "ci95_low": 0.21552535259296718,
      "ci95_high": 0.2898012630765051
    },
    "persona_consistency": {
      "n": 12,
      "mean": 0.3239417989417989,
      "median": 0.28555555555555556,
      "p95": 0.5745714285714285,
      "ci95_low": 0.24646428571428572,
      "ci95_high": 0.4060846560846561
    },
    "naturalness": {
      "n": 12,
      "mean": 0.9083875225520669,
      "median": 0.9234848484848485,
      "p95": 0.9721052631578948,
      "ci95_low": 0.876476494651385,
      "ci95_high": 0.936798877114313
    },
    "context_keyword_coverage": {
      "n": 12,
      "mean": 0.32070707070707066,
      "median": 0.303030303030303,
      "p95": 0.4545454545454546,
      "ci95_low": 0.2676767676767677,
      "ci95_high": 0.37626262626262624
    },
    "context_overlap": {
      "n": 12,
      "mean": 0.10220630120259548,
      "median": 0.09844322344322344,
      "p95": 0.1603754940711462,
      "ci95_low": 0.08453183456080156,
      "ci95_high": 0.12334002231557858
    },
    "persona_keyword_coverage": {
      "n": 12,
      "mean": 0.24404761904761904,
      "median": 0.18333333333333335,
      "p95": 0.5057142857142856,
      "ci95_low": 0.1638888888888889,
      "ci95_high": 0.3373214285714284
    },
    "persona_style": {
      "n": 12,
      "mean": 0.6435185185185185,
      "median": 0.5,
      "p95": 1.0,
      "ci95_low": 0.5,
      "ci95_high": 0.7962962962962963
    },
    "distinct1": {
      "n": 12,
      "mean": 0.9470104730468342,
      "median": 0.9569444444444445,
      "p95": 1.0,
      "ci95_low": 0.9270292609731808,
      "ci95_high": 0.9667770915672549
    },
    "length_score": {
      "n": 12,
      "mean": 0.6916666666666668,
      "median": 0.7666666666666666,
      "p95": 1.0,
      "ci95_low": 0.5527777777777778,
      "ci95_high": 0.8194444444444445
    },
    "sentence_score": {
      "n": 12,
      "mean": 0.9125,
      "median": 1.0,
      "p95": 1.0,
      "ci95_low": 0.8250000000000001,
      "ci95_high": 1.0
    },
    "overall_quality": {
      "n": 12,
      "mean": 0.4110159293404381,
      "median": 0.4142771302771304,
      "p95": 0.5051696769896771,
      "ci95_low": 0.3744578252281653,
      "ci95_high": 0.4496278520430694
    },
    "metrics": [
      "context_relevance",
      "persona_consistency",
      "naturalness",
      "context_keyword_coverage",
      "context_overlap",
      "persona_keyword_coverage",
      "persona_style",
      "distinct1",
      "length_score",
      "sentence_score",
      "overall_quality"
    ]
  },
  "proposed_contextual": {
    "sample_count": 12,
    "context_relevance": {
      "n": 12,
      "mean": 0.06425384453303394,
      "median": 0.0158004158004158,
      "p95": 0.21110936575861938,
      "ci95_low": 0.025489928285185048,
      "ci95_high": 0.11428858292353739
    },
    "persona_consistency": {
      "n": 12,
      "mean": 0.14067748708010336,
      "median": 0.1,
      "p95": 0.2933333333333332,
      "ci95_low": 0.08806898013565892,
      "ci95_high": 0.2004635012919896
    },
    "naturalness": {
      "n": 12,
      "mean": 0.8463110354557722,
      "median": 0.8116666666666665,
      "p95": 0.9769298245614035,
      "ci95_low": 0.7911461489898988,
      "ci95_high": 0.9016438397129187
    },
    "context_keyword_coverage": {
      "n": 12,
      "mean": 0.06628787878787878,
      "median": 0.0,
      "p95": 0.25530303030303014,
      "ci95_low": 0.015151515151515152,
      "ci95_high": 0.12885101010100977
    },
    "context_overlap": {
      "n": 12,
      "mean": 0.05950776460506268,
      "median": 0.05064102564102564,
      "p95": 0.1143131868131868,
      "ci95_low": 0.04322427277494916,
      "ci95_high": 0.07745882710981046
    },
    "persona_keyword_coverage": {
      "n": 12,
      "mean": 0.041666666666666664,
      "median": 0.0,
      "p95": 0.24166666666666653,
      "ci95_low": 0.0,
      "ci95_high": 0.1111111111111111
    },
    "persona_style": {
      "n": 12,
      "mean": 0.5367207687338501,
      "median": 0.5,
      "p95": 1.0,
      "ci95_low": 0.38295986757105943,
      "ci95_high": 0.7083333333333334
    },
    "distinct1": {
      "n": 12,
      "mean": 0.9577914775283197,
      "median": 0.9740215924426451,
      "p95": 1.0,
      "ci95_low": 0.9350642048010469,
      "ci95_high": 0.9805187502555923
    },
    "length_score": {
      "n": 12,
      "mean": 0.4472222222222222,
      "median": 0.23333333333333334,
      "p95": 0.9816666666666667,
      "ci95_low": 0.2415972222222222,
      "ci95_high": 0.6667361111111108
    },
    "sentence_score": {
      "n": 12,
      "mean": 0.7374999999999999,
      "median": 0.65,
      "p95": 1.0,
      "ci95_low": 0.65,
      "ci95_high": 0.8250000000000001
    },
    "overall_quality": {
      "n": 12,
      "mean": 0.24239986755010803,
      "median": 0.20705534775302223,
      "p95": 0.38136571936050334,
      "ci95_low": 0.2011651142368846,
      "ci95_high": 0.29243958070843507
    },