{
  "ttft_ms": {
    "candidate_mean": 728.8428847221237,
    "baseline_mean": 275.6810652786549,
    "absolute_delta": 453.1618194434688,
    "relative_delta": 1.6437901492633114,
    "candidate_better": false,
    "lower_is_better": true
  },
  "total_time_ms": {
    "candidate_mean": 4746.538490276887,
    "baseline_mean": 3876.68780000038,
    "absolute_delta": 869.8506902765075,
    "relative_delta": 0.2243798663065987,
    "candidate_better": false,
    "lower_is_better": true
  },
  "tokens_per_s": {
    "candidate_mean": 16.271151167534605,
    "baseline_mean": 18.16407906142947,
    "absolute_delta": -1.8929278938948642,
    "relative_delta": -0.1042127094631736,
    "candidate_better": false,
    "lower_is_better": false
  }
}