{
  "elara-npc:latest": {
    "total_requests": 72,
    "ok_requests": 72,
    "error_requests": 0,
    "error_rate": 0.0,
    "ttft_ms": {
      "n": 72,
      "mean": 728.8428847221237,
      "median": 734.9799500079826,
      "p95": 952.0307349914219,
      "ci95_low": 678.3234202425471,
      "ci95_high": 779.0094646521538
    },
    "total_time_ms": {
      "n": 72,
      "mean": 4746.538490276887,
      "median": 4698.018900002353,
      "p95": 5686.4837250017445,
      "ci95_low": 4538.07103214928,
      "ci95_high": 4943.540332879971
    },
    "tokens_per_s": {
      "n": 72,
      "mean": 16.271151167534605,
      "median": 16.333810517239826,
      "p95": 19.369474574434932,
      "ci95_low": 15.728582991389008,
      "ci95_high": 16.848023692317582
    }
  },
  "phi3:mini": {
    "total_requests": 72,
    "ok_requests": 72,
    "error_requests": 0,
    "error_rate": 0.0,
    "ttft_ms": {
      "n": 72,
      "mean": 275.6810652786549,
      "median": 231.55739999492653,
      "p95": 759.7261450107908,
      "ci95_low": 242.2046010078298,
      "ci95_high": 315.56069978907743
    },
    "total_time_ms": {
      "n": 72,
      "mean": 3876.68780000038,
      "median": 3843.2265000010375,
      "p95": 4668.91524001112,
      "ci95_low": 3750.7425588549772,
      "ci95_high": 4003.698490659351
    },
    "tokens_per_s": {
      "n": 72,
      "mean": 18.16407906142947,
      "median": 17.969046881142926,
      "p95": 22.095348026849052,
      "ci95_low": 17.634836781354718,
      "ci95_high": 18.721717647184956
    }
  }
}