{
  "ttft_ms": {
    "candidate_mean": 1604.2836749993512,
    "baseline_mean": 414.0606375003699,
    "absolute_delta": 1190.2230374989813,
    "relative_delta": 2.8745138506384054,
    "candidate_better": false,
    "lower_is_better": true
  },
  "total_time_ms": {
    "candidate_mean": 7016.327962500327,
    "baseline_mean": 5385.79983749878,
    "absolute_delta": 1630.5281250015469,
    "relative_delta": 0.3027457711385688,
    "candidate_better": false,
    "lower_is_better": true
  },
  "tokens_per_s": {
    "candidate_mean": 11.895832436615958,
    "baseline_mean": 12.008847716575401,
    "absolute_delta": -0.11301527995944305,
    "relative_delta": -0.009411001174030372,
    "candidate_better": false,
    "lower_is_better": false
  }
}