{
  "candidate_model": "elara-npc:latest",
  "baseline_model": "phi3:mini",
  "candidate_mean": 0.02316623242222704,
  "baseline_mean": 0.1109549265820533,
  "absolute_delta": -0.08778869415982626,
  "relative_delta": -0.791210420881175,
  "candidate_better": false
}