{
  "elara-npc:latest": {
    "total_requests": 8,
    "ok_requests": 8,
    "error_requests": 0,
    "error_rate": 0.0,
    "ttft_ms": {
      "n": 8,
      "mean": 1604.2836749993512,
      "median": 1037.1331999995164,
      "p95": 4024.2976099994826,
      "ci95_low": 1007.787181249978,
      "ci95_high": 2746.172924061648
    },
    "total_time_ms": {
      "n": 8,
      "mean": 7016.327962500327,
      "median": 6434.069850001833,
      "p95": 9635.992829999665,
      "ci95_low": 6288.226630626605,
      "ci95_high": 8245.802687500145
    },
    "tokens_per_s": {
      "n": 8,
      "mean": 11.895832436615958,
      "median": 11.801473399987895,
      "p95": 12.605218460878156,
      "ci95_low": 11.552655777409218,
      "ci95_high": 12.258585815249763
    }
  },
  "phi3:mini": {
    "total_requests": 8,
    "ok_requests": 8,
    "error_requests": 0,
    "error_rate": 0.0,
    "ttft_ms": {
      "n": 8,
      "mean": 414.0606375003699,
      "median": 310.40964999920106,
      "p95": 869.9650049980842,
      "ci95_low": 299.972207501537,
      "ci95_high": 629.915783750107
    },
    "total_time_ms": {
      "n": 8,
      "mean": 5385.79983749878,
      "median": 5594.231600000057,
      "p95": 6341.639334999854,
      "ci95_low": 4476.079174997335,
      "ci95_high": 5993.0418624990125
    },
    "tokens_per_s": {
      "n": 8,
      "mean": 12.008847716575401,
      "median": 12.172361788921801,
      "p95": 12.420152551022202,
      "ci95_low": 11.663563564551938,
      "ci95_high": 12.294334132482867
    }
  }
}