{
  "proposed_contextual_controlled": {
    "sample_count": 24,
    "context_relevance": {
      "n": 24,
      "mean": 0.26407274749720455,
      "median": 0.2212121212121212,
      "p95": 0.5251617440225032,
      "ci95_low": 0.2162923911428391,
      "ci95_high": 0.3188350097154304
    },
    "persona_consistency": {
      "n": 24,
      "mean": 0.3200541125541126,
      "median": 0.2988095238095238,
      "p95": 0.5299999999999999,
      "ci95_low": 0.27366603535353534,
      "ci95_high": 0.37598015873015866
    },
    "naturalness": {
      "n": 24,
      "mean": 0.8748550997954498,
      "median": 0.8891666666666667,
      "p95": 0.962959595959596,
      "ci95_low": 0.8455366614074282,
      "ci95_high": 0.9016482106781283
    },
    "context_keyword_coverage": {
      "n": 24,
      "mean": 0.33125,
      "median": 0.2727272727272727,
      "p95": 0.6999999999999996,
      "ci95_low": 0.26974747474747474,
      "ci95_high": 0.4030934343434343
    },
    "context_overlap": {
      "n": 24,
      "mean": 0.10732582499068184,
      "median": 0.09039836567926456,
      "p95": 0.19573317307692298,
      "ci95_low": 0.08685785913559163,
      "ci95_high": 0.1349308493447268
    },
    "persona_keyword_coverage": {
      "n": 24,
      "mean": 0.2466269841269841,
      "median": 0.18333333333333335,
      "p95": 0.5499999999999997,
      "ci95_low": 0.19146329365079362,
      "ci95_high": 0.31012400793650796
    },
    "persona_style": {
      "n": 24,
      "mean": 0.6137626262626262,
      "median": 0.5,
      "p95": 1.0,
      "ci95_low": 0.5042196518759019,
      "ci95_high": 0.7325915404040403
    },
    "distinct1": {
      "n": 24,
      "mean": 0.9428669161552913,
      "median": 0.9419191919191919,
      "p95": 1.0,
      "ci95_low": 0.9244122814386699,
      "ci95_high": 0.959924759083319
    },
    "length_score": {
      "n": 24,
      "mean": 0.525,
      "median": 0.6666666666666667,
      "p95": 0.9333333333333333,
      "ci95_low": 0.40277777777777785,
      "ci95_high": 0.6444444444444445
    },
    "sentence_score": {
      "n": 24,
      "mean": 0.9270833333333334,
      "median": 1.0,
      "p95": 1.0,
      "ci95_low": 0.86875,
      "ci95_high": 0.9854166666666666
    },
    "bertscore_f1": {
      "n": 24,
      "mean": 0.08380430455630024,
      "median": 0.08042910695075989,
      "p95": 0.1771546207368373,
      "ci95_low": 0.059249842446297406,
      "ci95_high": 0.10912907669941582
    },
    "overall_quality": {
      "n": 24,
      "mean": 0.3719982183550579,
      "median": 0.3533528561855176,
      "p95": 0.4983909912737316,
      "ci95_low": 0.3480436142652836,
      "ci95_high": 0.3977431885903793
    },
    "metrics": [
      "context_relevance",
      "persona_consistency",
      "naturalness",
      "context_keyword_coverage",
      "context_overlap",
      "persona_keyword_coverage",
      "persona_style",
      "distinct1",
      "length_score",
      "sentence_score",
      "bertscore_f1",
      "overall_quality"
    ]
  },
  "proposed_contextual_controlled_alt": {
    "sample_count": 24,
    "context_relevance": {
      "n": 24,
      "mean": 0.25941027587713017,
      "median": 0.24512812456360838,
      "p95": 0.42778484848484843,
      "ci95_low": 0.21070459565062472,
      "ci95_high": 0.3092032225983057
    },
    "persona_consistency": {
      "n": 24,
      "mean": 0.35563370743034056,
      "median": 0.3179271708683473,
      "p95": 0.7271964285714285,
      "ci95_low": 0.2866698083290334,
      "ci95_high": 0.4379036446815568
    },
    "naturalness": {
      "n": 24,
      "mean": 0.8653911015041703,
      "median": 0.8784259259259258,
      "p95": 0.9573636363636363,
      "ci95_low": 0.8370010719436823,
      "ci95_high": 0.8929248238502676
    },
    "context_keyword_coverage": {
      "n": 24,
      "mean": 0.32714646464646463,
      "median": 0.303030303030303,
      "p95": 0.5454545454545454,
      "ci95_low": 0.26319128787878787,
      "ci95_high": 0.3937547348484848
    },
    "context_overlap": {
      "n": 24,
      "mean": 0.10135916874868306,
      "median": 0.09705882352941177,
      "p95": 0.16872807017543856,
      "ci95_low": 0.0869046891625977,
      "ci95_high": 0.11768017049542015
    },
    "persona_keyword_coverage": {
      "n": 24,
      "mean": 0.2861111111111111,
      "median": 0.16666666666666666,
      "p95": 0.7657142857142853,
      "ci95_low": 0.2047321428571429,
      "ci95_high": 0.38513888888888875
    },
    "persona_style": {
      "n": 24,
      "mean": 0.6337240927072584,
      "median": 0.5,
      "p95": 1.0,
      "ci95_low": 0.5277777777777778,
      "ci95_high": 0.7399370055039559
    },
    "distinct1": {
      "n": 24,
      "mean": 0.9379398439243603,
      "median": 0.9368351063829787,
      "p95": 1.0,
      "ci95_low": 0.9204874148752976,
      "ci95_high": 0.9556565512175441
    },
    "length_score": {
      "n": 24,
      "mean": 0.5041666666666667,
      "median": 0.6,
      "p95": 0.8616666666666666,
      "ci95_low": 0.3763888888888889,
      "ci95_high": 0.6277777777777778
    },
    "sentence_score": {
      "n": 24,
      "mean": 0.8979166666666667,
      "median": 1.0,
      "p95": 1.0,
      "ci95_low": 0.8250000000000001,
      "ci95_high": 0.9562499999999999
    },
    "bertscore_f1": {
      "n": 24,
      "mean": 0.0634653981445202,
      "median": 0.06520658917725086,
      "p95": 0.15675060525536533,
      "ci95_low": 0.037779159401785965,
      "ci95_high": 0.08799124997288649
    },
    "overall_quality": {
      "n": 24,
      "mean": 0.3777077025446968,
      "median": 0.3670711823803269,
      "p95": 0.4679513540569633,
      "ci95_low": 0.3536301592186213,
      "ci95_high": 0.40157088776736466
    },
    "metrics": [
      "context_relevance",
      "persona_consistency",
      "naturalness",
      "context_keyword_coverage",
      "context_overlap",
      "persona_keyword_coverage",
      "persona_style",
      "distinct1",
      "length_score",
      "sentence_score",
      "bertscore_f1",
      "overall_quality"
    ]
  },
  "proposed_contextual": {
    "sample_count": 24,
    "context_relevance": {
      "n": 24,
      "mean": 0.10690618137060352,
      "median": 0.08224932249322492,
      "p95": 0.36976291870330685,
      "ci95_low": 0.06362776572458005,
      "ci95_high": 0.15933026002807643
    },
    "persona_consistency": {
      "n": 24,
      "mean": 0.16843419312169314,
      "median": 0.1,
      "p95": 0.3666666666666667,
      "ci95_low": 0.12114372519841271,
      "ci95_high": 0.2198284970238095
    },
    "naturalness": {
      "n": 24,
      "mean": 0.7935956454350083,
      "median": 0.7718086162398253,
      "p95": 0.8988679245283018,
      "ci95_low": 0.7723437020870743,
      "ci95_high": 0.8171369095864928
    },
    "context_keyword_coverage": {
      "n": 24,
      "mean": 0.12626262626262627,
      "median": 0.08333333333333333,
      "p95": 0.4795454545454543,
      "ci95_low": 0.0672348484848485,
      "ci95_high": 0.19320549242424231
    },
    "context_overlap": {
      "n": 24,
      "mean": 0.06174114328921713,
      "median": 0.05378831694621168,
      "p95": 0.1158461538461538,
      "ci95_low": 0.05093702122636068,
      "ci95_high": 0.0726628559249634
    },
    "persona_keyword_coverage": {
      "n": 24,
      "mean": 0.07936507936507936,
      "median": 0.0,
      "p95": 0.3333333333333333,
      "ci95_low": 0.023809523809523808,
      "ci95_high": 0.14781746031746032
    },
    "persona_style": {
      "n": 24,
      "mean": 0.5247106481481482,
      "median": 0.5,
      "p95": 1.0,
      "ci95_low": 0.4051909722222222,
      "ci95_high": 0.6442173032407407
    },
    "distinct1": {
      "n": 24,
      "mean": 0.9358988358097428,
      "median": 0.916083916083916,
      "p95": 1.0,
      "ci95_low": 0.9229707224872274,
      "ci95_high": 0.9502775651005669
    },
    "length_score": {
      "n": 24,
      "mean": 0.20555555555555557,
      "median": 0.09999999999999998,