{
  "proposed_vs_candidate_no_context": {
    "context_relevance": {
      "target_mean": 0.07814772609694773,
      "baseline_mean": 0.019508465686550333,
      "absolute_delta": 0.058639260410397395,
      "relative_delta": 3.005836612298265
    },
    "persona_consistency": {
      "target_mean": 0.1505892857142857,
      "baseline_mean": 0.16329668313866427,
      "absolute_delta": -0.01270739742437857,
      "relative_delta": -0.07781785386043642
    },
    "naturalness": {
      "target_mean": 0.796600324120076,
      "baseline_mean": 0.7925527436895361,
      "absolute_delta": 0.004047580430539877,
      "relative_delta": 0.005107017120018225
    },
    "context_keyword_coverage": {
      "target_mean": 0.08598484848484848,
      "baseline_mean": 0.00909090909090909,
      "absolute_delta": 0.07689393939393939,
      "relative_delta": 8.458333333333334
    },
    "context_overlap": {
      "target_mean": 0.05986110719184601,
      "baseline_mean": 0.043816097743046574,
      "absolute_delta": 0.016045009448799434,
      "relative_delta": 0.36618983148369727
    },
    "persona_keyword_coverage": {
      "target_mean": 0.05047619047619047,
      "baseline_mean": 0.07309523809523809,
      "absolute_delta": -0.022619047619047615,
      "relative_delta": -0.3094462540716612
    },
    "persona_style": {
      "target_mean": 0.5510416666666667,
      "baseline_mean": 0.524102463312369,
      "absolute_delta": 0.02693920335429767,
      "relative_delta": 0.0514006425080313
    },
    "distinct1": {
      "target_mean": 0.9400424769668566,
      "baseline_mean": 0.9340901925571737,
      "absolute_delta": 0.005952284409682873,
      "relative_delta": 0.0063722801685647135
    },
    "length_score": {
      "target_mean": 0.24166666666666664,
      "baseline_mean": 0.20833333333333331,
      "absolute_delta": 0.033333333333333326,
      "relative_delta": 0.15999999999999998
    },
    "sentence_score": {
      "target_mean": 0.7225,
      "baseline_mean": 0.7725000000000001,
      "absolute_delta": -0.050000000000000044,
      "relative_delta": -0.06472491909385118
    },
    "bertscore_f1": {
      "target_mean": 0.07141379894455895,
      "baseline_mean": 0.043743965402245524,
      "absolute_delta": 0.02766983354231342,
      "relative_delta": 0.632540586750122
    },
    "overall_quality": {
      "target_mean": 0.22546373658949964,
      "baseline_mean": 0.20223344849782504,
      "absolute_delta": 0.0232302880916746,
      "relative_delta": 0.11486867412006987
    }
  },
  "proposed_vs_baseline_no_context": {
    "context_relevance": {
      "target_mean": 0.07814772609694773,
      "baseline_mean": 0.02644203506756997,
      "absolute_delta": 0.05170569102937776,
      "relative_delta": 1.955435385258701
    },
    "persona_consistency": {
      "target_mean": 0.1505892857142857,
      "baseline_mean": 0.16377867155415265,
      "absolute_delta": -0.013189385839866952,
      "relative_delta": -0.08053176713859193
    },
    "naturalness": {
      "target_mean": 0.796600324120076,
      "baseline_mean": 0.8874334150781283,
      "absolute_delta": -0.09083309095805236,
      "relative_delta": -0.10235482393916343
    },
    "context_keyword_coverage": {
      "target_mean": 0.08598484848484848,
      "baseline_mean": 0.022727272727272728,
      "absolute_delta": 0.06325757575757576,
      "relative_delta": 2.7833333333333337
    },
    "context_overlap": {
      "target_mean": 0.05986110719184601,
      "baseline_mean": 0.035109813861596874,
      "absolute_delta": 0.024751293330249134,
      "relative_delta": 0.704967945082788
    },
    "persona_keyword_coverage": {
      "target_mean": 0.05047619047619047,
      "baseline_mean": 0.05547619047619048,
      "absolute_delta": -0.0050000000000000044,
      "relative_delta": -0.09012875536480694
    },
    "persona_style": {
      "target_mean": 0.5510416666666667,
      "baseline_mean": 0.5969885958660014,
      "absolute_delta": -0.04594692919933474,
      "relative_delta": -0.07696450069148034
    },
    "distinct1": {
      "target_mean": 0.9400424769668566,
      "baseline_mean": 0.9744168710286545,
      "absolute_delta": -0.034374394061797875,
      "relative_delta": -0.03527688721718267
    },
    "length_score": {
      "target_mean": 0.24166666666666664,
      "baseline_mean": 0.5583333333333333,
      "absolute_delta": -0.3166666666666667,
      "relative_delta": -0.5671641791044777
    },
    "sentence_score": {
      "target_mean": 0.7225,
      "baseline_mean": 0.86,
      "absolute_delta": -0.13749999999999996,
      "relative_delta": -0.1598837209302325
    },
    "bertscore_f1": {
      "target_mean": 0.07141379894455895,
      "baseline_mean": 0.02822726501035504,
      "absolute_delta": 0.04318653393420391,
      "relative_delta": 1.5299581421849098
    },
    "overall_quality": {
      "target_mean": 0.22546373658949964,
      "baseline_mean": 0.21987012969718928,
      "absolute_delta": 0.0055936068923103655,
      "relative_delta": 0.02544050390116212
    }
  },
  "controlled_vs_proposed_raw": {
    "context_relevance": {
      "target_mean": 0.28579839804094537,
      "baseline_mean": 0.07814772609694773,
      "absolute_delta": 0.20765067194399764,
      "relative_delta": 2.6571556501387184
    },
    "persona_consistency": {
      "target_mean": 0.4468123667377399,
      "baseline_mean": 0.1505892857142857,
      "absolute_delta": 0.2962230810234542,
      "relative_delta": 1.9670926760717935
    },
    "naturalness": {
      "target_mean": 0.8690481180348912,
      "baseline_mean": 0.796600324120076,
      "absolute_delta": 0.07244779391481526,
      "relative_delta": 0.09094622701144521
    },
    "context_keyword_coverage": {
      "target_mean": 0.3593181818181818,
      "baseline_mean": 0.08598484848484848,
      "absolute_delta": 0.2733333333333333,
      "relative_delta": 3.1788546255506605
    },
    "context_overlap": {
      "target_mean": 0.11425223589406028,
      "baseline_mean": 0.05986110719184601,
      "absolute_delta": 0.05439112870221427,
      "relative_delta": 0.9086221630999697
    },
    "persona_keyword_coverage": {
      "target_mean": 0.4035714285714286,
      "baseline_mean": 0.05047619047619047,
      "absolute_delta": 0.35309523809523813,
      "relative_delta": 6.995283018867926
    },
    "persona_style": {
      "target_mean": 0.619776119402985,
      "baseline_mean": 0.5510416666666667,
      "absolute_delta": 0.0687344527363184,
      "relative_delta": 0.12473549078802583
    },
    "distinct1": {
      "target_mean": 0.9319432117538948,
      "baseline_mean": 0.9400424769668566,
      "absolute_delta": -0.008099265212961781,
      "relative_delta": -0.008615850252953345
    },
    "length_score": {
      "target_mean": 0.5266666666666666,
      "baseline_mean": 0.24166666666666664,
      "absolute_delta": 0.285,
      "relative_delta": 1.1793103448275863
    },
    "sentence_score": {
      "target_mean": 0.9125,
      "baseline_mean": 0.7225,
      "absolute_delta": 0.18999999999999995,
      "relative_delta": 0.2629757785467127
    },
    "bertscore_f1": {
      "target_mean": 0.07743944805115462,
      "baseline_mean": 0.07141379894455895,
      "absolute_delta": 0.006025649106595671,
      "relative_delta": 0.08437653780712037
    },
    "overall_quality": {
      "target_mean": 0.4210242794179183,
      "baseline_mean": 0.22546373658949964,
      "absolute_delta": 0.19556054282841867,
      "relative_delta": 0.8673702733157238
    }
  },
  "controlled_vs_candidate_no_context": {
    "context_relevance": {
      "target_mean": 0.28579839804094537,
      "baseline_mean": 0.019508465686550333,
      "absolute_delta": 0.266289932354395,
      "relative_delta": 13.649968000199141
    },
    "persona_consistency": {
      "target_mean": 0.4468123667377399,
      "baseline_mean": 0.16329668313866427,
      "absolute_delta": 0.28351568359907564,
      "relative_delta": 1.7361998918148678
    },