{
  "proposed_contextual_controlled": {
    "sample_count": 20,
    "context_relevance": {
      "n": 20,
      "mean": 0.28579839804094537,
      "median": 0.2776739417598233,
      "p95": 0.4878875886320402,
      "ci95_low": 0.2415974224645845,
      "ci95_high": 0.3404185969260883
    },
    "persona_consistency": {
      "n": 20,
      "mean": 0.4468123667377399,
      "median": 0.39333333333333337,
      "p95": 0.9,
      "ci95_low": 0.3662857142857143,
      "ci95_high": 0.5353551528073915
    },
    "naturalness": {
      "n": 20,
      "mean": 0.8690481180348912,
      "median": 0.889125,
      "p95": 0.9719039039039039,
      "ci95_low": 0.8310054798348693,
      "ci95_high": 0.9040535193874171
    },
    "context_keyword_coverage": {
      "n": 20,
      "mean": 0.3593181818181818,
      "median": 0.3484848484848485,
      "p95": 0.6445454545454546,
      "ci95_low": 0.3022689393939394,
      "ci95_high": 0.4256912878787878
    },
    "context_overlap": {
      "n": 20,
      "mean": 0.11425223589406028,
      "median": 0.10949050949050948,
      "p95": 0.1677927927927928,
      "ci95_low": 0.09976781450551304,
      "ci95_high": 0.13004287324855712
    },
    "persona_keyword_coverage": {
      "n": 20,
      "mean": 0.4035714285714286,
      "median": 0.3333333333333333,
      "p95": 1.0,
      "ci95_low": 0.30285119047619047,
      "ci95_high": 0.5247619047619048
    },
    "persona_style": {
      "n": 20,
      "mean": 0.619776119402985,
      "median": 0.5,
      "p95": 1.0,
      "ci95_low": 0.4916666666666667,
      "ci95_high": 0.7562717661691539
    },
    "distinct1": {
      "n": 20,
      "mean": 0.9319432117538948,
      "median": 0.9432367149758454,
      "p95": 0.9725907029478458,
      "ci95_low": 0.915719845474245,
      "ci95_high": 0.946748734699435
    },
    "length_score": {
      "n": 20,
      "mean": 0.5266666666666666,
      "median": 0.6166666666666667,
      "p95": 0.935,
      "ci95_low": 0.3682916666666667,
      "ci95_high": 0.6883333333333334
    },
    "sentence_score": {
      "n": 20,
      "mean": 0.9125,
      "median": 1.0,
      "p95": 1.0,
      "ci95_low": 0.8425,
      "ci95_high": 0.9650000000000001
    },
    "bertscore_f1": {
      "n": 20,
      "mean": 0.07743944805115462,
      "median": 0.08122513443231583,
      "p95": 0.13149150013923647,
      "ci95_low": 0.057472147401422265,
      "ci95_high": 0.0963677406217903
    },
    "overall_quality": {
      "n": 20,
      "mean": 0.4210242794179183,
      "median": 0.4183654143509124,
      "p95": 0.5449542114615474,
      "ci95_low": 0.39200225383885684,
      "ci95_high": 0.4508811272344271
    },
    "metrics": [
      "context_relevance",
      "persona_consistency",
      "naturalness",
      "context_keyword_coverage",
      "context_overlap",
      "persona_keyword_coverage",
      "persona_style",
      "distinct1",
      "length_score",
      "sentence_score",
      "bertscore_f1",
      "overall_quality"
    ]
  },
  "proposed_contextual": {
    "sample_count": 20,
    "context_relevance": {
      "n": 20,
      "mean": 0.07814772609694773,
      "median": 0.0158004158004158,
      "p95": 0.3446265186426477,
      "ci95_low": 0.03516009907443644,
      "ci95_high": 0.12773839974931034
    },
    "persona_consistency": {
      "n": 20,
      "mean": 0.1505892857142857,
      "median": 0.1,
      "p95": 0.3350000000000001,
      "ci95_low": 0.11248251488095237,
      "ci95_high": 0.1911065476190476
    },
    "naturalness": {
      "n": 20,
      "mean": 0.796600324120076,
      "median": 0.7574167733674775,
      "p95": 0.9457344173441734,
      "ci95_low": 0.7697563684391225,
      "ci95_high": 0.8290209762335269
    },
    "context_keyword_coverage": {
      "n": 20,
      "mean": 0.08598484848484848,
      "median": 0.0,
      "p95": 0.45454545454545453,
      "ci95_low": 0.03106060606060606,
      "ci95_high": 0.15833333333333333
    },
    "context_overlap": {
      "n": 20,
      "mean": 0.05986110719184601,
      "median": 0.05266805266805267,
      "p95": 0.1222822299651568,
      "ci95_low": 0.04633576924846441,
      "ci95_high": 0.07346536980848982
    },
    "persona_keyword_coverage": {
      "n": 20,
      "mean": 0.05047619047619047,
      "median": 0.0,
      "p95": 0.20666666666666678,
      "ci95_low": 0.015476190476190477,
      "ci95_high": 0.09382142857142851
    },
    "persona_style": {
      "n": 20,
      "mean": 0.5510416666666667,
      "median": 0.5,
      "p95": 1.0,
      "ci95_low": 0.4182291666666667,
      "ci95_high": 0.6860807291666658
    },
    "distinct1": {
      "n": 20,
      "mean": 0.9400424769668566,
      "median": 0.9269772481040086,
      "p95": 1.0,
      "ci95_low": 0.9256287403912298,
      "ci95_high": 0.9560646899382687
    },
    "length_score": {
      "n": 20,
      "mean": 0.24166666666666664,
      "median": 0.09999999999999998,
      "p95": 0.7733333333333333,
      "ci95_low": 0.13833333333333334,
      "ci95_high": 0.3583333333333333
    },
    "sentence_score": {
      "n": 20,
      "mean": 0.7225,
      "median": 0.65,
      "p95": 1.0,
      "ci95_low": 0.6525000000000001,
      "ci95_high": 0.7925
    },
    "bertscore_f1": {
      "n": 20,
      "mean": 0.07141379894455895,
      "median": 0.0421274546533823,
      "p95": 0.2315922297537327,
      "ci95_low": 0.04370808823005064,
      "ci95_high": 0.10494720664341002
    },
    "overall_quality": {
      "n": 20,
      "mean": 0.22546373658949964,
      "median": 0.1954422753284078,
      "p95": 0.3910191299947688,
      "ci95_low": 0.19575963903086688,
      "ci95_high": 0.2605547844128883
    },
    "metrics": [
      "context_relevance",
      "persona_consistency",
      "naturalness",
      "context_keyword_coverage",
      "context_overlap",
      "persona_keyword_coverage",
      "persona_style",
      "distinct1",
      "length_score",
      "sentence_score",
      "bertscore_f1",
      "overall_quality"
    ]
  },
  "candidate_no_context": {
    "sample_count": 20,
    "context_relevance": {
      "n": 20,
      "mean": 0.019508465686550333,
      "median": 0.014634146341463414,
      "p95": 0.06990353396603396,
      "ci95_low": 0.013183337398982578,
      "ci95_high": 0.028425312174812263
    },
    "persona_consistency": {
      "n": 20,
      "mean": 0.16329668313866427,
      "median": 0.1,
      "p95": 0.37166666666666676,
      "ci95_low": 0.11592284226190477,
      "ci95_high": 0.21725065513626837
    },
    "naturalness": {
      "n": 20,
      "mean": 0.7925527436895361,
      "median": 0.7486363636363635,
      "p95": 0.9296666666666666,
      "ci95_low": 0.7645993732077458,
      "ci95_high": 0.8248498106060606
    },
    "context_keyword_coverage": {
      "n": 20,
      "mean": 0.00909090909090909,
      "median": 0.0,
      "p95": 0.09090909090909091,
      "ci95_low": 0.0,
      "ci95_high": 0.022727272727272728
    },
    "context_overlap": {
      "n": 20,
      "mean": 0.043816097743046574,
      "median": 0.047619047619047616,
      "p95": 0.06020334059549747,
      "ci95_low": 0.037102640870104106,
      "ci95_high": 0.05090711881115694
    },
    "persona_keyword_coverage": {
      "n": 20,
      "mean": 0.07309523809523809,
      "median": 0.0,
      "p95": 0.33809523809523817,
      "ci95_low": 0.016666666666666666,
      "ci95_high": 0.13978571428571415
    },
    "persona_style": {
      "n": 20,
      "mean": 0.524102463312369,
      "median": 0.5,
      "p95": 1.0,
      "ci95_low": 0.3874495545073375,
      "ci95_high": 0.655293501048218
    },
    "distinct1": {
      "n": 20,
      "mean": 0.9340901925571737,
      "median": 0.9090909090909091,
      "p95": 1.0,
      "ci95_low": 0.9197839885339885,
      "ci95_high": 0.9497441247682992
    },
    "length_score": {
      "n": 20,
      "mean": 0.20833333333333331,
      "median": 0.09999999999999998,
      "p95": 0.6800000000000003,
      "ci95_low": 0.10995833333333331,
      "ci95_high": 0.3283333333333333
    },