{
  "proposed_contextual_controlled": {
    "sample_count": 24,
    "context_relevance": {
      "n": 24,
      "mean": 0.2513759599979417,
      "median": 0.24397605083088952,
      "p95": 0.4135586124401913,
      "ci95_low": 0.21392706382098342,
      "ci95_high": 0.2882921404036629
    },
    "persona_consistency": {
      "n": 24,
      "mean": 0.33015873015873015,
      "median": 0.26,
      "p95": 0.5671428571428572,
      "ci95_low": 0.2779345238095239,
      "ci95_high": 0.40113194444444433
    },
    "naturalness": {
      "n": 24,
      "mean": 0.8998906602798947,
      "median": 0.9144047619047619,
      "p95": 0.9693739837398374,
      "ci95_low": 0.8760374006826822,
      "ci95_high": 0.9210370796616038
    },
    "context_keyword_coverage": {
      "n": 24,
      "mean": 0.314520202020202,
      "median": 0.2727272727272727,
      "p95": 0.5386363636363636,
      "ci95_low": 0.2641414141414141,
      "ci95_high": 0.36300505050505044
    },
    "context_overlap": {
      "n": 24,
      "mean": 0.10403939527933444,
      "median": 0.10194805194805195,
      "p95": 0.16105478861087139,
      "ci95_low": 0.0874652655067501,
      "ci95_high": 0.12431750472534443
    },
    "persona_keyword_coverage": {
      "n": 24,
      "mean": 0.25992063492063494,
      "median": 0.18333333333333335,
      "p95": 0.6714285714285708,
      "ci95_low": 0.1985813492063492,
      "ci95_high": 0.3377232142857141
    },
    "persona_style": {
      "n": 24,
      "mean": 0.611111111111111,
      "median": 0.5,
      "p95": 1.0,
      "ci95_low": 0.4861111111111111,
      "ci95_high": 0.7361111111111112
    },
    "distinct1": {
      "n": 24,
      "mean": 0.9351433173664034,
      "median": 0.9393939393939394,
      "p95": 0.9963414634146341,
      "ci95_low": 0.9202040430419587,
      "ci95_high": 0.9489138423796133
    },
    "length_score": {
      "n": 24,
      "mean": 0.6597222222222222,
      "median": 0.7333333333333333,
      "p95": 0.9283333333333332,
      "ci95_low": 0.5583333333333333,
      "ci95_high": 0.7527777777777778
    },
    "sentence_score": {
      "n": 24,
      "mean": 0.9416666666666668,
      "median": 1.0,
      "p95": 1.0,
      "ci95_low": 0.8833333333333333,
      "ci95_high": 0.9854166666666666
    },
    "bertscore_f1": {
      "n": 24,
      "mean": 0.08118484340957366,
      "median": 0.07334255799651146,
      "p95": 0.13047526851296423,
      "ci95_low": 0.06435155918855648,
      "ci95_high": 0.10059535949258128
    },
    "overall_quality": {
      "n": 24,
      "mean": 0.3744357931094175,
      "median": 0.3637688901664353,
      "p95": 0.4390578489532595,
      "ci95_low": 0.35542463816407444,
      "ci95_high": 0.39932957614770365
    },
    "metrics": [
      "context_relevance",
      "persona_consistency",
      "naturalness",
      "context_keyword_coverage",
      "context_overlap",
      "persona_keyword_coverage",
      "persona_style",
      "distinct1",
      "length_score",
      "sentence_score",
      "bertscore_f1",
      "overall_quality"
    ]
  },
  "proposed_contextual_controlled_hb": {
    "sample_count": 24,
    "context_relevance": {
      "n": 24,
      "mean": 0.2835677048932065,
      "median": 0.28345701917130484,
      "p95": 0.49287291280148415,
      "ci95_low": 0.23079618798616236,
      "ci95_high": 0.3350980749840786
    },
    "persona_consistency": {
      "n": 24,
      "mean": 0.34224108769190736,
      "median": 0.3038095238095238,
      "p95": 0.7244285714285712,
      "ci95_low": 0.27783191842310695,
      "ci95_high": 0.4211334731980224
    },
    "naturalness": {
      "n": 24,
      "mean": 0.8755947739133897,
      "median": 0.8666025641025641,
      "p95": 0.9674208494208495,
      "ci95_low": 0.8494170377284511,
      "ci95_high": 0.900289237267336
    },
    "context_keyword_coverage": {
      "n": 24,
      "mean": 0.36041666666666666,
      "median": 0.36363636363636365,
      "p95": 0.6363636363636364,
      "ci95_low": 0.2875457702020202,
      "ci95_high": 0.4318229166666666
    },
    "context_overlap": {
      "n": 24,
      "mean": 0.10425346075513285,
      "median": 0.10912698412698413,
      "p95": 0.16141701963804386,
      "ci95_low": 0.0896414965176441,
      "ci95_high": 0.11891128849251663
    },
    "persona_keyword_coverage": {
      "n": 24,
      "mean": 0.278968253968254,
      "median": 0.16666666666666666,
      "p95": 0.7142857142857143,
      "ci95_low": 0.1982142857142857,
      "ci95_high": 0.37777777777777777
    },
    "persona_style": {
      "n": 24,
      "mean": 0.595332422586521,
      "median": 0.5,
      "p95": 1.0,
      "ci95_low": 0.4675199225865209,
      "ci95_high": 0.720332422586521
    },
    "distinct1": {
      "n": 24,
      "mean": 0.9452369347834741,
      "median": 0.937950937950938,
      "p95": 1.0,
      "ci95_low": 0.9319969822641683,
      "ci95_high": 0.9583121081642003
    },
    "length_score": {
      "n": 24,
      "mean": 0.5458333333333333,
      "median": 0.5166666666666666,
      "p95": 0.9616666666666667,
      "ci95_low": 0.42777777777777776,
      "ci95_high": 0.6667013888888887
    },
    "sentence_score": {
      "n": 24,
      "mean": 0.8833333333333333,
      "median": 1.0,
      "p95": 1.0,
      "ci95_low": 0.8104166666666667,
      "ci95_high": 0.9420312499999981
    },
    "bertscore_f1": {
      "n": 24,
      "mean": 0.09360989093935738,
      "median": 0.07374851778149605,
      "p95": 0.20787401348352427,
      "ci95_low": 0.06792349456324398,
      "ci95_high": 0.12214244876231531
    },
    "overall_quality": {
      "n": 24,
      "mean": 0.389097397393656,
      "median": 0.3832237476938289,
      "p95": 0.4970301792037274,
      "ci95_low": 0.36297548566150967,
      "ci95_high": 0.4175471066930573
    },
    "metrics": [
      "context_relevance",
      "persona_consistency",
      "naturalness",
      "context_keyword_coverage",
      "context_overlap",
      "persona_keyword_coverage",
      "persona_style",
      "distinct1",
      "length_score",
      "sentence_score",
      "bertscore_f1",
      "overall_quality"
    ]
  },
  "proposed_contextual": {
    "sample_count": 24,
    "context_relevance": {
      "n": 24,
      "mean": 0.07967673263113709,
      "median": 0.015587044534412953,
      "p95": 0.2764796380090497,
      "ci95_low": 0.04027044944230305,
      "ci95_high": 0.12671421917114864
    },
    "persona_consistency": {
      "n": 24,
      "mean": 0.14144345238095238,
      "median": 0.1,
      "p95": 0.31833333333333313,
      "ci95_low": 0.10164713541666669,
      "ci95_high": 0.18500961061507934
    },
    "naturalness": {
      "n": 24,
      "mean": 0.8208444005494209,
      "median": 0.7734848484848484,
      "p95": 0.9305159574468084,
      "ci95_low": 0.7893035201857094,
      "ci95_high": 0.8516082264469805
    },
    "context_keyword_coverage": {
      "n": 24,
      "mean": 0.08743686868686869,
      "median": 0.0,
      "p95": 0.3499999999999998,
      "ci95_low": 0.03787878787878788,
      "ci95_high": 0.1442550505050505
    },
    "context_overlap": {
      "n": 24,
      "mean": 0.06156974850109672,
      "median": 0.050031269543464665,
      "p95": 0.15654794520547938,
      "ci95_low": 0.04522897386424204,
      "ci95_high": 0.07990859403082529
    },
    "persona_keyword_coverage": {
      "n": 24,
      "mean": 0.044642857142857144,
      "median": 0.0,
      "p95": 0.16666666666666666,
      "ci95_low": 0.006944444444444444,
      "ci95_high": 0.0992063492063492
    },
    "persona_style": {
      "n": 24,
      "mean": 0.5286458333333334,
      "median": 0.5,
      "p95": 1.0,
      "ci95_low": 0.39713541666666663,
      "ci95_high": 0.66015625
    },
    "distinct1": {
      "n": 24,
      "mean": 0.9418679458179967,
      "median": 0.9232954545454546,
      "p95": 1.0,
      "ci95_low": 0.9281527932702968,
      "ci95_high": 0.9569856869101337
    },
    "length_score": {
      "n": 24,
      "mean": 0.3444444444444444,