{
  "proposed_contextual_controlled": {
    "sample_count": 112,
    "context_relevance": {
      "n": 112,
      "mean": 0.2633247058730982,
      "median": 0.2593226381461675,
      "p95": 0.3954772727272726,
      "ci95_low": 0.25037273684185724,
      "ci95_high": 0.2774946630268176
    },
    "persona_consistency": {
      "n": 112,
      "mean": 0.31105560462821497,
      "median": 0.33333333333333337,
      "p95": 0.4816666666666663,
      "ci95_low": 0.28908791209665685,
      "ci95_high": 0.3314558189042663
    },
    "naturalness": {
      "n": 112,
      "mean": 0.9071199968615992,
      "median": 0.92,
      "p95": 0.9755555555555555,
      "ci95_low": 0.8954995905639069,
      "ci95_high": 0.9180752782900092
    },
    "context_keyword_coverage": {
      "n": 112,
      "mean": 0.3306412337662338,
      "median": 0.3333333333333333,
      "p95": 0.5,
      "ci95_low": 0.31271611201298705,
      "ci95_high": 0.3492972132034632
    },
    "context_overlap": {
      "n": 112,
      "mean": 0.10625280745578201,
      "median": 0.10380747126436782,
      "p95": 0.15968115942028982,
      "ci95_low": 0.10093928314339717,
      "ci95_high": 0.1114415854188407
    },
    "persona_keyword_coverage": {
      "n": 112,
      "mean": 0.24255952380952378,
      "median": 0.2,
      "p95": 0.5321428571428564,
      "ci95_low": 0.21760204081632653,
      "ci95_high": 0.2669642857142857
    },
    "persona_style": {
      "n": 112,
      "mean": 0.5850399279029794,
      "median": 0.5,
      "p95": 1.0,
      "ci95_low": 0.5192049791507513,
      "ci95_high": 0.652381211504488
    },
    "distinct1": {
      "n": 112,
      "mean": 0.937052224296855,
      "median": 0.9333333333333333,
      "p95": 0.9748120300751879,
      "ci95_low": 0.9325234961412621,
      "ci95_high": 0.9419631299554136
    },
    "length_score": {
      "n": 112,
      "mean": 0.6788690476190476,
      "median": 0.7333333333333334,
      "p95": 0.9666666666666666,
      "ci95_low": 0.6228869047619048,
      "ci95_high": 0.7285714285714284
    },
    "sentence_score": {
      "n": 112,
      "mean": 0.9656250000000001,
      "median": 1.0,
      "p95": 1.0,
      "ci95_low": 0.94375,
      "ci95_high": 0.984375
    },
    "bertscore_f1": {
      "n": 112,
      "mean": 0.09989742123850322,
      "median": 0.09325859695672989,
      "p95": 0.2049764476716518,
      "ci95_low": 0.08942815175240477,
      "ci95_high": 0.11129144857924464
    },
    "overall_quality": {
      "n": 112,
      "mean": 0.3768309898870306,
      "median": 0.37403208907058283,
      "p95": 0.47031768009229247,
      "ci95_low": 0.3666470283304275,
      "ci95_high": 0.3863924239035636
    },
    "metrics": [
      "context_relevance",
      "persona_consistency",
      "naturalness",
      "context_keyword_coverage",
      "context_overlap",
      "persona_keyword_coverage",
      "persona_style",
      "distinct1",
      "length_score",
      "sentence_score",
      "bertscore_f1",
      "overall_quality"
    ]
  },
  "proposed_contextual_controlled_alt": {
    "sample_count": 112,
    "context_relevance": {
      "n": 112,
      "mean": 0.26150545818259385,
      "median": 0.22727643784786639,
      "p95": 0.44118749999999984,
      "ci95_low": 0.24419433149105763,
      "ci95_high": 0.2808003468173927
    },
    "persona_consistency": {
      "n": 112,
      "mean": 0.3048980324888576,
      "median": 0.33333333333333337,
      "p95": 0.4816666666666663,
      "ci95_low": 0.28361398223082335,
      "ci95_high": 0.3274268212673
    },
    "naturalness": {
      "n": 112,
      "mean": 0.8969684769379974,
      "median": 0.9124137931034483,
      "p95": 0.9755555555555555,
      "ci95_low": 0.8844753700857865,
      "ci95_high": 0.9097497431061699
    },
    "context_keyword_coverage": {
      "n": 112,
      "mean": 0.3286931818181818,
      "median": 0.2727272727272727,
      "p95": 0.5624999999999996,
      "ci95_low": 0.30504498106060607,
      "ci95_high": 0.35183982683982684
    },
    "context_overlap": {
      "n": 112,
      "mean": 0.10473410303288858,
      "median": 0.10471491228070176,
      "p95": 0.15851685393258425,
      "ci95_low": 0.09868806587440324,
      "ci95_high": 0.11063584362698874
    },
    "persona_keyword_coverage": {
      "n": 112,
      "mean": 0.23248299319727891,
      "median": 0.2,
      "p95": 0.46071428571428485,
      "ci95_low": 0.20612138605442176,
      "ci95_high": 0.2579102891156463
    },
    "persona_style": {
      "n": 112,
      "mean": 0.5945581896551725,
      "median": 0.5,
      "p95": 1.0,
      "ci95_low": 0.5293837874589491,
      "ci95_high": 0.65682054341133
    },
    "distinct1": {
      "n": 112,
      "mean": 0.9374520171749253,
      "median": 0.9354838709677419,
      "p95": 1.0,
      "ci95_low": 0.9310447857610025,
      "ci95_high": 0.9434080270696308
    },
    "length_score": {
      "n": 112,
      "mean": 0.6431547619047618,
      "median": 0.7,
      "p95": 0.9666666666666666,
      "ci95_low": 0.5860044642857142,
      "ci95_high": 0.6979166666666667
    },
    "sentence_score": {
      "n": 112,
      "mean": 0.9343750000000001,
      "median": 1.0,
      "p95": 1.0,
      "ci95_low": 0.9092968749999999,
      "ci95_high": 0.9563281249999995
    },
    "bertscore_f1": {
      "n": 112,
      "mean": 0.09146998364511612,
      "median": 0.08532781526446342,
      "p95": 0.2033093713223934,
      "ci95_low": 0.08082357930044444,
      "ci95_high": 0.10215322813310193
    },
    "overall_quality": {
      "n": 112,
      "mean": 0.3711244343183417,
      "median": 0.36349946664862065,
      "p95": 0.46132712649408536,
      "ci95_low": 0.3608463454519457,
      "ci95_high": 0.3807569321689669
    },
    "metrics": [
      "context_relevance",
      "persona_consistency",
      "naturalness",
      "context_keyword_coverage",
      "context_overlap",
      "persona_keyword_coverage",
      "persona_style",
      "distinct1",
      "length_score",
      "sentence_score",
      "bertscore_f1",
      "overall_quality"
    ]
  },
  "proposed_contextual": {
    "sample_count": 112,
    "context_relevance": {
      "n": 112,
      "mean": 0.07109769024479176,
      "median": 0.016216216216216217,
      "p95": 0.22693393562958764,
      "ci95_low": 0.054372115419091385,
      "ci95_high": 0.09001854992386178
    },
    "persona_consistency": {
      "n": 112,
      "mean": 0.14477513069760867,
      "median": 0.1,
      "p95": 0.4614285714285713,
      "ci95_low": 0.12094177963082793,
      "ci95_high": 0.1698710232718336
    },
    "naturalness": {
      "n": 112,
      "mean": 0.8070424591951513,
      "median": 0.7486363636363635,
      "p95": 0.9505535714285713,
      "ci95_low": 0.7934333193224626,
      "ci95_high": 0.8209020985217098
    },
    "context_keyword_coverage": {
      "n": 112,
      "mean": 0.07724567099567099,
      "median": 0.0,
      "p95": 0.2727272727272727,
      "ci95_low": 0.0549895156926407,
      "ci95_high": 0.10072646103896098
    },
    "context_overlap": {
      "n": 112,
      "mean": 0.056752401826073585,
      "median": 0.04878048780487805,
      "p95": 0.11015624999999998,
      "ci95_low": 0.04948598209506989,
      "ci95_high": 0.06553465702857267
    },
    "persona_keyword_coverage": {
      "n": 112,
      "mean": 0.05548469387755102,
      "median": 0.0,
      "p95": 0.46071428571428485,
      "ci95_low": 0.029549319727891155,
      "ci95_high": 0.085671768707483
    },
    "persona_style": {
      "n": 112,
      "mean": 0.5019368779778391,
      "median": 0.5,
      "p95": 1.0,
      "ci95_low": 0.44025625889431724,
      "ci95_high": 0.5635174822577337
    },
    "distinct1": {
      "n": 112,
      "mean": 0.9365793622735926,
      "median": 0.9090909090909091,
      "p95": 1.0,
      "ci95_low": 0.9292982188237925,
      "ci95_high": 0.9437300155309335
    },
    "length_score": {
      "n": 112,
      "mean": 0.2839285714285714,
      "median": 0.09999999999999998,