{
  "ttft_ms": {
    "candidate_mean": 317.81970000156434,
    "baseline_mean": 155.77118749934016,
    "absolute_delta": 162.04851250222418,
    "relative_delta": 1.0402983703447122,
    "candidate_better": false,
    "lower_is_better": true
  },
  "total_time_ms": {
    "candidate_mean": 1997.7938625015668,
    "baseline_mean": 1632.2002875022008,
    "absolute_delta": 365.59357499936596,
    "relative_delta": 0.2239881819643859,
    "candidate_better": false,
    "lower_is_better": true
  },
  "tokens_per_s": {
    "candidate_mean": 38.702274625208524,
    "baseline_mean": 40.247959521172035,
    "absolute_delta": -1.545684895963511,
    "relative_delta": -0.03840405611495457,
    "candidate_better": false,
    "lower_is_better": false
  }
}