{
  "candidate_model": "elara-npc:latest",
  "baseline_model": "phi3:mini",
  "candidate_mean": 0.037803516956046224,
  "baseline_mean": 0.11077825573738664,
  "absolute_delta": -0.07297473878134042,
  "relative_delta": -0.6587460535065287,
  "candidate_better": false
}