{
  "elara-npc:latest": {
    "total_requests": 8,
    "ok_requests": 8,
    "error_requests": 0,
    "error_rate": 0.0,
    "ttft_ms": {
      "n": 8,
      "mean": 317.81970000156434,
      "median": 277.4901500088163,
      "p95": 497.2301300149409,
      "ci95_low": 269.00471623976046,
      "ci95_high": 399.9281728289134
    },
    "total_time_ms": {
      "n": 8,
      "mean": 1997.7938625015668,
      "median": 1948.4291999833658,
      "p95": 2176.4281900104834,
      "ci95_low": 1935.1940453248972,
      "ci95_high": 2078.441409675179
    },
    "tokens_per_s": {
      "n": 8,
      "mean": 38.702274625208524,
      "median": 38.938897712666886,
      "p95": 39.76448259432262,
      "ci95_low": 37.91941550434304,
      "ci95_high": 39.34543404688397
    }
  },
  "phi3:mini": {
    "total_requests": 8,
    "ok_requests": 8,
    "error_requests": 0,
    "error_rate": 0.0,
    "ttft_ms": {
      "n": 8,
      "mean": 155.77118749934016,
      "median": 144.2117000115104,
      "p95": 215.8521150180604,
      "ci95_low": 135.72198185556772,
      "ci95_high": 182.63061250036117
    },
    "total_time_ms": {
      "n": 8,
      "mean": 1632.2002875022008,
      "median": 1768.2558000087738,
      "p95": 1841.7695900017861,
      "ci95_low": 1316.8510593774045,
      "ci95_high": 1804.8156881442992
    },
    "tokens_per_s": {
      "n": 8,
      "mean": 40.247959521172035,
      "median": 40.122664475419946,
      "p95": 41.56289999067813,
      "ci95_low": 39.82001514289593,
      "ci95_high": 40.90241701069681
    }
  }
}