{
  "ttft_ms": {
    "candidate_mean": 672.0275875049992,
    "baseline_mean": 165.35945000941865,
    "absolute_delta": 506.6681374955806,
    "relative_delta": 3.0640410177145694,
    "candidate_better": false,
    "lower_is_better": true
  },
  "total_time_ms": {
    "candidate_mean": 2294.8892874919693,
    "baseline_mean": 1634.796162499697,
    "absolute_delta": 660.0931249922724,
    "relative_delta": 0.4037770213400502,
    "candidate_better": false,
    "lower_is_better": true
  },
  "tokens_per_s": {
    "candidate_mean": 34.88162279303719,
    "baseline_mean": 35.39565642167076,
    "absolute_delta": -0.5140336286335696,
    "relative_delta": -0.014522505883486199,
    "candidate_better": false,
    "lower_is_better": false
  }
}