{
  "candidate_model": "elara-npc:latest",
  "baseline_model": "phi3:mini",
  "candidate_mean": 0.019811458565527573,
  "baseline_mean": 0.1352839859900996,
  "absolute_delta": -0.11547252742457204,
  "relative_delta": -0.853556513577465,
  "candidate_better": false
}