{
  "elara-npc:latest": {
    "total_requests": 8,
    "ok_requests": 8,
    "error_requests": 0,
    "error_rate": 0.0,
    "ttft_ms": {
      "n": 8,
      "mean": 672.0275875049992,
      "median": 313.0933500069659,
      "p95": 2171.9811299932176,
      "ci95_low": 307.4263900050937,
      "ci95_high": 1379.3946974985374
    },
    "total_time_ms": {
      "n": 8,
      "mean": 2294.8892874919693,
      "median": 1933.927500009304,
      "p95": 3848.1192649749555,
      "ci95_low": 1912.3362374903081,
      "ci95_high": 3027.6877765461904
    },
    "tokens_per_s": {
      "n": 8,
      "mean": 34.88162279303719,
      "median": 35.15803964905712,
      "p95": 35.83447863319056,
      "ci95_low": 34.232395039023096,
      "ci95_high": 35.49175857810807
    }
  },
  "phi3:mini": {
    "total_requests": 8,
    "ok_requests": 8,
    "error_requests": 0,
    "error_rate": 0.0,
    "ttft_ms": {
      "n": 8,
      "mean": 165.35945000941865,
      "median": 147.31560001382604,
      "p95": 260.2139249938772,
      "ci95_low": 138.95211157177982,
      "ci95_high": 210.0518474973796
    },
    "total_time_ms": {
      "n": 8,
      "mean": 1634.796162499697,
      "median": 1755.8894499961752,
      "p95": 1870.1843699702295,
      "ci95_low": 1335.811940639178,
      "ci95_high": 1813.401849991351
    },
    "tokens_per_s": {
      "n": 8,
      "mean": 35.39565642167076,
      "median": 35.319802178837236,
      "p95": 36.515740314148985,
      "ci95_low": 34.95907871510628,
      "ci95_high": 35.94906920976855
    }
  }
}