{
  "proposed_contextual_controlled": {
    "sample_count": 24,
    "context_relevance": {
      "n": 24,
      "mean": 0.28811167659281217,
      "median": 0.2581086286594761,
      "p95": 0.5101443312434691,
      "ci95_low": 0.23994107360163736,
      "ci95_high": 0.3386275384862721
    },
    "persona_consistency": {
      "n": 24,
      "mean": 0.34475000000000006,
      "median": 0.3186666666666667,
      "p95": 0.5671428571428572,
      "ci95_low": 0.3007454365079365,
      "ci95_high": 0.3946924603174603
    },
    "naturalness": {
      "n": 24,
      "mean": 0.8788969334001963,
      "median": 0.9076011533371147,
      "p95": 0.9640130718954248,
      "ci95_low": 0.8479361221715779,
      "ci95_high": 0.9067305979777316
    },
    "context_keyword_coverage": {
      "n": 24,
      "mean": 0.3659722222222222,
      "median": 0.3181818181818182,
      "p95": 0.662121212121212,
      "ci95_low": 0.3056092171717172,
      "ci95_high": 0.43226325757575756
    },
    "context_overlap": {
      "n": 24,
      "mean": 0.10643707012418864,
      "median": 0.1,
      "p95": 0.16002104581512058,
      "ci95_low": 0.09200226092855962,
      "ci95_high": 0.12088129418658113
    },
    "persona_keyword_coverage": {
      "n": 24,
      "mean": 0.2736111111111111,
      "median": 0.2,
      "p95": 0.5849999999999997,
      "ci95_low": 0.21785218253968253,
      "ci95_high": 0.34027777777777773
    },
    "persona_style": {
      "n": 24,
      "mean": 0.6293055555555556,
      "median": 0.5,
      "p95": 1.0,
      "ci95_low": 0.517361111111111,
      "ci95_high": 0.7404166666666666
    },
    "distinct1": {
      "n": 24,
      "mean": 0.9351099579153712,
      "median": 0.9374389051808407,
      "p95": 1.0,
      "ci95_low": 0.9171057809600294,
      "ci95_high": 0.9530152838612478
    },
    "length_score": {
      "n": 24,
      "mean": 0.5777777777777778,
      "median": 0.7333333333333334,
      "p95": 0.9283333333333332,
      "ci95_low": 0.44166666666666665,
      "ci95_high": 0.6986111111111111
    },
    "sentence_score": {
      "n": 24,
      "mean": 0.8979166666666667,
      "median": 1.0,
      "p95": 1.0,
      "ci95_low": 0.8392187499999999,
      "ci95_high": 0.9562499999999999
    },
    "bertscore_f1": {
      "n": 24,
      "mean": 0.08476774569135159,
      "median": 0.06800592690706253,
      "p95": 0.14281610846519469,
      "ci95_low": 0.06730795488304768,
      "ci95_high": 0.10336076308546277
    },
    "overall_quality": {
      "n": 24,
      "mean": 0.3908479138061745,
      "median": 0.3888115312256305,
      "p95": 0.48002021647668935,
      "ci95_low": 0.37404441614545436,
      "ci95_high": 0.4091435516329929
    },
    "metrics": [
      "context_relevance",
      "persona_consistency",
      "naturalness",
      "context_keyword_coverage",
      "context_overlap",
      "persona_keyword_coverage",
      "persona_style",
      "distinct1",
      "length_score",
      "sentence_score",
      "bertscore_f1",
      "overall_quality"
    ]
  },
  "proposed_contextual_controlled_alt": {
    "sample_count": 24,
    "context_relevance": {
      "n": 24,
      "mean": 0.29059534198909615,
      "median": 0.2842995529061103,
      "p95": 0.48546155021778437,
      "ci95_low": 0.24298737727246408,
      "ci95_high": 0.33712628086333596
    },
    "persona_consistency": {
      "n": 24,
      "mean": 0.31296176046176044,
      "median": 0.3038095238095238,
      "p95": 0.4935714285714285,
      "ci95_low": 0.2804865620490621,
      "ci95_high": 0.3489958513708514
    },
    "naturalness": {
      "n": 24,
      "mean": 0.8833537432352956,
      "median": 0.9098658536585366,
      "p95": 0.9844234234234233,
      "ci95_low": 0.8491695980816439,
      "ci95_high": 0.9161798136004093
    },
    "context_keyword_coverage": {
      "n": 24,
      "mean": 0.36723484848484844,
      "median": 0.36363636363636365,
      "p95": 0.6363636363636364,
      "ci95_low": 0.30472064393939396,
      "ci95_high": 0.43024305555555553
    },
    "context_overlap": {
      "n": 24,
      "mean": 0.11176982683234064,
      "median": 0.10912698412698413,
      "p95": 0.19818256075148044,
      "ci95_low": 0.09340275798898866,
      "ci95_high": 0.1314078146866845
    },
    "persona_keyword_coverage": {
      "n": 24,
      "mean": 0.2390873015873016,
      "median": 0.18333333333333335,
      "p95": 0.4892857142857141,
      "ci95_low": 0.19741567460317458,
      "ci95_high": 0.29088293650793645
    },
    "persona_style": {
      "n": 24,
      "mean": 0.608459595959596,
      "median": 0.5,
      "p95": 1.0,
      "ci95_low": 0.4903756313131313,
      "ci95_high": 0.7209974747474747
    },
    "distinct1": {
      "n": 24,
      "mean": 0.9439746358660169,
      "median": 0.9451951951951951,
      "p95": 1.0,
      "ci95_low": 0.9296368906146262,
      "ci95_high": 0.9580723394294095
    },
    "length_score": {
      "n": 24,
      "mean": 0.5652777777777778,
      "median": 0.7,
      "p95": 0.9616666666666667,
      "ci95_low": 0.41111111111111115,
      "ci95_high": 0.7000347222222221
    },
    "sentence_score": {
      "n": 24,
      "mean": 0.9270833333333334,
      "median": 1.0,
      "p95": 1.0,
      "ci95_low": 0.86875,
      "ci95_high": 0.9854166666666666
    },
    "bertscore_f1": {
      "n": 24,
      "mean": 0.09587826494437952,
      "median": 0.07810953631997108,
      "p95": 0.2287476435303687,
      "ci95_low": 0.06705482796533034,
      "ci95_high": 0.1266473356052302
    },
    "overall_quality": {
      "n": 24,
      "mean": 0.3835204964552359,
      "median": 0.37084157471704293,
      "p95": 0.4632935349671355,
      "ci95_low": 0.36601688947062233,
      "ci95_high": 0.40286650085945847
    },
    "metrics": [
      "context_relevance",
      "persona_consistency",
      "naturalness",
      "context_keyword_coverage",
      "context_overlap",
      "persona_keyword_coverage",
      "persona_style",
      "distinct1",
      "length_score",
      "sentence_score",
      "bertscore_f1",
      "overall_quality"
    ]
  },
  "proposed_contextual": {
    "sample_count": 24,
    "context_relevance": {
      "n": 24,
      "mean": 0.05826881401199663,
      "median": 0.014814814814814814,
      "p95": 0.2643444231471338,
      "ci95_low": 0.02672292866418776,
      "ci95_high": 0.09790060283287842
    },
    "persona_consistency": {
      "n": 24,
      "mean": 0.16446516106442577,
      "median": 0.1,
      "p95": 0.4528571428571428,
      "ci95_low": 0.10642665660014006,
      "ci95_high": 0.2360877866771708
    },
    "naturalness": {
      "n": 24,
      "mean": 0.800681236917918,
      "median": 0.7655985915492958,
      "p95": 0.9178235294117647,
      "ci95_low": 0.7759829105648105,
      "ci95_high": 0.827484749468914
    },
    "context_keyword_coverage": {
      "n": 24,
      "mean": 0.06313131313131314,
      "median": 0.0,
      "p95": 0.3242424242424241,
      "ci95_low": 0.022727272727272724,
      "ci95_high": 0.10984848484848485
    },
    "context_overlap": {
      "n": 24,
      "mean": 0.04692298273359147,
      "median": 0.04819976771196283,
      "p95": 0.12458242059145663,
      "ci95_low": 0.03509840001688366,
      "ci95_high": 0.06075074980268399
    },
    "persona_keyword_coverage": {
      "n": 24,
      "mean": 0.07142857142857142,
      "median": 0.0,
      "p95": 0.5285714285714279,
      "ci95_low": 0.0,
      "ci95_high": 0.16666666666666666
    },
    "persona_style": {
      "n": 24,
      "mean": 0.5366115196078431,
      "median": 0.5,
      "p95": 1.0,
      "ci95_low": 0.41566712622549024,
      "ci95_high": 0.6577052696078431
    },
    "distinct1": {
      "n": 24,
      "mean": 0.9459739256281287,
      "median": 0.9154929577464789,
      "p95": 1.0,
      "ci95_low": 0.9303014122989303,
      "ci95_high": 0.9627498795971723
    },
    "length_score": {
      "n": 24,
      "mean": 0.25,
      "median": 0.09999999999999998,
      "p95": 0.6,
      "ci95_low": 0.15416666666666665,