{
  "ttft_ms": {
    "candidate_mean": 735.6645624986413,
    "baseline_mean": 782.4369000027218,
    "absolute_delta": -46.7723375040805,
    "relative_delta": -0.05977777569528967,
    "candidate_better": true,
    "lower_is_better": true
  },
  "total_time_ms": {
    "candidate_mean": 4218.029250003383,
    "baseline_mean": 3868.0731125041348,
    "absolute_delta": 349.95613749924814,
    "relative_delta": 0.09047298934654614,
    "candidate_better": false,
    "lower_is_better": true
  },
  "tokens_per_s": {
    "candidate_mean": 18.62965984738683,
    "baseline_mean": 19.492664247713172,
    "absolute_delta": -0.8630044003263428,
    "relative_delta": -0.04427329119094575,
    "candidate_better": false,
    "lower_is_better": false
  }
}