{
  "elara-npc:latest": {
    "total_requests": 8,
    "ok_requests": 8,
    "error_requests": 0,
    "error_rate": 0.0,
    "ttft_ms": {
      "n": 8,
      "mean": 735.6645624986413,
      "median": 675.0313499942422,
      "p95": 963.8509600052201,
      "ci95_low": 659.2542878107452,
      "ci95_high": 829.9210603166557
    },
    "total_time_ms": {
      "n": 8,
      "mean": 4218.029250003383,
      "median": 4159.835650003515,
      "p95": 4560.922620004567,
      "ci95_low": 4064.9188978179154,
      "ci95_high": 4369.846316878783
    },
    "tokens_per_s": {
      "n": 8,
      "mean": 18.62965984738683,
      "median": 19.086224939848144,
      "p95": 19.371630679329932,
      "ci95_low": 17.866728830650928,
      "ci95_high": 19.233700307179962
    }
  },
  "phi3:mini": {
    "total_requests": 8,
    "ok_requests": 8,
    "error_requests": 0,
    "error_rate": 0.0,
    "ttft_ms": {
      "n": 8,
      "mean": 782.4369000027218,
      "median": 780.4157999999006,
      "p95": 840.483670005051,
      "ci95_low": 760.1691612512241,
      "ci95_high": 807.6086068795121
    },
    "total_time_ms": {
      "n": 8,
      "mean": 3868.0731125041348,
      "median": 4085.0940000018454,
      "p95": 4321.354670004075,
      "ci95_low": 3333.638520314571,
      "ci95_high": 4190.581387507336
    },
    "tokens_per_s": {
      "n": 8,
      "mean": 19.492664247713172,
      "median": 19.841481105157193,
      "p95": 20.27527990828348,
      "ci95_low": 18.86009356493387,
      "ci95_high": 20.02462592631102
    }
  }
}