{
  "run_dir": "artifacts\\proposal\\20260228T083050Z",
  "scenario_count": 112,
  "metrics": [
    "distinct1",
    "distinct2",
    "content_distinct1",
    "mtld",
    "repetition_penalty",
    "lexical_richness"
  ],
  "summary": {
    "proposed_contextual_controlled": {
      "distinct1": {
        "n": 112,
        "mean": 0.9413943349974977,
        "ci95_low": 0.9372302328313807,
        "ci95_high": 0.9455238293027765
      },
      "distinct2": {
        "n": 112,
        "mean": 0.9996888528138529,
        "ci95_low": 0.9992153679653679,
        "ci95_high": 1.0
      },
      "content_distinct1": {
        "n": 112,
        "mean": 0.9905053092507451,
        "ci95_low": 0.986992532204332,
        "ci95_high": 0.9938619632318791
      },
      "mtld": {
        "n": 112,
        "mean": 217.20554640839381,
        "ci95_low": 187.27202749949558,
        "ci95_high": 251.167548968422
      },
      "repetition_penalty": {
        "n": 112,
        "mean": 0.058605665002502354,
        "ci95_low": 0.05444949194929632,
        "ci95_high": 0.0627955271423657
      },
      "lexical_richness": {
        "n": 112,
        "mean": 0.9303740507044417,
        "ci95_low": 0.9185187591098859,
        "ci95_high": 0.9424530476120165
      }
    },
    "proposed_contextual": {
      "distinct1": {
        "n": 112,
        "mean": 0.9401778575611194,
        "ci95_low": 0.9334898710752454,
        "ci95_high": 0.9470569038144033
      },
      "distinct2": {
        "n": 112,
        "mean": 1.0,
        "ci95_low": 1.0,
        "ci95_high": 1.0
      },
      "content_distinct1": {
        "n": 112,
        "mean": 0.9972405390357518,
        "ci95_low": 0.994846213337071,
        "ci95_high": 0.9990372119753768
      },
      "mtld": {
        "n": 112,
        "mean": 121.51197023809523,
        "ci95_low": 92.46019925595238,
        "ci95_high": 155.14595654761905
      },
      "repetition_penalty": {
        "n": 112,
        "mean": 0.059822142438880635,
        "ci95_low": 0.05305139901988695,
        "ci95_high": 0.06642061751434836
      },
      "lexical_richness": {
        "n": 112,
        "mean": 0.8111534620266344,
        "ci95_low": 0.7907210488131141,
        "ci95_high": 0.8315379561929911
      }
    },
    "candidate_no_context": {
      "distinct1": {
        "n": 112,
        "mean": 0.9336603789168028,
        "ci95_low": 0.9272634259576593,
        "ci95_high": 0.9405397147093916
      },
      "distinct2": {
        "n": 112,
        "mean": 0.9996507078986587,
        "ci95_low": 0.9990984937193953,
        "ci95_high": 1.0
      },
      "content_distinct1": {
        "n": 112,
        "mean": 0.9960539987487165,
        "ci95_low": 0.9931839454613652,
        "ci95_high": 0.9983960387623819
      },
      "mtld": {
        "n": 112,
        "mean": 93.28410714285712,
        "ci95_low": 68.61071383928572,
        "ci95_high": 120.56963556547616
      },
      "repetition_penalty": {
        "n": 112,
        "mean": 0.06633962108319716,
        "ci95_low": 0.05981518245581475,
        "ci95_high": 0.07280415018303533
      },
      "lexical_richness": {
        "n": 112,
        "mean": 0.797459331177435,
        "ci95_low": 0.7799174157355965,
        "ci95_high": 0.8167080359939252
      }
    },
    "baseline_no_context": {
      "distinct1": {
        "n": 112,
        "mean": 0.9848454962169803,
        "ci95_low": 0.9805836661796926,
        "ci95_high": 0.988709200331723
      },
      "distinct2": {
        "n": 112,
        "mean": 0.9998405612244898,
        "ci95_low": 0.9995216836734694,
        "ci95_high": 1.0
      },
      "content_distinct1": {
        "n": 112,
        "mean": 0.9980960578675916,
        "ci95_low": 0.996233451714019,
        "ci95_high": 0.999642857142857
      },
      "mtld": {
        "n": 112,
        "mean": 155.65369047619046,
        "ci95_low": 116.84191071428567,
        "ci95_high": 198.491943452381
      },
      "repetition_penalty": {
        "n": 112,
        "mean": 0.01515450378301981,
        "ci95_low": 0.011270946690062207,
        "ci95_high": 0.019352596687173627
      },
      "lexical_richness": {
        "n": 112,
        "mean": 0.8286494864790329,
        "ci95_low": 0.8078500215260593,
        "ci95_high": 0.8500744513169356
      }
    },
    "baseline_no_context_phi3_latest": {
      "distinct1": {
        "n": 112,
        "mean": 0.9787346528782861,
        "ci95_low": 0.9740991218129618,
        "ci95_high": 0.9832481627026618
      },
      "distinct2": {
        "n": 112,
        "mean": 0.9998433583959899,
        "ci95_low": 0.9995300751879699,
        "ci95_high": 1.0
      },
      "content_distinct1": {
        "n": 112,
        "mean": 0.997828975340136,
        "ci95_low": 0.9958916613520409,
        "ci95_high": 0.9994052269345238
      },
      "mtld": {
        "n": 112,
        "mean": 168.89883928571425,
        "ci95_low": 131.2645535714286,
        "ci95_high": 208.53278497023808
      },
      "repetition_penalty": {
        "n": 112,
        "mean": 0.02126534712171391,
        "ci95_low": 0.016909120729844906,
        "ci95_high": 0.02573263472871476
      },
      "lexical_richness": {
        "n": 112,
        "mean": 0.8554762652570186,
        "ci95_low": 0.8329568988721134,
        "ci95_high": 0.8775261490936613
      }
    }
  },
  "paired_deltas": {
    "proposed_vs_candidate_no_context": {
      "distinct1": {
        "n": 112,
        "mean_delta": 0.0065174786443165265,
        "ci95_low": -0.0010972179198209197,
        "ci95_high": 0.014158373353330688,
        "p_delta_le_0": 0.050333333333333334
      },
      "distinct2": {
        "n": 112,
        "mean_delta": 0.00034929210134128163,
        "ci95_low": 0.0,
        "ci95_high": 0.000901506280604641,
        "p_delta_le_0": 0.13366666666666666
      },
      "content_distinct1": {
        "n": 112,
        "mean_delta": 0.0011865402870353617,
        "ci95_low": -0.002157877520156958,
        "ci95_high": 0.004518677154545324,
        "p_delta_le_0": 0.23566666666666666
      },
      "mtld": {
        "n": 112,
        "mean_delta": 28.2278630952381,
        "ci95_low": -8.654405059523736,
        "ci95_high": 66.25027306547615,
        "p_delta_le_0": 0.07233333333333333
      },
      "repetition_penalty": {
        "n": 112,
        "mean_delta": -0.0065174786443165265,
        "ci95_low": -0.013683699355638797,
        "ci95_high": 0.0008433105946735672,
        "p_delta_le_0": 0.959
      },
      "lexical_richness": {
        "n": 112,
        "mean_delta": 0.013694130849199345,
        "ci95_low": -0.009925318007782699,
        "ci95_high": 0.03798851781408737,
        "p_delta_le_0": 0.13333333333333333
      }
    },
    "proposed_vs_baseline_no_context": {
      "distinct1": {
        "n": 112,
        "mean_delta": -0.04466763865586084,
        "ci95_low": -0.05261901030448108,
        "ci95_high": -0.03631892776502861,
        "p_delta_le_0": 1.0
      },
      "distinct2": {
        "n": 112,
        "mean_delta": 0.0001594387755102045,
        "ci95_low": 0.0,
        "ci95_high": 0.00047831632653061353,
        "p_delta_le_0": 0.375
      },
      "content_distinct1": {
        "n": 112,
        "mean_delta": -0.0008555188318396771,
        "ci95_low": -0.0036040053237610423,
        "ci95_high": 0.001850853909940044,
        "p_delta_le_0": 0.728
      },
      "mtld": {
        "n": 112,
        "mean_delta": -34.14172023809523,
        "ci95_low": -86.56290788690484,
        "ci95_high": 18.3637702380952,
        "p_delta_le_0": 0.895
      },
      "repetition_penalty": {
        "n": 112,
        "mean_delta": 0.04466763865586083,
        "ci95_low": 0.03657796587962486,
        "ci95_high": 0.052678741283666515,
        "p_delta_le_0": 0.0
      },
      "lexical_richness": {
        "n": 112,
        "mean_delta": -0.017496024452398683,
        "ci95_low": -0.04634113983417264,
        "ci95_high": 0.010587242824251922,