{
  "proposed_contextual_controlled": {
    "sample_count": 112,
    "context_relevance": {
      "n": 112,
      "mean": 0.29418076681710964,
      "median": 0.2770244461420932,
      "p95": 0.48500946511115983,
      "ci95_low": 0.27703283894987496,
      "ci95_high": 0.31117817214363475
    },
    "persona_consistency": {
      "n": 112,
      "mean": 0.22763180272108843,
      "median": 0.2,
      "p95": 0.5074642857142857,
      "ci95_low": 0.19791291985544218,
      "ci95_high": 0.25850759991496597
    },
    "naturalness": {
      "n": 112,
      "mean": 0.890932733998999,
      "median": 0.9124137931034483,
      "p95": 0.9498039215686274,
      "ci95_low": 0.8805894488342004,
      "ci95_high": 0.9001079786814417
    },
    "context_keyword_coverage": {
      "n": 112,
      "mean": 0.3750676406926407,
      "median": 0.36363636363636365,
      "p95": 0.6163636363636359,
      "ci95_low": 0.353570413961039,
      "ci95_high": 0.3977005546536796
    },
    "context_overlap": {
      "n": 112,
      "mean": 0.10544472777420391,
      "median": 0.09302325581395349,
      "p95": 0.17440217391304347,
      "ci95_low": 0.09801469472296119,
      "ci95_high": 0.1134094403812134
    },
    "persona_keyword_coverage": {
      "n": 112,
      "mean": 0.13881802721088435,
      "median": 0.0,
      "p95": 0.5321428571428564,
      "ci95_low": 0.10556866496598638,
      "ci95_high": 0.1738977465986394
    },
    "persona_style": {
      "n": 112,
      "mean": 0.5828869047619047,
      "median": 0.5,
      "p95": 1.0,
      "ci95_low": 0.5179296874999999,
      "ci95_high": 0.6480310639880952
    },
    "distinct1": {
      "n": 112,
      "mean": 0.9413943349974977,
      "median": 0.9310344827586207,
      "p95": 0.9782509157509156,
      "ci95_low": 0.9370475243537522,
      "ci95_high": 0.945422944317472
    },
    "length_score": {
      "n": 112,
      "mean": 0.5750000000000001,
      "median": 0.6666666666666667,
      "p95": 0.8666666666666667,
      "ci95_low": 0.5264806547619048,
      "ci95_high": 0.622626488095238
    },
    "sentence_score": {
      "n": 112,
      "mean": 0.99375,
      "median": 1.0,
      "p95": 1.0,
      "ci95_low": 0.984375,
      "ci95_high": 1.0
    },
    "bertscore_f1": {
      "n": 112,
      "mean": 0.11815925293402481,
      "median": 0.10577394813299179,
      "p95": 0.2113619446754455,
      "ci95_low": 0.1071191125723999,
      "ci95_high": 0.1288229693251196
    },
    "overall_quality": {
      "n": 112,
      "mean": 0.3612081318676851,
      "median": 0.33817991964026217,
      "p95": 0.4787757956426976,
      "ci95_low": 0.34838847290953373,
      "ci95_high": 0.37567360276169887
    },
    "metrics": [
      "context_relevance",
      "persona_consistency",
      "naturalness",
      "context_keyword_coverage",
      "context_overlap",
      "persona_keyword_coverage",
      "persona_style",
      "distinct1",
      "length_score",
      "sentence_score",
      "bertscore_f1",
      "overall_quality"
    ]
  },
  "proposed_contextual": {
    "sample_count": 112,
    "context_relevance": {
      "n": 112,
      "mean": 0.06325381557669627,
      "median": 0.014634146341463414,
      "p95": 0.27879984051036666,
      "ci95_low": 0.04666239670685854,
      "ci95_high": 0.08052698394724406
    },
    "persona_consistency": {
      "n": 112,
      "mean": 0.15250967850567607,
      "median": 0.1,
      "p95": 0.5032142857142856,
      "ci95_low": 0.12889373752701186,
      "ci95_high": 0.17776764093421457
    },
    "naturalness": {
      "n": 112,
      "mean": 0.8124401906434953,
      "median": 0.7486363636363635,
      "p95": 0.9614285714285713,
      "ci95_low": 0.7982031561006314,
      "ci95_high": 0.8269955664088734
    },
    "context_keyword_coverage": {
      "n": 112,
      "mean": 0.06972402597402597,
      "median": 0.0,
      "p95": 0.3469696969696966,
      "ci95_low": 0.0486329816017316,
      "ci95_high": 0.09313142586580085
    },
    "context_overlap": {
      "n": 112,
      "mean": 0.048156657982926974,
      "median": 0.04724702380952381,
      "p95": 0.115111111111111,
      "ci95_low": 0.042572474346546985,
      "ci95_high": 0.054213833759250624
    },
    "persona_keyword_coverage": {
      "n": 112,
      "mean": 0.06343537414965986,
      "median": 0.0,
      "p95": 0.46071428571428485,
      "ci95_low": 0.035283801020408165,
      "ci95_high": 0.09311330782312925
    },
    "persona_style": {
      "n": 112,
      "mean": 0.5088068959297407,
      "median": 0.5,
      "p95": 1.0,
      "ci95_low": 0.4440448891236876,
      "ci95_high": 0.576048651345661
    },
    "distinct1": {
      "n": 112,
      "mean": 0.9401778575611194,
      "median": 0.9090909090909091,
      "p95": 1.0,
      "ci95_low": 0.9331821578611615,
      "ci95_high": 0.9472122301060466
    },
    "length_score": {
      "n": 112,
      "mean": 0.31309523809523804,
      "median": 0.09999999999999998,
      "p95": 0.9,
      "ci95_low": 0.26220238095238096,
      "ci95_high": 0.3675595238095237
    },
    "sentence_score": {
      "n": 112,
      "mean": 0.7375,
      "median": 0.65,
      "p95": 1.0,
      "ci95_low": 0.709375,
      "ci95_high": 0.765625
    },
    "bertscore_f1": {
      "n": 112,
      "mean": 0.06974198618263472,
      "median": 0.06022206135094166,
      "p95": 0.17919314652681329,
      "ci95_low": 0.05833986220044868,
      "ci95_high": 0.0818001602620825
    },
    "overall_quality": {
      "n": 112,
      "mean": 0.2235117213126918,
      "median": 0.19436369612297286,
      "p95": 0.3953192702575311,
      "ci95_low": 0.20878069916632358,
      "ci95_high": 0.2392414740313471
    },
    "metrics": [
      "context_relevance",
      "persona_consistency",
      "naturalness",
      "context_keyword_coverage",
      "context_overlap",
      "persona_keyword_coverage",
      "persona_style",
      "distinct1",
      "length_score",
      "sentence_score",
      "bertscore_f1",
      "overall_quality"
    ]
  },
  "candidate_no_context": {
    "sample_count": 112,
    "context_relevance": {
      "n": 112,
      "mean": 0.023411514582595744,
      "median": 0.014285714285714284,
      "p95": 0.08286002607431175,
      "ci95_low": 0.017968388873832484,
      "ci95_high": 0.02927488611425205
    },
    "persona_consistency": {
      "n": 112,
      "mean": 0.1330783850740468,
      "median": 0.1,
      "p95": 0.4073809523809514,
      "ci95_low": 0.1113737504071013,
      "ci95_high": 0.15697763978627954
    },
    "naturalness": {
      "n": 112,
      "mean": 0.8107111753762448,
      "median": 0.7486363636363635,
      "p95": 0.9738018018018015,
      "ci95_low": 0.7949364909667782,
      "ci95_high": 0.8273980491127227
    },
    "context_keyword_coverage": {
      "n": 112,
      "mean": 0.01535443722943723,
      "median": 0.0,
      "p95": 0.09090909090909091,
      "ci95_low": 0.008793290043290044,
      "ci95_high": 0.023471320346320348
    },
    "context_overlap": {
      "n": 112,
      "mean": 0.042211361739965626,
      "median": 0.046511627906976744,
      "p95": 0.07553802008608315,
      "ci95_low": 0.03893887232684926,
      "ci95_high": 0.0453933440413941
    },
    "persona_keyword_coverage": {
      "n": 112,
      "mean": 0.047619047619047616,
      "median": 0.0,
      "p95": 0.44047619047618775,
      "ci95_low": 0.0233843537414966,
      "ci95_high": 0.07376700680272108
    },
    "persona_style": {
      "n": 112,
      "mean": 0.47491573489404343,
      "median": 0.5,
      "p95": 1.0,
      "ci95_low": 0.4148450314651748,
      "ci95_high": 0.5347992094376712
    },
    "distinct1": {
      "n": 112,
      "mean": 0.9336603789168028,
      "median": 0.9090909090909091,
      "p95": 1.0,
      "ci95_low": 0.9272914651104713,
      "ci95_high": 0.9400694654340839
    },
    "length_score": {
      "n": 112,
      "mean": 0.31726190476190474,
      "median": 0.09999999999999998,
      "p95": 0.9333333333333333,
      "ci95_low": 0.2630952380952381,