{
  "ttft_ms": {
    "candidate_mean": 913.6492875040858,
    "baseline_mean": 222.90396250173217,
    "absolute_delta": 690.7453250023536,
    "relative_delta": 3.0988472221393817,
    "candidate_better": false,
    "lower_is_better": true
  },
  "total_time_ms": {
    "candidate_mean": 3259.1902624990325,
    "baseline_mean": 2361.7039625096368,
    "absolute_delta": 897.4862999893958,
    "relative_delta": 0.38001642637534155,
    "candidate_better": false,
    "lower_is_better": true
  },
  "tokens_per_s": {
    "candidate_mean": 27.626349635716693,
    "baseline_mean": 28.265957327007776,
    "absolute_delta": -0.6396076912910829,
    "relative_delta": -0.022628198432888227,
    "candidate_better": false,
    "lower_is_better": false
  }
}