{
  "candidate_model": "elara-npc:latest",
  "baseline_model": "phi3:mini",
  "candidate_mean": 0.023615720216184855,
  "baseline_mean": 0.13623059741803445,
  "absolute_delta": -0.1126148772018496,
  "relative_delta": -0.8266489271590131,
  "candidate_better": false
}