{
  "elara-npc:latest": {
    "total_requests": 8,
    "ok_requests": 8,
    "error_requests": 0,
    "error_rate": 0.0,
    "ttft_ms": {
      "n": 8,
      "mean": 913.6492875040858,
      "median": 419.0838500217069,
      "p95": 2976.0522700205893,
      "ci95_low": 402.42622501027654,
      "ci95_high": 1889.395413135935
    },
    "total_time_ms": {
      "n": 8,
      "mean": 3259.1902624990325,
      "median": 2844.970350008225,
      "p95": 5244.0907849901105,
      "ci95_low": 2758.3972874999745,
      "ci95_high": 4210.0075631055
    },
    "tokens_per_s": {
      "n": 8,
      "mean": 27.626349635716693,
      "median": 27.60638691620309,
      "p95": 28.838900971999927,
      "ci95_low": 27.073162804689304,
      "ci95_high": 28.217956400190253
    }
  },
  "phi3:mini": {
    "total_requests": 8,
    "ok_requests": 8,
    "error_requests": 0,
    "error_rate": 0.0,
    "ttft_ms": {
      "n": 8,
      "mean": 222.90396250173217,
      "median": 199.86330001847818,
      "p95": 322.1661199990193,
      "ci95_low": 195.61842500115745,
      "ci95_high": 268.05228156899824
    },
    "total_time_ms": {
      "n": 8,
      "mean": 2361.7039625096368,
      "median": 2487.440000026254,
      "p95": 2572.0283849950647,
      "ci95_low": 2128.821573137793,
      "ci95_high": 2526.727324390049
    },
    "tokens_per_s": {
      "n": 8,
      "mean": 28.265957327007776,
      "median": 28.265861857984135,
      "p95": 29.264707303213854,
      "ci95_low": 27.816177891778107,
      "ci95_high": 28.774490184891643
    }
  }
}