{
  "proposed_contextual_controlled": {
    "sample_count": 24,
    "context_relevance": {
      "n": 24,
      "mean": 0.13126621062118626,
      "median": 0.015433673469387753,
      "p95": 0.3769420163170163,
      "ci95_low": 0.07396811956704065,
      "ci95_high": 0.18877537628331914
    },
    "persona_consistency": {
      "n": 24,
      "mean": 0.2709747023809524,
      "median": 0.23333333333333334,
      "p95": 0.608333333333333,
      "ci95_low": 0.20804179067460318,
      "ci95_high": 0.3414905753968254
    },
    "naturalness": {
      "n": 24,
      "mean": 0.8550759466645262,
      "median": 0.8565217391304347,
      "p95": 0.9108923076923077,
      "ci95_low": 0.8388393767494076,
      "ci95_high": 0.8713542616654764
    },
    "quest_state_correctness": {
      "n": 24,
      "mean": 0.2116645659823572,
      "median": 0.11709639366363331,
      "p95": 0.4399431179476261,
      "ci95_low": 0.1625639359825082,
      "ci95_high": 0.2647717759744552
    },
    "lore_consistency": {
      "n": 24,
      "mean": 0.05972689574084771,
      "median": 0.0,
      "p95": 0.1979010433448407,
      "ci95_low": 0.0280076865408508,
      "ci95_high": 0.09459202907449313
    },
    "multi_turn_contradiction_safety": {
      "n": 24,
      "mean": 1.0,
      "median": 1.0,
      "p95": 1.0,
      "ci95_low": 1.0,
      "ci95_high": 1.0
    },
    "objective_completion_support": {
      "n": 24,
      "mean": 0.08736111111111111,
      "median": 0.12166666666666667,
      "p95": 0.16333333333333333,
      "ci95_low": 0.06381770833333333,
      "ci95_high": 0.11041840277777777
    },
    "gameplay_usefulness": {
      "n": 24,
      "mean": 0.30852389497350413,
      "median": 0.30977476943346505,
      "p95": 0.35725054587906874,
      "ci95_low": 0.2960558092296632,
      "ci95_high": 0.3210442507631341
    },
    "time_pressure_acceptability": {
      "n": 24,
      "mean": 0.3011919101731602,
      "median": 0.30475,
      "p95": 0.36473333333333335,
      "ci95_low": 0.28389423205266956,
      "ci95_high": 0.3178691632846321
    },
    "context_keyword_coverage": {
      "n": 24,
      "mean": 0.16022727272727272,
      "median": 0.0,
      "p95": 0.49318181818181805,
      "ci95_low": 0.08712121212121211,
      "ci95_high": 0.23677083333333318
    },
    "context_overlap": {
      "n": 24,
      "mean": 0.06369039904031787,
      "median": 0.043560606060606064,
      "p95": 0.1531572904707233,
      "ci95_low": 0.045524866353275927,
      "ci95_high": 0.08502603679494743
    },
    "persona_keyword_coverage": {
      "n": 24,
      "mean": 0.20297619047619045,
      "median": 0.16666666666666666,
      "p95": 0.6166666666666659,
      "ci95_low": 0.13095238095238096,
      "ci95_high": 0.2859275793650793
    },
    "persona_style": {
      "n": 24,
      "mean": 0.54296875,
      "median": 0.5,
      "p95": 1.0,
      "ci95_low": 0.43619791666666663,
      "ci95_high": 0.6484700520833332
    },
    "distinct1": {
      "n": 24,
      "mean": 0.9177245888835378,
      "median": 0.9204545454545454,
      "p95": 0.9681771633384537,
      "ci95_low": 0.9007370598951755,
      "ci95_high": 0.9349238636666126
    },
    "length_score": {
      "n": 24,
      "mean": 0.4763888888888889,
      "median": 0.5,
      "p95": 0.6566666666666666,
      "ci95_low": 0.4083333333333334,
      "ci95_high": 0.5361111111111111
    },
    "sentence_score": {
      "n": 24,
      "mean": 0.9270833333333334,
      "median": 1.0,
      "p95": 1.0,
      "ci95_low": 0.86875,
      "ci95_high": 0.9854166666666666
    },
    "overall_quality": {
      "n": 24,
      "mean": 0.32456018911757134,
      "median": 0.2783248203054807,
      "p95": 0.5322683549036525,
      "ci95_low": 0.28144059865960486,
      "ci95_high": 0.3741331581637622
    },
    "metrics": [
      "context_relevance",
      "persona_consistency",
      "naturalness",
      "quest_state_correctness",
      "lore_consistency",
      "multi_turn_contradiction_safety",
      "objective_completion_support",
      "gameplay_usefulness",
      "time_pressure_acceptability",
      "context_keyword_coverage",
      "context_overlap",
      "persona_keyword_coverage",
      "persona_style",
      "distinct1",
      "length_score",
      "sentence_score",
      "overall_quality"
    ]
  },
  "proposed_contextual_controlled_tuned": {
    "sample_count": 24,
    "context_relevance": {
      "n": 24,
      "mean": 0.06687324034148935,
      "median": 0.012004801920768308,
      "p95": 0.3026265822784808,
      "ci95_low": 0.030066581296336846,
      "ci95_high": 0.10911341961275701
    },
    "persona_consistency": {
      "n": 24,
      "mean": 0.245625,
      "median": 0.23333333333333334,
      "p95": 0.45157142857142846,
      "ci95_low": 0.19202821180555554,
      "ci95_high": 0.3077919766865078
    },
    "naturalness": {
      "n": 24,
      "mean": 0.8669397800851167,
      "median": 0.8690372670807454,
      "p95": 0.8973333333333331,
      "ci95_low": 0.8529911570561861,
      "ci95_high": 0.8811771394064871
    },
    "quest_state_correctness": {
      "n": 24,
      "mean": 0.15350492207849173,
      "median": 0.1055561224489796,
      "p95": 0.35707890295358635,
      "ci95_low": 0.12310877393879137,
      "ci95_high": 0.19229743297053392
    },
    "lore_consistency": {
      "n": 24,
      "mean": 0.018095871526443864,
      "median": 0.0,
      "p95": 0.10891635455680393,
      "ci95_low": 0.004708986611675077,
      "ci95_high": 0.0340081874048825
    },
    "multi_turn_contradiction_safety": {
      "n": 24,
      "mean": 1.0,
      "median": 1.0,
      "p95": 1.0,
      "ci95_low": 1.0,
      "ci95_high": 1.0
    },
    "objective_completion_support": {
      "n": 24,
      "mean": 0.08027777777777778,
      "median": 0.12166666666666667,
      "p95": 0.16333333333333333,
      "ci95_low": 0.05478993055555555,
      "ci95_high": 0.10396006944444444
    },
    "gameplay_usefulness": {
      "n": 24,
      "mean": 0.2947874633126404,
      "median": 0.29067431994362225,
      "p95": 0.33246769813519816,
      "ci95_low": 0.28305725417042327,
      "ci95_high": 0.3071497157719689
    },
    "time_pressure_acceptability": {
      "n": 24,
      "mean": 0.2948352002164502,
      "median": 0.30475,
      "p95": 0.36226833333333336,
      "ci95_low": 0.27639878675144297,
      "ci95_high": 0.3129716506583694
    },
    "context_keyword_coverage": {
      "n": 24,
      "mean": 0.07613636363636363,
      "median": 0.0,
      "p95": 0.3499999999999998,
      "ci95_low": 0.030303030303030304,
      "ci95_high": 0.12916666666666668
    },
    "context_overlap": {
      "n": 24,
      "mean": 0.04525928598678267,
      "median": 0.031688437348814706,
      "p95": 0.10822784810126573,
      "ci95_low": 0.03152124289305106,
      "ci95_high": 0.06307993148205954
    },
    "persona_keyword_coverage": {
      "n": 24,
      "mean": 0.18333333333333332,
      "median": 0.16666666666666666,
      "p95": 0.5457142857142854,
      "ci95_low": 0.11882936507936509,
      "ci95_high": 0.2605208333333333
    },
    "persona_style": {
      "n": 24,
      "mean": 0.4947916666666667,
      "median": 0.5,
      "p95": 0.78125,
      "ci95_low": 0.38671875,
      "ci95_high": 0.5938151041666663
    },
    "distinct1": {
      "n": 24,
      "mean": 0.9223841724350139,
      "median": 0.9198717948717949,
      "p95": 0.969403714565005,
      "ci95_low": 0.9055686103259953,
      "ci95_high": 0.9400435188958813
    },
    "length_score": {
      "n": 24,
      "mean": 0.49722222222222223,
      "median": 0.5,
      "p95": 0.5666666666666667,
      "ci95_low": 0.4457986111111111,
      "ci95_high": 0.5444444444444444
    },
    "sentence_score": {
      "n": 24,
      "mean": 0.9854166666666666,
      "median": 1.0,
      "p95": 1.0,
      "ci95_low": 0.9562499999999999,
      "ci95_high": 1.0
    },
    "overall_quality": {
      "n": 24,
      "mean": 0.28824073163086866,
      "median": 0.2783248203054807,