{
  "proposed_contextual_controlled": {
    "sample_count": 4,
    "context_relevance": {
      "n": 4,
      "mean": 0.27154162221958833,
      "median": 0.28685314685314683,
      "p95": 0.2994044289044289,
      "ci95_low": 0.23072626526016354,
      "ci95_high": 0.29704545454545456
    },
    "persona_consistency": {
      "n": 4,
      "mean": 0.33226190476190476,
      "median": 0.330952380952381,
      "p95": 0.49535714285714283,
      "ci95_low": 0.19666666666666668,
      "ci95_high": 0.46785714285714286
    },
    "naturalness": {
      "n": 4,
      "mean": 0.8968076238934393,
      "median": 0.9215196078431374,
      "p95": 0.960483660130719,
      "ci95_low": 0.8193199305038472,
      "ci95_high": 0.9512418300653596
    },
    "context_keyword_coverage": {
      "n": 4,
      "mean": 0.34090909090909094,
      "median": 0.36363636363636365,
      "p95": 0.36363636363636365,
      "ci95_low": 0.2954545454545454,
      "ci95_high": 0.36363636363636365
    },
    "context_overlap": {
      "n": 4,
      "mean": 0.10968419527741562,
      "median": 0.1076923076923077,
      "p95": 0.14952991452991451,
      "ci95_low": 0.07969361147327249,
      "ci95_high": 0.14166666666666666
    },
    "persona_keyword_coverage": {
      "n": 4,
      "mean": 0.3059523809523809,
      "median": 0.24285714285714285,
      "p95": 0.5285714285714285,
      "ci95_low": 0.18333333333333335,
      "ci95_high": 0.47857142857142854
    },
    "persona_style": {
      "n": 4,
      "mean": 0.4375,
      "median": 0.375,
      "p95": 0.9249999999999998,
      "ci95_low": 0.0625,
      "ci95_high": 0.8125
    },
    "distinct1": {
      "n": 4,
      "mean": 0.951394059733598,
      "median": 0.9469057665260197,
      "p95": 0.9924050632911392,
      "ci95_low": 0.9211653015636634,
      "ci95_high": 0.9861111111111112
    },
    "length_score": {
      "n": 4,
      "mean": 0.625,
      "median": 0.7833333333333333,
      "p95": 0.9233333333333333,
      "ci95_low": 0.21666666666666667,
      "ci95_high": 0.9
    },
    "sentence_score": {
      "n": 4,
      "mean": 0.9125,
      "median": 1.0,
      "p95": 1.0,
      "ci95_low": 0.7375,
      "ci95_high": 1.0
    },
    "bertscore_f1": {
      "n": 4,
      "mean": 0.08472452498972416,
      "median": 0.08223499730229378,
      "p95": 0.10353274680674077,
      "ci95_low": 0.06991671025753021,
      "ci95_high": 0.0995323397219181
    },
    "overall_quality": {
      "n": 4,
      "mean": 0.3853358625715231,
      "median": 0.3914669514748592,
      "p95": 0.43480397486822,
      "ci95_low": 0.34318197048506105,
      "ci95_high": 0.4274897546579851
    },
    "metrics": [
      "context_relevance",
      "persona_consistency",
      "naturalness",
      "context_keyword_coverage",
      "context_overlap",
      "persona_keyword_coverage",
      "persona_style",
      "distinct1",
      "length_score",
      "sentence_score",
      "bertscore_f1",
      "overall_quality"
    ]
  },
  "proposed_contextual_controlled_alt": {
    "sample_count": 4,
    "context_relevance": {
      "n": 4,
      "mean": 0.21463001964622103,
      "median": 0.21872564125804403,
      "p95": 0.27786168521462634,
      "ci95_low": 0.15711898395721924,
      "ci95_high": 0.2680454337233998
    },
    "persona_consistency": {
      "n": 4,
      "mean": 0.3007142857142857,
      "median": 0.2714285714285714,
      "p95": 0.4721428571428571,
      "ci95_low": 0.19428571428571428,
      "ci95_high": 0.43214285714285716
    },
    "naturalness": {
      "n": 4,
      "mean": 0.8669065656565657,
      "median": 0.8691666666666666,
      "p95": 0.9577777777777777,
      "ci95_low": 0.7915909090909091,
      "ci95_high": 0.9422222222222223
    },
    "context_keyword_coverage": {
      "n": 4,
      "mean": 0.2727272727272727,
      "median": 0.2727272727272727,
      "p95": 0.35,
      "ci95_low": 0.20454545454545453,
      "ci95_high": 0.34090909090909094
    },
    "context_overlap": {
      "n": 4,
      "mean": 0.07906976245710044,
      "median": 0.08795235913879981,
      "p95": 0.11621621621621621,
      "ci95_low": 0.04407248157248157,
      "ci95_high": 0.11287758346581876
    },
    "persona_keyword_coverage": {
      "n": 4,
      "mean": 0.28214285714285714,
      "median": 0.24285714285714285,
      "p95": 0.46785714285714275,
      "ci95_low": 0.17142857142857143,
      "ci95_high": 0.425
    },
    "persona_style": {
      "n": 4,
      "mean": 0.375,
      "median": 0.25,
      "p95": 0.9249999999999998,
      "ci95_low": 0.0,
      "ci95_high": 0.75
    },
    "distinct1": {
      "n": 4,
      "mean": 0.9391414141414142,
      "median": 0.9388888888888889,
      "p95": 0.9916666666666667,
      "ci95_low": 0.8952020202020202,
      "ci95_high": 0.9833333333333334
    },
    "length_score": {
      "n": 4,
      "mean": 0.5,
      "median": 0.5,
      "p95": 0.9033333333333333,
      "ci95_low": 0.16666666666666669,
      "ci95_high": 0.8333333333333334
    },
    "sentence_score": {
      "n": 4,
      "mean": 0.9125,
      "median": 1.0,
      "p95": 1.0,
      "ci95_low": 0.7375,
      "ci95_high": 1.0
    },
    "bertscore_f1": {
      "n": 4,
      "mean": 0.08336520567536354,
      "median": 0.08095072582364082,
      "p95": 0.11170281395316123,
      "ci95_low": 0.06344978511333466,
      "ci95_high": 0.10414737276732922
    },
    "overall_quality": {
      "n": 4,
      "mean": 0.34755419421127354,
      "median": 0.32924984840919513,
      "p95": 0.41094016142070466,
      "ci95_low": 0.3141905563466997,
      "ci95_high": 0.397972882163746
    },
    "metrics": [
      "context_relevance",
      "persona_consistency",
      "naturalness",
      "context_keyword_coverage",
      "context_overlap",
      "persona_keyword_coverage",
      "persona_style",
      "distinct1",
      "length_score",
      "sentence_score",
      "bertscore_f1",
      "overall_quality"
    ]
  },
  "proposed_contextual": {
    "sample_count": 4,
    "context_relevance": {
      "n": 4,
      "mean": 0.10889866712235133,
      "median": 0.039174641148325355,
      "p95": 0.3075162337662337,
      "ci95_low": 0.007894736842105262,
      "ci95_high": 0.27962662337662336
    },
    "persona_consistency": {
      "n": 4,
      "mean": 0.13690476190476192,
      "median": 0.11666666666666667,
      "p95": 0.3021428571428571,
      "ci95_low": 0.0,
      "ci95_high": 0.27380952380952384
    },
    "naturalness": {
      "n": 4,
      "mean": 0.7746590909090909,
      "median": 0.7658333333333333,
      "p95": 0.8130378787878788,
      "ci95_low": 0.7486363636363635,
      "ci95_high": 0.8009090909090909
    },
    "context_keyword_coverage": {
      "n": 4,
      "mean": 0.13636363636363635,
      "median": 0.045454545454545456,
      "p95": 0.39999999999999986,
      "ci95_low": 0.0,
      "ci95_high": 0.36363636363636365
    },
    "context_overlap": {
      "n": 4,
      "mean": 0.044813738892686264,
      "median": 0.02631578947368421,
      "p95": 0.09225905673274093,
      "ci95_low": 0.023624401913875596,
      "ci95_high": 0.08450102529049898
    },
    "persona_keyword_coverage": {
      "n": 4,
      "mean": 0.07738095238095238,
      "median": 0.07142857142857142,
      "p95": 0.16309523809523807,
      "ci95_low": 0.0,
      "ci95_high": 0.15476190476190477
    },
    "persona_style": {
      "n": 4,
      "mean": 0.375,
      "median": 0.25,
      "p95": 0.9249999999999998,
      "ci95_low": 0.0,
      "ci95_high": 0.75
    },
    "distinct1": {
      "n": 4,
      "mean": 0.9356060606060606,
      "median": 0.9166666666666666,
      "p95": 0.9886363636363635,
      "ci95_low": 0.9090909090909091,
      "ci95_high": 0.9772727272727273
    },
    "length_score": {
      "n": 4,
      "mean": 0.13333333333333333,
      "median": 0.09999999999999998,
      "p95": 0.24166666666666667,
      "ci95_low": 0.07499999999999998,
      "ci95_high": 0.22500000000000003
    },
    "sentence_score": {
      "n": 4,
      "mean": 0.7375,