{
  "proposed_vs_candidate_no_context": {
    "context_relevance": {
      "target_mean": 0.0665921799765196,
      "baseline_mean": 0.032581247307905244,
      "absolute_delta": 0.03401093266861436,
      "relative_delta": 1.043880620873659
    },
    "persona_consistency": {
      "target_mean": 0.20550595238095237,
      "baseline_mean": 0.22079613095238096,
      "absolute_delta": -0.015290178571428586,
      "relative_delta": -0.06925021061499585
    },
    "naturalness": {
      "target_mean": 0.8186527757539328,
      "baseline_mean": 0.8282361041736042,
      "absolute_delta": -0.009583328419671355,
      "relative_delta": -0.01157076873536368
    },
    "context_keyword_coverage": {
      "target_mean": 0.07386363636363637,
      "baseline_mean": 0.02840909090909091,
      "absolute_delta": 0.045454545454545456,
      "relative_delta": 1.5999999999999999
    },
    "context_overlap": {
      "target_mean": 0.04962544840658052,
      "baseline_mean": 0.04231627890513869,
      "absolute_delta": 0.00730916950144183,
      "relative_delta": 0.17272713221847677
    },
    "persona_keyword_coverage": {
      "target_mean": 0.12797619047619047,
      "baseline_mean": 0.1324404761904762,
      "absolute_delta": -0.004464285714285726,
      "relative_delta": -0.033707865168539415
    },
    "persona_style": {
      "target_mean": 0.515625,
      "baseline_mean": 0.57421875,
      "absolute_delta": -0.05859375,
      "relative_delta": -0.10204081632653061
    },
    "distinct1": {
      "target_mean": 0.9390798560514988,
      "baseline_mean": 0.9377777604340104,
      "absolute_delta": 0.0013020956174883969,
      "relative_delta": 0.0013884906130486368
    },
    "length_score": {
      "target_mean": 0.3354166666666667,
      "baseline_mean": 0.375,
      "absolute_delta": -0.039583333333333304,
      "relative_delta": -0.10555555555555547
    },
    "sentence_score": {
      "target_mean": 0.759375,
      "baseline_mean": 0.78125,
      "absolute_delta": -0.021874999999999978,
      "relative_delta": -0.027999999999999973
    },
    "overall_quality": {
      "target_mean": 0.26294318799428174,
      "baseline_mean": 0.2538344649954369,
      "absolute_delta": 0.009108722998844854,
      "relative_delta": 0.035884500550422097
    }
  },
  "controlled_vs_proposed_raw": {
    "context_relevance": {
      "target_mean": 0.2407301817749323,
      "baseline_mean": 0.0665921799765196,
      "absolute_delta": 0.1741380017984127,
      "relative_delta": 2.6149917581886304
    },
    "persona_consistency": {
      "target_mean": 0.36195684523809524,
      "baseline_mean": 0.20550595238095237,
      "absolute_delta": 0.15645089285714286,
      "relative_delta": 0.7612961622013035
    },
    "naturalness": {
      "target_mean": 0.9006962330256387,
      "baseline_mean": 0.8186527757539328,
      "absolute_delta": 0.08204345727170592,
      "relative_delta": 0.10021764990187512
    },
    "context_keyword_coverage": {
      "target_mean": 0.29829545454545453,
      "baseline_mean": 0.07386363636363637,
      "absolute_delta": 0.22443181818181818,
      "relative_delta": 3.0384615384615383
    },
    "context_overlap": {
      "target_mean": 0.10641121197704716,
      "baseline_mean": 0.04962544840658052,
      "absolute_delta": 0.056785763570466635,
      "relative_delta": 1.14428716301406
    },
    "persona_keyword_coverage": {
      "target_mean": 0.29404761904761906,
      "baseline_mean": 0.12797619047619047,
      "absolute_delta": 0.1660714285714286,
      "relative_delta": 1.2976744186046514
    },
    "persona_style": {
      "target_mean": 0.63359375,
      "baseline_mean": 0.515625,
      "absolute_delta": 0.11796874999999996,
      "relative_delta": 0.2287878787878787
    },
    "distinct1": {
      "target_mean": 0.93976141589743,
      "baseline_mean": 0.9390798560514988,
      "absolute_delta": 0.0006815598459312122,
      "relative_delta": 0.0007257741091337346
    },
    "length_score": {
      "target_mean": 0.6458333333333334,
      "baseline_mean": 0.3354166666666667,
      "absolute_delta": 0.3104166666666667,
      "relative_delta": 0.9254658385093167
    },
    "sentence_score": {
      "target_mean": 0.95625,
      "baseline_mean": 0.759375,
      "absolute_delta": 0.19687500000000002,
      "relative_delta": 0.2592592592592593
    },
    "overall_quality": {
      "target_mean": 0.41689565912202553,
      "baseline_mean": 0.26294318799428174,
      "absolute_delta": 0.1539524711277438,
      "relative_delta": 0.5854970889418585
    }
  },
  "controlled_vs_candidate_no_context": {
    "context_relevance": {
      "target_mean": 0.2407301817749323,
      "baseline_mean": 0.032581247307905244,
      "absolute_delta": 0.20814893446702706,
      "relative_delta": 6.388611599179739
    },
    "persona_consistency": {
      "target_mean": 0.36195684523809524,
      "baseline_mean": 0.22079613095238096,
      "absolute_delta": 0.14116071428571428,
      "relative_delta": 0.6393260320134793
    },
    "naturalness": {
      "target_mean": 0.9006962330256387,
      "baseline_mean": 0.8282361041736042,
      "absolute_delta": 0.07246012885203457,
      "relative_delta": 0.0874872859162952
    },
    "context_keyword_coverage": {
      "target_mean": 0.29829545454545453,
      "baseline_mean": 0.02840909090909091,
      "absolute_delta": 0.26988636363636365,
      "relative_delta": 9.5
    },
    "context_overlap": {
      "target_mean": 0.10641121197704716,
      "baseline_mean": 0.04231627890513869,
      "absolute_delta": 0.06409493307190847,
      "relative_delta": 1.5146637353343724
    },
    "persona_keyword_coverage": {
      "target_mean": 0.29404761904761906,
      "baseline_mean": 0.1324404761904762,
      "absolute_delta": 0.16160714285714287,
      "relative_delta": 1.2202247191011237
    },
    "persona_style": {
      "target_mean": 0.63359375,
      "baseline_mean": 0.57421875,
      "absolute_delta": 0.059374999999999956,
      "relative_delta": 0.10340136054421761
    },
    "distinct1": {
      "target_mean": 0.93976141589743,
      "baseline_mean": 0.9377777604340104,
      "absolute_delta": 0.001983655463419609,
      "relative_delta": 0.0021152724527200976
    },
    "length_score": {
      "target_mean": 0.6458333333333334,
      "baseline_mean": 0.375,
      "absolute_delta": 0.27083333333333337,
      "relative_delta": 0.7222222222222223
    },
    "sentence_score": {
      "target_mean": 0.95625,
      "baseline_mean": 0.78125,
      "absolute_delta": 0.17500000000000004,
      "relative_delta": 0.22400000000000006
    },
    "overall_quality": {
      "target_mean": 0.41689565912202553,
      "baseline_mean": 0.2538344649954369,
      "absolute_delta": 0.16306119412658865,
      "relative_delta": 0.6423918601026852
    }
  },
  "controlled_alt_vs_controlled_default": {
    "context_relevance": {
      "target_mean": 0.25197170693693866,
      "baseline_mean": 0.2407301817749323,
      "absolute_delta": 0.011241525162006355,
      "relative_delta": 0.046697614229845426
    },
    "persona_consistency": {
      "target_mean": 0.449077380952381,
      "baseline_mean": 0.36195684523809524,
      "absolute_delta": 0.08712053571428574,
      "relative_delta": 0.24069315682364797
    },
    "naturalness": {
      "target_mean": 0.9044542845060943,
      "baseline_mean": 0.9006962330256387,
      "absolute_delta": 0.0037580514804556042,
      "relative_delta": 0.004172385031334565
    },
    "context_keyword_coverage": {
      "target_mean": 0.3090909090909091,
      "baseline_mean": 0.29829545454545453,
      "absolute_delta": 0.010795454545454553,
      "relative_delta": 0.03619047619047622
    },
    "context_overlap": {
      "target_mean": 0.11869356857767442,
      "baseline_mean": 0.10641121197704716,
      "absolute_delta": 0.012282356600627264,
      "relative_delta": 0.11542351949977378
    },
    "persona_keyword_coverage": {
      "target_mean": 0.40119047619047615,
      "baseline_mean": 0.29404761904761906,