{
  "proposed_contextual_controlled": {
    "sample_count": 16,
    "context_relevance": {
      "n": 16,
      "mean": 0.2407301817749323,
      "median": 0.22228163992869873,
      "p95": 0.39568181818181813,
      "ci95_low": 0.1951227630824325,
      "ci95_high": 0.28687554513131286
    },
    "persona_consistency": {
      "n": 16,
      "mean": 0.36195684523809524,
      "median": 0.33333333333333337,
      "p95": 0.6222321428571428,
      "ci95_low": 0.28630412946428574,
      "ci95_high": 0.4432020089285714
    },
    "naturalness": {
      "n": 16,
      "mean": 0.9006962330256387,
      "median": 0.9255816226783968,
      "p95": 0.9846761133603239,
      "ci95_low": 0.8645359141607732,
      "ci95_high": 0.9333800526293025
    },
    "context_keyword_coverage": {
      "n": 16,
      "mean": 0.29829545454545453,
      "median": 0.2727272727272727,
      "p95": 0.47727272727272724,
      "ci95_low": 0.24089488636363637,
      "ci95_high": 0.3545738636363635
    },
    "context_overlap": {
      "n": 16,
      "mean": 0.10641121197704716,
      "median": 0.1,
      "p95": 0.17954545454545454,
      "ci95_low": 0.08530202572451333,
      "ci95_high": 0.1292432979309246
    },
    "persona_keyword_coverage": {
      "n": 16,
      "mean": 0.29404761904761906,
      "median": 0.24285714285714285,
      "p95": 0.6285714285714286,
      "ci95_low": 0.19969494047619044,
      "ci95_high": 0.39970982142857137
    },
    "persona_style": {
      "n": 16,
      "mean": 0.63359375,
      "median": 0.5,
      "p95": 1.0,
      "ci95_low": 0.453125,
      "ci95_high": 0.7984375
    },
    "distinct1": {
      "n": 16,
      "mean": 0.93976141589743,
      "median": 0.9409722222222222,
      "p95": 0.9861111111111112,
      "ci95_low": 0.915478372504206,
      "ci95_high": 0.9587896887683968
    },
    "length_score": {
      "n": 16,
      "mean": 0.6458333333333334,
      "median": 0.7833333333333333,
      "p95": 0.975,
      "ci95_low": 0.48953125000000003,
      "ci95_high": 0.7854166666666667
    },
    "sentence_score": {
      "n": 16,
      "mean": 0.95625,
      "median": 1.0,
      "p95": 1.0,
      "ci95_low": 0.890625,
      "ci95_high": 1.0
    },
    "overall_quality": {
      "n": 16,
      "mean": 0.41689565912202553,
      "median": 0.4218082949868099,
      "p95": 0.5011009569377991,
      "ci95_low": 0.388292968039956,
      "ci95_high": 0.4450675862116374
    },
    "metrics": [
      "context_relevance",
      "persona_consistency",
      "naturalness",
      "context_keyword_coverage",
      "context_overlap",
      "persona_keyword_coverage",
      "persona_style",
      "distinct1",
      "length_score",
      "sentence_score",
      "overall_quality"
    ]
  },
  "proposed_contextual_controlled_tuned": {
    "sample_count": 16,
    "context_relevance": {
      "n": 16,
      "mean": 0.25197170693693866,
      "median": 0.22168640183346064,
      "p95": 0.47257475117644604,
      "ci95_low": 0.19406897924935262,
      "ci95_high": 0.31281778882966915
    },
    "persona_consistency": {
      "n": 16,
      "mean": 0.449077380952381,
      "median": 0.42142857142857143,
      "p95": 0.7178571428571429,
      "ci95_low": 0.35395163690476195,
      "ci95_high": 0.5538705357142858
    },
    "naturalness": {
      "n": 16,
      "mean": 0.9044542845060943,
      "median": 0.9208333333333333,
      "p95": 0.9561111111111111,
      "ci95_low": 0.8760933028664883,
      "ci95_high": 0.9277603813832246
    },
    "context_keyword_coverage": {
      "n": 16,
      "mean": 0.3090909090909091,
      "median": 0.2727272727272727,
      "p95": 0.5909090909090908,
      "ci95_low": 0.23292613636363635,
      "ci95_high": 0.3931818181818182
    },
    "context_overlap": {
      "n": 16,
      "mean": 0.11869356857767442,
      "median": 0.10791925465838509,
      "p95": 0.22451206985105293,
      "ci95_low": 0.09156040667670182,
      "ci95_high": 0.15070487787297568
    },
    "persona_keyword_coverage": {
      "n": 16,
      "mean": 0.40119047619047615,
      "median": 0.42857142857142855,
      "p95": 0.7857142857142857,
      "ci95_low": 0.275297619047619,
      "ci95_high": 0.5282812499999999
    },
    "persona_style": {
      "n": 16,
      "mean": 0.640625,
      "median": 0.5,
      "p95": 1.0,
      "ci95_low": 0.46875,
      "ci95_high": 0.8125
    },
    "distinct1": {
      "n": 16,
      "mean": 0.9528023779319025,
      "median": 0.9489664082687339,
      "p95": 1.0,
      "ci95_low": 0.9400567135358842,
      "ci95_high": 0.9654357840461933
    },
    "length_score": {
      "n": 16,
      "mean": 0.6604166666666667,
      "median": 0.7000000000000001,
      "p95": 0.9333333333333333,
      "ci95_low": 0.5541666666666667,
      "ci95_high": 0.7583333333333335
    },
    "sentence_score": {
      "n": 16,
      "mean": 0.9125,
      "median": 1.0,
      "p95": 1.0,
      "ci95_low": 0.825,
      "ci95_high": 0.978125
    },
    "overall_quality": {
      "n": 16,
      "mean": 0.45512258698293245,
      "median": 0.45047215610003344,
      "p95": 0.5674001028383382,
      "ci95_low": 0.41978642577822795,
      "ci95_high": 0.4907288034270243
    },
    "metrics": [
      "context_relevance",
      "persona_consistency",
      "naturalness",
      "context_keyword_coverage",
      "context_overlap",
      "persona_keyword_coverage",
      "persona_style",
      "distinct1",
      "length_score",
      "sentence_score",
      "overall_quality"
    ]
  },
  "proposed_contextual": {
    "sample_count": 16,
    "context_relevance": {
      "n": 16,
      "mean": 0.0665921799765196,
      "median": 0.01646616541353383,
      "p95": 0.29565697460434304,
      "ci95_low": 0.022480159094641537,
      "ci95_high": 0.12371460891395208
    },
    "persona_consistency": {
      "n": 16,
      "mean": 0.20550595238095237,
      "median": 0.146875,
      "p95": 0.46964285714285714,
      "ci95_low": 0.13696428571428573,
      "ci95_high": 0.2805464099702381
    },
    "naturalness": {
      "n": 16,
      "mean": 0.8186527757539328,
      "median": 0.7568181818181817,
      "p95": 0.9438940092165898,
      "ci95_low": 0.7799031036168133,
      "ci95_high": 0.860581293155331
    },
    "context_keyword_coverage": {
      "n": 16,
      "mean": 0.07386363636363637,
      "median": 0.0,
      "p95": 0.38636363636363635,
      "ci95_low": 0.017045454545454544,
      "ci95_high": 0.14772727272727273
    },
    "context_overlap": {
      "n": 16,
      "mean": 0.04962544840658052,
      "median": 0.050031269543464665,
      "p95": 0.0840080971659919,
      "ci95_low": 0.037420170131164186,
      "ci95_high": 0.061232878119234294
    },
    "persona_keyword_coverage": {
      "n": 16,
      "mean": 0.12797619047619047,
      "median": 0.0,
      "p95": 0.5714285714285714,
      "ci95_low": 0.03571428571428571,
      "ci95_high": 0.25
    },
    "persona_style": {
      "n": 16,
      "mean": 0.515625,
      "median": 0.5,
      "p95": 1.0,
      "ci95_low": 0.363232421875,
      "ci95_high": 0.6738769531249997
    },
    "distinct1": {
      "n": 16,
      "mean": 0.9390798560514988,
      "median": 0.9090909090909091,
      "p95": 1.0,
      "ci95_low": 0.9185436958874459,
      "ci95_high": 0.961175570572485
    },
    "length_score": {
      "n": 16,
      "mean": 0.3354166666666667,
      "median": 0.09999999999999998,
      "p95": 0.7916666666666666,
      "ci95_low": 0.19374999999999998,
      "ci95_high": 0.48541666666666666
    },
    "sentence_score": {
      "n": 16,
      "mean": 0.759375,
      "median": 0.65,
      "p95": 1.0,
      "ci95_low": 0.69375,
      "ci95_high": 0.846875
    },
    "overall_quality": {
      "n": 16,
      "mean": 0.26294318799428174,
      "median": 0.23085733291099148,
      "p95": 0.4180236920837032,
      "ci95_low": 0.21964562793726672,
      "ci95_high": 0.3123788175213367
    },