{
  "proposed_vs_candidate_no_context": {
    "context_relevance": {
      "target_mean": 0.07539516610553196,
      "baseline_mean": 0.01924139210648437,
      "absolute_delta": 0.056153773999047585,
      "relative_delta": 2.9183841630733
    },
    "persona_consistency": {
      "target_mean": 0.11634868421052633,
      "baseline_mean": 0.15068452380952382,
      "absolute_delta": -0.0343358395989975,
      "relative_delta": -0.22786573385864425
    },
    "naturalness": {
      "target_mean": 0.8189176788776024,
      "baseline_mean": 0.803579657750286,
      "absolute_delta": 0.015338021127316415,
      "relative_delta": 0.019087119714126383
    },
    "context_keyword_coverage": {
      "target_mean": 0.08446969696969696,
      "baseline_mean": 0.008333333333333333,
      "absolute_delta": 0.07613636363636363,
      "relative_delta": 9.136363636363635
    },
    "context_overlap": {
      "target_mean": 0.054221260755813606,
      "baseline_mean": 0.04469352924383679,
      "absolute_delta": 0.00952773151197682,
      "relative_delta": 0.2131792157203761
    },
    "persona_keyword_coverage": {
      "target_mean": 0.008333333333333333,
      "baseline_mean": 0.054761904761904755,
      "absolute_delta": -0.04642857142857142,
      "relative_delta": -0.8478260869565217
    },
    "persona_style": {
      "target_mean": 0.5484100877192982,
      "baseline_mean": 0.534375,
      "absolute_delta": 0.014035087719298178,
      "relative_delta": 0.02626449163845273
    },
    "distinct1": {
      "target_mean": 0.9400025305273395,
      "baseline_mean": 0.9335324777090481,
      "absolute_delta": 0.006470052818291383,
      "relative_delta": 0.006930720647415857
    },
    "length_score": {
      "target_mean": 0.3283333333333333,
      "baseline_mean": 0.2733333333333333,
      "absolute_delta": 0.05499999999999999,
      "relative_delta": 0.20121951219512194
    },
    "sentence_score": {
      "target_mean": 0.7725000000000001,
      "baseline_mean": 0.755,
      "absolute_delta": 0.01750000000000007,
      "relative_delta": 0.02317880794701996
    },
    "overall_quality": {
      "target_mean": 0.23308797659424568,
      "baseline_mean": 0.21680057080362966,
      "absolute_delta": 0.016287405790616022,
      "relative_delta": 0.07512621267666579
    }
  },
  "controlled_vs_proposed_raw": {
    "context_relevance": {
      "target_mean": 0.2658230706724417,
      "baseline_mean": 0.07539516610553196,
      "absolute_delta": 0.19042790456690975,
      "relative_delta": 2.525730950713265
    },
    "persona_consistency": {
      "target_mean": 0.2836666666666667,
      "baseline_mean": 0.11634868421052633,
      "absolute_delta": 0.16731798245614035,
      "relative_delta": 1.4380736971067758
    },
    "naturalness": {
      "target_mean": 0.908388239045151,
      "baseline_mean": 0.8189176788776024,
      "absolute_delta": 0.08947056016754862,
      "relative_delta": 0.10925464485047602
    },
    "context_keyword_coverage": {
      "target_mean": 0.33431818181818185,
      "baseline_mean": 0.08446969696969696,
      "absolute_delta": 0.24984848484848488,
      "relative_delta": 2.957847533632288
    },
    "context_overlap": {
      "target_mean": 0.10600114466571478,
      "baseline_mean": 0.054221260755813606,
      "absolute_delta": 0.051779883909901174,
      "relative_delta": 0.9549738089472465
    },
    "persona_keyword_coverage": {
      "target_mean": 0.19833333333333333,
      "baseline_mean": 0.008333333333333333,
      "absolute_delta": 0.19,
      "relative_delta": 22.8
    },
    "persona_style": {
      "target_mean": 0.625,
      "baseline_mean": 0.5484100877192982,
      "absolute_delta": 0.07658991228070178,
      "relative_delta": 0.13965810256922928
    },
    "distinct1": {
      "target_mean": 0.9424289309462107,
      "baseline_mean": 0.9400025305273395,
      "absolute_delta": 0.0024264004188712107,
      "relative_delta": 0.002581270092443267
    },
    "length_score": {
      "target_mean": 0.6833333333333333,
      "baseline_mean": 0.3283333333333333,
      "absolute_delta": 0.35500000000000004,
      "relative_delta": 1.0812182741116754
    },
    "sentence_score": {
      "target_mean": 0.9475,
      "baseline_mean": 0.7725000000000001,
      "absolute_delta": 0.17499999999999993,
      "relative_delta": 0.22653721682847885
    },
    "overall_quality": {
      "target_mean": 0.4011194077965639,
      "baseline_mean": 0.23308797659424568,
      "absolute_delta": 0.16803143120231823,
      "relative_delta": 0.7208927446945218
    }
  },
  "controlled_vs_candidate_no_context": {
    "context_relevance": {
      "target_mean": 0.2658230706724417,
      "baseline_mean": 0.01924139210648437,
      "absolute_delta": 0.24658167856595734,
      "relative_delta": 12.815168320532226
    },
    "persona_consistency": {
      "target_mean": 0.2836666666666667,
      "baseline_mean": 0.15068452380952382,
      "absolute_delta": 0.13298214285714285,
      "relative_delta": 0.8825202449140824
    },
    "naturalness": {
      "target_mean": 0.908388239045151,
      "baseline_mean": 0.803579657750286,
      "absolute_delta": 0.10480858129486503,
      "relative_delta": 0.1304271210501878
    },
    "context_keyword_coverage": {
      "target_mean": 0.33431818181818185,
      "baseline_mean": 0.008333333333333333,
      "absolute_delta": 0.3259848484848485,
      "relative_delta": 39.11818181818182
    },
    "context_overlap": {
      "target_mean": 0.10600114466571478,
      "baseline_mean": 0.04469352924383679,
      "absolute_delta": 0.061307615421877994,
      "relative_delta": 1.3717335922924967
    },
    "persona_keyword_coverage": {
      "target_mean": 0.19833333333333333,
      "baseline_mean": 0.054761904761904755,
      "absolute_delta": 0.14357142857142857,
      "relative_delta": 2.621739130434783
    },
    "persona_style": {
      "target_mean": 0.625,
      "baseline_mean": 0.534375,
      "absolute_delta": 0.09062499999999996,
      "relative_delta": 0.1695906432748537
    },
    "distinct1": {
      "target_mean": 0.9424289309462107,
      "baseline_mean": 0.9335324777090481,
      "absolute_delta": 0.008896453237162594,
      "relative_delta": 0.009529880801785377
    },
    "length_score": {
      "target_mean": 0.6833333333333333,
      "baseline_mean": 0.2733333333333333,
      "absolute_delta": 0.41000000000000003,
      "relative_delta": 1.5000000000000002
    },
    "sentence_score": {
      "target_mean": 0.9475,
      "baseline_mean": 0.755,
      "absolute_delta": 0.1925,
      "relative_delta": 0.25496688741721857
    },
    "overall_quality": {
      "target_mean": 0.4011194077965639,
      "baseline_mean": 0.21680057080362966,
      "absolute_delta": 0.18431883699293425,
      "relative_delta": 0.8501768990261735
    }
  },
  "controlled_alt_vs_controlled_default": {
    "context_relevance": {
      "target_mean": 0.2831723789585973,
      "baseline_mean": 0.2658230706724417,
      "absolute_delta": 0.017349308286155607,
      "relative_delta": 0.06526637527084378
    },
    "persona_consistency": {
      "target_mean": 0.26295238095238094,
      "baseline_mean": 0.2836666666666667,
      "absolute_delta": -0.02071428571428574,
      "relative_delta": -0.0730233338928992
    },
    "naturalness": {
      "target_mean": 0.9064002730097203,
      "baseline_mean": 0.908388239045151,
      "absolute_delta": -0.0019879660354307216,
      "relative_delta": -0.002188454176289606
    },
    "context_keyword_coverage": {
      "target_mean": 0.3525,
      "baseline_mean": 0.33431818181818185,
      "absolute_delta": 0.018181818181818132,
      "relative_delta": 0.05438477226376599
    },
    "context_overlap": {
      "target_mean": 0.12140792986199118,
      "baseline_mean": 0.10600114466571478,
      "absolute_delta": 0.015406785196276404,
      "relative_delta": 0.1453454606067061
    },
    "persona_keyword_coverage": {
      "target_mean": 0.17452380952380953,