{
  "proposed_contextual_controlled": {
    "sample_count": 20,
    "context_relevance": {
      "n": 20,
      "mean": 0.2658230706724417,
      "median": 0.28533492822966505,
      "p95": 0.3946056149732621,
      "ci95_low": 0.2294296227996162,
      "ci95_high": 0.298789355353556
    },
    "persona_consistency": {
      "n": 20,
      "mean": 0.2836666666666667,
      "median": 0.2966666666666667,
      "p95": 0.4321428571428572,
      "ci95_low": 0.2354261904761905,
      "ci95_high": 0.3323428571428571
    },
    "naturalness": {
      "n": 20,
      "mean": 0.908388239045151,
      "median": 0.9108602150537635,
      "p95": 0.9724594594594594,
      "ci95_low": 0.8868526141878492,
      "ci95_high": 0.929966607359907
    },
    "context_keyword_coverage": {
      "n": 20,
      "mean": 0.33431818181818185,
      "median": 0.36363636363636365,
      "p95": 0.5022727272727273,
      "ci95_low": 0.2797727272727273,
      "ci95_high": 0.37977272727272726
    },
    "context_overlap": {
      "n": 20,
      "mean": 0.10600114466571478,
      "median": 0.10347903657448707,
      "p95": 0.14295112781954886,
      "ci95_low": 0.09645279568456058,
      "ci95_high": 0.11553022539513584
    },
    "persona_keyword_coverage": {
      "n": 20,
      "mean": 0.19833333333333333,
      "median": 0.16666666666666666,
      "p95": 0.43214285714285716,
      "ci95_low": 0.14591666666666667,
      "ci95_high": 0.254047619047619
    },
    "persona_style": {
      "n": 20,
      "mean": 0.625,
      "median": 0.5,
      "p95": 1.0,
      "ci95_low": 0.4916666666666667,
      "ci95_high": 0.7666666666666667
    },
    "distinct1": {
      "n": 20,
      "mean": 0.9424289309462107,
      "median": 0.9444444444444444,
      "p95": 1.0,
      "ci95_low": 0.9281957717038362,
      "ci95_high": 0.9565125235349957
    },
    "length_score": {
      "n": 20,
      "mean": 0.6833333333333333,
      "median": 0.7166666666666667,
      "p95": 0.9666666666666667,
      "ci95_low": 0.5816666666666667,
      "ci95_high": 0.7766666666666666
    },
    "sentence_score": {
      "n": 20,
      "mean": 0.9475,
      "median": 1.0,
      "p95": 1.0,
      "ci95_low": 0.8949999999999999,
      "ci95_high": 1.0
    },
    "overall_quality": {
      "n": 20,
      "mean": 0.4011194077965639,
      "median": 0.3954522196421511,
      "p95": 0.46828744487124785,
      "ci95_low": 0.3768732156560415,
      "ci95_high": 0.42506454378918856
    },
    "metrics": [
      "context_relevance",
      "persona_consistency",
      "naturalness",
      "context_keyword_coverage",
      "context_overlap",
      "persona_keyword_coverage",
      "persona_style",
      "distinct1",
      "length_score",
      "sentence_score",
      "overall_quality"
    ]
  },
  "proposed_contextual_controlled_alt": {
    "sample_count": 20,
    "context_relevance": {
      "n": 20,
      "mean": 0.2831723789585973,
      "median": 0.2830467926364447,
      "p95": 0.3898194342970463,
      "ci95_low": 0.2579819761432437,
      "ci95_high": 0.31028005655828583
    },
    "persona_consistency": {
      "n": 20,
      "mean": 0.26295238095238094,
      "median": 0.24666666666666667,
      "p95": 0.4285714285714286,
      "ci95_low": 0.21975,
      "ci95_high": 0.3044821428571428
    },
    "naturalness": {
      "n": 20,
      "mean": 0.9064002730097203,
      "median": 0.9075196078431372,
      "p95": 0.9717117117117117,
      "ci95_low": 0.8888048277175906,
      "ci95_high": 0.9240190685807816
    },
    "context_keyword_coverage": {
      "n": 20,
      "mean": 0.3525,
      "median": 0.36363636363636365,
      "p95": 0.45909090909090916,
      "ci95_low": 0.31954166666666667,
      "ci95_high": 0.38932575757575755
    },
    "context_overlap": {
      "n": 20,
      "mean": 0.12140792986199118,
      "median": 0.10717703349282295,
      "p95": 0.18168771526980484,
      "ci95_low": 0.106076662010008,
      "ci95_high": 0.13869105553463543
    },
    "persona_keyword_coverage": {
      "n": 20,
      "mean": 0.17452380952380953,
      "median": 0.16666666666666666,
      "p95": 0.28809523809523807,
      "ci95_low": 0.13595238095238096,
      "ci95_high": 0.21142857142857144
    },
    "persona_style": {
      "n": 20,
      "mean": 0.6166666666666667,
      "median": 0.5,
      "p95": 1.0,
      "ci95_low": 0.4833333333333333,
      "ci95_high": 0.7583333333333333
    },
    "distinct1": {
      "n": 20,
      "mean": 0.9357923491909675,
      "median": 0.9333333333333333,
      "p95": 0.981,
      "ci95_low": 0.9217610545411556,
      "ci95_high": 0.9495039733881223
    },
    "length_score": {
      "n": 20,
      "mean": 0.7216666666666667,
      "median": 0.7333333333333334,
      "p95": 0.9666666666666667,
      "ci95_low": 0.6532916666666666,
      "ci95_high": 0.7883749999999998
    },
    "sentence_score": {
      "n": 20,
      "mean": 0.8775000000000001,
      "median": 1.0,
      "p95": 1.0,
      "ci95_low": 0.8074999999999999,
      "ci95_high": 0.9475
    },
    "overall_quality": {
      "n": 20,
      "mean": 0.400779253884182,
      "median": 0.39876626916060887,
      "p95": 0.4785002658362621,
      "ci95_low": 0.37839370452735727,
      "ci95_high": 0.4230771090398808
    },
    "metrics": [
      "context_relevance",
      "persona_consistency",
      "naturalness",
      "context_keyword_coverage",
      "context_overlap",
      "persona_keyword_coverage",
      "persona_style",
      "distinct1",
      "length_score",
      "sentence_score",
      "overall_quality"
    ]
  },
  "proposed_contextual": {
    "sample_count": 20,
    "context_relevance": {
      "n": 20,
      "mean": 0.07539516610553196,
      "median": 0.015384615384615384,
      "p95": 0.27028409090909095,
      "ci95_low": 0.03393656371583201,
      "ci95_high": 0.12496295514931183
    },
    "persona_consistency": {
      "n": 20,
      "mean": 0.11634868421052633,
      "median": 0.1,
      "p95": 0.20666666666666678,
      "ci95_low": 0.0851015625,
      "ci95_high": 0.14863240131578948
    },
    "naturalness": {
      "n": 20,
      "mean": 0.8189176788776024,
      "median": 0.7568181818181817,
      "p95": 0.9436746411483254,
      "ci95_low": 0.7840697156455664,
      "ci95_high": 0.8554067422655655
    },
    "context_keyword_coverage": {
      "n": 20,
      "mean": 0.08446969696969696,
      "median": 0.0,
      "p95": 0.3439393939393941,
      "ci95_low": 0.026515151515151512,
      "ci95_high": 0.15303030303030302
    },
    "context_overlap": {
      "n": 20,
      "mean": 0.054221260755813606,
      "median": 0.04908160192713038,
      "p95": 0.10681818181818183,
      "ci95_low": 0.040376092171569816,
      "ci95_high": 0.06837348311205017
    },
    "persona_keyword_coverage": {
      "n": 20,
      "mean": 0.008333333333333333,
      "median": 0.0,
      "p95": 0.008333333333333451,
      "ci95_low": 0.0,
      "ci95_high": 0.025
    },
    "persona_style": {
      "n": 20,
      "mean": 0.5484100877192982,
      "median": 0.5,
      "p95": 1.0,
      "ci95_low": 0.4177083333333333,
      "ci95_high": 0.6739836896929823
    },
    "distinct1": {
      "n": 20,
      "mean": 0.9400025305273395,
      "median": 0.9262435677530017,
      "p95": 1.0,
      "ci95_low": 0.925369418995627,
      "ci95_high": 0.9548915303170388
    },
    "length_score": {
      "n": 20,
      "mean": 0.3283333333333333,
      "median": 0.09999999999999998,
      "p95": 0.8100000000000002,
      "ci95_low": 0.201625,
      "ci95_high": 0.4633749999999997
    },
    "sentence_score": {
      "n": 20,
      "mean": 0.7725000000000001,
      "median": 0.65,
      "p95": 1.0,
      "ci95_low": 0.7025,
      "ci95_high": 0.8425
    },
    "overall_quality": {
      "n": 20,
      "mean": 0.23308797659424568,
      "median": 0.2052136363636364,
      "p95": 0.37656957157784754,
      "ci95_low": 0.203667713712918,
      "ci95_high": 0.26731844596627646
    },