{
  "proposed_vs_candidate_no_context": {
    "context_relevance": {
      "target_mean": 0.057068199059260354,
      "baseline_mean": 0.021300862790200933,
      "absolute_delta": 0.035767336269059424,
      "relative_delta": 1.6791496486007846
    },
    "persona_consistency": {
      "target_mean": 0.13947172619047618,
      "baseline_mean": 0.17342287561576356,
      "absolute_delta": -0.033951149425287375,
      "relative_delta": -0.1957708826170642
    },
    "naturalness": {
      "target_mean": 0.812260674128931,
      "baseline_mean": 0.8064339796953076,
      "absolute_delta": 0.005826694433623381,
      "relative_delta": 0.007225259079267545
    },
    "context_keyword_coverage": {
      "target_mean": 0.05975378787878788,
      "baseline_mean": 0.014204545454545456,
      "absolute_delta": 0.04554924242424242,
      "relative_delta": 3.206666666666666
    },
    "context_overlap": {
      "target_mean": 0.050801825147029474,
      "baseline_mean": 0.037858936573397055,
      "absolute_delta": 0.012942888573632419,
      "relative_delta": 0.34187142442683416
    },
    "persona_keyword_coverage": {
      "target_mean": 0.05952380952380952,
      "baseline_mean": 0.09925595238095238,
      "absolute_delta": -0.039732142857142855,
      "relative_delta": -0.4002998500749625
    },
    "persona_style": {
      "target_mean": 0.45926339285714285,
      "baseline_mean": 0.4700905685550082,
      "absolute_delta": -0.010827175697865343,
      "relative_delta": -0.023032105773035497
    },
    "distinct1": {
      "target_mean": 0.9329954353223278,
      "baseline_mean": 0.9352255742382692,
      "absolute_delta": -0.002230138915941482,
      "relative_delta": -0.0023846000124172237
    },
    "length_score": {
      "target_mean": 0.315625,
      "baseline_mean": 0.2875,
      "absolute_delta": 0.02812500000000001,
      "relative_delta": 0.09782608695652178
    },
    "sentence_score": {
      "target_mean": 0.759375,
      "baseline_mean": 0.7484375,
      "absolute_delta": 0.010937500000000044,
      "relative_delta": 0.014613778705636803
    },
    "overall_quality": {
      "target_mean": 0.23318993594599444,
      "baseline_mean": 0.22807369000748376,
      "absolute_delta": 0.005116245938510677,
      "relative_delta": 0.022432424969065036
    }
  },
  "controlled_vs_proposed_raw": {
    "context_relevance": {
      "target_mean": 0.2553572562646303,
      "baseline_mean": 0.057068199059260354,
      "absolute_delta": 0.19828905720536993,
      "relative_delta": 3.4745981207408354
    },
    "persona_consistency": {
      "target_mean": 0.30187531884355917,
      "baseline_mean": 0.13947172619047618,
      "absolute_delta": 0.162403592653083,
      "relative_delta": 1.1644194639943641
    },
    "naturalness": {
      "target_mean": 0.9062705889972514,
      "baseline_mean": 0.812260674128931,
      "absolute_delta": 0.09400991486832044,
      "relative_delta": 0.11573860198160739
    },
    "context_keyword_coverage": {
      "target_mean": 0.3162405303030303,
      "baseline_mean": 0.05975378787878788,
      "absolute_delta": 0.2564867424242424,
      "relative_delta": 4.292393026941363
    },
    "context_overlap": {
      "target_mean": 0.11329628350836358,
      "baseline_mean": 0.050801825147029474,
      "absolute_delta": 0.06249445836133411,
      "relative_delta": 1.2301616758938108
    },
    "persona_keyword_coverage": {
      "target_mean": 0.23720238095238094,
      "baseline_mean": 0.05952380952380952,
      "absolute_delta": 0.1776785714285714,
      "relative_delta": 2.985
    },
    "persona_style": {
      "target_mean": 0.560567070408272,
      "baseline_mean": 0.45926339285714285,
      "absolute_delta": 0.10130367755112918,
      "relative_delta": 0.22057860288168105
    },
    "distinct1": {
      "target_mean": 0.9324733474931285,
      "baseline_mean": 0.9329954353223278,
      "absolute_delta": -0.0005220878291992692,
      "relative_delta": -0.0005595824046222694
    },
    "length_score": {
      "target_mean": 0.69375,
      "baseline_mean": 0.315625,
      "absolute_delta": 0.378125,
      "relative_delta": 1.198019801980198
    },
    "sentence_score": {
      "target_mean": 0.9453125,
      "baseline_mean": 0.759375,
      "absolute_delta": 0.18593749999999998,
      "relative_delta": 0.24485596707818927
    },
    "overall_quality": {
      "target_mean": 0.40327671098917034,
      "baseline_mean": 0.23318993594599444,
      "absolute_delta": 0.1700867750431759,
      "relative_delta": 0.7293915766697886
    }
  },
  "controlled_vs_candidate_no_context": {
    "context_relevance": {
      "target_mean": 0.2553572562646303,
      "baseline_mean": 0.021300862790200933,
      "absolute_delta": 0.23405639347442936,
      "relative_delta": 10.98811798281254
    },
    "persona_consistency": {
      "target_mean": 0.30187531884355917,
      "baseline_mean": 0.17342287561576356,
      "absolute_delta": 0.12845244322779562,
      "relative_delta": 0.7406891551746344
    },
    "naturalness": {
      "target_mean": 0.9062705889972514,
      "baseline_mean": 0.8064339796953076,
      "absolute_delta": 0.09983660930194382,
      "relative_delta": 0.12380010244566428
    },
    "context_keyword_coverage": {
      "target_mean": 0.3162405303030303,
      "baseline_mean": 0.014204545454545456,
      "absolute_delta": 0.3020359848484848,
      "relative_delta": 21.26333333333333
    },
    "context_overlap": {
      "target_mean": 0.11329628350836358,
      "baseline_mean": 0.037858936573397055,
      "absolute_delta": 0.07543734693496654,
      "relative_delta": 1.9925902247337635
    },
    "persona_keyword_coverage": {
      "target_mean": 0.23720238095238094,
      "baseline_mean": 0.09925595238095238,
      "absolute_delta": 0.13794642857142858,
      "relative_delta": 1.3898050974512746
    },
    "persona_style": {
      "target_mean": 0.560567070408272,
      "baseline_mean": 0.4700905685550082,
      "absolute_delta": 0.09047650185326384,
      "relative_delta": 0.19246610739580627
    },
    "distinct1": {
      "target_mean": 0.9324733474931285,
      "baseline_mean": 0.9352255742382692,
      "absolute_delta": -0.002752226745140751,
      "relative_delta": -0.0029428480368304823
    },
    "length_score": {
      "target_mean": 0.69375,
      "baseline_mean": 0.2875,
      "absolute_delta": 0.40625,
      "relative_delta": 1.4130434782608696
    },
    "sentence_score": {
      "target_mean": 0.9453125,
      "baseline_mean": 0.7484375,
      "absolute_delta": 0.19687500000000002,
      "relative_delta": 0.26304801670146144
    },
    "overall_quality": {
      "target_mean": 0.40327671098917034,
      "baseline_mean": 0.22807369000748376,
      "absolute_delta": 0.17520302098168658,
      "relative_delta": 0.7681860234555667
    }
  },
  "controlled_alt_vs_controlled_default": {
    "context_relevance": {
      "target_mean": 0.25427636592819314,
      "baseline_mean": 0.2553572562646303,
      "absolute_delta": -0.001080890336437157,
      "relative_delta": -0.0042328553817049756
    },
    "persona_consistency": {
      "target_mean": 0.30188093227155727,
      "baseline_mean": 0.30187531884355917,
      "absolute_delta": 5.6134279980968316e-06,
      "relative_delta": 1.859518697852168e-05
    },
    "naturalness": {
      "target_mean": 0.9254769348396381,
      "baseline_mean": 0.9062705889972514,
      "absolute_delta": 0.019206345842386674,
      "relative_delta": 0.02119272773006752
    },
    "context_keyword_coverage": {
      "target_mean": 0.3149147727272727,
      "baseline_mean": 0.3162405303030303,
      "absolute_delta": -0.0013257575757575912,
      "relative_delta": -0.00419224434795633
    },
    "context_overlap": {
      "target_mean": 0.1127867500636742,
      "baseline_mean": 0.11329628350836358,
      "absolute_delta": -0.000509533444689389,
      "relative_delta": -0.004497353566339844
    },
    "persona_keyword_coverage": {
      "target_mean": 0.23482142857142857,