{
  "proposed_contextual_controlled": {
    "sample_count": 32,
    "context_relevance": {
      "n": 32,
      "mean": 0.2553572562646303,
      "median": 0.23758378274268105,
      "p95": 0.39723521819795105,
      "ci95_low": 0.23061236380259706,
      "ci95_high": 0.2819691031671703
    },
    "persona_consistency": {
      "n": 32,
      "mean": 0.30187531884355917,
      "median": 0.3143755615453729,
      "p95": 0.4848809523809523,
      "ci95_low": 0.26286365178666604,
      "ci95_high": 0.34510715082823185
    },
    "naturalness": {
      "n": 32,
      "mean": 0.9062705889972514,
      "median": 0.9164007092198583,
      "p95": 0.9717117117117117,
      "ci95_low": 0.8849795156954651,
      "ci95_high": 0.9258495501625766
    },
    "context_keyword_coverage": {
      "n": 32,
      "mean": 0.3162405303030303,
      "median": 0.2863636363636364,
      "p95": 0.49545454545454537,
      "ci95_low": 0.2833806818181818,
      "ci95_high": 0.34934185606060597
    },
    "context_overlap": {
      "n": 32,
      "mean": 0.11329628350836358,
      "median": 0.10714285714285714,
      "p95": 0.1680567879325643,
      "ci95_low": 0.10318881188830172,
      "ci95_high": 0.12356709823607603
    },
    "persona_keyword_coverage": {
      "n": 32,
      "mean": 0.23720238095238094,
      "median": 0.2,
      "p95": 0.47714285714285704,
      "ci95_low": 0.1955282738095238,
      "ci95_high": 0.28273809523809523
    },
    "persona_style": {
      "n": 32,
      "mean": 0.560567070408272,
      "median": 0.5,
      "p95": 1.0,
      "ci95_low": 0.44857112281473194,
      "ci95_high": 0.6707499283791706
    },
    "distinct1": {
      "n": 32,
      "mean": 0.9324733474931285,
      "median": 0.9327683615819209,
      "p95": 0.9737466124661246,
      "ci95_low": 0.922854717517638,
      "ci95_high": 0.9416245057773616
    },
    "length_score": {
      "n": 32,
      "mean": 0.69375,
      "median": 0.7333333333333334,
      "p95": 0.9666666666666668,
      "ci95_low": 0.6,
      "ci95_high": 0.7802083333333334
    },
    "sentence_score": {
      "n": 32,
      "mean": 0.9453125,
      "median": 1.0,
      "p95": 1.0,
      "ci95_low": 0.9015625,
      "ci95_high": 0.9890625
    },
    "overall_quality": {
      "n": 32,
      "mean": 0.40327671098917034,
      "median": 0.4025135624039827,
      "p95": 0.4603219932241673,
      "ci95_low": 0.38687429164196396,
      "ci95_high": 0.4187541662876365
    },
    "metrics": [
      "context_relevance",
      "persona_consistency",
      "naturalness",
      "context_keyword_coverage",
      "context_overlap",
      "persona_keyword_coverage",
      "persona_style",
      "distinct1",
      "length_score",
      "sentence_score",
      "overall_quality"
    ]
  },
  "proposed_contextual_controlled_alt": {
    "sample_count": 32,
    "context_relevance": {
      "n": 32,
      "mean": 0.25427636592819314,
      "median": 0.2533271539548022,
      "p95": 0.35924599728629575,
      "ci95_low": 0.22737930627358066,
      "ci95_high": 0.27906862381931435
    },
    "persona_consistency": {
      "n": 32,
      "mean": 0.30188093227155727,
      "median": 0.28714285714285714,
      "p95": 0.5713392857142857,
      "ci95_low": 0.25676698238416984,
      "ci95_high": 0.34989607464607464
    },
    "naturalness": {
      "n": 32,
      "mean": 0.9254769348396381,
      "median": 0.935686274509804,
      "p95": 0.982421052631579,
      "ci95_low": 0.9038791184565207,
      "ci95_high": 0.943941292994726
    },
    "context_keyword_coverage": {
      "n": 32,
      "mean": 0.3149147727272727,
      "median": 0.3,
      "p95": 0.4545454545454546,
      "ci95_low": 0.2812476325757576,
      "ci95_high": 0.34678148674242426
    },
    "context_overlap": {
      "n": 32,
      "mean": 0.1127867500636742,
      "median": 0.1043557168784029,
      "p95": 0.20350649350649352,
      "ci95_low": 0.0980055635797543,
      "ci95_high": 0.1306763573253385
    },
    "persona_keyword_coverage": {
      "n": 32,
      "mean": 0.23482142857142857,
      "median": 0.18333333333333335,
      "p95": 0.5964285714285713,
      "ci95_low": 0.17901785714285715,
      "ci95_high": 0.29539062499999996
    },
    "persona_style": {
      "n": 32,
      "mean": 0.5701189470720721,
      "median": 0.5,
      "p95": 1.0,
      "ci95_low": 0.4505208333333333,
      "ci95_high": 0.6925882425394145
    },
    "distinct1": {
      "n": 32,
      "mean": 0.946374628765762,
      "median": 0.9444444444444444,
      "p95": 1.0,
      "ci95_low": 0.9353979567837402,
      "ci95_high": 0.9573047307861231
    },
    "length_score": {
      "n": 32,
      "mean": 0.7510416666666667,
      "median": 0.8333333333333334,
      "p95": 1.0,
      "ci95_low": 0.659375,
      "ci95_high": 0.83125
    },
    "sentence_score": {
      "n": 32,
      "mean": 0.9671875,
      "median": 1.0,
      "p95": 1.0,
      "ci95_low": 0.9234375,
      "ci95_high": 1.0
    },
    "overall_quality": {
      "n": 32,
      "mean": 0.40648162591601195,
      "median": 0.41700110667517865,
      "p95": 0.4910458029817752,
      "ci95_low": 0.3878963203633644,
      "ci95_high": 0.4251069107716027
    },
    "metrics": [
      "context_relevance",
      "persona_consistency",
      "naturalness",
      "context_keyword_coverage",
      "context_overlap",
      "persona_keyword_coverage",
      "persona_style",
      "distinct1",
      "length_score",
      "sentence_score",
      "overall_quality"
    ]
  },
  "proposed_contextual": {
    "sample_count": 32,
    "context_relevance": {
      "n": 32,
      "mean": 0.057068199059260354,
      "median": 0.015384615384615384,
      "p95": 0.19213676948051941,
      "ci95_low": 0.03093444740611943,
      "ci95_high": 0.08980967297111651
    },
    "persona_consistency": {
      "n": 32,
      "mean": 0.13947172619047618,
      "median": 0.1,
      "p95": 0.4442857142857142,
      "ci95_low": 0.09892554873511904,
      "ci95_high": 0.18783737909226192
    },
    "naturalness": {
      "n": 32,
      "mean": 0.812260674128931,
      "median": 0.7486363636363635,
      "p95": 0.9538464912280702,
      "ci95_low": 0.7860040733078772,
      "ci95_high": 0.8423323579343046
    },
    "context_keyword_coverage": {
      "n": 32,
      "mean": 0.05975378787878788,
      "median": 0.0,
      "p95": 0.23272727272727267,
      "ci95_low": 0.02566287878787879,
      "ci95_high": 0.10521425189393936
    },
    "context_overlap": {
      "n": 32,
      "mean": 0.050801825147029474,
      "median": 0.04878048780487805,
      "p95": 0.10087756849315067,
      "ci95_low": 0.041491987779003786,
      "ci95_high": 0.0612407984443929
    },
    "persona_keyword_coverage": {
      "n": 32,
      "mean": 0.05952380952380952,
      "median": 0.0,
      "p95": 0.49285714285714277,
      "ci95_low": 0.010416666666666666,
      "ci95_high": 0.11462053571428552
    },
    "persona_style": {
      "n": 32,
      "mean": 0.45926339285714285,
      "median": 0.5,
      "p95": 1.0,
      "ci95_low": 0.35642787388392855,
      "ci95_high": 0.5579031808035714
    },
    "distinct1": {
      "n": 32,
      "mean": 0.9329954353223278,
      "median": 0.9090909090909091,
      "p95": 1.0,
      "ci95_low": 0.9220898848424047,
      "ci95_high": 0.9451362916355334
    },
    "length_score": {
      "n": 32,
      "mean": 0.315625,
      "median": 0.09999999999999998,
      "p95": 0.9116666666666666,
      "ci95_low": 0.21145833333333333,
      "ci95_high": 0.4229427083333332
    },
    "sentence_score": {
      "n": 32,
      "mean": 0.759375,
      "median": 0.65,
      "p95": 1.0,
      "ci95_low": 0.7046875,
      "ci95_high": 0.8140625
    },
    "overall_quality": {
      "n": 32,
      "mean": 0.23318993594599444,
      "median": 0.18499556541019957,
      "p95": 0.4021393273393274,
      "ci95_low": 0.2069978290090264,
      "ci95_high": 0.26413937610267696
    },