{
  "proposed_vs_candidate_no_context": {
    "context_relevance": {
      "target_mean": 0.09500542878174456,
      "baseline_mean": 0.033478438602494255,
      "absolute_delta": 0.061526990179250306,
      "relative_delta": 1.8378094304155015
    },
    "persona_consistency": {
      "target_mean": 0.1351190476190476,
      "baseline_mean": 0.2154761904761905,
      "absolute_delta": -0.08035714285714288,
      "relative_delta": -0.37292817679558016
    },
    "naturalness": {
      "target_mean": 0.8040678335074887,
      "baseline_mean": 0.8098573114286932,
      "absolute_delta": -0.005789477921204544,
      "relative_delta": -0.007148762923423085
    },
    "context_keyword_coverage": {
      "target_mean": 0.11363636363636363,
      "baseline_mean": 0.03409090909090909,
      "absolute_delta": 0.07954545454545454,
      "relative_delta": 2.3333333333333335
    },
    "context_overlap": {
      "target_mean": 0.05153324745430009,
      "baseline_mean": 0.03204934079619296,
      "absolute_delta": 0.019483906658107127,
      "relative_delta": 0.6079347086109664
    },
    "persona_keyword_coverage": {
      "target_mean": 0.05952380952380952,
      "baseline_mean": 0.15476190476190477,
      "absolute_delta": -0.09523809523809525,
      "relative_delta": -0.6153846153846154
    },
    "persona_style": {
      "target_mean": 0.4375,
      "baseline_mean": 0.4583333333333333,
      "absolute_delta": -0.020833333333333315,
      "relative_delta": -0.045454545454545414
    },
    "distinct1": {
      "target_mean": 0.927877917102055,
      "baseline_mean": 0.9392266119050665,
      "absolute_delta": -0.011348694803011483,
      "relative_delta": -0.012083020922919257
    },
    "length_score": {
      "target_mean": 0.29583333333333334,
      "baseline_mean": 0.2583333333333333,
      "absolute_delta": 0.03750000000000003,
      "relative_delta": 0.1451612903225808
    },
    "sentence_score": {
      "target_mean": 0.7375,
      "baseline_mean": 0.825,
      "absolute_delta": -0.08749999999999991,
      "relative_delta": -0.10606060606060595
    },
    "bertscore_f1": {
      "target_mean": 0.07640054333023727,
      "baseline_mean": 0.047909024404361844,
      "absolute_delta": 0.028491518925875425,
      "relative_delta": 0.5947004615539914
    },
    "overall_quality": {
      "target_mean": 0.23095114628974223,
      "baseline_mean": 0.23021086996037587,
      "absolute_delta": 0.0007402763293663517,
      "relative_delta": 0.0032156445501195004
    }
  },
  "proposed_vs_baseline_no_context": {
    "context_relevance": {
      "target_mean": 0.09500542878174456,
      "baseline_mean": 0.03548565977820285,
      "absolute_delta": 0.05951976900354171,
      "relative_delta": 1.6772907528156449
    },
    "persona_consistency": {
      "target_mean": 0.1351190476190476,
      "baseline_mean": 0.16247023809523808,
      "absolute_delta": -0.027351190476190473,
      "relative_delta": -0.1683458508884411
    },
    "naturalness": {
      "target_mean": 0.8040678335074887,
      "baseline_mean": 0.9008241488833594,
      "absolute_delta": -0.0967563153758707,
      "relative_delta": -0.10740866072008347
    },
    "context_keyword_coverage": {
      "target_mean": 0.11363636363636363,
      "baseline_mean": 0.03409090909090909,
      "absolute_delta": 0.07954545454545454,
      "relative_delta": 2.3333333333333335
    },
    "context_overlap": {
      "target_mean": 0.05153324745430009,
      "baseline_mean": 0.038740078048554956,
      "absolute_delta": 0.012793169405745132,
      "relative_delta": 0.33023086297634163
    },
    "persona_keyword_coverage": {
      "target_mean": 0.05952380952380952,
      "baseline_mean": 0.08928571428571427,
      "absolute_delta": -0.029761904761904753,
      "relative_delta": -0.33333333333333326
    },
    "persona_style": {
      "target_mean": 0.4375,
      "baseline_mean": 0.4552083333333333,
      "absolute_delta": -0.017708333333333326,
      "relative_delta": -0.0389016018306636
    },
    "distinct1": {
      "target_mean": 0.927877917102055,
      "baseline_mean": 0.9692478722083985,
      "absolute_delta": -0.04136995510634345,
      "relative_delta": -0.042682533841506824
    },
    "length_score": {
      "target_mean": 0.29583333333333334,
      "baseline_mean": 0.5875,
      "absolute_delta": -0.2916666666666667,
      "relative_delta": -0.49645390070921985
    },
    "sentence_score": {
      "target_mean": 0.7375,
      "baseline_mean": 0.95625,
      "absolute_delta": -0.21875,
      "relative_delta": -0.22875816993464052
    },
    "bertscore_f1": {
      "target_mean": 0.07640054333023727,
      "baseline_mean": 0.06127757462672889,
      "absolute_delta": 0.015122968703508377,
      "relative_delta": 0.2467945050963527
    },
    "overall_quality": {
      "target_mean": 0.23095114628974223,
      "baseline_mean": 0.23120587641494572,
      "absolute_delta": -0.00025473012520349503,
      "relative_delta": -0.0011017458948419212
    }
  },
  "controlled_vs_proposed_raw": {
    "context_relevance": {
      "target_mean": 0.2951729167778353,
      "baseline_mean": 0.09500542878174456,
      "absolute_delta": 0.20016748799609074,
      "relative_delta": 2.1069057901515755
    },
    "persona_consistency": {
      "target_mean": 0.37142857142857144,
      "baseline_mean": 0.1351190476190476,
      "absolute_delta": 0.23630952380952383,
      "relative_delta": 1.7488986784140972
    },
    "naturalness": {
      "target_mean": 0.8518514929877418,
      "baseline_mean": 0.8040678335074887,
      "absolute_delta": 0.04778365948025309,
      "relative_delta": 0.059427398397237416
    },
    "context_keyword_coverage": {
      "target_mean": 0.375,
      "baseline_mean": 0.11363636363636363,
      "absolute_delta": 0.26136363636363635,
      "relative_delta": 2.3
    },
    "context_overlap": {
      "target_mean": 0.10890972259278442,
      "baseline_mean": 0.05153324745430009,
      "absolute_delta": 0.05737647513848433,
      "relative_delta": 1.11338753082398
    },
    "persona_keyword_coverage": {
      "target_mean": 0.3392857142857143,
      "baseline_mean": 0.05952380952380952,
      "absolute_delta": 0.27976190476190477,
      "relative_delta": 4.7
    },
    "persona_style": {
      "target_mean": 0.5,
      "baseline_mean": 0.4375,
      "absolute_delta": 0.0625,
      "relative_delta": 0.14285714285714285
    },
    "distinct1": {
      "target_mean": 0.9317864705645924,
      "baseline_mean": 0.927877917102055,
      "absolute_delta": 0.0039085534625373786,
      "relative_delta": 0.0042123574561883734
    },
    "length_score": {
      "target_mean": 0.4416666666666667,
      "baseline_mean": 0.29583333333333334,
      "absolute_delta": 0.14583333333333337,
      "relative_delta": 0.49295774647887336
    },
    "sentence_score": {
      "target_mean": 0.9125,
      "baseline_mean": 0.7375,
      "absolute_delta": 0.17499999999999993,
      "relative_delta": 0.23728813559322023
    },
    "bertscore_f1": {
      "target_mean": 0.11234572040848434,
      "baseline_mean": 0.07640054333023727,
      "absolute_delta": 0.03594517707824707,
      "relative_delta": 0.4704832650584167
    },
    "overall_quality": {
      "target_mean": 0.40261663022016225,
      "baseline_mean": 0.23095114628974223,
      "absolute_delta": 0.17166548393042003,
      "relative_delta": 0.7432978215880135
    }
  },
  "controlled_vs_candidate_no_context": {
    "context_relevance": {
      "target_mean": 0.2951729167778353,
      "baseline_mean": 0.033478438602494255,
      "absolute_delta": 0.261694478175341,
      "relative_delta": 7.816806550704665
    },
    "persona_consistency": {
      "target_mean": 0.37142857142857144,
      "baseline_mean": 0.2154761904761905,
      "absolute_delta": 0.15595238095238095,
      "relative_delta": 0.723756906077348
    },
    "naturalness": {
      "target_mean": 0.8518514929877418,
      "baseline_mean": 0.8098573114286932,
      "absolute_delta": 0.04199418155904855,