{
  "proposed_contextual_controlled": {
    "sample_count": 8,
    "context_relevance": {
      "n": 8,
      "mean": 0.2951729167778353,
      "median": 0.27695286195286195,
      "p95": 0.43205165395592565,
      "ci95_low": 0.23617313450178617,
      "ci95_high": 0.36261550447467394
    },
    "persona_consistency": {
      "n": 8,
      "mean": 0.37142857142857144,
      "median": 0.27380952380952384,
      "p95": 0.7449999999999998,
      "ci95_low": 0.25357142857142856,
      "ci95_high": 0.5392857142857143
    },
    "naturalness": {
      "n": 8,
      "mean": 0.8518514929877418,
      "median": 0.8662121212121212,
      "p95": 0.9378221343873518,
      "ci95_low": 0.799689671095621,
      "ci95_high": 0.9014808841520797
    },
    "context_keyword_coverage": {
      "n": 8,
      "mean": 0.375,
      "median": 0.36363636363636365,
      "p95": 0.5727272727272726,
      "ci95_low": 0.29545454545454547,
      "ci95_high": 0.4659090909090909
    },
    "context_overlap": {
      "n": 8,
      "mean": 0.10890972259278442,
      "median": 0.10172413793103449,
      "p95": 0.22609890109890102,
      "ci95_low": 0.07012074375010398,
      "ci95_high": 0.1666637607054059
    },
    "persona_keyword_coverage": {
      "n": 8,
      "mean": 0.3392857142857143,
      "median": 0.16666666666666666,
      "p95": 0.8499999999999998,
      "ci95_low": 0.17559523809523808,
      "ci95_high": 0.5714285714285714
    },
    "persona_style": {
      "n": 8,
      "mean": 0.5,
      "median": 0.5,
      "p95": 0.8249999999999997,
      "ci95_low": 0.3125,
      "ci95_high": 0.6875
    },
    "distinct1": {
      "n": 8,
      "mean": 0.9317864705645924,
      "median": 0.9393939393939394,
      "p95": 0.9847826086956522,
      "ci95_low": 0.8991821520654306,
      "ci95_high": 0.9604511467283207
    },
    "length_score": {
      "n": 8,
      "mean": 0.4416666666666667,
      "median": 0.4833333333333334,
      "p95": 0.8333333333333335,
      "ci95_low": 0.20833333333333334,
      "ci95_high": 0.6626041666666661
    },
    "sentence_score": {
      "n": 8,
      "mean": 0.9125,
      "median": 1.0,
      "p95": 1.0,
      "ci95_low": 0.78125,
      "ci95_high": 1.0
    },
    "bertscore_f1": {
      "n": 8,
      "mean": 0.11234572040848434,
      "median": 0.08029790595173836,
      "p95": 0.21708442047238347,
      "ci95_low": 0.061731077963486314,
      "ci95_high": 0.16748927352018653
    },
    "overall_quality": {
      "n": 8,
      "mean": 0.40261663022016225,
      "median": 0.3691265573357091,
      "p95": 0.5448191184461078,
      "ci95_low": 0.35816114546690303,
      "ci95_high": 0.46641751547512494
    },
    "metrics": [
      "context_relevance",
      "persona_consistency",
      "naturalness",
      "context_keyword_coverage",
      "context_overlap",
      "persona_keyword_coverage",
      "persona_style",
      "distinct1",
      "length_score",
      "sentence_score",
      "bertscore_f1",
      "overall_quality"
    ]
  },
  "proposed_contextual": {
    "sample_count": 8,
    "context_relevance": {
      "n": 8,
      "mean": 0.09500542878174456,
      "median": 0.04386363636363636,
      "p95": 0.3173983253588515,
      "ci95_low": 0.02617822966507177,
      "ci95_high": 0.19410599926389396
    },
    "persona_consistency": {
      "n": 8,
      "mean": 0.1351190476190476,
      "median": 0.1,
      "p95": 0.2859523809523809,
      "ci95_low": 0.06428571428571428,
      "ci95_high": 0.2137351190476188
    },
    "naturalness": {
      "n": 8,
      "mean": 0.8040678335074887,
      "median": 0.7597727272727273,
      "p95": 0.9389722222222221,
      "ci95_low": 0.7564289446185997,
      "ci95_high": 0.8653219696969696
    },
    "context_keyword_coverage": {
      "n": 8,
      "mean": 0.11363636363636363,
      "median": 0.045454545454545456,
      "p95": 0.418181818181818,
      "ci95_low": 0.022727272727272728,
      "ci95_high": 0.25
    },
    "context_overlap": {
      "n": 8,
      "mean": 0.05153324745430009,
      "median": 0.04015151515151515,
      "p95": 0.08786842105263157,
      "ci95_low": 0.03463532081953134,
      "ci95_high": 0.06989992408906884
    },
    "persona_keyword_coverage": {
      "n": 8,
      "mean": 0.05952380952380952,
      "median": 0.0,
      "p95": 0.16666666666666666,
      "ci95_low": 0.017857142857142856,
      "ci95_high": 0.11904761904761904
    },
    "persona_style": {
      "n": 8,
      "mean": 0.4375,
      "median": 0.5,
      "p95": 0.8249999999999997,
      "ci95_low": 0.25,
      "ci95_high": 0.625
    },
    "distinct1": {
      "n": 8,
      "mean": 0.927877917102055,
      "median": 0.9090909090909091,
      "p95": 0.9818965517241379,
      "ci95_low": 0.9082952368512713,
      "ci95_high": 0.9529780564263323
    },
    "length_score": {
      "n": 8,
      "mean": 0.29583333333333334,
      "median": 0.09999999999999998,
      "p95": 0.8283333333333331,
      "ci95_low": 0.11218750000000001,
      "ci95_high": 0.5083333333333333
    },
    "sentence_score": {
      "n": 8,
      "mean": 0.7375,
      "median": 0.65,
      "p95": 1.0,
      "ci95_low": 0.65,
      "ci95_high": 0.86875
    },
    "bertscore_f1": {
      "n": 8,
      "mean": 0.07640054333023727,
      "median": 0.04631012864410877,
      "p95": 0.1656277023255825,
      "ci95_low": 0.040297019830904904,
      "ci95_high": 0.11889806018443777
    },
    "overall_quality": {
      "n": 8,
      "mean": 0.23095114628974223,
      "median": 0.20598659310422157,
      "p95": 0.3574153925952766,
      "ci95_low": 0.17346147823565633,
      "ci95_high": 0.2910384191200953
    },
    "metrics": [
      "context_relevance",
      "persona_consistency",
      "naturalness",
      "context_keyword_coverage",
      "context_overlap",
      "persona_keyword_coverage",
      "persona_style",
      "distinct1",
      "length_score",
      "sentence_score",
      "bertscore_f1",
      "overall_quality"
    ]
  },
  "candidate_no_context": {
    "sample_count": 8,
    "context_relevance": {
      "n": 8,
      "mean": 0.033478438602494255,
      "median": 0.009808612440191388,
      "p95": 0.11689855875831483,
      "ci95_low": 0.008872740355457213,
      "ci95_high": 0.06689505885374408
    },
    "persona_consistency": {
      "n": 8,
      "mean": 0.2154761904761905,
      "median": 0.15000000000000002,
      "p95": 0.42547619047619045,
      "ci95_low": 0.1125,
      "ci95_high": 0.3238095238095238
    },
    "naturalness": {
      "n": 8,
      "mean": 0.8098573114286932,
      "median": 0.8161065573770492,
      "p95": 0.9051609258246764,
      "ci95_low": 0.7739483177892088,
      "ci95_high": 0.8535579375631657
    },
    "context_keyword_coverage": {
      "n": 8,
      "mean": 0.03409090909090909,
      "median": 0.0,
      "p95": 0.14999999999999997,
      "ci95_low": 0.0,
      "ci95_high": 0.07954545454545454
    },
    "context_overlap": {
      "n": 8,
      "mean": 0.03204934079619296,
      "median": 0.029857397504456328,
      "p95": 0.04534368070953436,
      "ci95_low": 0.02680506865537429,
      "ci95_high": 0.03813746041312815
    },
    "persona_keyword_coverage": {
      "n": 8,
      "mean": 0.15476190476190477,
      "median": 0.0,
      "p95": 0.4880952380952379,
      "ci95_low": 0.041666666666666664,
      "ci95_high": 0.30952380952380953
    },
    "persona_style": {
      "n": 8,
      "mean": 0.4583333333333333,
      "median": 0.5,
      "p95": 0.8249999999999997,
      "ci95_low": 0.2708333333333333,
      "ci95_high": 0.625
    },
    "distinct1": {
      "n": 8,
      "mean": 0.9392266119050665,
      "median": 0.9335926646290637,
      "p95": 0.9887096774193549,
      "ci95_low": 0.9186352969809144,
      "ci95_high": 0.9621191411103932
    },
    "length_score": {
      "n": 8,
      "mean": 0.2583333333333333,
      "median": 0.21666666666666662,
      "p95": 0.603333333333333,
      "ci95_low": 0.14572916666666666,
      "ci95_high": 0.425
    },
    "sentence_score": {
      "n": 8,