{
  "proposed_contextual_controlled": {
    "sample_count": 112,
    "context_relevance": {
      "n": 112,
      "mean": 0.2776419549238243,
      "median": 0.2745305514157973,
      "p95": 0.4558333333333332,
      "ci95_low": 0.2605050954786991,
      "ci95_high": 0.29516719924814727
    },
    "persona_consistency": {
      "n": 112,
      "mean": 0.3822206410549294,
      "median": 0.33333333333333337,
      "p95": 0.6571428571428571,
      "ci95_low": 0.35159051204437,
      "ci95_high": 0.4116392295141004
    },
    "naturalness": {
      "n": 112,
      "mean": 0.8733170319066736,
      "median": 0.890603448275862,
      "p95": 0.9717117117117117,
      "ci95_low": 0.8593597268488478,
      "ci95_high": 0.886929636419872
    },
    "context_keyword_coverage": {
      "n": 112,
      "mean": 0.3489177489177489,
      "median": 0.3333333333333333,
      "p95": 0.5833333333333334,
      "ci95_low": 0.3257305194805195,
      "ci95_high": 0.37282332251082256
    },
    "context_overlap": {
      "n": 112,
      "mean": 0.11133176893800037,
      "median": 0.10791925465838509,
      "p95": 0.17271220159151193,
      "ci95_low": 0.10477055975616419,
      "ci95_high": 0.11854829843143419
    },
    "persona_keyword_coverage": {
      "n": 112,
      "mean": 0.3281887755102041,
      "median": 0.2857142857142857,
      "p95": 0.7142857142857143,
      "ci95_low": 0.28846832482993195,
      "ci95_high": 0.36739158163265306
    },
    "persona_style": {
      "n": 112,
      "mean": 0.5983481032338308,
      "median": 0.5,
      "p95": 1.0,
      "ci95_low": 0.5361123511904762,
      "ci95_high": 0.6606594122023809
    },
    "distinct1": {
      "n": 112,
      "mean": 0.9360994293563205,
      "median": 0.9375,
      "p95": 1.0,
      "ci95_low": 0.92985334074339,
      "ci95_high": 0.9421184852687358
    },
    "length_score": {
      "n": 112,
      "mean": 0.5300595238095238,
      "median": 0.6166666666666667,
      "p95": 0.9666666666666666,
      "ci95_low": 0.4675595238095238,
      "ci95_high": 0.5886979166666666
    },
    "sentence_score": {
      "n": 112,
      "mean": 0.93125,
      "median": 1.0,
      "p95": 1.0,
      "ci95_low": 0.9031250000000001,
      "ci95_high": 0.9562499999999999
    },
    "bertscore_f1": {
      "n": 112,
      "mean": 0.08760779144293858,
      "median": 0.0812569186091423,
      "p95": 0.18609352707862845,
      "ci95_low": 0.07647058519137642,
      "ci95_high": 0.09887900241637258
    },
    "overall_quality": {
      "n": 112,
      "mean": 0.3985250189672622,
      "median": 0.3888881979590581,
      "p95": 0.5151845623403715,
      "ci95_low": 0.3863530652060233,
      "ci95_high": 0.4105841747786136
    },
    "metrics": [
      "context_relevance",
      "persona_consistency",
      "naturalness",
      "context_keyword_coverage",
      "context_overlap",
      "persona_keyword_coverage",
      "persona_style",
      "distinct1",
      "length_score",
      "sentence_score",
      "bertscore_f1",
      "overall_quality"
    ]
  },
  "proposed_contextual_controlled_quality": {
    "sample_count": 112,
    "context_relevance": {
      "n": 112,
      "mean": 0.27574506021805184,
      "median": 0.2514906864258516,
      "p95": 0.4376246833661694,
      "ci95_low": 0.2611169708954619,
      "ci95_high": 0.29183353139000273
    },
    "persona_consistency": {
      "n": 112,
      "mean": 0.38641934330550404,
      "median": 0.3380952380952381,
      "p95": 0.7363333333333333,
      "ci95_low": 0.35631528534709334,
      "ci95_high": 0.41805083801986703
    },
    "naturalness": {
      "n": 112,
      "mean": 0.8830301792158439,
      "median": 0.9080721966205838,
      "p95": 0.9699018492176387,
      "ci95_low": 0.8700338356162192,
      "ci95_high": 0.8955323870956035
    },
    "context_keyword_coverage": {
      "n": 112,
      "mean": 0.3463068181818182,
      "median": 0.31666666666666665,
      "p95": 0.5454545454545454,
      "ci95_low": 0.32560775162337663,
      "ci95_high": 0.36622057629870125
    },
    "context_overlap": {
      "n": 112,
      "mean": 0.11110095830259702,
      "median": 0.10714285714285714,
      "p95": 0.16826241134751768,
      "ci95_low": 0.10447276576876799,
      "ci95_high": 0.11884792035508385
    },
    "persona_keyword_coverage": {
      "n": 112,
      "mean": 0.3322704081632653,
      "median": 0.2857142857142857,
      "p95": 0.752857142857142,
      "ci95_low": 0.29595344387755096,
      "ci95_high": 0.37351509353741497
    },
    "persona_style": {
      "n": 112,
      "mean": 0.6030150838744588,
      "median": 0.5,
      "p95": 1.0,
      "ci95_low": 0.5407008421266234,
      "ci95_high": 0.6678926542207791
    },
    "distinct1": {
      "n": 112,
      "mean": 0.9382581117300861,
      "median": 0.938927738927739,
      "p95": 1.0,
      "ci95_low": 0.9324654776778406,
      "ci95_high": 0.9442912907583751
    },
    "length_score": {
      "n": 112,
      "mean": 0.5654761904761905,
      "median": 0.75,
      "p95": 0.9666666666666666,
      "ci95_low": 0.5056473214285714,
      "ci95_high": 0.6238095238095239
    },
    "sentence_score": {
      "n": 112,
      "mean": 0.946875,
      "median": 1.0,
      "p95": 1.0,
      "ci95_low": 0.921875,
      "ci95_high": 0.96875
    },
    "bertscore_f1": {
      "n": 112,
      "mean": 0.08735962289834528,
      "median": 0.08322155848145485,
      "p95": 0.1670201875269412,
      "ci95_low": 0.07766164210801695,
      "ci95_high": 0.09725499189620937
    },
    "overall_quality": {
      "n": 112,
      "mean": 0.40080339362726375,
      "median": 0.39583700608270045,
      "p95": 0.5030484412100517,
      "ci95_low": 0.3900893448878709,
      "ci95_high": 0.41219180268193634
    },
    "metrics": [
      "context_relevance",
      "persona_consistency",
      "naturalness",
      "context_keyword_coverage",
      "context_overlap",
      "persona_keyword_coverage",
      "persona_style",
      "distinct1",
      "length_score",
      "sentence_score",
      "bertscore_f1",
      "overall_quality"
    ]
  },
  "proposed_contextual": {
    "sample_count": 112,
    "context_relevance": {
      "n": 112,
      "mean": 0.06955350138795088,
      "median": 0.015384615384615384,
      "p95": 0.27825179787508547,
      "ci95_low": 0.05273859889341833,
      "ci95_high": 0.08696270955978434
    },
    "persona_consistency": {
      "n": 112,
      "mean": 0.1480600958634333,
      "median": 0.1,
      "p95": 0.42178571428571354,
      "ci95_low": 0.1255630249165633,
      "ci95_high": 0.1711922554127018
    },
    "naturalness": {
      "n": 112,
      "mean": 0.8117661935811753,
      "median": 0.7486363636363635,
      "p95": 0.9558139534883721,
      "ci95_low": 0.7983725227452985,
      "ci95_high": 0.8250660054384868
    },
    "context_keyword_coverage": {
      "n": 112,
      "mean": 0.07521645021645021,
      "median": 0.0,
      "p95": 0.3469696969696966,
      "ci95_low": 0.05356872294372294,
      "ci95_high": 0.0971496212121212
    },
    "context_overlap": {
      "n": 112,
      "mean": 0.05633995412145247,
      "median": 0.04939024390243903,
      "p95": 0.12874999999999992,
      "ci95_low": 0.05043142851842995,
      "ci95_high": 0.06273043385569146
    },
    "persona_keyword_coverage": {
      "n": 112,
      "mean": 0.05982142857142857,
      "median": 0.0,
      "p95": 0.42857142857142855,
      "ci95_low": 0.034093324829931965,
      "ci95_high": 0.08822491496598639
    },
    "persona_style": {
      "n": 112,
      "mean": 0.5010147650314523,
      "median": 0.5,
      "p95": 1.0,
      "ci95_low": 0.436022470989951,
      "ci95_high": 0.5654149632516771
    },
    "distinct1": {
      "n": 112,
      "mean": 0.9390136982386525,
      "median": 0.9090909090909091,
      "p95": 1.0,
      "ci95_low": 0.932543151221989,
      "ci95_high": 0.9456925157577376
    },
    "length_score": {
      "n": 112,
      "mean": 0.3026785714285714,
      "median": 0.09999999999999998,