{
  "proposed_contextual_controlled": {
    "sample_count": 12,
    "context_relevance": {
      "n": 12,
      "mean": 0.3012906385600957,
      "median": 0.2740101486563751,
      "p95": 0.5504989354907387,
      "ci95_low": 0.23659425803439318,
      "ci95_high": 0.37567803539805295
    },
    "persona_consistency": {
      "n": 12,
      "mean": 0.3107966457023061,
      "median": 0.2752380952380952,
      "p95": 0.47528571428571426,
      "ci95_low": 0.2645218253968254,
      "ci95_high": 0.3662033917340521
    },
    "naturalness": {
      "n": 12,
      "mean": 0.8644363351820533,
      "median": 0.8761622521348965,
      "p95": 0.9811351351351352,
      "ci95_low": 0.8068889684688797,
      "ci95_high": 0.9120660342858953
    },
    "context_keyword_coverage": {
      "n": 12,
      "mean": 0.37436868686868685,
      "median": 0.3484848484848485,
      "p95": 0.718181818181818,
      "ci95_low": 0.28535353535353536,
      "ci95_high": 0.4823232323232323
    },
    "context_overlap": {
      "n": 12,
      "mean": 0.13077519250671624,
      "median": 0.1279220779220779,
      "p95": 0.18019125683060105,
      "ci95_low": 0.11390298058031498,
      "ci95_high": 0.1483072715883985
    },
    "persona_keyword_coverage": {
      "n": 12,
      "mean": 0.23015873015873015,
      "median": 0.18333333333333335,
      "p95": 0.4128571428571428,
      "ci95_low": 0.18055555555555555,
      "ci95_high": 0.2877083333333333
    },
    "persona_style": {
      "n": 12,
      "mean": 0.6333483078766098,
      "median": 0.5,
      "p95": 1.0,
      "ci95_low": 0.5099206349206349,
      "ci95_high": 0.7706854597184785
    },
    "distinct1": {
      "n": 12,
      "mean": 0.920880221148772,
      "median": 0.9204545454545454,
      "p95": 0.9901785714285714,
      "ci95_low": 0.8814067742514311,
      "ci95_high": 0.9535211411318814
    },
    "length_score": {
      "n": 12,
      "mean": 0.5527777777777778,
      "median": 0.5666666666666667,
      "p95": 0.9299999999999999,
      "ci95_low": 0.375,
      "ci95_high": 0.7361111111111112
    },
    "sentence_score": {
      "n": 12,
      "mean": 0.8833333333333333,
      "median": 1.0,
      "p95": 1.0,
      "ci95_low": 0.7958333333333334,
      "ci95_high": 0.9708333333333333
    },
    "overall_quality": {
      "n": 12,
      "mean": 0.41834990938775585,
      "median": 0.39705518407613083,
      "p95": 0.5227767009488262,
      "ci95_low": 0.3848300345264581,
      "ci95_high": 0.4547499934970817
    },
    "metrics": [
      "context_relevance",
      "persona_consistency",
      "naturalness",
      "context_keyword_coverage",
      "context_overlap",
      "persona_keyword_coverage",
      "persona_style",
      "distinct1",
      "length_score",
      "sentence_score",
      "overall_quality"
    ]
  },
  "proposed_contextual_controlled_alt": {
    "sample_count": 12,
    "context_relevance": {
      "n": 12,
      "mean": 0.29610268071474966,
      "median": 0.25925177363471374,
      "p95": 0.4649918918918918,
      "ci95_low": 0.24575392417498812,
      "ci95_high": 0.35634474329507215
    },
    "persona_consistency": {
      "n": 12,
      "mean": 0.2597713032581454,
      "median": 0.24666666666666667,
      "p95": 0.3922738095238095,
      "ci95_low": 0.20721650480367584,
      "ci95_high": 0.3109268222639933
    },
    "naturalness": {
      "n": 12,
      "mean": 0.9001237917187576,
      "median": 0.9106451612903226,
      "p95": 0.9587125779625779,
      "ci95_low": 0.8749122690275948,
      "ci95_high": 0.9245255655358504
    },
    "context_keyword_coverage": {
      "n": 12,
      "mean": 0.3781565656565657,
      "median": 0.3181818181818182,
      "p95": 0.5999999999999999,
      "ci95_low": 0.3106060606060606,
      "ci95_high": 0.45580808080808083
    },
    "context_overlap": {
      "n": 12,
      "mean": 0.1046436158505124,
      "median": 0.09747474747474748,
      "p95": 0.16097297297297297,
      "ci95_low": 0.08521125923576015,
      "ci95_high": 0.12406852183281404
    },
    "persona_keyword_coverage": {
      "n": 12,
      "mean": 0.16825396825396824,
      "median": 0.16666666666666666,
      "p95": 0.30714285714285705,
      "ci95_low": 0.11666666666666665,
      "ci95_high": 0.21667658730158723
    },
    "persona_style": {
      "n": 12,
      "mean": 0.6258406432748538,
      "median": 0.5,
      "p95": 1.0,
      "ci95_low": 0.5029239766081871,
      "ci95_high": 0.7647295321637427
    },
    "distinct1": {
      "n": 12,
      "mean": 0.9312122570746718,
      "median": 0.9096287229702162,
      "p95": 1.0,
      "ci95_low": 0.9083913215584627,
      "ci95_high": 0.9555542234249123
    },
    "length_score": {
      "n": 12,
      "mean": 0.7111111111111111,
      "median": 0.7666666666666666,
      "p95": 0.9666666666666668,
      "ci95_low": 0.5972222222222222,
      "ci95_high": 0.8195138888888887
    },
    "sentence_score": {
      "n": 12,
      "mean": 0.8541666666666666,
      "median": 1.0,
      "p95": 1.0,
      "ci95_low": 0.7666666666666666,
      "ci95_high": 0.9416666666666668
    },
    "overall_quality": {
      "n": 12,
      "mean": 0.4049008777262684,
      "median": 0.39878395683439805,
      "p95": 0.4983032743098534,
      "ci95_low": 0.3715172036809906,
      "ci95_high": 0.43739916868176937
    },
    "metrics": [
      "context_relevance",
      "persona_consistency",
      "naturalness",
      "context_keyword_coverage",
      "context_overlap",
      "persona_keyword_coverage",
      "persona_style",
      "distinct1",
      "length_score",
      "sentence_score",
      "overall_quality"
    ]
  },
  "proposed_contextual": {
    "sample_count": 12,
    "context_relevance": {
      "n": 12,
      "mean": 0.06876062417101653,
      "median": 0.019471744471744473,
      "p95": 0.20581818181818173,
      "ci95_low": 0.028502665749338595,
      "ci95_high": 0.11896777274168573
    },
    "persona_consistency": {
      "n": 12,
      "mean": 0.12795138888888888,
      "median": 0.1,
      "p95": 0.23333333333333334,
      "ci95_low": 0.08072916666666667,
      "ci95_high": 0.1724001736111111
    },
    "naturalness": {
      "n": 12,
      "mean": 0.8471380471380471,
      "median": 0.8438888888888888,
      "p95": 0.9726666666666666,
      "ci95_low": 0.7991113215488215,
      "ci95_high": 0.8972018097643096
    },
    "context_keyword_coverage": {
      "n": 12,
      "mean": 0.07323232323232323,
      "median": 0.0,
      "p95": 0.2499999999999999,
      "ci95_low": 0.022727272727272724,
      "ci95_high": 0.13642676767676734
    },
    "context_overlap": {
      "n": 12,
      "mean": 0.05832665969463424,
      "median": 0.051417270929466054,
      "p95": 0.10272727272727272,
      "ci95_low": 0.04489362321652884,
      "ci95_high": 0.07235427635427635
    },
    "persona_keyword_coverage": {
      "n": 12,
      "mean": 0.027777777777777776,
      "median": 0.0,
      "p95": 0.16666666666666666,
      "ci95_low": 0.0,
      "ci95_high": 0.06944444444444443
    },
    "persona_style": {
      "n": 12,
      "mean": 0.5286458333333334,
      "median": 0.5,
      "p95": 1.0,
      "ci95_low": 0.3619791666666667,
      "ci95_high": 0.7083333333333334
    },
    "distinct1": {
      "n": 12,
      "mean": 0.9609006734006734,
      "median": 0.975,
      "p95": 1.0,
      "ci95_low": 0.9381734006734006,
      "ci95_high": 0.9836279461279461
    },
    "length_score": {
      "n": 12,
      "mean": 0.4305555555555556,
      "median": 0.4,
      "p95": 0.9333333333333333,
      "ci95_low": 0.2472222222222222,
      "ci95_high": 0.6194444444444445
    },
    "sentence_score": {
      "n": 12,
      "mean": 0.7666666666666666,
      "median": 0.65,
      "p95": 1.0,
      "ci95_low": 0.6791666666666667,
      "ci95_high": 0.8541666666666666
    },
    "overall_quality": {
      "n": 12,
      "mean": 0.24009210332109462,
      "median": 0.23222444946357995,
      "p95": 0.3567778787878788,
      "ci95_low": 0.2043578751793447,