{
  "proposed_vs_candidate_no_context": {
    "context_relevance": {
      "target_mean": 0.14483529562259834,
      "baseline_mean": 0.008210182107240931,
      "absolute_delta": 0.13662511351535742,
      "relative_delta": 16.640935819786694
    },
    "persona_consistency": {
      "target_mean": 0.15000000000000002,
      "baseline_mean": 0.15000000000000002,
      "absolute_delta": 0.0,
      "relative_delta": 0.0
    },
    "naturalness": {
      "target_mean": 0.8814323467230444,
      "baseline_mean": 0.7486363636363635,
      "absolute_delta": 0.13279598308668084,
      "relative_delta": 0.17738382683102483
    },
    "context_keyword_coverage": {
      "target_mean": 0.17613636363636365,
      "baseline_mean": 0.0,
      "absolute_delta": 0.17613636363636365,
      "relative_delta": NaN
    },
    "context_overlap": {
      "target_mean": 0.07179947025714602,
      "baseline_mean": 0.027367273690803103,
      "absolute_delta": 0.04443219656634291,
      "relative_delta": 1.6235521692200765
    },
    "persona_keyword_coverage": {
      "target_mean": 0.0,
      "baseline_mean": 0.0,
      "absolute_delta": 0.0,
      "relative_delta": NaN
    },
    "persona_style": {
      "target_mean": 0.75,
      "baseline_mean": 0.75,
      "absolute_delta": 0.0,
      "relative_delta": 0.0
    },
    "distinct1": {
      "target_mean": 0.959830866807611,
      "baseline_mean": 0.9090909090909091,
      "absolute_delta": 0.05073995771670192,
      "relative_delta": 0.05581395348837211
    },
    "length_score": {
      "target_mean": 0.575,
      "baseline_mean": 0.09999999999999998,
      "absolute_delta": 0.475,
      "relative_delta": 4.750000000000001
    },
    "sentence_score": {
      "target_mean": 0.825,
      "baseline_mean": 0.65,
      "absolute_delta": 0.17499999999999993,
      "relative_delta": 0.2692307692307691
    },
    "overall_quality": {
      "target_mean": 0.2875180848596534,
      "baseline_mean": 0.1976829382858795,
      "absolute_delta": 0.08983514657377392,
      "relative_delta": 0.45444056706532093
    }
  },
  "controlled_vs_proposed_raw": {
    "context_relevance": {
      "target_mean": 0.31835182361716335,
      "baseline_mean": 0.14483529562259834,
      "absolute_delta": 0.17351652799456502,
      "relative_delta": 1.1980265393782343
    },
    "persona_consistency": {
      "target_mean": 0.3352380952380952,
      "baseline_mean": 0.15000000000000002,
      "absolute_delta": 0.1852380952380952,
      "relative_delta": 1.2349206349206345
    },
    "naturalness": {
      "target_mean": 0.8867936424041075,
      "baseline_mean": 0.8814323467230444,
      "absolute_delta": 0.0053612956810631385,
      "relative_delta": 0.006082481203458393
    },
    "context_keyword_coverage": {
      "target_mean": 0.3939393939393939,
      "baseline_mean": 0.17613636363636365,
      "absolute_delta": 0.21780303030303028,
      "relative_delta": 1.236559139784946
    },
    "context_overlap": {
      "target_mean": 0.1419808261986254,
      "baseline_mean": 0.07179947025714602,
      "absolute_delta": 0.07018135594147938,
      "relative_delta": 0.977463422642654
    },
    "persona_keyword_coverage": {
      "target_mean": 0.24404761904761904,
      "baseline_mean": 0.0,
      "absolute_delta": 0.24404761904761904,
      "relative_delta": NaN
    },
    "persona_style": {
      "target_mean": 0.7,
      "baseline_mean": 0.75,
      "absolute_delta": -0.050000000000000044,
      "relative_delta": -0.06666666666666672
    },
    "distinct1": {
      "target_mean": 0.9346924393436021,
      "baseline_mean": 0.959830866807611,
      "absolute_delta": -0.02513842746400885,
      "relative_delta": -0.02619047619047618
    },
    "length_score": {
      "target_mean": 0.6083333333333334,
      "baseline_mean": 0.575,
      "absolute_delta": 0.03333333333333344,
      "relative_delta": 0.05797101449275381
    },
    "sentence_score": {
      "target_mean": 0.9125,
      "baseline_mean": 0.825,
      "absolute_delta": 0.08750000000000002,
      "relative_delta": 0.10606060606060609
    },
    "overall_quality": {
      "target_mean": 0.43869482221243766,
      "baseline_mean": 0.2875180848596534,
      "absolute_delta": 0.15117673735278425,
      "relative_delta": 0.5257990551327523
    }
  },
  "controlled_vs_candidate_no_context": {
    "context_relevance": {
      "target_mean": 0.31835182361716335,
      "baseline_mean": 0.008210182107240931,
      "absolute_delta": 0.3101416415099224,
      "relative_delta": 37.775245111359276
    },
    "persona_consistency": {
      "target_mean": 0.3352380952380952,
      "baseline_mean": 0.15000000000000002,
      "absolute_delta": 0.1852380952380952,
      "relative_delta": 1.2349206349206345
    },
    "naturalness": {
      "target_mean": 0.8867936424041075,
      "baseline_mean": 0.7486363636363635,
      "absolute_delta": 0.13815727876774397,
      "relative_delta": 0.18454524182698043
    },
    "context_keyword_coverage": {
      "target_mean": 0.3939393939393939,
      "baseline_mean": 0.0,
      "absolute_delta": 0.3939393939393939,
      "relative_delta": NaN
    },
    "context_overlap": {
      "target_mean": 0.1419808261986254,
      "baseline_mean": 0.027367273690803103,
      "absolute_delta": 0.11461355250782229,
      "relative_delta": 4.187978452027492
    },
    "persona_keyword_coverage": {
      "target_mean": 0.24404761904761904,
      "baseline_mean": 0.0,
      "absolute_delta": 0.24404761904761904,
      "relative_delta": NaN
    },
    "persona_style": {
      "target_mean": 0.7,
      "baseline_mean": 0.75,
      "absolute_delta": -0.050000000000000044,
      "relative_delta": -0.06666666666666672
    },
    "distinct1": {
      "target_mean": 0.9346924393436021,
      "baseline_mean": 0.9090909090909091,
      "absolute_delta": 0.025601530252693072,
      "relative_delta": 0.02816168327796238
    },
    "length_score": {
      "target_mean": 0.6083333333333334,
      "baseline_mean": 0.09999999999999998,
      "absolute_delta": 0.5083333333333334,
      "relative_delta": 5.083333333333336
    },
    "sentence_score": {
      "target_mean": 0.9125,
      "baseline_mean": 0.65,
      "absolute_delta": 0.26249999999999996,
      "relative_delta": 0.40384615384615374
    },
    "overall_quality": {
      "target_mean": 0.43869482221243766,
      "baseline_mean": 0.1976829382858795,
      "absolute_delta": 0.24101188392655817,
      "relative_delta": 1.2191840429750112
    }
  },
  "controlled_alt_vs_controlled_default": {
    "context_relevance": {
      "target_mean": 0.3923799115464112,
      "baseline_mean": 0.31835182361716335,
      "absolute_delta": 0.07402808792924787,
      "relative_delta": 0.23253546057355387
    },
    "persona_consistency": {
      "target_mean": 0.37857142857142856,
      "baseline_mean": 0.3352380952380952,
      "absolute_delta": 0.043333333333333335,
      "relative_delta": 0.12926136363636365
    },
    "naturalness": {
      "target_mean": 0.8888566625876656,
      "baseline_mean": 0.8867936424041075,
      "absolute_delta": 0.002063020183558084,
      "relative_delta": 0.0023263813416221765
    },
    "context_keyword_coverage": {
      "target_mean": 0.5075757575757576,
      "baseline_mean": 0.3939393939393939,
      "absolute_delta": 0.11363636363636365,
      "relative_delta": 0.2884615384615385
    },
    "context_overlap": {
      "target_mean": 0.12358960414460314,
      "baseline_mean": 0.1419808261986254,
      "absolute_delta": -0.018391222054022258,
      "relative_delta": -0.1295331387091218
    },
    "persona_keyword_coverage": {
      "target_mean": 0.2857142857142857,
      "baseline_mean": 0.24404761904761904,
      "absolute_delta": 0.04166666666666666,
      "relative_delta": 0.17073170731707313
    },
    "persona_style": {
      "target_mean": 0.75,
      "baseline_mean": 0.7,
      "absolute_delta": 0.050000000000000044,
      "relative_delta": 0.0714285714285715
    },