{
  "proposed_contextual_controlled": {
    "sample_count": 4,
    "context_relevance": {
      "n": 4,
      "mean": 0.31835182361716335,
      "median": 0.34530672579453064,
      "p95": 0.48667242040659753,
      "ci95_low": 0.15433221872541308,
      "ci95_high": 0.45541652633154367
    },
    "persona_consistency": {
      "n": 4,
      "mean": 0.3352380952380952,
      "median": 0.3404761904761905,
      "p95": 0.3666666666666667,
      "ci95_low": 0.3038095238095238,
      "ci95_high": 0.3666666666666667
    },
    "naturalness": {
      "n": 4,
      "mean": 0.8867936424041075,
      "median": 0.8850158562367865,
      "p95": 0.9561973975636766,
      "ci95_low": 0.8351515151515152,
      "ci95_high": 0.9384357696566998
    },
    "context_keyword_coverage": {
      "n": 4,
      "mean": 0.3939393939393939,
      "median": 0.40909090909090906,
      "p95": 0.6348484848484848,
      "ci95_low": 0.18181818181818182,
      "ci95_high": 0.5909090909090908
    },
    "context_overlap": {
      "n": 4,
      "mean": 0.1419808261986254,
      "median": 0.14865699289904294,
      "p95": 0.21449864498644983,
      "ci95_low": 0.07897324940991346,
      "ci95_high": 0.19831223628691982
    },
    "persona_keyword_coverage": {
      "n": 4,
      "mean": 0.24404761904761904,
      "median": 0.25,
      "p95": 0.3333333333333333,
      "ci95_low": 0.15476190476190477,
      "ci95_high": 0.3333333333333333
    },
    "persona_style": {
      "n": 4,
      "mean": 0.7,
      "median": 0.65,
      "p95": 0.97,
      "ci95_low": 0.5,
      "ci95_high": 0.9
    },
    "distinct1": {
      "n": 4,
      "mean": 0.9346924393436021,
      "median": 0.9312896405919662,
      "p95": 0.9727851605758582,
      "ci95_low": 0.9045454545454545,
      "ci95_high": 0.9648394241417497
    },
    "length_score": {
      "n": 4,
      "mean": 0.6083333333333334,
      "median": 0.65,
      "p95": 0.8616666666666667,
      "ci95_low": 0.3666666666666667,
      "ci95_high": 0.8500000000000001
    },
    "sentence_score": {
      "n": 4,
      "mean": 0.9125,
      "median": 1.0,
      "p95": 1.0,
      "ci95_low": 0.7375,
      "ci95_high": 1.0
    },
    "overall_quality": {
      "n": 4,
      "mean": 0.43869482221243766,
      "median": 0.45046943668923256,
      "p95": 0.494448477266037,
      "ci95_low": 0.38579345438196744,
      "ci95_high": 0.4915961900429079
    },
    "metrics": [
      "context_relevance",
      "persona_consistency",
      "naturalness",
      "context_keyword_coverage",
      "context_overlap",
      "persona_keyword_coverage",
      "persona_style",
      "distinct1",
      "length_score",
      "sentence_score",
      "overall_quality"
    ]
  },
  "tuned_control": {
    "sample_count": 4,
    "context_relevance": {
      "n": 4,
      "mean": 0.3923799115464112,
      "median": 0.35611438251189803,
      "p95": 0.48304921889704483,
      "ci95_low": 0.35336765268392195,
      "ci95_high": 0.4676576994434137
    },
    "persona_consistency": {
      "n": 4,
      "mean": 0.37857142857142856,
      "median": 0.3238095238095238,
      "p95": 0.5883333333333333,
      "ci95_low": 0.25833333333333336,
      "ci95_high": 0.5535714285714286
    },
    "naturalness": {
      "n": 4,
      "mean": 0.8888566625876656,
      "median": 0.8849489795918367,
      "p95": 0.9101754233608337,
      "ci95_low": 0.8747580395794682,
      "ci95_high": 0.906862968591692
    },
    "context_keyword_coverage": {
      "n": 4,
      "mean": 0.5075757575757576,
      "median": 0.45454545454545453,
      "p95": 0.6348484848484848,
      "ci95_low": 0.45454545454545453,
      "ci95_high": 0.6136363636363636
    },
    "context_overlap": {
      "n": 4,
      "mean": 0.12358960414460314,
      "median": 0.12551020408163266,
      "p95": 0.1301552795031056,
      "ci95_low": 0.11682027649769584,
      "ci95_high": 0.12950310559006212
    },
    "persona_keyword_coverage": {
      "n": 4,
      "mean": 0.2857142857142857,
      "median": 0.16666666666666666,
      "p95": 0.5916666666666665,
      "ci95_low": 0.1488095238095238,
      "ci95_high": 0.5416666666666666
    },
    "persona_style": {
      "n": 4,
      "mean": 0.75,
      "median": 0.75,
      "p95": 1.0,
      "ci95_low": 0.5,
      "ci95_high": 1.0
    },
    "distinct1": {
      "n": 4,
      "mean": 0.9117249898024974,
      "median": 0.9170646982197135,
      "p95": 0.9600683890577507,
      "ci95_low": 0.8704061895551257,
      "ci95_high": 0.9502279635258359
    },
    "length_score": {
      "n": 4,
      "mean": 0.7083333333333334,
      "median": 0.6833333333333333,
      "p95": 0.8133333333333332,
      "ci95_low": 0.6499999999999999,
      "ci95_high": 0.7916666666666667
    },
    "sentence_score": {
      "n": 4,
      "mean": 0.825,
      "median": 0.825,
      "p95": 1.0,
      "ci95_low": 0.65,
      "ci95_high": 1.0
    },
    "overall_quality": {
      "n": 4,
      "mean": 0.49034844699458763,
      "median": 0.48309468150896734,
      "p95": 0.5679551852167836,
      "ci95_low": 0.4315042080073137,
      "ci95_high": 0.5491926859818616
    },
    "metrics": [
      "context_relevance",
      "persona_consistency",
      "naturalness",
      "context_keyword_coverage",
      "context_overlap",
      "persona_keyword_coverage",
      "persona_style",
      "distinct1",
      "length_score",
      "sentence_score",
      "overall_quality"
    ]
  },
  "proposed_contextual": {
    "sample_count": 4,
    "context_relevance": {
      "n": 4,
      "mean": 0.14483529562259834,
      "median": 0.17698959577008355,
      "p95": 0.21598673887088518,
      "ci95_low": 0.05983272466414503,
      "ci95_high": 0.21469938597987376
    },
    "persona_consistency": {
      "n": 4,
      "mean": 0.15000000000000002,
      "median": 0.15000000000000002,
      "p95": 0.2,
      "ci95_low": 0.1,
      "ci95_high": 0.2
    },
    "naturalness": {
      "n": 4,
      "mean": 0.8814323467230444,
      "median": 0.8918798449612404,
      "p95": 0.9798972868217053,
      "ci95_low": 0.7874171952078928,
      "ci95_high": 0.965
    },
    "context_keyword_coverage": {
      "n": 4,
      "mean": 0.17613636363636365,
      "median": 0.2159090909090909,
      "p95": 0.2693181818181818,
      "ci95_low": 0.0625,
      "ci95_high": 0.26136363636363635
    },
    "context_overlap": {
      "n": 4,
      "mean": 0.07179947025714602,
      "median": 0.05966228893058161,
      "p95": 0.12866791744840525,
      "ci95_low": 0.03778280542986426,
      "ci95_high": 0.11538461538461539
    },
    "persona_keyword_coverage": {
      "n": 4,
      "mean": 0.0,
      "median": 0.0,
      "p95": 0.0,
      "ci95_low": 0.0,
      "ci95_high": 0.0
    },
    "persona_style": {
      "n": 4,
      "mean": 0.75,
      "median": 0.75,
      "p95": 1.0,
      "ci95_low": 0.5,
      "ci95_high": 1.0
    },
    "distinct1": {
      "n": 4,
      "mean": 0.959830866807611,
      "median": 0.9651162790697674,
      "p95": 1.0,
      "ci95_low": 0.919661733615222,
      "ci95_high": 1.0
    },
    "length_score": {
      "n": 4,
      "mean": 0.575,
      "median": 0.6166666666666667,
      "p95": 0.9466666666666667,
      "ci95_low": 0.25,
      "ci95_high": 0.9
    },
    "sentence_score": {
      "n": 4,
      "mean": 0.825,
      "median": 0.825,
      "p95": 1.0,
      "ci95_low": 0.65,
      "ci95_high": 1.0
    },
    "overall_quality": {
      "n": 4,
      "mean": 0.2875180848596534,
      "median": 0.30527404165129635,
      "p95": 0.34904246435734815,
      "ci95_low": 0.21370285491981802,
      "ci95_high": 0.34357735800784583
    },
    "metrics": [
      "context_relevance",
      "persona_consistency",
      "naturalness",
      "context_keyword_coverage",
      "context_overlap",
      "persona_keyword_coverage",
      "persona_style",
      "distinct1",
      "length_score",
      "sentence_score",
      "overall_quality"
    ]
  },
  "candidate_no_context": {
    "sample_count": 4,
    "context_relevance": {
      "n": 4,