{
  "proposed_vs_candidate_no_context": {
    "context_relevance": {
      "target_mean": 0.06826723406032309,
      "baseline_mean": 0.020058001982728144,
      "absolute_delta": 0.04820923207759495,
      "relative_delta": 2.4034912410073397
    },
    "persona_consistency": {
      "target_mean": 0.1336845238095238,
      "baseline_mean": 0.13976190476190478,
      "absolute_delta": -0.006077380952380973,
      "relative_delta": -0.04348381601362876
    },
    "naturalness": {
      "target_mean": 0.8251223682821243,
      "baseline_mean": 0.7889005044323281,
      "absolute_delta": 0.0362218638497962,
      "relative_delta": 0.04591436264305661
    },
    "context_keyword_coverage": {
      "target_mean": 0.07727272727272727,
      "baseline_mean": 0.013636363636363636,
      "absolute_delta": 0.06363636363636363,
      "relative_delta": 4.666666666666666
    },
    "context_overlap": {
      "target_mean": 0.04725441656471336,
      "baseline_mean": 0.035041824790911995,
      "absolute_delta": 0.012212591773801365,
      "relative_delta": 0.3485147205281578
    },
    "persona_keyword_coverage": {
      "target_mean": 0.02142857142857143,
      "baseline_mean": 0.030952380952380953,
      "absolute_delta": -0.009523809523809525,
      "relative_delta": -0.3076923076923077
    },
    "persona_style": {
      "target_mean": 0.5827083333333334,
      "baseline_mean": 0.575,
      "absolute_delta": 0.007708333333333428,
      "relative_delta": 0.013405797101449441
    },
    "distinct1": {
      "target_mean": 0.9505142540386442,
      "baseline_mean": 0.935167927747487,
      "absolute_delta": 0.015346326291157175,
      "relative_delta": 0.016410235890062488
    },
    "length_score": {
      "target_mean": 0.3383333333333333,
      "baseline_mean": 0.23166666666666663,
      "absolute_delta": 0.10666666666666669,
      "relative_delta": 0.46043165467625913
    },
    "sentence_score": {
      "target_mean": 0.7725000000000001,
      "baseline_mean": 0.685,
      "absolute_delta": 0.08750000000000002,
      "relative_delta": 0.12773722627737227
    },
    "overall_quality": {
      "target_mean": 0.23717356752853083,
      "baseline_mean": 0.2098776049768712,
      "absolute_delta": 0.02729596255165964,
      "relative_delta": 0.13005657537719517
    }
  },
  "controlled_vs_proposed_raw": {
    "context_relevance": {
      "target_mean": 0.25713116670898056,
      "baseline_mean": 0.06826723406032309,
      "absolute_delta": 0.18886393264865747,
      "relative_delta": 2.7665385195153993
    },
    "persona_consistency": {
      "target_mean": 0.3177619047619048,
      "baseline_mean": 0.1336845238095238,
      "absolute_delta": 0.184077380952381,
      "relative_delta": 1.376953559820117
    },
    "naturalness": {
      "target_mean": 0.91215938715393,
      "baseline_mean": 0.8251223682821243,
      "absolute_delta": 0.0870370188718057,
      "relative_delta": 0.10548377091389938
    },
    "context_keyword_coverage": {
      "target_mean": 0.3227272727272727,
      "baseline_mean": 0.07727272727272727,
      "absolute_delta": 0.24545454545454543,
      "relative_delta": 3.176470588235294
    },
    "context_overlap": {
      "target_mean": 0.10407358599963232,
      "baseline_mean": 0.04725441656471336,
      "absolute_delta": 0.05681916943491896,
      "relative_delta": 1.202409712478557
    },
    "persona_keyword_coverage": {
      "target_mean": 0.24095238095238095,
      "baseline_mean": 0.02142857142857143,
      "absolute_delta": 0.2195238095238095,
      "relative_delta": 10.244444444444444
    },
    "persona_style": {
      "target_mean": 0.625,
      "baseline_mean": 0.5827083333333334,
      "absolute_delta": 0.042291666666666616,
      "relative_delta": 0.07257776188773676
    },
    "distinct1": {
      "target_mean": 0.9437913250276819,
      "baseline_mean": 0.9505142540386442,
      "absolute_delta": -0.006722929010962275,
      "relative_delta": -0.007072938656519029
    },
    "length_score": {
      "target_mean": 0.7100000000000001,
      "baseline_mean": 0.3383333333333333,
      "absolute_delta": 0.37166666666666676,
      "relative_delta": 1.098522167487685
    },
    "sentence_score": {
      "target_mean": 0.93,
      "baseline_mean": 0.7725000000000001,
      "absolute_delta": 0.15749999999999997,
      "relative_delta": 0.203883495145631
    },
    "overall_quality": {
      "target_mean": 0.41060299354991525,
      "baseline_mean": 0.23717356752853083,
      "absolute_delta": 0.17342942602138442,
      "relative_delta": 0.7312342088901694
    }
  },
  "controlled_vs_candidate_no_context": {
    "context_relevance": {
      "target_mean": 0.25713116670898056,
      "baseline_mean": 0.020058001982728144,
      "absolute_delta": 0.23707316472625242,
      "relative_delta": 11.819380860087414
    },
    "persona_consistency": {
      "target_mean": 0.3177619047619048,
      "baseline_mean": 0.13976190476190478,
      "absolute_delta": 0.17800000000000002,
      "relative_delta": 1.273594548551959
    },
    "naturalness": {
      "target_mean": 0.91215938715393,
      "baseline_mean": 0.7889005044323281,
      "absolute_delta": 0.1232588827216019,
      "relative_delta": 0.15624135366765388
    },
    "context_keyword_coverage": {
      "target_mean": 0.3227272727272727,
      "baseline_mean": 0.013636363636363636,
      "absolute_delta": 0.3090909090909091,
      "relative_delta": 22.666666666666668
    },
    "context_overlap": {
      "target_mean": 0.10407358599963232,
      "baseline_mean": 0.035041824790911995,
      "absolute_delta": 0.06903176120872032,
      "relative_delta": 1.9699819179115217
    },
    "persona_keyword_coverage": {
      "target_mean": 0.24095238095238095,
      "baseline_mean": 0.030952380952380953,
      "absolute_delta": 0.21,
      "relative_delta": 6.7846153846153845
    },
    "persona_style": {
      "target_mean": 0.625,
      "baseline_mean": 0.575,
      "absolute_delta": 0.050000000000000044,
      "relative_delta": 0.08695652173913052
    },
    "distinct1": {
      "target_mean": 0.9437913250276819,
      "baseline_mean": 0.935167927747487,
      "absolute_delta": 0.0086233972801949,
      "relative_delta": 0.00922122864175404
    },
    "length_score": {
      "target_mean": 0.7100000000000001,
      "baseline_mean": 0.23166666666666663,
      "absolute_delta": 0.47833333333333344,
      "relative_delta": 2.06474820143885
    },
    "sentence_score": {
      "target_mean": 0.93,
      "baseline_mean": 0.685,
      "absolute_delta": 0.245,
      "relative_delta": 0.3576642335766423
    },
    "overall_quality": {
      "target_mean": 0.41060299354991525,
      "baseline_mean": 0.2098776049768712,
      "absolute_delta": 0.20072538857304406,
      "relative_delta": 0.9563926012742726
    }
  },
  "controlled_alt_vs_controlled_default": {
    "context_relevance": {
      "target_mean": 0.28432745522121666,
      "baseline_mean": 0.25713116670898056,
      "absolute_delta": 0.0271962885122361,
      "relative_delta": 0.10576815273045717
    },
    "persona_consistency": {
      "target_mean": 0.27042261904761905,
      "baseline_mean": 0.3177619047619048,
      "absolute_delta": -0.04733928571428575,
      "relative_delta": -0.14897722163944263
    },
    "naturalness": {
      "target_mean": 0.8765337767566473,
      "baseline_mean": 0.91215938715393,
      "absolute_delta": -0.035625610397282625,
      "relative_delta": -0.039056343550264515
    },
    "context_keyword_coverage": {
      "target_mean": 0.35909090909090907,
      "baseline_mean": 0.3227272727272727,
      "absolute_delta": 0.036363636363636376,
      "relative_delta": 0.11267605633802821
    },
    "context_overlap": {
      "target_mean": 0.10987939619193439,
      "baseline_mean": 0.10407358599963232,
      "absolute_delta": 0.005805810192302072,
      "relative_delta": 0.05578562645398404
    },
    "persona_keyword_coverage": {
      "target_mean": 0.18214285714285713,