{
  "proposed_contextual_controlled": {
    "sample_count": 20,
    "context_relevance": {
      "n": 20,
      "mean": 0.25713116670898056,
      "median": 0.2296590909090909,
      "p95": 0.41902413363679303,
      "ci95_low": 0.22764626612069677,
      "ci95_high": 0.2900347671178962
    },
    "persona_consistency": {
      "n": 20,
      "mean": 0.3177619047619048,
      "median": 0.23333333333333334,
      "p95": 0.6628571428571429,
      "ci95_low": 0.250475,
      "ci95_high": 0.392052380952381
    },
    "naturalness": {
      "n": 20,
      "mean": 0.91215938715393,
      "median": 0.9232872503840246,
      "p95": 0.9608333333333333,
      "ci95_low": 0.8941657379199142,
      "ci95_high": 0.9283917597122137
    },
    "context_keyword_coverage": {
      "n": 20,
      "mean": 0.3227272727272727,
      "median": 0.2727272727272727,
      "p95": 0.5454545454545454,
      "ci95_low": 0.2818181818181818,
      "ci95_high": 0.36818181818181817
    },
    "context_overlap": {
      "n": 20,
      "mean": 0.10407358599963232,
      "median": 0.10504201680672268,
      "p95": 0.14326145552560646,
      "ci95_low": 0.09092239261409008,
      "ci95_high": 0.1168855869538756
    },
    "persona_keyword_coverage": {
      "n": 20,
      "mean": 0.24095238095238095,
      "median": 0.16666666666666666,
      "p95": 0.5785714285714286,
      "ci95_low": 0.17642857142857143,
      "ci95_high": 0.31476785714285704
    },
    "persona_style": {
      "n": 20,
      "mean": 0.625,
      "median": 0.5,
      "p95": 1.0,
      "ci95_low": 0.5164583333333335,
      "ci95_high": 0.75
    },
    "distinct1": {
      "n": 20,
      "mean": 0.9437913250276819,
      "median": 0.9393939393939394,
      "p95": 1.0,
      "ci95_low": 0.9287162692548712,
      "ci95_high": 0.9579773848589562
    },
    "length_score": {
      "n": 20,
      "mean": 0.7100000000000001,
      "median": 0.7833333333333333,
      "p95": 0.9333333333333333,
      "ci95_low": 0.6283333333333333,
      "ci95_high": 0.7883333333333333
    },
    "sentence_score": {
      "n": 20,
      "mean": 0.93,
      "median": 1.0,
      "p95": 1.0,
      "ci95_low": 0.86,
      "ci95_high": 0.9824999999999999
    },
    "overall_quality": {
      "n": 20,
      "mean": 0.41060299354991525,
      "median": 0.3944135864135865,
      "p95": 0.5210330241187385,
      "ci95_low": 0.3851699846476467,
      "ci95_high": 0.4384483850095869
    },
    "metrics": [
      "context_relevance",
      "persona_consistency",
      "naturalness",
      "context_keyword_coverage",
      "context_overlap",
      "persona_keyword_coverage",
      "persona_style",
      "distinct1",
      "length_score",
      "sentence_score",
      "overall_quality"
    ]
  },
  "proposed_contextual_controlled_tuned": {
    "sample_count": 20,
    "context_relevance": {
      "n": 20,
      "mean": 0.28432745522121666,
      "median": 0.25865029482278235,
      "p95": 0.4971549276884905,
      "ci95_low": 0.24306304484957902,
      "ci95_high": 0.33092539119664555
    },
    "persona_consistency": {
      "n": 20,
      "mean": 0.27042261904761905,
      "median": 0.26,
      "p95": 0.37547619047619063,
      "ci95_low": 0.2381120535714286,
      "ci95_high": 0.308833630952381
    },
    "naturalness": {
      "n": 20,
      "mean": 0.8765337767566473,
      "median": 0.8746397029305499,
      "p95": 0.9712053915275994,
      "ci95_low": 0.8427894284369246,
      "ci95_high": 0.907811928916878
    },
    "context_keyword_coverage": {
      "n": 20,
      "mean": 0.35909090909090907,
      "median": 0.3181818181818182,
      "p95": 0.640909090909091,
      "ci95_low": 0.3,
      "ci95_high": 0.42727272727272725
    },
    "context_overlap": {
      "n": 20,
      "mean": 0.10987939619193439,
      "median": 0.10357142857142856,
      "p95": 0.17197690217391304,
      "ci95_low": 0.09209232675125374,
      "ci95_high": 0.12824351289665567
    },
    "persona_keyword_coverage": {
      "n": 20,
      "mean": 0.18214285714285713,
      "median": 0.16666666666666666,
      "p95": 0.33809523809523817,
      "ci95_low": 0.14903571428571427,
      "ci95_high": 0.21667857142857133
    },
    "persona_style": {
      "n": 20,
      "mean": 0.6235416666666667,
      "median": 0.5,
      "p95": 1.0,
      "ci95_low": 0.5333333333333333,
      "ci95_high": 0.7212500000000001
    },
    "distinct1": {
      "n": 20,
      "mean": 0.9331390955712721,
      "median": 0.9393939393939394,
      "p95": 1.0,
      "ci95_low": 0.9156228764902801,
      "ci95_high": 0.9507629234948966
    },
    "length_score": {
      "n": 20,
      "mean": 0.6016666666666667,
      "median": 0.6333333333333333,
      "p95": 0.9683333333333334,
      "ci95_low": 0.4716666666666667,
      "ci95_high": 0.7333333333333333
    },
    "sentence_score": {
      "n": 20,
      "mean": 0.8425,
      "median": 1.0,
      "p95": 1.0,
      "ci95_low": 0.7725000000000001,
      "ci95_high": 0.9125
    },
    "overall_quality": {
      "n": 20,
      "mean": 0.39844726910109746,
      "median": 0.3924179044577838,
      "p95": 0.4939166604445641,
      "ci95_low": 0.3764276826578188,
      "ci95_high": 0.4215294884168527
    },
    "metrics": [
      "context_relevance",
      "persona_consistency",
      "naturalness",
      "context_keyword_coverage",
      "context_overlap",
      "persona_keyword_coverage",
      "persona_style",
      "distinct1",
      "length_score",
      "sentence_score",
      "overall_quality"
    ]
  },
  "proposed_contextual": {
    "sample_count": 20,
    "context_relevance": {
      "n": 20,
      "mean": 0.06826723406032309,
      "median": 0.040389610389610385,
      "p95": 0.20969215969215965,
      "ci95_low": 0.039589188036991844,
      "ci95_high": 0.09899501571152064
    },
    "persona_consistency": {
      "n": 20,
      "mean": 0.1336845238095238,
      "median": 0.1,
      "p95": 0.3198750000000001,
      "ci95_low": 0.095,
      "ci95_high": 0.17759866071428568
    },
    "naturalness": {
      "n": 20,
      "mean": 0.8251223682821243,
      "median": 0.7973809523809524,
      "p95": 0.9707317073170731,
      "ci95_low": 0.790551837979094,
      "ci95_high": 0.8607634613557174
    },
    "context_keyword_coverage": {
      "n": 20,
      "mean": 0.07727272727272727,
      "median": 0.045454545454545456,
      "p95": 0.2727272727272727,
      "ci95_low": 0.04090909090909091,
      "ci95_high": 0.1181818181818182
    },
    "context_overlap": {
      "n": 20,
      "mean": 0.04725441656471336,
      "median": 0.04183006535947713,
      "p95": 0.08253968253968258,
      "ci95_low": 0.03411807127931438,
      "ci95_high": 0.06071404717796507
    },
    "persona_keyword_coverage": {
      "n": 20,
      "mean": 0.02142857142857143,
      "median": 0.0,
      "p95": 0.15000000000000008,
      "ci95_low": 0.0,
      "ci95_high": 0.05714285714285714
    },
    "persona_style": {
      "n": 20,
      "mean": 0.5827083333333334,
      "median": 0.5,
      "p95": 1.0,
      "ci95_low": 0.4416666666666667,
      "ci95_high": 0.7077083333333334
    },
    "distinct1": {
      "n": 20,
      "mean": 0.9505142540386442,
      "median": 0.9442857142857143,
      "p95": 1.0,
      "ci95_low": 0.9325219155844157,
      "ci95_high": 0.9684871436490339
    },
    "length_score": {
      "n": 20,
      "mean": 0.3383333333333333,
      "median": 0.23333333333333334,
      "p95": 0.9,
      "ci95_low": 0.22333333333333333,
      "ci95_high": 0.4717083333333331
    },
    "sentence_score": {
      "n": 20,
      "mean": 0.7725000000000001,
      "median": 0.65,
      "p95": 1.0,
      "ci95_low": 0.7025,
      "ci95_high": 0.8425
    },
    "overall_quality": {
      "n": 20,
      "mean": 0.23717356752853083,
      "median": 0.22882424242424249,
      "p95": 0.32962700216450225,
      "ci95_low": 0.2106322693517326,
      "ci95_high": 0.26644145511119666
    },