{
  "proposed_vs_candidate_no_context": {
    "context_relevance": {
      "target_mean": 0.08126241441828852,
      "baseline_mean": 0.026970257050400525,
      "absolute_delta": 0.05429215736788799,
      "relative_delta": 2.0130381874533048
    },
    "persona_consistency": {
      "target_mean": 0.1479702380952381,
      "baseline_mean": 0.14642857142857144,
      "absolute_delta": 0.0015416666666666634,
      "relative_delta": 0.010528455284552823
    },
    "naturalness": {
      "target_mean": 0.818976755128929,
      "baseline_mean": 0.8020151515151515,
      "absolute_delta": 0.01696160361377752,
      "relative_delta": 0.021148732142695793
    },
    "context_keyword_coverage": {
      "target_mean": 0.09545454545454546,
      "baseline_mean": 0.022727272727272728,
      "absolute_delta": 0.07272727272727272,
      "relative_delta": 3.1999999999999997
    },
    "context_overlap": {
      "target_mean": 0.04814744200035571,
      "baseline_mean": 0.036870553804365394,
      "absolute_delta": 0.011276888195990313,
      "relative_delta": 0.30585079507688745
    },
    "persona_keyword_coverage": {
      "target_mean": 0.039285714285714285,
      "baseline_mean": 0.039285714285714285,
      "absolute_delta": 0.0,
      "relative_delta": 0.0
    },
    "persona_style": {
      "target_mean": 0.5827083333333334,
      "baseline_mean": 0.575,
      "absolute_delta": 0.007708333333333428,
      "relative_delta": 0.013405797101449441
    },
    "distinct1": {
      "target_mean": 0.939525221155656,
      "baseline_mean": 0.932121212121212,
      "absolute_delta": 0.007404009034443937,
      "relative_delta": 0.007943182644234393
    },
    "length_score": {
      "target_mean": 0.3383333333333333,
      "baseline_mean": 0.30333333333333334,
      "absolute_delta": 0.034999999999999976,
      "relative_delta": 0.1153846153846153
    },
    "sentence_score": {
      "target_mean": 0.755,
      "baseline_mean": 0.685,
      "absolute_delta": 0.06999999999999995,
      "relative_delta": 0.10218978102189773
    },
    "overall_quality": {
      "target_mean": 0.24743439813844764,
      "baseline_mean": 0.21821621894507062,
      "absolute_delta": 0.02921817919337702,
      "relative_delta": 0.13389554330391829
    }
  },
  "controlled_vs_proposed_raw": {
    "context_relevance": {
      "target_mean": 0.2599364236379393,
      "baseline_mean": 0.08126241441828852,
      "absolute_delta": 0.17867400921965076,
      "relative_delta": 2.198728778841689
    },
    "persona_consistency": {
      "target_mean": 0.36514285714285716,
      "baseline_mean": 0.1479702380952381,
      "absolute_delta": 0.21717261904761906,
      "relative_delta": 1.4676777022406373
    },
    "naturalness": {
      "target_mean": 0.9023300286181362,
      "baseline_mean": 0.818976755128929,
      "absolute_delta": 0.08335327348920718,
      "relative_delta": 0.1017773373507837
    },
    "context_keyword_coverage": {
      "target_mean": 0.32727272727272727,
      "baseline_mean": 0.09545454545454546,
      "absolute_delta": 0.2318181818181818,
      "relative_delta": 2.4285714285714284
    },
    "context_overlap": {
      "target_mean": 0.10281838182343403,
      "baseline_mean": 0.04814744200035571,
      "absolute_delta": 0.05467093982307832,
      "relative_delta": 1.1354900188191601
    },
    "persona_keyword_coverage": {
      "target_mean": 0.2980952380952381,
      "baseline_mean": 0.039285714285714285,
      "absolute_delta": 0.2588095238095238,
      "relative_delta": 6.587878787878789
    },
    "persona_style": {
      "target_mean": 0.6333333333333333,
      "baseline_mean": 0.5827083333333334,
      "absolute_delta": 0.05062499999999992,
      "relative_delta": 0.08687879871290655
    },
    "distinct1": {
      "target_mean": 0.9280186989963207,
      "baseline_mean": 0.939525221155656,
      "absolute_delta": -0.01150652215933523,
      "relative_delta": -0.012247166867092422
    },
    "length_score": {
      "target_mean": 0.6833333333333333,
      "baseline_mean": 0.3383333333333333,
      "absolute_delta": 0.34500000000000003,
      "relative_delta": 1.0197044334975371
    },
    "sentence_score": {
      "target_mean": 0.9475,
      "baseline_mean": 0.755,
      "absolute_delta": 0.1925,
      "relative_delta": 0.25496688741721857
    },
    "overall_quality": {
      "target_mean": 0.4276535078436751,
      "baseline_mean": 0.24743439813844764,
      "absolute_delta": 0.18021910970522748,
      "relative_delta": 0.7283510743093569
    }
  },
  "controlled_vs_candidate_no_context": {
    "context_relevance": {
      "target_mean": 0.2599364236379393,
      "baseline_mean": 0.026970257050400525,
      "absolute_delta": 0.23296616658753877,
      "relative_delta": 8.637891961955887
    },
    "persona_consistency": {
      "target_mean": 0.36514285714285716,
      "baseline_mean": 0.14642857142857144,
      "absolute_delta": 0.21871428571428572,
      "relative_delta": 1.4936585365853658
    },
    "naturalness": {
      "target_mean": 0.9023300286181362,
      "baseline_mean": 0.8020151515151515,
      "absolute_delta": 0.1003148771029847,
      "relative_delta": 0.125078531139308
    },
    "context_keyword_coverage": {
      "target_mean": 0.32727272727272727,
      "baseline_mean": 0.022727272727272728,
      "absolute_delta": 0.30454545454545456,
      "relative_delta": 13.4
    },
    "context_overlap": {
      "target_mean": 0.10281838182343403,
      "baseline_mean": 0.036870553804365394,
      "absolute_delta": 0.06594782801906864,
      "relative_delta": 1.7886313389537576
    },
    "persona_keyword_coverage": {
      "target_mean": 0.2980952380952381,
      "baseline_mean": 0.039285714285714285,
      "absolute_delta": 0.2588095238095238,
      "relative_delta": 6.587878787878789
    },
    "persona_style": {
      "target_mean": 0.6333333333333333,
      "baseline_mean": 0.575,
      "absolute_delta": 0.05833333333333335,
      "relative_delta": 0.10144927536231887
    },
    "distinct1": {
      "target_mean": 0.9280186989963207,
      "baseline_mean": 0.932121212121212,
      "absolute_delta": -0.004102513124891294,
      "relative_delta": -0.00440126570615776
    },
    "length_score": {
      "target_mean": 0.6833333333333333,
      "baseline_mean": 0.30333333333333334,
      "absolute_delta": 0.38,
      "relative_delta": 1.2527472527472527
    },
    "sentence_score": {
      "target_mean": 0.9475,
      "baseline_mean": 0.685,
      "absolute_delta": 0.26249999999999996,
      "relative_delta": 0.3832116788321167
    },
    "overall_quality": {
      "target_mean": 0.4276535078436751,
      "baseline_mean": 0.21821621894507062,
      "absolute_delta": 0.2094372888986045,
      "relative_delta": 0.9597695804239191
    }
  },
  "controlled_alt_vs_controlled_default": {
    "context_relevance": {
      "target_mean": 0.2818902235144102,
      "baseline_mean": 0.2599364236379393,
      "absolute_delta": 0.021953799876470892,
      "relative_delta": 0.08445834396433007
    },
    "persona_consistency": {
      "target_mean": 0.33165476190476195,
      "baseline_mean": 0.36514285714285716,
      "absolute_delta": -0.033488095238095206,
      "relative_delta": -0.09171231090245166
    },
    "naturalness": {
      "target_mean": 0.8949635368117723,
      "baseline_mean": 0.9023300286181362,
      "absolute_delta": -0.00736649180636384,
      "relative_delta": -0.008163855322032423
    },
    "context_keyword_coverage": {
      "target_mean": 0.35909090909090907,
      "baseline_mean": 0.32727272727272727,
      "absolute_delta": 0.0318181818181818,
      "relative_delta": 0.09722222222222217
    },
    "context_overlap": {
      "target_mean": 0.10175529050257955,
      "baseline_mean": 0.10281838182343403,
      "absolute_delta": -0.001063091320854484,
      "relative_delta": -0.010339506438450753
    },
    "persona_keyword_coverage": {
      "target_mean": 0.2673809523809524,
      "baseline_mean": 0.2980952380952381,