{
  "proposed_contextual_controlled": {
    "sample_count": 20,
    "context_relevance": {
      "n": 20,
      "mean": 0.2599364236379393,
      "median": 0.22305194805194803,
      "p95": 0.36041254940711465,
      "ci95_low": 0.2308969230365425,
      "ci95_high": 0.2902200641594347
    },
    "persona_consistency": {
      "n": 20,
      "mean": 0.36514285714285716,
      "median": 0.36000000000000004,
      "p95": 0.6345238095238096,
      "ci95_low": 0.290797619047619,
      "ci95_high": 0.43458571428571424
    },
    "naturalness": {
      "n": 20,
      "mean": 0.9023300286181362,
      "median": 0.9275268817204301,
      "p95": 0.9501708683473389,
      "ci95_low": 0.8758358123893448,
      "ci95_high": 0.925572967357643
    },
    "context_keyword_coverage": {
      "n": 20,
      "mean": 0.32727272727272727,
      "median": 0.2727272727272727,
      "p95": 0.45909090909090916,
      "ci95_low": 0.2863636363636363,
      "ci95_high": 0.36818181818181817
    },
    "context_overlap": {
      "n": 20,
      "mean": 0.10281838182343403,
      "median": 0.0951734539969834,
      "p95": 0.14843304843304844,
      "ci95_low": 0.09209993079082472,
      "ci95_high": 0.11330525909613394
    },
    "persona_keyword_coverage": {
      "n": 20,
      "mean": 0.2980952380952381,
      "median": 0.3333333333333333,
      "p95": 0.5761904761904761,
      "ci95_low": 0.2221309523809524,
      "ci95_high": 0.3747797619047618
    },
    "persona_style": {
      "n": 20,
      "mean": 0.6333333333333333,
      "median": 0.5,
      "p95": 1.0,
      "ci95_low": 0.525,
      "ci95_high": 0.75
    },
    "distinct1": {
      "n": 20,
      "mean": 0.9280186989963207,
      "median": 0.9374389051808407,
      "p95": 0.9634615384615385,
      "ci95_low": 0.9122761624369978,
      "ci95_high": 0.9422971576394943
    },
    "length_score": {
      "n": 20,
      "mean": 0.6833333333333333,
      "median": 0.7666666666666666,
      "p95": 0.935,
      "ci95_low": 0.5549583333333333,
      "ci95_high": 0.7866666666666667
    },
    "sentence_score": {
      "n": 20,
      "mean": 0.9475,
      "median": 1.0,
      "p95": 1.0,
      "ci95_low": 0.8949999999999999,
      "ci95_high": 1.0
    },
    "overall_quality": {
      "n": 20,
      "mean": 0.4276535078436751,
      "median": 0.43185623148781055,
      "p95": 0.5205238483011625,
      "ci95_low": 0.398296580331766,
      "ci95_high": 0.4550167671603502
    },
    "metrics": [
      "context_relevance",
      "persona_consistency",
      "naturalness",
      "context_keyword_coverage",
      "context_overlap",
      "persona_keyword_coverage",
      "persona_style",
      "distinct1",
      "length_score",
      "sentence_score",
      "overall_quality"
    ]
  },
  "proposed_contextual_controlled_tuned": {
    "sample_count": 20,
    "context_relevance": {
      "n": 20,
      "mean": 0.2818902235144102,
      "median": 0.24908340480274438,
      "p95": 0.5007377101990851,
      "ci95_low": 0.24271250163240615,
      "ci95_high": 0.3265089567090898
    },
    "persona_consistency": {
      "n": 20,
      "mean": 0.33165476190476195,
      "median": 0.26,
      "p95": 0.5590476190476193,
      "ci95_low": 0.2633074404761905,
      "ci95_high": 0.413977380952381
    },
    "naturalness": {
      "n": 20,
      "mean": 0.8949635368117723,
      "median": 0.9275268817204301,
      "p95": 0.9541659919028341,
      "ci95_low": 0.8668318439839643,
      "ci95_high": 0.9206990600990667
    },
    "context_keyword_coverage": {
      "n": 20,
      "mean": 0.35909090909090907,
      "median": 0.3181818181818182,
      "p95": 0.640909090909091,
      "ci95_low": 0.30454545454545456,
      "ci95_high": 0.41818181818181815
    },
    "context_overlap": {
      "n": 20,
      "mean": 0.10175529050257955,
      "median": 0.09437321937321938,
      "p95": 0.17014428412874585,
      "ci95_low": 0.08981804597003815,
      "ci95_high": 0.11583751828156617
    },
    "persona_keyword_coverage": {
      "n": 20,
      "mean": 0.2673809523809524,
      "median": 0.2,
      "p95": 0.5250000000000004,
      "ci95_low": 0.19213690476190476,
      "ci95_high": 0.36620833333333325
    },
    "persona_style": {
      "n": 20,
      "mean": 0.58875,
      "median": 0.5,
      "p95": 1.0,
      "ci95_low": 0.47287500000000005,
      "ci95_high": 0.7129166666666666
    },
    "distinct1": {
      "n": 20,
      "mean": 0.9369921753627641,
      "median": 0.9384469696969697,
      "p95": 0.985820895522388,
      "ci95_low": 0.9237691381304275,
      "ci95_high": 0.9506628172093228
    },
    "length_score": {
      "n": 20,
      "mean": 0.6183333333333334,
      "median": 0.7666666666666666,
      "p95": 0.9683333333333334,
      "ci95_low": 0.48166666666666663,
      "ci95_high": 0.7516666666666667
    },
    "sentence_score": {
      "n": 20,
      "mean": 0.9650000000000001,
      "median": 1.0,
      "p95": 1.0,
      "ci95_low": 0.9125,
      "ci95_high": 1.0
    },
    "overall_quality": {
      "n": 20,
      "mean": 0.42473974626910066,
      "median": 0.41253888510812675,
      "p95": 0.508538410022208,
      "ci95_low": 0.39427099499095714,
      "ci95_high": 0.4562892162087573
    },
    "metrics": [
      "context_relevance",
      "persona_consistency",
      "naturalness",
      "context_keyword_coverage",
      "context_overlap",
      "persona_keyword_coverage",
      "persona_style",
      "distinct1",
      "length_score",
      "sentence_score",
      "overall_quality"
    ]
  },
  "proposed_contextual": {
    "sample_count": 20,
    "context_relevance": {
      "n": 20,
      "mean": 0.08126241441828852,
      "median": 0.04293198327096632,
      "p95": 0.2884166319950073,
      "ci95_low": 0.04257773238529858,
      "ci95_high": 0.13005009000606696
    },
    "persona_consistency": {
      "n": 20,
      "mean": 0.1479702380952381,
      "median": 0.1,
      "p95": 0.3169047619047619,
      "ci95_low": 0.10654166666666667,
      "ci95_high": 0.19454449404761895
    },
    "naturalness": {
      "n": 20,
      "mean": 0.818976755128929,
      "median": 0.8144047619047619,
      "p95": 0.934857142857143,
      "ci95_low": 0.7889470021645021,
      "ci95_high": 0.8491797447299078
    },
    "context_keyword_coverage": {
      "n": 20,
      "mean": 0.09545454545454546,
      "median": 0.045454545454545456,
      "p95": 0.3681818181818182,
      "ci95_low": 0.045454545454545456,
      "ci95_high": 0.15454545454545454
    },
    "context_overlap": {
      "n": 20,
      "mean": 0.04814744200035571,
      "median": 0.03836813987372511,
      "p95": 0.10229786422578187,
      "ci95_low": 0.036292929446988705,
      "ci95_high": 0.060823149036912764
    },
    "persona_keyword_coverage": {
      "n": 20,
      "mean": 0.039285714285714285,
      "median": 0.0,
      "p95": 0.17500000000000013,
      "ci95_low": 0.007142857142857143,
      "ci95_high": 0.08095238095238096
    },
    "persona_style": {
      "n": 20,
      "mean": 0.5827083333333334,
      "median": 0.5,
      "p95": 1.0,
      "ci95_low": 0.4416666666666667,
      "ci95_high": 0.7070989583333332
    },
    "distinct1": {
      "n": 20,
      "mean": 0.939525221155656,
      "median": 0.930952380952381,
      "p95": 1.0,
      "ci95_low": 0.9244710191981931,
      "ci95_high": 0.9554297595520421
    },
    "length_score": {
      "n": 20,
      "mean": 0.3383333333333333,
      "median": 0.31666666666666665,
      "p95": 0.7400000000000002,
      "ci95_low": 0.23666666666666666,
      "ci95_high": 0.45166666666666666
    },
    "sentence_score": {
      "n": 20,
      "mean": 0.755,
      "median": 0.65,
      "p95": 1.0,
      "ci95_low": 0.685,
      "ci95_high": 0.825
    },
    "overall_quality": {
      "n": 20,
      "mean": 0.24743439813844764,
      "median": 0.23037437045803116,
      "p95": 0.43242003080824615,
      "ci95_low": 0.214526072847173,
      "ci95_high": 0.28362182640801464
    },