{
  "ttft_ms": {
    "candidate_mean": 542.6197125052568,
    "baseline_mean": 273.8633250264684,
    "absolute_delta": 268.7563874787884,
    "relative_delta": 0.9813522400373018,
    "candidate_better": false,
    "lower_is_better": true
  },
  "total_time_ms": {
    "candidate_mean": 3601.540212490363,
    "baseline_mean": 3138.4145000192802,
    "absolute_delta": 463.1257124710828,
    "relative_delta": 0.14756677694047032,
    "candidate_better": false,
    "lower_is_better": true
  },
  "tokens_per_s": {
    "candidate_mean": 18.45321090568056,
    "baseline_mean": 18.864659171802593,
    "absolute_delta": -0.4114482661220329,
    "relative_delta": -0.021810532720200605,
    "candidate_better": false,
    "lower_is_better": false
  }
}