{
  "candidate_model": "elara-npc:latest",
  "baseline_model": "phi3:mini",
  "candidate_mean": 0.03246949031017721,
  "baseline_mean": 0.1447594581404701,
  "absolute_delta": -0.11228996783029288,
  "relative_delta": -0.7757003878898896,
  "candidate_better": false
}