{
  "elara-npc:latest": {
    "total_requests": 8,
    "ok_requests": 8,
    "error_requests": 0,
    "error_rate": 0.0,
    "ttft_ms": {
      "n": 8,
      "mean": 542.6197125052568,
      "median": 570.9915999905206,
      "p95": 599.1265500197187,
      "ci95_low": 486.4339000196196,
      "ci95_high": 581.0892040597537
    },
    "total_time_ms": {
      "n": 8,
      "mean": 3601.540212490363,
      "median": 3614.038450003136,
      "p95": 3823.2818749791477,
      "ci95_low": 3478.9224131320225,
      "ci95_high": 3715.5015746626304
    },
    "tokens_per_s": {
      "n": 8,
      "mean": 18.45321090568056,
      "median": 18.392988762228235,
      "p95": 19.473233910536955,
      "ci95_low": 17.975951786224105,
      "ci95_high": 18.909948835059854
    }
  },
  "phi3:mini": {
    "total_requests": 8,
    "ok_requests": 8,
    "error_requests": 0,
    "error_rate": 0.0,
    "ttft_ms": {
      "n": 8,
      "mean": 273.8633250264684,
      "median": 224.53505004523322,
      "p95": 492.8151300642637,
      "ci95_low": 212.9447875195183,
      "ci95_high": 377.4891272278182
    },
    "total_time_ms": {
      "n": 8,
      "mean": 3138.4145000192802,
      "median": 3195.4255999880843,
      "p95": 3536.489905009512,
      "ci95_low": 2835.8360503396398,
      "ci95_high": 3370.707374698395
    },
    "tokens_per_s": {
      "n": 8,
      "mean": 18.864659171802593,
      "median": 18.90030126002908,
      "p95": 19.430255828808825,
      "ci95_low": 18.496843174277494,
      "ci95_high": 19.15747847536704
    }
  }
}