{
  "proposed_contextual_controlled": {
    "sample_count": 20,
    "context_relevance": {
      "n": 20,
      "mean": 0.31685561608132656,
      "median": 0.290011961722488,
      "p95": 0.4795151515151515,
      "ci95_low": 0.27622165620149386,
      "ci95_high": 0.3590902879660453
    },
    "persona_consistency": {
      "n": 20,
      "mean": 0.3430854341736695,
      "median": 0.33333333333333337,
      "p95": 0.5820714285714286,
      "ci95_low": 0.29912135854341737,
      "ci95_high": 0.39493189775910365
    },
    "naturalness": {
      "n": 20,
      "mean": 0.8419522997347034,
      "median": 0.8459649122807018,
      "p95": 0.9275287427626137,
      "ci95_low": 0.8167529624718808,
      "ci95_high": 0.8677497245755984
    },
    "context_keyword_coverage": {
      "n": 20,
      "mean": 0.4,
      "median": 0.36363636363636365,
      "p95": 0.6378787878787878,
      "ci95_low": 0.346969696969697,
      "ci95_high": 0.45303977272727264
    },
    "context_overlap": {
      "n": 20,
      "mean": 0.12285205360442193,
      "median": 0.11087223587223588,
      "p95": 0.20491228070175446,
      "ci95_low": 0.10340122688003613,
      "ci95_high": 0.14788945466823783
    },
    "persona_keyword_coverage": {
      "n": 20,
      "mean": 0.27928571428571425,
      "median": 0.2,
      "p95": 0.6057142857142858,
      "ci95_low": 0.2173690476190476,
      "ci95_high": 0.3483392857142857
    },
    "persona_style": {
      "n": 20,
      "mean": 0.5982843137254902,
      "median": 0.5,
      "p95": 1.0,
      "ci95_low": 0.4541666666666667,
      "ci95_high": 0.7389950980392156
    },
    "distinct1": {
      "n": 20,
      "mean": 0.9430057493367585,
      "median": 0.9466981132075472,
      "p95": 1.0,
      "ci95_low": 0.9280204382019688,
      "ci95_high": 0.9582957755056319
    },
    "length_score": {
      "n": 20,
      "mean": 0.385,
      "median": 0.38333333333333336,
      "p95": 0.8400000000000001,
      "ci95_low": 0.2733333333333333,
      "ci95_high": 0.5133749999999998
    },
    "sentence_score": {
      "n": 20,
      "mean": 0.8775000000000001,
      "median": 1.0,
      "p95": 1.0,
      "ci95_low": 0.8074999999999999,
      "ci95_high": 0.9475
    },
    "bertscore_f1": {
      "n": 20,
      "mean": 0.08746635280549526,
      "median": 0.07505786791443825,
      "p95": 0.19766356498003007,
      "ci95_low": 0.06007587214466184,
      "ci95_high": 0.1158980453107506
    },
    "overall_quality": {
      "n": 20,
      "mean": 0.3957014140544805,
      "median": 0.3842597608681665,
      "p95": 0.4810472035728213,
      "ci95_low": 0.3734726664026321,
      "ci95_high": 0.4189956675784162
    },
    "metrics": [
      "context_relevance",
      "persona_consistency",
      "naturalness",
      "context_keyword_coverage",
      "context_overlap",
      "persona_keyword_coverage",
      "persona_style",
      "distinct1",
      "length_score",
      "sentence_score",
      "bertscore_f1",
      "overall_quality"
    ]
  },
  "proposed_contextual_controlled_runtime": {
    "sample_count": 20,
    "context_relevance": {
      "n": 20,
      "mean": 0.2538777468684657,
      "median": 0.26665985977809537,
      "p95": 0.41359430122116686,
      "ci95_low": 0.21032636674486543,
      "ci95_high": 0.29743455362237353
    },
    "persona_consistency": {
      "n": 20,
      "mean": 0.30946013027852654,
      "median": 0.33333333333333337,
      "p95": 0.5128571428571429,
      "ci95_low": 0.2533490032569632,
      "ci95_high": 0.36839308737646
    },
    "naturalness": {
      "n": 20,
      "mean": 0.8693677154008771,
      "median": 0.8842045308689513,
      "p95": 0.9433480753480754,
      "ci95_low": 0.8354643294585917,
      "ci95_high": 0.9011542017689199
    },
    "context_keyword_coverage": {
      "n": 20,
      "mean": 0.3227272727272727,
      "median": 0.3333333333333333,
      "p95": 0.5454545454545454,
      "ci95_low": 0.25530303030303025,
      "ci95_high": 0.38030303030303025
    },
    "context_overlap": {
      "n": 20,
      "mean": 0.09322885319791605,
      "median": 0.08696309739866909,
      "p95": 0.1333739837398374,
      "ci95_low": 0.08413374320838125,
      "ci95_high": 0.10250875974794395
    },
    "persona_keyword_coverage": {
      "n": 20,
      "mean": 0.23523809523809525,
      "median": 0.16666666666666666,
      "p95": 0.5785714285714286,
      "ci95_low": 0.1626190476190476,
      "ci95_high": 0.3181130952380951
    },
    "persona_style": {
      "n": 20,
      "mean": 0.6063482704402515,
      "median": 0.5,
      "p95": 1.0,
      "ci95_low": 0.4791666666666667,
      "ci95_high": 0.7345975825471697
    },
    "distinct1": {
      "n": 20,
      "mean": 0.9296692885021928,
      "median": 0.9374389051808407,
      "p95": 0.9806122448979592,
      "ci95_low": 0.9124021022034471,
      "ci95_high": 0.9454809719320374
    },
    "length_score": {
      "n": 20,
      "mean": 0.505,
      "median": 0.6333333333333333,
      "p95": 0.8400000000000001,
      "ci95_low": 0.36333333333333334,
      "ci95_high": 0.6483749999999997
    },
    "sentence_score": {
      "n": 20,
      "mean": 0.9650000000000001,
      "median": 1.0,
      "p95": 1.0,
      "ci95_low": 0.9125,
      "ci95_high": 1.0
    },
    "bertscore_f1": {
      "n": 20,
      "mean": 0.051699361810460684,
      "median": 0.04756367765367031,
      "p95": 0.11101372949779036,
      "ci95_low": 0.029658893337473274,
      "ci95_high": 0.07333836019039149
    },
    "overall_quality": {
      "n": 20,
      "mean": 0.35998775800524163,
      "median": 0.36535625637083635,
      "p95": 0.42440682630113347,
      "ci95_low": 0.338196745822821,
      "ci95_high": 0.38206997434030665
    },
    "metrics": [
      "context_relevance",
      "persona_consistency",
      "naturalness",
      "context_keyword_coverage",
      "context_overlap",
      "persona_keyword_coverage",
      "persona_style",
      "distinct1",
      "length_score",
      "sentence_score",
      "bertscore_f1",
      "overall_quality"
    ]
  },
  "proposed_contextual": {
    "sample_count": 20,
    "context_relevance": {
      "n": 20,
      "mean": 0.1301598945945046,
      "median": 0.01908371786420567,
      "p95": 0.44050438596491226,
      "ci95_low": 0.06565153566109512,
      "ci95_high": 0.20352279449496744
    },
    "persona_consistency": {
      "n": 20,
      "mean": 0.16451791329739446,
      "median": 0.1,
      "p95": 0.5003571428571428,
      "ci95_low": 0.1065352299528302,
      "ci95_high": 0.23103050595238092
    },
    "naturalness": {
      "n": 20,
      "mean": 0.8167985255605423,
      "median": 0.7720104895104896,
      "p95": 0.9294871794871795,
      "ci95_low": 0.784338514541315,
      "ci95_high": 0.8519809149204607
    },
    "context_keyword_coverage": {
      "n": 20,
      "mean": 0.15606060606060607,
      "median": 0.0,
      "p95": 0.5833333333333334,
      "ci95_low": 0.06893939393939394,
      "ci95_high": 0.254185606060606
    },
    "context_overlap": {
      "n": 20,
      "mean": 0.06972490117360128,
      "median": 0.05202702702702703,
      "p95": 0.14503424657534247,
      "ci95_low": 0.05174956032869351,
      "ci95_high": 0.09107505014433415
    },
    "persona_keyword_coverage": {
      "n": 20,
      "mean": 0.06190476190476191,
      "median": 0.0,
      "p95": 0.5035714285714287,
      "ci95_low": 0.0,
      "ci95_high": 0.14404761904761904
    },
    "persona_style": {
      "n": 20,
      "mean": 0.5749705188679245,
      "median": 0.5,
      "p95": 1.0,
      "ci95_low": 0.43278301886792453,
      "ci95_high": 0.7202542747641508
    },
    "distinct1": {
      "n": 20,
      "mean": 0.9353296472346889,
      "median": 0.9217585692995529,
      "p95": 0.981,
      "ci95_low": 0.9235821567307261,
      "ci95_high": 0.9484132310178167
    },
    "length_score": {
      "n": 20,
      "mean": 0.3183333333333333,
      "median": 0.09999999999999998,
      "p95": 0.8400000000000001,