{
  "proposed_contextual_controlled": {
    "sample_count": 24,
    "context_relevance": {
      "n": 24,
      "mean": 0.28723357422223356,
      "median": 0.2822170963364993,
      "p95": 0.47940417097854854,
      "ci95_low": 0.251162113320798,
      "ci95_high": 0.32606945802631004
    },
    "persona_consistency": {
      "n": 24,
      "mean": 0.37980158730158736,
      "median": 0.33333333333333337,
      "p95": 0.7035238095238096,
      "ci95_low": 0.31999900793650793,
      "ci95_high": 0.44674702380952375
    },
    "naturalness": {
      "n": 24,
      "mean": 0.8738815654790274,
      "median": 0.8743333333333333,
      "p95": 0.9697073170731707,
      "ci95_low": 0.8452979034017478,
      "ci95_high": 0.9024529476718113
    },
    "context_keyword_coverage": {
      "n": 24,
      "mean": 0.36313131313131314,
      "median": 0.36363636363636365,
      "p95": 0.6227272727272726,
      "ci95_low": 0.3151467803030303,
      "ci95_high": 0.41301294191919186
    },
    "context_overlap": {
      "n": 24,
      "mean": 0.11013885010104801,
      "median": 0.10714285714285714,
      "p95": 0.18712084148727975,
      "ci95_low": 0.09215444872583564,
      "ci95_high": 0.12742253549755417
    },
    "persona_keyword_coverage": {
      "n": 24,
      "mean": 0.32023809523809527,
      "median": 0.2,
      "p95": 0.8,
      "ci95_low": 0.24105654761904763,
      "ci95_high": 0.41111111111111115
    },
    "persona_style": {
      "n": 24,
      "mean": 0.6180555555555556,
      "median": 0.5,
      "p95": 1.0,
      "ci95_low": 0.5,
      "ci95_high": 0.7430555555555555
    },
    "distinct1": {
      "n": 24,
      "mean": 0.9390441914753461,
      "median": 0.9428104575163399,
      "p95": 0.979938775510204,
      "ci95_low": 0.9259749167485509,
      "ci95_high": 0.9519592599237199
    },
    "length_score": {
      "n": 24,
      "mean": 0.5569444444444445,
      "median": 0.6,
      "p95": 0.9333333333333333,
      "ci95_low": 0.43885416666666666,
      "ci95_high": 0.6708333333333334
    },
    "sentence_score": {
      "n": 24,
      "mean": 0.86875,
      "median": 1.0,
      "p95": 1.0,
      "ci95_low": 0.7958333333333334,
      "ci95_high": 0.9270833333333334
    },
    "overall_quality": {
      "n": 24,
      "mean": 0.4403856667710766,
      "median": 0.41945177760818997,
      "p95": 0.5508172178929455,
      "ci95_low": 0.41761371653637086,
      "ci95_high": 0.46644808440176894
    },
    "metrics": [
      "context_relevance",
      "persona_consistency",
      "naturalness",
      "context_keyword_coverage",
      "context_overlap",
      "persona_keyword_coverage",
      "persona_style",
      "distinct1",
      "length_score",
      "sentence_score",
      "overall_quality"
    ]
  },
  "proposed_contextual_controlled_alt": {
    "sample_count": 24,
    "context_relevance": {
      "n": 24,
      "mean": 0.2693440381952339,
      "median": 0.27264770653272397,
      "p95": 0.4195941558441556,
      "ci95_low": 0.2437060819978577,
      "ci95_high": 0.29821531160874665
    },
    "persona_consistency": {
      "n": 24,
      "mean": 0.34880952380952385,
      "median": 0.33333333333333337,
      "p95": 0.5744285714285713,
      "ci95_low": 0.2990079365079365,
      "ci95_high": 0.40186706349206347
    },
    "naturalness": {
      "n": 24,
      "mean": 0.9021117466324258,
      "median": 0.923763440860215,
      "p95": 0.9813721413721413,
      "ci95_low": 0.8794357731314468,
      "ci95_high": 0.9254848346571454
    },
    "context_keyword_coverage": {
      "n": 24,
      "mean": 0.3410353535353536,
      "median": 0.3484848484848485,
      "p95": 0.5318181818181816,
      "ci95_low": 0.3076988636363636,
      "ci95_high": 0.3762657828282828
    },
    "context_overlap": {
      "n": 24,
      "mean": 0.1020643024016215,
      "median": 0.10557275541795666,
      "p95": 0.1686619718309859,
      "ci95_low": 0.08692395507667387,
      "ci95_high": 0.11708721600185396
    },
    "persona_keyword_coverage": {
      "n": 24,
      "mean": 0.27976190476190477,
      "median": 0.18333333333333335,
      "p95": 0.5957142857142856,
      "ci95_low": 0.22439980158730155,
      "ci95_high": 0.3414781746031745
    },
    "persona_style": {
      "n": 24,
      "mean": 0.625,
      "median": 0.5,
      "p95": 1.0,
      "ci95_low": 0.5,
      "ci95_high": 0.7430555555555555
    },
    "distinct1": {
      "n": 24,
      "mean": 0.9471196443588422,
      "median": 0.9466571834992887,
      "p95": 0.9968085106382978,
      "ci95_low": 0.9348031962864705,
      "ci95_high": 0.9589561990525846
    },
    "length_score": {
      "n": 24,
      "mean": 0.6527777777777778,
      "median": 0.7333333333333333,
      "p95": 0.9666666666666668,
      "ci95_low": 0.5485763888888888,
      "ci95_high": 0.751388888888889
    },
    "sentence_score": {
      "n": 24,
      "mean": 0.9270833333333334,
      "median": 1.0,
      "p95": 1.0,
      "ci95_low": 0.86875,
      "ci95_high": 0.9854166666666666
    },
    "overall_quality": {
      "n": 24,
      "mean": 0.42609760278816916,
      "median": 0.4318138352875196,
      "p95": 0.47692774891774903,
      "ci95_low": 0.4106827605510943,
      "ci95_high": 0.4416050066675051
    },
    "metrics": [
      "context_relevance",
      "persona_consistency",
      "naturalness",
      "context_keyword_coverage",
      "context_overlap",
      "persona_keyword_coverage",
      "persona_style",
      "distinct1",
      "length_score",
      "sentence_score",
      "overall_quality"
    ]
  },
  "proposed_contextual": {
    "sample_count": 24,
    "context_relevance": {
      "n": 24,
      "mean": 0.08503220967908341,
      "median": 0.015587044534412953,
      "p95": 0.2924529248340793,
      "ci95_low": 0.04434876100342451,
      "ci95_high": 0.13032088298051356
    },
    "persona_consistency": {
      "n": 24,
      "mean": 0.17073850373482727,
      "median": 0.12058823529411766,
      "p95": 0.3666666666666667,
      "ci95_low": 0.12190020278944912,
      "ci95_high": 0.22740093954248367
    },
    "naturalness": {
      "n": 24,
      "mean": 0.8276952738542224,
      "median": 0.8183333333333332,
      "p95": 0.938,
      "ci95_low": 0.7963656812346149,
      "ci95_high": 0.8591845870537124
    },
    "context_keyword_coverage": {
      "n": 24,
      "mean": 0.09753787878787878,
      "median": 0.0,
      "p95": 0.36363636363636365,
      "ci95_low": 0.04450757575757575,
      "ci95_high": 0.1534090909090909
    },
    "context_overlap": {
      "n": 24,
      "mean": 0.05585231509189422,
      "median": 0.0485837922895358,
      "p95": 0.10605459057071959,
      "ci95_low": 0.04476219572329916,
      "ci95_high": 0.06806477731098612
    },
    "persona_keyword_coverage": {
      "n": 24,
      "mean": 0.08432539682539682,
      "median": 0.0,
      "p95": 0.3333333333333333,
      "ci95_low": 0.026785714285714284,
      "ci95_high": 0.15773809523809523
    },
    "persona_style": {
      "n": 24,
      "mean": 0.516390931372549,
      "median": 0.5,
      "p95": 1.0,
      "ci95_low": 0.390625,
      "ci95_high": 0.641390931372549
    },
    "distinct1": {
      "n": 24,
      "mean": 0.9503145735244453,
      "median": 0.9480851063829787,
      "p95": 1.0,
      "ci95_low": 0.9346721707481348,
      "ci95_high": 0.9662211771072066
    },
    "length_score": {
      "n": 24,
      "mean": 0.34722222222222215,
      "median": 0.26666666666666666,
      "p95": 0.7,
      "ci95_low": 0.24444444444444444,
      "ci95_high": 0.4555902777777776
    },
    "sentence_score": {
      "n": 24,
      "mean": 0.78125,
      "median": 0.65,
      "p95": 1.0,
      "ci95_low": 0.7229166666666668,
      "ci95_high": 0.8541666666666666
    },
    "overall_quality": {
      "n": 24,
      "mean": 0.26023475548831687,
      "median": 0.2300578671328672,
      "p95": 0.4084484289903646,
      "ci95_low": 0.2299122822078226,
      "ci95_high": 0.2924483830126924
    },