{
  "ttft_ms": {
    "candidate_mean": 551.7403416688467,
    "baseline_mean": 250.2559187493413,
    "absolute_delta": 301.4844229195054,
    "relative_delta": 1.20470446583713,
    "candidate_better": false,
    "lower_is_better": true
  },
  "total_time_ms": {
    "candidate_mean": 3666.7423687504197,
    "baseline_mean": 3199.9588187506256,
    "absolute_delta": 466.7835499997941,
    "relative_delta": 0.1458717366187989,
    "candidate_better": false,
    "lower_is_better": true
  },
  "tokens_per_s": {
    "candidate_mean": 20.75044398181397,
    "baseline_mean": 22.050537918952543,
    "absolute_delta": -1.3000939371385734,
    "relative_delta": -0.058959737940049814,
    "candidate_better": false,
    "lower_is_better": false
  }
}