{
  "elara-npc:latest": {
    "total_requests": 48,
    "ok_requests": 48,
    "error_requests": 0,
    "error_rate": 0.0,
    "ttft_ms": {
      "n": 48,
      "mean": 551.7403416688467,
      "median": 594.5115500071552,
      "p95": 703.5538950076443,
      "ci95_low": 506.1202883362966,
      "ci95_high": 592.2507242202755
    },
    "total_time_ms": {
      "n": 48,
      "mean": 3666.7423687504197,
      "median": 3690.2072499942733,
      "p95": 4036.9435400076327,
      "ci95_low": 3586.7015469269068,
      "ci95_high": 3737.4725811473127
    },
    "tokens_per_s": {
      "n": 48,
      "mean": 20.75044398181397,
      "median": 20.647363388476286,
      "p95": 22.662929768005625,
      "ci95_low": 20.440887277987255,
      "ci95_high": 21.07477062583504
    }
  },
  "phi3:mini": {
    "total_requests": 48,
    "ok_requests": 48,
    "error_requests": 0,
    "error_rate": 0.0,
    "ttft_ms": {
      "n": 48,
      "mean": 250.2559187493413,
      "median": 207.54129999841098,
      "p95": 572.4736549876978,
      "ci95_low": 215.9043213544616,
      "ci95_high": 291.6844892686337
    },
    "total_time_ms": {
      "n": 48,
      "mean": 3199.9588187506256,
      "median": 3001.9249500182923,
      "p95": 4273.906000007992,
      "ci95_low": 3088.7009921937683,
      "ci95_high": 3327.562193126444
    },
    "tokens_per_s": {
      "n": 48,
      "mean": 22.050537918952543,
      "median": 23.022669598899547,
      "p95": 24.235889848395498,
      "ci95_low": 21.347185166566057,
      "ci95_high": 22.67437105352061
    }
  }
}