{
  "proposed_contextual_controlled": {
    "sample_count": 24,
    "context_relevance": {
      "n": 24,
      "mean": 0.23808619139838486,
      "median": 0.21745984278879013,
      "p95": 0.38107745980382246,
      "ci95_low": 0.20374847825901532,
      "ci95_high": 0.27267398076000693
    },
    "persona_consistency": {
      "n": 24,
      "mean": 0.33361593736593737,
      "median": 0.2998198198198198,
      "p95": 0.6096428571428572,
      "ci95_low": 0.28625619369369376,
      "ci95_high": 0.395964392964393
    },
    "naturalness": {
      "n": 24,
      "mean": 0.8768545610926951,
      "median": 0.9117517006802722,
      "p95": 0.9717117117117117,
      "ci95_low": 0.8347723380192074,
      "ci95_high": 0.9119650572151586
    },
    "context_keyword_coverage": {
      "n": 24,
      "mean": 0.29210858585858585,
      "median": 0.2727272727272727,
      "p95": 0.49318181818181805,
      "ci95_low": 0.24525726010101012,
      "ci95_high": 0.3387026515151515
    },
    "context_overlap": {
      "n": 24,
      "mean": 0.11203393765791599,
      "median": 0.10147058823529412,
      "p95": 0.20489247311827952,
      "ci95_low": 0.0916117614777366,
      "ci95_high": 0.13515339773688081
    },
    "persona_keyword_coverage": {
      "n": 24,
      "mean": 0.2613095238095238,
      "median": 0.16666666666666666,
      "p95": 0.6928571428571426,
      "ci95_low": 0.20019841269841268,
      "ci95_high": 0.3349206349206349
    },
    "persona_style": {
      "n": 24,
      "mean": 0.6228415915915916,
      "median": 0.5,
      "p95": 1.0,
      "ci95_low": 0.5069444444444444,
      "ci95_high": 0.7387387387387387
    },
    "distinct1": {
      "n": 24,
      "mean": 0.9392639279842628,
      "median": 0.9491634491634491,
      "p95": 1.0,
      "ci95_low": 0.9102398735953293,
      "ci95_high": 0.9626187840680056
    },
    "length_score": {
      "n": 24,
      "mean": 0.576388888888889,
      "median": 0.7,
      "p95": 0.9616666666666667,
      "ci95_low": 0.4375,
      "ci95_high": 0.7055555555555556
    },
    "sentence_score": {
      "n": 24,
      "mean": 0.8833333333333333,
      "median": 1.0,
      "p95": 1.0,
      "ci95_low": 0.8104166666666667,
      "ci95_high": 0.9416666666666668
    },
    "bertscore_f1": {
      "n": 24,
      "mean": 0.08830348463379778,
      "median": 0.08112765848636627,
      "p95": 0.17632558271288862,
      "ci95_low": 0.07005529303181296,
      "ci95_high": 0.10782681309307614
    },
    "overall_quality": {
      "n": 24,
      "mean": 0.36636656272022244,
      "median": 0.34992566666812225,
      "p95": 0.4614640648156468,
      "ci95_low": 0.34657897495395257,
      "ci95_high": 0.38957296219940674
    },
    "metrics": [
      "context_relevance",
      "persona_consistency",
      "naturalness",
      "context_keyword_coverage",
      "context_overlap",
      "persona_keyword_coverage",
      "persona_style",
      "distinct1",
      "length_score",
      "sentence_score",
      "bertscore_f1",
      "overall_quality"
    ]
  },
  "proposed_contextual_controlled_alt": {
    "sample_count": 24,
    "context_relevance": {
      "n": 24,
      "mean": 0.28890069194583434,
      "median": 0.25138601368269553,
      "p95": 0.4833204295704295,
      "ci95_low": 0.24359191195157134,
      "ci95_high": 0.33293735167349936
    },
    "persona_consistency": {
      "n": 24,
      "mean": 0.316906845969346,
      "median": 0.28474025974025974,
      "p95": 0.5164285714285711,
      "ci95_low": 0.26974985344516594,
      "ci95_high": 0.38264724099099096
    },
    "naturalness": {
      "n": 24,
      "mean": 0.860879748342267,
      "median": 0.8839743589743589,
      "p95": 0.9446136363636364,
      "ci95_low": 0.8302030923114793,
      "ci95_high": 0.8912270270431085
    },
    "context_keyword_coverage": {
      "n": 24,
      "mean": 0.36710858585858586,
      "median": 0.303030303030303,
      "p95": 0.6284090909090908,
      "ci95_low": 0.30491635101010095,
      "ci95_high": 0.4305713383838383
    },
    "context_overlap": {
      "n": 24,
      "mean": 0.10641560614941425,
      "median": 0.10172413793103449,
      "p95": 0.15014101531023366,
      "ci95_low": 0.09598141339455271,
      "ci95_high": 0.11750099870599996
    },
    "persona_keyword_coverage": {
      "n": 24,
      "mean": 0.2466269841269841,
      "median": 0.16666666666666666,
      "p95": 0.41428571428571404,
      "ci95_low": 0.193640873015873,
      "ci95_high": 0.32739087301587294
    },
    "persona_style": {
      "n": 24,
      "mean": 0.5980262933387933,
      "median": 0.5,
      "p95": 1.0,
      "ci95_low": 0.4857839906668031,
      "ci95_high": 0.7023006138240513
    },
    "distinct1": {
      "n": 24,
      "mean": 0.9402359870172835,
      "median": 0.939846223428313,
      "p95": 1.0,
      "ci95_low": 0.9249536445449092,
      "ci95_high": 0.955468869356921
    },
    "length_score": {
      "n": 24,
      "mean": 0.4763888888888889,
      "median": 0.6333333333333333,
      "p95": 0.9566666666666666,
      "ci95_low": 0.3361111111111111,
      "ci95_high": 0.6152777777777778
    },
    "sentence_score": {
      "n": 24,
      "mean": 0.8979166666666667,
      "median": 1.0,
      "p95": 1.0,
      "ci95_low": 0.8250000000000001,
      "ci95_high": 0.9562499999999999
    },
    "bertscore_f1": {
      "n": 24,
      "mean": 0.09591416991315782,
      "median": 0.08973563089966774,
      "p95": 0.18802958875894535,
      "ci95_low": 0.07445109440983894,
      "ci95_high": 0.12024687014248532
    },
    "overall_quality": {
      "n": 24,
      "mean": 0.3804031471616968,
      "median": 0.3671037832454958,
      "p95": 0.45781397408114993,
      "ci95_low": 0.3611096005116639,
      "ci95_high": 0.40014030684575946
    },
    "metrics": [
      "context_relevance",
      "persona_consistency",
      "naturalness",
      "context_keyword_coverage",
      "context_overlap",
      "persona_keyword_coverage",
      "persona_style",
      "distinct1",
      "length_score",
      "sentence_score",
      "bertscore_f1",
      "overall_quality"
    ]
  },
  "proposed_contextual": {
    "sample_count": 24,
    "context_relevance": {
      "n": 24,
      "mean": 0.11295305651674559,
      "median": 0.07086425479282621,
      "p95": 0.35615098351940433,
      "ci95_low": 0.06472498023653332,
      "ci95_high": 0.1672905645931586
    },
    "persona_consistency": {
      "n": 24,
      "mean": 0.15057043650793653,
      "median": 0.1,
      "p95": 0.4114285714285712,
      "ci95_low": 0.10416387648809525,
      "ci95_high": 0.20057818700396823
    },
    "naturalness": {
      "n": 24,
      "mean": 0.8091955269472829,
      "median": 0.7545104895104895,
      "p95": 0.9342222222222223,
      "ci95_low": 0.7802357846334963,
      "ci95_high": 0.8395943040557587
    },
    "context_keyword_coverage": {
      "n": 24,
      "mean": 0.13446969696969696,
      "median": 0.08712121212121213,
      "p95": 0.4409090909090907,
      "ci95_low": 0.07386363636363637,
      "ci95_high": 0.2032828282828283
    },
    "context_overlap": {
      "n": 24,
      "mean": 0.0627475621265257,
      "median": 0.05064102564102564,
      "p95": 0.12876506024096382,
      "ci95_low": 0.048721195071250965,
      "ci95_high": 0.0789162716948057
    },
    "persona_keyword_coverage": {
      "n": 24,
      "mean": 0.05257936507936508,
      "median": 0.0,
      "p95": 0.26785714285714257,
      "ci95_low": 0.012872023809523812,
      "ci95_high": 0.10220734126984114
    },
    "persona_style": {
      "n": 24,
      "mean": 0.5425347222222222,
      "median": 0.5,
      "p95": 1.0,
      "ci95_low": 0.4171006944444444,
      "ci95_high": 0.6671006944444445
    },
    "distinct1": {
      "n": 24,
      "mean": 0.9393082618126516,
      "median": 0.9181818181818182,
      "p95": 1.0,
      "ci95_low": 0.9258647129542651,
      "ci95_high": 0.9547391329892426
    },
    "length_score": {
      "n": 24,
      "mean": 0.2902777777777778,