{
  "proposed_vs_candidate_no_context": {
    "context_relevance": {
      "target_mean": 0.10805642804997638,
      "baseline_mean": 0.040203968891794624,
      "absolute_delta": 0.06785245915818175,
      "relative_delta": 1.6877054934750486
    },
    "persona_consistency": {
      "target_mean": 0.19633024042950517,
      "baseline_mean": 0.22508833180708185,
      "absolute_delta": -0.028758091377576678,
      "relative_delta": -0.1277635812869438
    },
    "naturalness": {
      "target_mean": 0.8131453336373146,
      "baseline_mean": 0.8357825335422276,
      "absolute_delta": -0.022637199904913086,
      "relative_delta": -0.027085035875267366
    },
    "context_keyword_coverage": {
      "target_mean": 0.12531565656565657,
      "baseline_mean": 0.04053030303030303,
      "absolute_delta": 0.08478535353535355,
      "relative_delta": 2.09190031152648
    },
    "context_overlap": {
      "target_mean": 0.06778489484672258,
      "baseline_mean": 0.03944252256860835,
      "absolute_delta": 0.02834237227811423,
      "relative_delta": 0.7185740270241097
    },
    "persona_keyword_coverage": {
      "target_mean": 0.0992063492063492,
      "baseline_mean": 0.11785714285714284,
      "absolute_delta": -0.01865079365079364,
      "relative_delta": -0.15824915824915817
    },
    "persona_style": {
      "target_mean": 0.5848258053221288,
      "baseline_mean": 0.6540130876068376,
      "absolute_delta": -0.06918728228470883,
      "relative_delta": -0.10578883449852462
    },
    "distinct1": {
      "target_mean": 0.9410230563155085,
      "baseline_mean": 0.9453265595500137,
      "absolute_delta": -0.004303503234505124,
      "relative_delta": -0.0045523985241181005
    },
    "length_score": {
      "target_mean": 0.29305555555555557,
      "baseline_mean": 0.36944444444444446,
      "absolute_delta": -0.0763888888888889,
      "relative_delta": -0.2067669172932331
    },
    "sentence_score": {
      "target_mean": 0.78125,
      "baseline_mean": 0.8395833333333332,
      "absolute_delta": -0.05833333333333324,
      "relative_delta": -0.0694789081885855
    },
    "overall_quality": {
      "target_mean": 0.2764060864319395,
      "baseline_mean": 0.259470287865469,
      "absolute_delta": 0.016935798566470484,
      "relative_delta": 0.06527066627085801
    }
  },
  "controlled_vs_proposed_raw": {
    "context_relevance": {
      "target_mean": 0.26939254102247046,
      "baseline_mean": 0.10805642804997638,
      "absolute_delta": 0.16133611297249406,
      "relative_delta": 1.4930727943170181
    },
    "persona_consistency": {
      "target_mean": 0.2845594856532357,
      "baseline_mean": 0.19633024042950517,
      "absolute_delta": 0.08822924522373052,
      "relative_delta": 0.4493920296267876
    },
    "naturalness": {
      "target_mean": 0.8940659483398398,
      "baseline_mean": 0.8131453336373146,
      "absolute_delta": 0.0809206147025252,
      "relative_delta": 0.09951556180068796
    },
    "context_keyword_coverage": {
      "target_mean": 0.3428661616161616,
      "baseline_mean": 0.12531565656565657,
      "absolute_delta": 0.21755050505050505,
      "relative_delta": 1.7360201511335012
    },
    "context_overlap": {
      "target_mean": 0.09795409297052447,
      "baseline_mean": 0.06778489484672258,
      "absolute_delta": 0.030169198123801894,
      "relative_delta": 0.44507258131802774
    },
    "persona_keyword_coverage": {
      "target_mean": 0.19563492063492063,
      "baseline_mean": 0.0992063492063492,
      "absolute_delta": 0.09642857142857143,
      "relative_delta": 0.9720000000000001
    },
    "persona_style": {
      "target_mean": 0.6402577457264957,
      "baseline_mean": 0.5848258053221288,
      "absolute_delta": 0.05543194040436694,
      "relative_delta": 0.0947836772931632
    },
    "distinct1": {
      "target_mean": 0.9464495930718214,
      "baseline_mean": 0.9410230563155085,
      "absolute_delta": 0.005426536756312883,
      "relative_delta": 0.005766635280499929
    },
    "length_score": {
      "target_mean": 0.6138888888888889,
      "baseline_mean": 0.29305555555555557,
      "absolute_delta": 0.32083333333333336,
      "relative_delta": 1.09478672985782
    },
    "sentence_score": {
      "target_mean": 0.9270833333333334,
      "baseline_mean": 0.78125,
      "absolute_delta": 0.14583333333333337,
      "relative_delta": 0.1866666666666667
    },
    "overall_quality": {
      "target_mean": 0.40032973829941626,
      "baseline_mean": 0.2764060864319395,
      "absolute_delta": 0.12392365186747678,
      "relative_delta": 0.4483390849571287
    }
  },
  "controlled_vs_candidate_no_context": {
    "context_relevance": {
      "target_mean": 0.26939254102247046,
      "baseline_mean": 0.040203968891794624,
      "absolute_delta": 0.22918857213067584,
      "relative_delta": 5.700645444919041
    },
    "persona_consistency": {
      "target_mean": 0.2845594856532357,
      "baseline_mean": 0.22508833180708185,
      "absolute_delta": 0.05947115384615384,
      "relative_delta": 0.26421251323291706
    },
    "naturalness": {
      "target_mean": 0.8940659483398398,
      "baseline_mean": 0.8357825335422276,
      "absolute_delta": 0.05828341479761212,
      "relative_delta": 0.06973514336390157
    },
    "context_keyword_coverage": {
      "target_mean": 0.3428661616161616,
      "baseline_mean": 0.04053030303030303,
      "absolute_delta": 0.3023358585858586,
      "relative_delta": 7.459501557632399
    },
    "context_overlap": {
      "target_mean": 0.09795409297052447,
      "baseline_mean": 0.03944252256860835,
      "absolute_delta": 0.058511570401916124,
      "relative_delta": 1.4834642054178482
    },
    "persona_keyword_coverage": {
      "target_mean": 0.19563492063492063,
      "baseline_mean": 0.11785714285714284,
      "absolute_delta": 0.07777777777777779,
      "relative_delta": 0.6599326599326601
    },
    "persona_style": {
      "target_mean": 0.6402577457264957,
      "baseline_mean": 0.6540130876068376,
      "absolute_delta": -0.013755341880341887,
      "relative_delta": -0.021032211955689425
    },
    "distinct1": {
      "target_mean": 0.9464495930718214,
      "baseline_mean": 0.9453265595500137,
      "absolute_delta": 0.0011230335218077592,
      "relative_delta": 0.0011879847344417533
    },
    "length_score": {
      "target_mean": 0.6138888888888889,
      "baseline_mean": 0.36944444444444446,
      "absolute_delta": 0.24444444444444446,
      "relative_delta": 0.6616541353383458
    },
    "sentence_score": {
      "target_mean": 0.9270833333333334,
      "baseline_mean": 0.8395833333333332,
      "absolute_delta": 0.08750000000000013,
      "relative_delta": 0.10421836228287858
    },
    "overall_quality": {
      "target_mean": 0.40032973829941626,
      "baseline_mean": 0.259470287865469,
      "absolute_delta": 0.14085945043394726,
      "relative_delta": 0.5428731420184053
    }
  },
  "controlled_alt_vs_controlled_default": {
    "context_relevance": {
      "target_mean": 0.28931744569384427,
      "baseline_mean": 0.26939254102247046,
      "absolute_delta": 0.01992490467137381,
      "relative_delta": 0.07396234727119577
    },
    "persona_consistency": {
      "target_mean": 0.31031250000000005,
      "baseline_mean": 0.2845594856532357,
      "absolute_delta": 0.025753014346764358,
      "relative_delta": 0.09050133854313679
    },
    "naturalness": {
      "target_mean": 0.8840502197356986,
      "baseline_mean": 0.8940659483398398,
      "absolute_delta": -0.010015728604141128,
      "relative_delta": -0.011202449464425961
    },
    "context_keyword_coverage": {
      "target_mean": 0.3684343434343434,
      "baseline_mean": 0.3428661616161616,
      "absolute_delta": 0.025568181818181768,
      "relative_delta": 0.07457190204382236
    },
    "context_overlap": {
      "target_mean": 0.10471135096601307,
      "baseline_mean": 0.09795409297052447,
      "absolute_delta": 0.006757257995488597,