{
  "proposed_contextual_controlled": {
    "sample_count": 24,
    "context_relevance": {
      "n": 24,
      "mean": 0.26939254102247046,
      "median": 0.26473267866884886,
      "p95": 0.42489415430904776,
      "ci95_low": 0.24014227414985148,
      "ci95_high": 0.3012783396951476
    },
    "persona_consistency": {
      "n": 24,
      "mean": 0.2845594856532357,
      "median": 0.27166666666666667,
      "p95": 0.4666666666666667,
      "ci95_low": 0.2398566325167888,
      "ci95_high": 0.3314033978174603
    },
    "naturalness": {
      "n": 24,
      "mean": 0.8940659483398398,
      "median": 0.9197727272727274,
      "p95": 0.9719722222222221,
      "ci95_low": 0.8669758709954364,
      "ci95_high": 0.9177564110066466
    },
    "context_keyword_coverage": {
      "n": 24,
      "mean": 0.3428661616161616,
      "median": 0.3333333333333333,
      "p95": 0.5386363636363636,
      "ci95_low": 0.30251893939393937,
      "ci95_high": 0.3858049242424242
    },
    "context_overlap": {
      "n": 24,
      "mean": 0.09795409297052447,
      "median": 0.09001349527665317,
      "p95": 0.13028132992327365,
      "ci95_low": 0.08790954019449267,
      "ci95_high": 0.10892814698720672
    },
    "persona_keyword_coverage": {
      "n": 24,
      "mean": 0.19563492063492063,
      "median": 0.16666666666666666,
      "p95": 0.3333333333333333,
      "ci95_low": 0.15098214285714284,
      "ci95_high": 0.24048611111111104
    },
    "persona_style": {
      "n": 24,
      "mean": 0.6402577457264957,
      "median": 0.5,
      "p95": 1.0,
      "ci95_low": 0.5138363047542736,
      "ci95_high": 0.7639105902777776
    },
    "distinct1": {
      "n": 24,
      "mean": 0.9464495930718214,
      "median": 0.9413527397260274,
      "p95": 1.0,
      "ci95_low": 0.9342032175233776,
      "ci95_high": 0.9592340457360914
    },
    "length_score": {
      "n": 24,
      "mean": 0.6138888888888889,
      "median": 0.7666666666666666,
      "p95": 0.9333333333333333,
      "ci95_low": 0.4860763888888889,
      "ci95_high": 0.7347569444444443
    },
    "sentence_score": {
      "n": 24,
      "mean": 0.9270833333333334,
      "median": 1.0,
      "p95": 1.0,
      "ci95_low": 0.86875,
      "ci95_high": 0.9854166666666666
    },
    "overall_quality": {
      "n": 24,
      "mean": 0.40032973829941626,
      "median": 0.39896896201837395,
      "p95": 0.47936526873923696,
      "ci95_low": 0.37793329671368625,
      "ci95_high": 0.4220493473648838
    },
    "metrics": [
      "context_relevance",
      "persona_consistency",
      "naturalness",
      "context_keyword_coverage",
      "context_overlap",
      "persona_keyword_coverage",
      "persona_style",
      "distinct1",
      "length_score",
      "sentence_score",
      "overall_quality"
    ]
  },
  "proposed_contextual_controlled_alt": {
    "sample_count": 24,
    "context_relevance": {
      "n": 24,
      "mean": 0.28931744569384427,
      "median": 0.2503333333333333,
      "p95": 0.5119940476190474,
      "ci95_low": 0.2529017202313017,
      "ci95_high": 0.33066593053369864
    },
    "persona_consistency": {
      "n": 24,
      "mean": 0.31031250000000005,
      "median": 0.3238095238095238,
      "p95": 0.5982142857142855,
      "ci95_low": 0.2574909474206349,
      "ci95_high": 0.3711953125
    },
    "naturalness": {
      "n": 24,
      "mean": 0.8840502197356986,
      "median": 0.9210752688172044,
      "p95": 0.9755555555555555,
      "ci95_low": 0.8509375722161001,
      "ci95_high": 0.9177437422998175
    },
    "context_keyword_coverage": {
      "n": 24,
      "mean": 0.3684343434343434,
      "median": 0.31666666666666665,
      "p95": 0.6541666666666665,
      "ci95_low": 0.32013573232323234,
      "ci95_high": 0.4206518308080808
    },
    "context_overlap": {
      "n": 24,
      "mean": 0.10471135096601307,
      "median": 0.08623253047873922,
      "p95": 0.1773176291793313,
      "ci95_low": 0.09010019084494217,
      "ci95_high": 0.12023107740988875
    },
    "persona_keyword_coverage": {
      "n": 24,
      "mean": 0.21944444444444444,
      "median": 0.16666666666666666,
      "p95": 0.6571428571428564,
      "ci95_low": 0.1494047619047619,
      "ci95_high": 0.3053819444444443
    },
    "persona_style": {
      "n": 24,
      "mean": 0.6737847222222223,
      "median": 0.5,
      "p95": 1.0,
      "ci95_low": 0.5557291666666667,
      "ci95_high": 0.7916666666666666
    },
    "distinct1": {
      "n": 24,
      "mean": 0.9356463826725799,
      "median": 0.9409722222222222,
      "p95": 0.997457627118644,
      "ci95_low": 0.9194398714786753,
      "ci95_high": 0.9510016777588604
    },
    "length_score": {
      "n": 24,
      "mean": 0.5708333333333333,
      "median": 0.75,
      "p95": 0.9333333333333333,
      "ci95_low": 0.42361111111111116,
      "ci95_high": 0.701423611111111
    },
    "sentence_score": {
      "n": 24,
      "mean": 0.9562499999999999,
      "median": 1.0,
      "p95": 1.0,
      "ci95_low": 0.9125,
      "ci95_high": 1.0
    },
    "overall_quality": {
      "n": 24,
      "mean": 0.41669948853833794,
      "median": 0.41393865130358004,
      "p95": 0.5204621451355663,
      "ci95_low": 0.39102657548613395,
      "ci95_high": 0.4420836174535173
    },
    "metrics": [
      "context_relevance",
      "persona_consistency",
      "naturalness",
      "context_keyword_coverage",
      "context_overlap",
      "persona_keyword_coverage",
      "persona_style",
      "distinct1",
      "length_score",
      "sentence_score",
      "overall_quality"
    ]
  },
  "proposed_contextual": {
    "sample_count": 24,
    "context_relevance": {
      "n": 24,
      "mean": 0.10805642804997638,
      "median": 0.019799139167862266,
      "p95": 0.3846035439137133,
      "ci95_low": 0.04996608320508751,
      "ci95_high": 0.17617559474549152
    },
    "persona_consistency": {
      "n": 24,
      "mean": 0.19633024042950517,
      "median": 0.13,
      "p95": 0.5982142857142855,
      "ci95_low": 0.13089771168884223,
      "ci95_high": 0.26996578110410824
    },
    "naturalness": {
      "n": 24,
      "mean": 0.8131453336373146,
      "median": 0.7583181818181818,
      "p95": 0.952,
      "ci95_low": 0.7845507550666814,
      "ci95_high": 0.8457671422388163
    },
    "context_keyword_coverage": {
      "n": 24,
      "mean": 0.12531565656565657,
      "median": 0.0,
      "p95": 0.49318181818181805,
      "ci95_low": 0.04545454545454545,
      "ci95_high": 0.21654829545454543
    },
    "context_overlap": {
      "n": 24,
      "mean": 0.06778489484672258,
      "median": 0.05442428730099963,
      "p95": 0.14669033440219878,
      "ci95_low": 0.05161055215878811,
      "ci95_high": 0.08653180824211433
    },
    "persona_keyword_coverage": {
      "n": 24,
      "mean": 0.0992063492063492,
      "median": 0.0,
      "p95": 0.6571428571428564,
      "ci95_low": 0.01984126984126984,
      "ci95_high": 0.20039682539682538
    },
    "persona_style": {
      "n": 24,
      "mean": 0.5848258053221288,
      "median": 0.5,
      "p95": 1.0,
      "ci95_low": 0.4536767441351541,
      "ci95_high": 0.7107173494397758
    },
    "distinct1": {
      "n": 24,
      "mean": 0.9410230563155085,
      "median": 0.9145454545454546,
      "p95": 1.0,
      "ci95_low": 0.9263764198086124,
      "ci95_high": 0.9563678710379958
    },
    "length_score": {
      "n": 24,
      "mean": 0.29305555555555557,
      "median": 0.09999999999999998,
      "p95": 0.7666666666666666,
      "ci95_low": 0.19305555555555554,
      "ci95_high": 0.40833333333333327
    },
    "sentence_score": {
      "n": 24,
      "mean": 0.78125,
      "median": 0.65,
      "p95": 1.0,
      "ci95_low": 0.7229166666666668,
      "ci95_high": 0.8541666666666666
    },
    "overall_quality": {
      "n": 24,
      "mean": 0.2764060864319395,
      "median": 0.21250380535746394,
      "p95": 0.502839594307332,
      "ci95_low": 0.2295589986743669,