{
  "proposed_vs_candidate_no_context": {
    "context_relevance": {
      "target_mean": 0.11792286682113302,
      "baseline_mean": 0.02515781275123986,
      "absolute_delta": 0.09276505406989316,
      "relative_delta": 3.687325881115058
    },
    "persona_consistency": {
      "target_mean": 0.15923214285714288,
      "baseline_mean": 0.17661309523809526,
      "absolute_delta": -0.017380952380952386,
      "relative_delta": -0.09841259141923091
    },
    "naturalness": {
      "target_mean": 0.8000396346017433,
      "baseline_mean": 0.8070403321428298,
      "absolute_delta": -0.007000697541086454,
      "relative_delta": -0.008674532439411556
    },
    "context_keyword_coverage": {
      "target_mean": 0.13977272727272727,
      "baseline_mean": 0.01818181818181818,
      "absolute_delta": 0.12159090909090908,
      "relative_delta": 6.6875
    },
    "context_overlap": {
      "target_mean": 0.06693985910074647,
      "baseline_mean": 0.04143513341322379,
      "absolute_delta": 0.025504725687522684,
      "relative_delta": 0.6155338136158383
    },
    "persona_keyword_coverage": {
      "target_mean": 0.06357142857142857,
      "baseline_mean": 0.08738095238095238,
      "absolute_delta": -0.023809523809523808,
      "relative_delta": -0.2724795640326975
    },
    "persona_style": {
      "target_mean": 0.541875,
      "baseline_mean": 0.5335416666666666,
      "absolute_delta": 0.008333333333333415,
      "relative_delta": 0.015618898867629988
    },
    "distinct1": {
      "target_mean": 0.9380157531710251,
      "baseline_mean": 0.9326008303570748,
      "absolute_delta": 0.005414922813950396,
      "relative_delta": 0.005806259910659877
    },
    "length_score": {
      "target_mean": 0.24666666666666667,
      "baseline_mean": 0.31,
      "absolute_delta": -0.06333333333333332,
      "relative_delta": -0.2043010752688172
    },
    "sentence_score": {
      "target_mean": 0.755,
      "baseline_mean": 0.72,
      "absolute_delta": 0.03500000000000003,
      "relative_delta": 0.048611111111111154
    },
    "bertscore_f1": {
      "target_mean": 0.0875758140347898,
      "baseline_mean": 0.036168552748858926,
      "absolute_delta": 0.05140726128593087,
      "relative_delta": 1.4213248078485172
    },
    "overall_quality": {
      "target_mean": 0.24724616014064668,
      "baseline_mean": 0.21066395872882318,
      "absolute_delta": 0.0365822014118235,
      "relative_delta": 0.1736519223913089
    }
  },
  "proposed_vs_baseline_no_context": {
    "context_relevance": {
      "target_mean": 0.11792286682113302,
      "baseline_mean": 0.02146652965882479,
      "absolute_delta": 0.09645633716230823,
      "relative_delta": 4.493336309842493
    },
    "persona_consistency": {
      "target_mean": 0.15923214285714288,
      "baseline_mean": 0.17833540372670809,
      "absolute_delta": -0.01910326086956521,
      "relative_delta": -0.10711984536082468
    },
    "naturalness": {
      "target_mean": 0.8000396346017433,
      "baseline_mean": 0.8724850858538226,
      "absolute_delta": -0.07244545125207924,
      "relative_delta": -0.08303345515778462
    },
    "context_keyword_coverage": {
      "target_mean": 0.13977272727272727,
      "baseline_mean": 0.013636363636363636,
      "absolute_delta": 0.12613636363636363,
      "relative_delta": 9.25
    },
    "context_overlap": {
      "target_mean": 0.06693985910074647,
      "baseline_mean": 0.039736917044567485,
      "absolute_delta": 0.027202942056178986,
      "relative_delta": 0.6845760587231554
    },
    "persona_keyword_coverage": {
      "target_mean": 0.06357142857142857,
      "baseline_mean": 0.0769047619047619,
      "absolute_delta": -0.013333333333333336,
      "relative_delta": -0.173374613003096
    },
    "persona_style": {
      "target_mean": 0.541875,
      "baseline_mean": 0.5840579710144927,
      "absolute_delta": -0.042182971014492754,
      "relative_delta": -0.07222394540942928
    },
    "distinct1": {
      "target_mean": 0.9380157531710251,
      "baseline_mean": 0.9770460479678897,
      "absolute_delta": -0.039030294796864595,
      "relative_delta": -0.039947241870576924
    },
    "length_score": {
      "target_mean": 0.24666666666666667,
      "baseline_mean": 0.5033333333333333,
      "absolute_delta": -0.2566666666666666,
      "relative_delta": -0.509933774834437
    },
    "sentence_score": {
      "target_mean": 0.755,
      "baseline_mean": 0.8099999999999999,
      "absolute_delta": -0.05499999999999994,
      "relative_delta": -0.06790123456790116
    },
    "bertscore_f1": {
      "target_mean": 0.0875758140347898,
      "baseline_mean": 0.04710679110139608,
      "absolute_delta": 0.04046902293339372,
      "relative_delta": 0.8590910564526726
    },
    "overall_quality": {
      "target_mean": 0.24724616014064668,
      "baseline_mean": 0.22222679547586138,
      "absolute_delta": 0.0250193646647853,
      "relative_delta": 0.11258482403623077
    }
  },
  "controlled_vs_proposed_raw": {
    "context_relevance": {
      "target_mean": 0.3032621186517685,
      "baseline_mean": 0.11792286682113302,
      "absolute_delta": 0.1853392518306355,
      "relative_delta": 1.571698999751766
    },
    "persona_consistency": {
      "target_mean": 0.30787966537966543,
      "baseline_mean": 0.15923214285714288,
      "absolute_delta": 0.14864752252252256,
      "relative_delta": 0.9335271123989304
    },
    "naturalness": {
      "target_mean": 0.8741951360565764,
      "baseline_mean": 0.8000396346017433,
      "absolute_delta": 0.07415550145483307,
      "relative_delta": 0.09268978466516524
    },
    "context_keyword_coverage": {
      "target_mean": 0.3840151515151515,
      "baseline_mean": 0.13977272727272727,
      "absolute_delta": 0.2442424242424242,
      "relative_delta": 1.7474254742547424
    },
    "context_overlap": {
      "target_mean": 0.11483837530387495,
      "baseline_mean": 0.06693985910074647,
      "absolute_delta": 0.047898516203128474,
      "relative_delta": 0.7155455187176266
    },
    "persona_keyword_coverage": {
      "target_mean": 0.22857142857142856,
      "baseline_mean": 0.06357142857142857,
      "absolute_delta": 0.16499999999999998,
      "relative_delta": 2.595505617977528
    },
    "persona_style": {
      "target_mean": 0.6251126126126125,
      "baseline_mean": 0.541875,
      "absolute_delta": 0.08323761261261253,
      "relative_delta": 0.15361035776260676
    },
    "distinct1": {
      "target_mean": 0.937779506808108,
      "baseline_mean": 0.9380157531710251,
      "absolute_delta": -0.0002362463629171918,
      "relative_delta": -0.0002518575643517128
    },
    "length_score": {
      "target_mean": 0.5216666666666667,
      "baseline_mean": 0.24666666666666667,
      "absolute_delta": 0.275,
      "relative_delta": 1.114864864864865
    },
    "sentence_score": {
      "target_mean": 0.9475,
      "baseline_mean": 0.755,
      "absolute_delta": 0.1925,
      "relative_delta": 0.25496688741721857
    },
    "bertscore_f1": {
      "target_mean": 0.09337116656824947,
      "baseline_mean": 0.0875758140347898,
      "absolute_delta": 0.005795352533459669,
      "relative_delta": 0.0661752630829951
    },
    "overall_quality": {
      "target_mean": 0.38481559327619747,
      "baseline_mean": 0.24724616014064668,
      "absolute_delta": 0.13756943313555078,
      "relative_delta": 0.55640675291901
    }
  },
  "controlled_vs_candidate_no_context": {
    "context_relevance": {
      "target_mean": 0.3032621186517685,
      "baseline_mean": 0.02515781275123986,
      "absolute_delta": 0.27810430590052865,
      "relative_delta": 11.05439127997416
    },
    "persona_consistency": {
      "target_mean": 0.30787966537966543,
      "baseline_mean": 0.17661309523809526,
      "absolute_delta": 0.13126657014157017,
      "relative_delta": 0.7432436986884091
    },
    "naturalness": {
      "target_mean": 0.8741951360565764,
      "baseline_mean": 0.8070403321428298,