{
  "proposed_contextual_controlled": {
    "sample_count": 20,
    "context_relevance": {
      "n": 20,
      "mean": 0.3032621186517685,
      "median": 0.2843700159489633,
      "p95": 0.4578087840429613,
      "ci95_low": 0.26594660761926603,
      "ci95_high": 0.34136692540376035
    },
    "persona_consistency": {
      "n": 20,
      "mean": 0.30787966537966543,
      "median": 0.24666666666666667,
      "p95": 0.5467857142857143,
      "ci95_low": 0.24133330115830115,
      "ci95_high": 0.37966829150579157
    },
    "naturalness": {
      "n": 20,
      "mean": 0.8741951360565764,
      "median": 0.8970087976539589,
      "p95": 0.9669189189189188,
      "ci95_low": 0.8416662460235378,
      "ci95_high": 0.9051804707053434
    },
    "context_keyword_coverage": {
      "n": 20,
      "mean": 0.3840151515151515,
      "median": 0.36363636363636365,
      "p95": 0.5859848484848486,
      "ci95_low": 0.3363636363636363,
      "ci95_high": 0.43560606060606055
    },
    "context_overlap": {
      "n": 20,
      "mean": 0.11483837530387495,
      "median": 0.11189358372456965,
      "p95": 0.16146110056925997,
      "ci95_low": 0.1010584307662083,
      "ci95_high": 0.12867527572732482
    },
    "persona_keyword_coverage": {
      "n": 20,
      "mean": 0.22857142857142856,
      "median": 0.16666666666666666,
      "p95": 0.44285714285714306,
      "ci95_low": 0.1616607142857143,
      "ci95_high": 0.30238095238095236
    },
    "persona_style": {
      "n": 20,
      "mean": 0.6251126126126125,
      "median": 0.5,
      "p95": 1.0,
      "ci95_low": 0.5001126126126125,
      "ci95_high": 0.7585472972972968
    },
    "distinct1": {
      "n": 20,
      "mean": 0.937779506808108,
      "median": 0.9420168067226891,
      "p95": 1.0,
      "ci95_low": 0.9201098960622888,
      "ci95_high": 0.9538626271417043
    },
    "length_score": {
      "n": 20,
      "mean": 0.5216666666666667,
      "median": 0.6166666666666667,
      "p95": 0.935,
      "ci95_low": 0.36495833333333333,
      "ci95_high": 0.6650416666666664
    },
    "sentence_score": {
      "n": 20,
      "mean": 0.9475,
      "median": 1.0,
      "p95": 1.0,
      "ci95_low": 0.8949999999999999,
      "ci95_high": 1.0
    },
    "bertscore_f1": {
      "n": 20,
      "mean": 0.09337116656824947,
      "median": 0.09679321572184563,
      "p95": 0.14233926907181743,
      "ci95_low": 0.07548026561038569,
      "ci95_high": 0.11148775350302458
    },
    "overall_quality": {
      "n": 20,
      "mean": 0.38481559327619747,
      "median": 0.38486516052420716,
      "p95": 0.47323434060864933,
      "ci95_low": 0.3587505517168114,
      "ci95_high": 0.4116229146764944
    },
    "metrics": [
      "context_relevance",
      "persona_consistency",
      "naturalness",
      "context_keyword_coverage",
      "context_overlap",
      "persona_keyword_coverage",
      "persona_style",
      "distinct1",
      "length_score",
      "sentence_score",
      "bertscore_f1",
      "overall_quality"
    ]
  },
  "proposed_contextual": {
    "sample_count": 20,
    "context_relevance": {
      "n": 20,
      "mean": 0.11792286682113302,
      "median": 0.04147316821465428,
      "p95": 0.4882468531468531,
      "ci95_low": 0.05922224095181391,
      "ci95_high": 0.1851418306498835
    },
    "persona_consistency": {
      "n": 20,
      "mean": 0.15923214285714288,
      "median": 0.1,
      "p95": 0.3679761904761905,
      "ci95_low": 0.11341607142857144,
      "ci95_high": 0.20659933035714284
    },
    "naturalness": {
      "n": 20,
      "mean": 0.8000396346017433,
      "median": 0.7655508173418621,
      "p95": 0.9423055555555556,
      "ci95_low": 0.771362692759148,
      "ci95_high": 0.831387868179873
    },
    "context_keyword_coverage": {
      "n": 20,
      "mean": 0.13977272727272727,
      "median": 0.041666666666666664,
      "p95": 0.6363636363636364,
      "ci95_low": 0.06212121212121212,
      "ci95_high": 0.2356060606060606
    },
    "context_overlap": {
      "n": 20,
      "mean": 0.06693985910074647,
      "median": 0.04970669959864156,
      "p95": 0.14264102564102565,
      "ci95_low": 0.049745481634286916,
      "ci95_high": 0.08600002359249764
    },
    "persona_keyword_coverage": {
      "n": 20,
      "mean": 0.06357142857142857,
      "median": 0.0,
      "p95": 0.33809523809523817,
      "ci95_low": 0.016666666666666666,
      "ci95_high": 0.12048214285714282
    },
    "persona_style": {
      "n": 20,
      "mean": 0.541875,
      "median": 0.5,
      "p95": 1.0,
      "ci95_low": 0.4140625,
      "ci95_high": 0.6743750000000001
    },
    "distinct1": {
      "n": 20,
      "mean": 0.9380157531710251,
      "median": 0.9148629148629148,
      "p95": 1.0,
      "ci95_low": 0.9214822687810771,
      "ci95_high": 0.9553057097472419
    },
    "length_score": {
      "n": 20,
      "mean": 0.24666666666666667,
      "median": 0.09999999999999998,
      "p95": 0.9333333333333333,
      "ci95_low": 0.1449583333333333,
      "ci95_high": 0.37333333333333335
    },
    "sentence_score": {
      "n": 20,
      "mean": 0.755,
      "median": 0.65,
      "p95": 1.0,
      "ci95_low": 0.685,
      "ci95_high": 0.825
    },
    "bertscore_f1": {
      "n": 20,
      "mean": 0.0875758140347898,
      "median": 0.06867499276995659,
      "p95": 0.243831966817379,
      "ci95_low": 0.05694674560800195,
      "ci95_high": 0.12198428235249587
    },
    "overall_quality": {
      "n": 20,
      "mean": 0.24724616014064668,
      "median": 0.2564640585881534,
      "p95": 0.4537772253828226,
      "ci95_low": 0.2098781656458948,
      "ci95_high": 0.28848824854108424
    },
    "metrics": [
      "context_relevance",
      "persona_consistency",
      "naturalness",
      "context_keyword_coverage",
      "context_overlap",
      "persona_keyword_coverage",
      "persona_style",
      "distinct1",
      "length_score",
      "sentence_score",
      "bertscore_f1",
      "overall_quality"
    ]
  },
  "candidate_no_context": {
    "sample_count": 20,
    "context_relevance": {
      "n": 20,
      "mean": 0.02515781275123986,
      "median": 0.014285714285714284,
      "p95": 0.08073152164291408,
      "ci95_low": 0.012718924771826783,
      "ci95_high": 0.04161073340720525
    },
    "persona_consistency": {
      "n": 20,
      "mean": 0.17661309523809526,
      "median": 0.1,
      "p95": 0.47440476190476205,
      "ci95_low": 0.11630729166666667,
      "ci95_high": 0.24856116071428566
    },
    "naturalness": {
      "n": 20,
      "mean": 0.8070403321428298,
      "median": 0.7486363636363635,
      "p95": 0.9459038461538463,
      "ci95_low": 0.7738479710849414,
      "ci95_high": 0.8450633453670919
    },
    "context_keyword_coverage": {
      "n": 20,
      "mean": 0.01818181818181818,
      "median": 0.0,
      "p95": 0.09545454545454551,
      "ci95_low": 0.0,
      "ci95_high": 0.04090909090909091
    },
    "context_overlap": {
      "n": 20,
      "mean": 0.04143513341322379,
      "median": 0.04554883318928263,
      "p95": 0.054428274428274435,
      "ci95_low": 0.03641135448271947,
      "ci95_high": 0.04642584037317487
    },
    "persona_keyword_coverage": {
      "n": 20,
      "mean": 0.08738095238095238,
      "median": 0.0,
      "p95": 0.3523809523809527,
      "ci95_low": 0.016666666666666666,
      "ci95_high": 0.17716071428571417
    },
    "persona_style": {
      "n": 20,
      "mean": 0.5335416666666666,
      "median": 0.5,
      "p95": 1.0,
      "ci95_low": 0.40854166666666664,
      "ci95_high": 0.659375
    },
    "distinct1": {
      "n": 20,
      "mean": 0.9326008303570748,
      "median": 0.9090909090909091,
      "p95": 1.0,
      "ci95_low": 0.9186018320470538,
      "ci95_high": 0.9485624528014357
    },
    "length_score": {
      "n": 20,
      "mean": 0.31,
      "median": 0.09999999999999998,
      "p95": 0.9683333333333334,
      "ci95_low": 0.17995833333333333,
      "ci95_high": 0.4567083333333331
    },