{
  "proposed_vs_candidate_no_context": {
    "context_relevance": {
      "target_mean": 0.05653895148545561,
      "baseline_mean": 0.0336867537519143,
      "absolute_delta": 0.02285219773354131,
      "relative_delta": 0.6783734016591818
    },
    "persona_consistency": {
      "target_mean": 0.1684761904761905,
      "baseline_mean": 0.13404761904761905,
      "absolute_delta": 0.03442857142857145,
      "relative_delta": 0.2568383658969806
    },
    "naturalness": {
      "target_mean": 0.8058138333874183,
      "baseline_mean": 0.79762395058683,
      "absolute_delta": 0.0081898828005883,
      "relative_delta": 0.010267849648399873
    },
    "context_keyword_coverage": {
      "target_mean": 0.0590909090909091,
      "baseline_mean": 0.031818181818181815,
      "absolute_delta": 0.027272727272727282,
      "relative_delta": 0.8571428571428575
    },
    "context_overlap": {
      "target_mean": 0.05058438373939752,
      "baseline_mean": 0.03804675493062343,
      "absolute_delta": 0.012537628808774091,
      "relative_delta": 0.3295321462142015
    },
    "persona_keyword_coverage": {
      "target_mean": 0.06476190476190476,
      "baseline_mean": 0.023809523809523808,
      "absolute_delta": 0.04095238095238095,
      "relative_delta": 1.72
    },
    "persona_style": {
      "target_mean": 0.5833333333333333,
      "baseline_mean": 0.575,
      "absolute_delta": 0.008333333333333304,
      "relative_delta": 0.014492753623188356
    },
    "distinct1": {
      "target_mean": 0.940367916801879,
      "baseline_mean": 0.9355182098004082,
      "absolute_delta": 0.004849707001470804,
      "relative_delta": 0.005183979264824235
    },
    "length_score": {
      "target_mean": 0.28833333333333333,
      "baseline_mean": 0.24833333333333335,
      "absolute_delta": 0.03999999999999998,
      "relative_delta": 0.1610738255033556
    },
    "sentence_score": {
      "target_mean": 0.72,
      "baseline_mean": 0.7375,
      "absolute_delta": -0.01750000000000007,
      "relative_delta": -0.023728813559322128
    },
    "overall_quality": {
      "target_mean": 0.2406726333680919,
      "baseline_mean": 0.2158403331563669,
      "absolute_delta": 0.024832300211725,
      "relative_delta": 0.11504939715662449
    }
  },
  "controlled_vs_proposed_raw": {
    "context_relevance": {
      "target_mean": 0.25391907028404503,
      "baseline_mean": 0.05653895148545561,
      "absolute_delta": 0.1973801187985894,
      "relative_delta": 3.491046678666557
    },
    "persona_consistency": {
      "target_mean": 0.36070833333333335,
      "baseline_mean": 0.1684761904761905,
      "absolute_delta": 0.19223214285714285,
      "relative_delta": 1.1410048049745618
    },
    "naturalness": {
      "target_mean": 0.8910341218025751,
      "baseline_mean": 0.8058138333874183,
      "absolute_delta": 0.08522028841515683,
      "relative_delta": 0.10575679503653385
    },
    "context_keyword_coverage": {
      "target_mean": 0.3181818181818182,
      "baseline_mean": 0.0590909090909091,
      "absolute_delta": 0.2590909090909091,
      "relative_delta": 4.384615384615384
    },
    "context_overlap": {
      "target_mean": 0.1039726585225745,
      "baseline_mean": 0.05058438373939752,
      "absolute_delta": 0.053388274783176974,
      "relative_delta": 1.0554299733732972
    },
    "persona_keyword_coverage": {
      "target_mean": 0.29333333333333333,
      "baseline_mean": 0.06476190476190476,
      "absolute_delta": 0.2285714285714286,
      "relative_delta": 3.529411764705883
    },
    "persona_style": {
      "target_mean": 0.6302083333333333,
      "baseline_mean": 0.5833333333333333,
      "absolute_delta": 0.046875,
      "relative_delta": 0.08035714285714286
    },
    "distinct1": {
      "target_mean": 0.9392519711731044,
      "baseline_mean": 0.940367916801879,
      "absolute_delta": -0.001115945628774595,
      "relative_delta": -0.0011867117208441593
    },
    "length_score": {
      "target_mean": 0.6116666666666667,
      "baseline_mean": 0.28833333333333333,
      "absolute_delta": 0.32333333333333336,
      "relative_delta": 1.1213872832369944
    },
    "sentence_score": {
      "target_mean": 0.93,
      "baseline_mean": 0.72,
      "absolute_delta": 0.21000000000000008,
      "relative_delta": 0.2916666666666668
    },
    "overall_quality": {
      "target_mean": 0.4208847351173167,
      "baseline_mean": 0.2406726333680919,
      "absolute_delta": 0.18021210174922483,
      "relative_delta": 0.7487851827075124
    }
  },
  "controlled_vs_candidate_no_context": {
    "context_relevance": {
      "target_mean": 0.25391907028404503,
      "baseline_mean": 0.0336867537519143,
      "absolute_delta": 0.22023231653213074,
      "relative_delta": 6.53765329108376
    },
    "persona_consistency": {
      "target_mean": 0.36070833333333335,
      "baseline_mean": 0.13404761904761905,
      "absolute_delta": 0.2266607142857143,
      "relative_delta": 1.6908969804618117
    },
    "naturalness": {
      "target_mean": 0.8910341218025751,
      "baseline_mean": 0.79762395058683,
      "absolute_delta": 0.09341017121574513,
      "relative_delta": 0.11711053955566549
    },
    "context_keyword_coverage": {
      "target_mean": 0.3181818181818182,
      "baseline_mean": 0.031818181818181815,
      "absolute_delta": 0.2863636363636364,
      "relative_delta": 9.000000000000002
    },
    "context_overlap": {
      "target_mean": 0.1039726585225745,
      "baseline_mean": 0.03804675493062343,
      "absolute_delta": 0.06592590359195107,
      "relative_delta": 1.732760223891999
    },
    "persona_keyword_coverage": {
      "target_mean": 0.29333333333333333,
      "baseline_mean": 0.023809523809523808,
      "absolute_delta": 0.2695238095238095,
      "relative_delta": 11.32
    },
    "persona_style": {
      "target_mean": 0.6302083333333333,
      "baseline_mean": 0.575,
      "absolute_delta": 0.055208333333333304,
      "relative_delta": 0.09601449275362314
    },
    "distinct1": {
      "target_mean": 0.9392519711731044,
      "baseline_mean": 0.9355182098004082,
      "absolute_delta": 0.0037337613726962093,
      "relative_delta": 0.0039911156550258954
    },
    "length_score": {
      "target_mean": 0.6116666666666667,
      "baseline_mean": 0.24833333333333335,
      "absolute_delta": 0.36333333333333334,
      "relative_delta": 1.4630872483221475
    },
    "sentence_score": {
      "target_mean": 0.93,
      "baseline_mean": 0.7375,
      "absolute_delta": 0.1925,
      "relative_delta": 0.26101694915254237
    },
    "overall_quality": {
      "target_mean": 0.4208847351173167,
      "baseline_mean": 0.2158403331563669,
      "absolute_delta": 0.20504440196094983,
      "relative_delta": 0.9499818637344492
    }
  },
  "controlled_alt_vs_controlled_default": {
    "context_relevance": {
      "target_mean": 0.24975790724387728,
      "baseline_mean": 0.25391907028404503,
      "absolute_delta": -0.0041611630401677535,
      "relative_delta": -0.016387753135331244
    },
    "persona_consistency": {
      "target_mean": 0.3303809523809524,
      "baseline_mean": 0.36070833333333335,
      "absolute_delta": -0.030327380952380967,
      "relative_delta": -0.0840772950048681
    },
    "naturalness": {
      "target_mean": 0.8829856869615247,
      "baseline_mean": 0.8910341218025751,
      "absolute_delta": -0.008048434841050445,
      "relative_delta": -0.009032689819743762
    },
    "context_keyword_coverage": {
      "target_mean": 0.3136363636363636,
      "baseline_mean": 0.3181818181818182,
      "absolute_delta": -0.004545454545454575,
      "relative_delta": -0.014285714285714377
    },
    "context_overlap": {
      "target_mean": 0.10070817566140913,
      "baseline_mean": 0.1039726585225745,
      "absolute_delta": -0.0032644828611653604,
      "relative_delta": -0.031397512649506576
    },
    "persona_keyword_coverage": {
      "target_mean": 0.2588095238095238,
      "baseline_mean": 0.29333333333333333,