{
  "proposed_contextual_controlled": {
    "sample_count": 20,
    "context_relevance": {
      "n": 20,
      "mean": 0.25391907028404503,
      "median": 0.22198051948051944,
      "p95": 0.42935876623376623,
      "ci95_low": 0.2120871904483319,
      "ci95_high": 0.2967006376276403
    },
    "persona_consistency": {
      "n": 20,
      "mean": 0.36070833333333335,
      "median": 0.28714285714285714,
      "p95": 0.6466666666666668,
      "ci95_low": 0.27640967261904764,
      "ci95_high": 0.4504869047619047
    },
    "naturalness": {
      "n": 20,
      "mean": 0.8910341218025751,
      "median": 0.9178349001175088,
      "p95": 0.9503921568627451,
      "ci95_low": 0.8639150426605873,
      "ci95_high": 0.9161901214179407
    },
    "context_keyword_coverage": {
      "n": 20,
      "mean": 0.3181818181818182,
      "median": 0.2727272727272727,
      "p95": 0.5454545454545454,
      "ci95_low": 0.2636363636363636,
      "ci95_high": 0.3727272727272727
    },
    "context_overlap": {
      "n": 20,
      "mean": 0.1039726585225745,
      "median": 0.09901960784313726,
      "p95": 0.15846861471861476,
      "ci95_low": 0.088566498681234,
      "ci95_high": 0.12030406415443044
    },
    "persona_keyword_coverage": {
      "n": 20,
      "mean": 0.29333333333333333,
      "median": 0.18333333333333335,
      "p95": 0.6833333333333336,
      "ci95_low": 0.19808928571428572,
      "ci95_high": 0.3997738095238095
    },
    "persona_style": {
      "n": 20,
      "mean": 0.6302083333333333,
      "median": 0.5,
      "p95": 1.0,
      "ci95_low": 0.51875,
      "ci95_high": 0.746875
    },
    "distinct1": {
      "n": 20,
      "mean": 0.9392519711731044,
      "median": 0.9354838709677419,
      "p95": 1.0,
      "ci95_low": 0.9280856659097472,
      "ci95_high": 0.9523204078652242
    },
    "length_score": {
      "n": 20,
      "mean": 0.6116666666666667,
      "median": 0.75,
      "p95": 0.9033333333333334,
      "ci95_low": 0.47833333333333333,
      "ci95_high": 0.7383749999999998
    },
    "sentence_score": {
      "n": 20,
      "mean": 0.93,
      "median": 1.0,
      "p95": 1.0,
      "ci95_low": 0.86,
      "ci95_high": 0.9824999999999999
    },
    "overall_quality": {
      "n": 20,
      "mean": 0.4208847351173167,
      "median": 0.40924422455339327,
      "p95": 0.529349417718432,
      "ci95_low": 0.3833901379404926,
      "ci95_high": 0.46443667248762055
    },
    "metrics": [
      "context_relevance",
      "persona_consistency",
      "naturalness",
      "context_keyword_coverage",
      "context_overlap",
      "persona_keyword_coverage",
      "persona_style",
      "distinct1",
      "length_score",
      "sentence_score",
      "overall_quality"
    ]
  },
  "proposed_contextual_controlled_tuned": {
    "sample_count": 20,
    "context_relevance": {
      "n": 20,
      "mean": 0.24975790724387728,
      "median": 0.2210561497326203,
      "p95": 0.478277972027972,
      "ci95_low": 0.2061061510123917,
      "ci95_high": 0.2992585354593123
    },
    "persona_consistency": {
      "n": 20,
      "mean": 0.3303809523809524,
      "median": 0.27380952380952384,
      "p95": 0.7480000000000002,
      "ci95_low": 0.25328214285714284,
      "ci95_high": 0.42191547619047615
    },
    "naturalness": {
      "n": 20,
      "mean": 0.8829856869615247,
      "median": 0.8983333333333333,
      "p95": 0.9430173160173161,
      "ci95_low": 0.8589410830795989,
      "ci95_high": 0.9061873462237474
    },
    "context_keyword_coverage": {
      "n": 20,
      "mean": 0.3136363636363636,
      "median": 0.2727272727272727,
      "p95": 0.6363636363636364,
      "ci95_low": 0.25,
      "ci95_high": 0.3727272727272727
    },
    "context_overlap": {
      "n": 20,
      "mean": 0.10070817566140913,
      "median": 0.09389140271493213,
      "p95": 0.1669871794871795,
      "ci95_low": 0.08577858218475508,
      "ci95_high": 0.11680909900400753
    },
    "persona_keyword_coverage": {
      "n": 20,
      "mean": 0.2588095238095238,
      "median": 0.16666666666666666,
      "p95": 0.8100000000000002,
      "ci95_low": 0.16095238095238096,
      "ci95_high": 0.37763095238095234
    },
    "persona_style": {
      "n": 20,
      "mean": 0.6166666666666667,
      "median": 0.5,
      "p95": 1.0,
      "ci95_low": 0.5,
      "ci95_high": 0.7333333333333333
    },
    "distinct1": {
      "n": 20,
      "mean": 0.9489225507371447,
      "median": 0.9484126984126984,
      "p95": 1.0,
      "ci95_low": 0.9333772917668642,
      "ci95_high": 0.9632141274531889
    },
    "length_score": {
      "n": 20,
      "mean": 0.5783333333333334,
      "median": 0.6333333333333333,
      "p95": 0.87,
      "ci95_low": 0.451625,
      "ci95_high": 0.6900000000000001
    },
    "sentence_score": {
      "n": 20,
      "mean": 0.8775000000000001,
      "median": 1.0,
      "p95": 1.0,
      "ci95_low": 0.8074999999999999,
      "ci95_high": 0.9475
    },
    "overall_quality": {
      "n": 20,
      "mean": 0.40624375023386705,
      "median": 0.40270795870795884,
      "p95": 0.5374329028182557,
      "ci95_low": 0.3705251782811051,
      "ci95_high": 0.44519542170673565
    },
    "metrics": [
      "context_relevance",
      "persona_consistency",
      "naturalness",
      "context_keyword_coverage",
      "context_overlap",
      "persona_keyword_coverage",
      "persona_style",
      "distinct1",
      "length_score",
      "sentence_score",
      "overall_quality"
    ]
  },
  "proposed_contextual": {
    "sample_count": 20,
    "context_relevance": {
      "n": 20,
      "mean": 0.05653895148545561,
      "median": 0.014634146341463414,
      "p95": 0.16926493506493515,
      "ci95_low": 0.025289888730150648,
      "ci95_high": 0.09319275222564614
    },
    "persona_consistency": {
      "n": 20,
      "mean": 0.1684761904761905,
      "median": 0.14666666666666667,
      "p95": 0.36976190476190485,
      "ci95_low": 0.12299404761904761,
      "ci95_high": 0.21886190476190476
    },
    "naturalness": {
      "n": 20,
      "mean": 0.8058138333874183,
      "median": 0.7486363636363635,
      "p95": 0.934042792792793,
      "ci95_low": 0.7774688777757174,
      "ci95_high": 0.8387232501197596
    },
    "context_keyword_coverage": {
      "n": 20,
      "mean": 0.0590909090909091,
      "median": 0.0,
      "p95": 0.19090909090909103,
      "ci95_low": 0.01818181818181818,
      "ci95_high": 0.10454545454545454
    },
    "context_overlap": {
      "n": 20,
      "mean": 0.05058438373939752,
      "median": 0.04878048780487805,
      "p95": 0.0964761904761905,
      "ci95_low": 0.038176552915222886,
      "ci95_high": 0.06329139280499659
    },
    "persona_keyword_coverage": {
      "n": 20,
      "mean": 0.06476190476190476,
      "median": 0.0,
      "p95": 0.28809523809523807,
      "ci95_low": 0.023809523809523808,
      "ci95_high": 0.11357142857142857
    },
    "persona_style": {
      "n": 20,
      "mean": 0.5833333333333333,
      "median": 0.5,
      "p95": 1.0,
      "ci95_low": 0.4416666666666667,
      "ci95_high": 0.7083333333333333
    },
    "distinct1": {
      "n": 20,
      "mean": 0.940367916801879,
      "median": 0.9090909090909091,
      "p95": 1.0,
      "ci95_low": 0.9245676950535441,
      "ci95_high": 0.9565123850694606
    },
    "length_score": {
      "n": 20,
      "mean": 0.28833333333333333,
      "median": 0.09999999999999998,
      "p95": 0.7450000000000002,
      "ci95_low": 0.18166666666666664,
      "ci95_high": 0.41170833333333307
    },
    "sentence_score": {
      "n": 20,
      "mean": 0.72,
      "median": 0.65,
      "p95": 1.0,
      "ci95_low": 0.6675,
      "ci95_high": 0.79
    },
    "overall_quality": {
      "n": 20,
      "mean": 0.2406726333680919,
      "median": 0.21239434589800446,
      "p95": 0.38745419795201846,
      "ci95_low": 0.20905714221635235,
      "ci95_high": 0.2727702999282732
    },