{
  "proposed_vs_candidate_no_context": {
    "context_relevance": {
      "target_mean": 0.11737307767583048,
      "baseline_mean": 0.02853028913095336,
      "absolute_delta": 0.08884278854487712,
      "relative_delta": 3.1139813598485033
    },
    "persona_consistency": {
      "target_mean": 0.13793927426739927,
      "baseline_mean": 0.18920498511904763,
      "absolute_delta": -0.051265710851648355,
      "relative_delta": -0.27095327757559884
    },
    "naturalness": {
      "target_mean": 0.8455205317837347,
      "baseline_mean": 0.8325705467334806,
      "absolute_delta": 0.01294998505025402,
      "relative_delta": 0.015554219520570574
    },
    "context_keyword_coverage": {
      "target_mean": 0.14228219696969696,
      "baseline_mean": 0.025094696969696968,
      "absolute_delta": 0.1171875,
      "relative_delta": 4.669811320754717
    },
    "context_overlap": {
      "target_mean": 0.05925179932347539,
      "baseline_mean": 0.03654667084055162,
      "absolute_delta": 0.022705128482923775,
      "relative_delta": 0.6212639335052789
    },
    "persona_keyword_coverage": {
      "target_mean": 0.043154761904761904,
      "baseline_mean": 0.10119047619047619,
      "absolute_delta": -0.05803571428571429,
      "relative_delta": -0.5735294117647058
    },
    "persona_style": {
      "target_mean": 0.5170773237179487,
      "baseline_mean": 0.5412630208333333,
      "absolute_delta": -0.024185697115384652,
      "relative_delta": -0.04468381578728238
    },
    "distinct1": {
      "target_mean": 0.9434020239037811,
      "baseline_mean": 0.9449680335003684,
      "absolute_delta": -0.001566009596587259,
      "relative_delta": -0.0016572090706459314
    },
    "length_score": {
      "target_mean": 0.42916666666666664,
      "baseline_mean": 0.38229166666666664,
      "absolute_delta": 0.046875,
      "relative_delta": 0.1226158038147139
    },
    "sentence_score": {
      "target_mean": 0.825,
      "baseline_mean": 0.78125,
      "absolute_delta": 0.043749999999999956,
      "relative_delta": 0.055999999999999946
    },
    "overall_quality": {
      "target_mean": 0.2667120580721272,
      "baseline_mean": 0.241625513298558,
      "absolute_delta": 0.025086544773569225,
      "relative_delta": 0.10382407234691196
    }
  },
  "controlled_vs_proposed_raw": {
    "context_relevance": {
      "target_mean": 0.2719376873366784,
      "baseline_mean": 0.11737307767583048,
      "absolute_delta": 0.1545646096608479,
      "relative_delta": 1.316865951898575
    },
    "persona_consistency": {
      "target_mean": 0.3672068708949097,
      "baseline_mean": 0.13793927426739927,
      "absolute_delta": 0.22926759662751045,
      "relative_delta": 1.6620907848410786
    },
    "naturalness": {
      "target_mean": 0.8923178870025047,
      "baseline_mean": 0.8455205317837347,
      "absolute_delta": 0.04679735521877004,
      "relative_delta": 0.05534739070149483
    },
    "context_keyword_coverage": {
      "target_mean": 0.34289772727272727,
      "baseline_mean": 0.14228219696969696,
      "absolute_delta": 0.2006155303030303,
      "relative_delta": 1.409983361064892
    },
    "context_overlap": {
      "target_mean": 0.10636426081923103,
      "baseline_mean": 0.05925179932347539,
      "absolute_delta": 0.04711246149575564,
      "relative_delta": 0.7951228829111662
    },
    "persona_keyword_coverage": {
      "target_mean": 0.3136904761904762,
      "baseline_mean": 0.043154761904761904,
      "absolute_delta": 0.27053571428571427,
      "relative_delta": 6.268965517241379
    },
    "persona_style": {
      "target_mean": 0.5812724497126437,
      "baseline_mean": 0.5170773237179487,
      "absolute_delta": 0.06419512599469501,
      "relative_delta": 0.12414995407865086
    },
    "distinct1": {
      "target_mean": 0.9327478425062616,
      "baseline_mean": 0.9434020239037811,
      "absolute_delta": -0.010654181397519502,
      "relative_delta": -0.011293362879838528
    },
    "length_score": {
      "target_mean": 0.63125,
      "baseline_mean": 0.42916666666666664,
      "absolute_delta": 0.20208333333333334,
      "relative_delta": 0.470873786407767
    },
    "sentence_score": {
      "target_mean": 0.934375,
      "baseline_mean": 0.825,
      "absolute_delta": 0.109375,
      "relative_delta": 0.13257575757575757
    },
    "overall_quality": {
      "target_mean": 0.4327764528634249,
      "baseline_mean": 0.2667120580721272,
      "absolute_delta": 0.1660643947912977,
      "relative_delta": 0.6226354968412742
    }
  },
  "controlled_vs_candidate_no_context": {
    "context_relevance": {
      "target_mean": 0.2719376873366784,
      "baseline_mean": 0.02853028913095336,
      "absolute_delta": 0.24340739820572505,
      "relative_delta": 8.531543339378398
    },
    "persona_consistency": {
      "target_mean": 0.3672068708949097,
      "baseline_mean": 0.18920498511904763,
      "absolute_delta": 0.1780018857758621,
      "relative_delta": 0.9407885614845901
    },
    "naturalness": {
      "target_mean": 0.8923178870025047,
      "baseline_mean": 0.8325705467334806,
      "absolute_delta": 0.05974734026902406,
      "relative_delta": 0.07176249568692725
    },
    "context_keyword_coverage": {
      "target_mean": 0.34289772727272727,
      "baseline_mean": 0.025094696969696968,
      "absolute_delta": 0.3178030303030303,
      "relative_delta": 12.664150943396228
    },
    "context_overlap": {
      "target_mean": 0.10636426081923103,
      "baseline_mean": 0.03654667084055162,
      "absolute_delta": 0.06981758997867941,
      "relative_delta": 1.9103679862738934
    },
    "persona_keyword_coverage": {
      "target_mean": 0.3136904761904762,
      "baseline_mean": 0.10119047619047619,
      "absolute_delta": 0.2125,
      "relative_delta": 2.1
    },
    "persona_style": {
      "target_mean": 0.5812724497126437,
      "baseline_mean": 0.5412630208333333,
      "absolute_delta": 0.04000942887931036,
      "relative_delta": 0.07391864461331847
    },
    "distinct1": {
      "target_mean": 0.9327478425062616,
      "baseline_mean": 0.9449680335003684,
      "absolute_delta": -0.012220190994106761,
      "relative_delta": -0.012931856487081896
    },
    "length_score": {
      "target_mean": 0.63125,
      "baseline_mean": 0.38229166666666664,
      "absolute_delta": 0.24895833333333334,
      "relative_delta": 0.6512261580381472
    },
    "sentence_score": {
      "target_mean": 0.934375,
      "baseline_mean": 0.78125,
      "absolute_delta": 0.15312499999999996,
      "relative_delta": 0.19599999999999995
    },
    "overall_quality": {
      "target_mean": 0.4327764528634249,
      "baseline_mean": 0.241625513298558,
      "absolute_delta": 0.19115093956486692,
      "relative_delta": 0.7911041220579901
    }
  },
  "controlled_alt_vs_controlled_default": {
    "context_relevance": {
      "target_mean": 0.2649807587889701,
      "baseline_mean": 0.2719376873366784,
      "absolute_delta": -0.0069569285477082965,
      "relative_delta": -0.025582803971908163
    },
    "persona_consistency": {
      "target_mean": 0.3245447198275862,
      "baseline_mean": 0.3672068708949097,
      "absolute_delta": -0.04266215106732352,
      "relative_delta": -0.11618015469959145
    },
    "naturalness": {
      "target_mean": 0.878759744504386,
      "baseline_mean": 0.8923178870025047,
      "absolute_delta": -0.013558142498118708,
      "relative_delta": -0.01519429644480572
    },
    "context_keyword_coverage": {
      "target_mean": 0.3324810606060606,
      "baseline_mean": 0.34289772727272727,
      "absolute_delta": -0.010416666666666685,
      "relative_delta": -0.030378348522507648
    },
    "context_overlap": {
      "target_mean": 0.10748005454909236,
      "baseline_mean": 0.10636426081923103,
      "absolute_delta": 0.001115793729861328,
      "relative_delta": 0.010490306812338496
    },
    "persona_keyword_coverage": {
      "target_mean": 0.26145833333333335,