{
  "proposed_contextual_controlled": {
    "sample_count": 32,
    "context_relevance": {
      "n": 32,
      "mean": 0.2719376873366784,
      "median": 0.24718614718614715,
      "p95": 0.4646018418201516,
      "ci95_low": 0.23619682898703234,
      "ci95_high": 0.3105422068119267
    },
    "persona_consistency": {
      "n": 32,
      "mean": 0.3672068708949097,
      "median": 0.33333333333333337,
      "p95": 0.6470178571428571,
      "ci95_low": 0.3156704510467981,
      "ci95_high": 0.4261050422054598
    },
    "naturalness": {
      "n": 32,
      "mean": 0.8923178870025047,
      "median": 0.9046572475143904,
      "p95": 0.9628627450980392,
      "ci95_low": 0.8691790658801753,
      "ci95_high": 0.9135964036231327
    },
    "context_keyword_coverage": {
      "n": 32,
      "mean": 0.34289772727272727,
      "median": 0.303030303030303,
      "p95": 0.5999999999999999,
      "ci95_low": 0.29639441287878787,
      "ci95_high": 0.3916761363636363
    },
    "context_overlap": {
      "n": 32,
      "mean": 0.10636426081923103,
      "median": 0.10056179775280899,
      "p95": 0.1560591133004926,
      "ci95_low": 0.09323147337499771,
      "ci95_high": 0.11992607246630996
    },
    "persona_keyword_coverage": {
      "n": 32,
      "mean": 0.3136904761904762,
      "median": 0.2,
      "p95": 0.6514285714285714,
      "ci95_low": 0.24806175595238092,
      "ci95_high": 0.3861607142857143
    },
    "persona_style": {
      "n": 32,
      "mean": 0.5812724497126437,
      "median": 0.5,
      "p95": 1.0,
      "ci95_low": 0.4791666666666667,
      "ci95_high": 0.686871408045977
    },
    "distinct1": {
      "n": 32,
      "mean": 0.9327478425062616,
      "median": 0.9295634920634921,
      "p95": 1.0,
      "ci95_low": 0.9204345734165801,
      "ci95_high": 0.9449135797460904
    },
    "length_score": {
      "n": 32,
      "mean": 0.63125,
      "median": 0.6833333333333333,
      "p95": 0.915,
      "ci95_low": 0.5270833333333333,
      "ci95_high": 0.7208333333333333
    },
    "sentence_score": {
      "n": 32,
      "mean": 0.934375,
      "median": 1.0,
      "p95": 1.0,
      "ci95_low": 0.8796875,
      "ci95_high": 0.978125
    },
    "overall_quality": {
      "n": 32,
      "mean": 0.4327764528634249,
      "median": 0.4047206363698474,
      "p95": 0.5378046515776893,
      "ci95_low": 0.41026824133185924,
      "ci95_high": 0.45660159466076616
    },
    "metrics": [
      "context_relevance",
      "persona_consistency",
      "naturalness",
      "context_keyword_coverage",
      "context_overlap",
      "persona_keyword_coverage",
      "persona_style",
      "distinct1",
      "length_score",
      "sentence_score",
      "overall_quality"
    ]
  },
  "proposed_contextual_controlled_rla": {
    "sample_count": 32,
    "context_relevance": {
      "n": 32,
      "mean": 0.2649807587889701,
      "median": 0.2229379662890301,
      "p95": 0.42321241258741255,
      "ci95_low": 0.2392805518451617,
      "ci95_high": 0.29288557527476944
    },
    "persona_consistency": {
      "n": 32,
      "mean": 0.3245447198275862,
      "median": 0.3238095238095238,
      "p95": 0.5557142857142858,
      "ci95_low": 0.277576585591133,
      "ci95_high": 0.37535128348214286
    },
    "naturalness": {
      "n": 32,
      "mean": 0.878759744504386,
      "median": 0.8983107088989442,
      "p95": 0.9590000000000001,
      "ci95_low": 0.8530562908977709,
      "ci95_high": 0.9030208347368723
    },
    "context_keyword_coverage": {
      "n": 32,
      "mean": 0.3324810606060606,
      "median": 0.2727272727272727,
      "p95": 0.5454545454545454,
      "ci95_low": 0.2977710700757576,
      "ci95_high": 0.3693181818181818
    },
    "context_overlap": {
      "n": 32,
      "mean": 0.10748005454909236,
      "median": 0.09861111111111112,
      "p95": 0.16376852110707296,
      "ci95_low": 0.09605710509824575,
      "ci95_high": 0.11939294496091474
    },
    "persona_keyword_coverage": {
      "n": 32,
      "mean": 0.26145833333333335,
      "median": 0.2,
      "p95": 0.5714285714285714,
      "ci95_low": 0.20862723214285714,
      "ci95_high": 0.3183035714285714
    },
    "persona_style": {
      "n": 32,
      "mean": 0.5768902658045977,
      "median": 0.5,
      "p95": 1.0,
      "ci95_low": 0.47272359913793105,
      "ci95_high": 0.6823752918462642
    },
    "distinct1": {
      "n": 32,
      "mean": 0.9349740739046433,
      "median": 0.9451951951951951,
      "p95": 0.9894230769230768,
      "ci95_low": 0.9185533137939925,
      "ci95_high": 0.9492230942768652
    },
    "length_score": {
      "n": 32,
      "mean": 0.5927083333333334,
      "median": 0.65,
      "p95": 0.9483333333333333,
      "ci95_low": 0.49893229166666664,
      "ci95_high": 0.6854166666666667
    },
    "sentence_score": {
      "n": 32,
      "mean": 0.86875,
      "median": 1.0,
      "p95": 1.0,
      "ci95_low": 0.8140625,
      "ci95_high": 0.9234375
    },
    "overall_quality": {
      "n": 32,
      "mean": 0.41079442286166723,
      "median": 0.4030643726082074,
      "p95": 0.4883025801418951,
      "ci95_low": 0.39166829662172103,
      "ci95_high": 0.4288438241863079
    },
    "metrics": [
      "context_relevance",
      "persona_consistency",
      "naturalness",
      "context_keyword_coverage",
      "context_overlap",
      "persona_keyword_coverage",
      "persona_style",
      "distinct1",
      "length_score",
      "sentence_score",
      "overall_quality"
    ]
  },
  "proposed_contextual": {
    "sample_count": 32,
    "context_relevance": {
      "n": 32,
      "mean": 0.11737307767583048,
      "median": 0.07881493506493506,
      "p95": 0.3483791866028708,
      "ci95_low": 0.07654802110084444,
      "ci95_high": 0.16148281067621933
    },
    "persona_consistency": {
      "n": 32,
      "mean": 0.13793927426739927,
      "median": 0.1,
      "p95": 0.32285714285714284,
      "ci95_low": 0.10512165894001832,
      "ci95_high": 0.17538218292124538
    },
    "naturalness": {
      "n": 32,
      "mean": 0.8455205317837347,
      "median": 0.8608333333333333,
      "p95": 0.983,
      "ci95_low": 0.8130260302216252,
      "ci95_high": 0.8781020842962023
    },
    "context_keyword_coverage": {
      "n": 32,
      "mean": 0.14228219696969696,
      "median": 0.09090909090909091,
      "p95": 0.4545454545454546,
      "ci95_low": 0.08782552083333334,
      "ci95_high": 0.203125
    },
    "context_overlap": {
      "n": 32,
      "mean": 0.05925179932347539,
      "median": 0.0531015037593985,
      "p95": 0.1059322033898305,
      "ci95_low": 0.05069904180064491,
      "ci95_high": 0.06865479280777932
    },
    "persona_keyword_coverage": {
      "n": 32,
      "mean": 0.043154761904761904,
      "median": 0.0,
      "p95": 0.16666666666666666,
      "ci95_low": 0.010416666666666666,
      "ci95_high": 0.08928571428571427
    },
    "persona_style": {
      "n": 32,
      "mean": 0.5170773237179487,
      "median": 0.5,
      "p95": 1.0,
      "ci95_low": 0.4114583333333333,
      "ci95_high": 0.6272573617788461
    },
    "distinct1": {
      "n": 32,
      "mean": 0.9434020239037811,
      "median": 0.9368351063829787,
      "p95": 1.0,
      "ci95_low": 0.931302254336817,
      "ci95_high": 0.9560193171309124
    },
    "length_score": {
      "n": 32,
      "mean": 0.42916666666666664,
      "median": 0.38333333333333336,
      "p95": 0.9333333333333333,
      "ci95_low": 0.32184895833333327,
      "ci95_high": 0.5447916666666667
    },
    "sentence_score": {
      "n": 32,
      "mean": 0.825,
      "median": 0.825,
      "p95": 1.0,
      "ci95_low": 0.759375,
      "ci95_high": 0.890625
    },
    "overall_quality": {
      "n": 32,
      "mean": 0.2667120580721272,
      "median": 0.27132100070472165,
      "p95": 0.4235860764056192,
      "ci95_low": 0.23722551997937577,
      "ci95_high": 0.2974067965963439
    },