{
  "ttft_ms": {
    "candidate_mean": 794.0261375000546,
    "baseline_mean": 264.0533124998683,
    "absolute_delta": 529.9728250001863,
    "relative_delta": 2.007067512173136,
    "candidate_better": false,
    "lower_is_better": true
  },
  "total_time_ms": {
    "candidate_mean": 4580.420524999909,
    "baseline_mean": 3765.6212499998674,
    "absolute_delta": 814.7992750000412,
    "relative_delta": 0.21637844618602306,
    "candidate_better": false,
    "lower_is_better": true
  },
  "tokens_per_s": {
    "candidate_mean": 17.07099072134293,
    "baseline_mean": 16.98381172778879,
    "absolute_delta": 0.08717899355414005,
    "relative_delta": 0.005133064058376154,
    "candidate_better": true,
    "lower_is_better": false
  }
}