{
  "elara-npc:latest": {
    "total_requests": 8,
    "ok_requests": 8,
    "error_requests": 0,
    "error_rate": 0.0,
    "ttft_ms": {
      "n": 8,
      "mean": 794.0261375000546,
      "median": 842.3397999999906,
      "p95": 902.2433250003814,
      "ci95_low": 657.670759687349,
      "ci95_high": 878.8445137501412
    },
    "total_time_ms": {
      "n": 8,
      "mean": 4580.420524999909,
      "median": 4612.90259999987,
      "p95": 4715.225105000127,
      "ci95_low": 4458.945119062409,
      "ci95_high": 4664.639612499968
    },
    "tokens_per_s": {
      "n": 8,
      "mean": 17.07099072134293,
      "median": 17.147867884491507,
      "p95": 17.22282755808943,
      "ci95_low": 16.95267797855619,
      "ci95_high": 17.166133544544806
    }
  },
  "phi3:mini": {
    "total_requests": 8,
    "ok_requests": 8,
    "error_requests": 0,
    "error_rate": 0.0,
    "ttft_ms": {
      "n": 8,
      "mean": 264.0533124998683,
      "median": 180.57029999954466,
      "p95": 637.0904399994739,
      "ci95_low": 170.58458750022965,
      "ci95_high": 439.7194903121828
    },
    "total_time_ms": {
      "n": 8,
      "mean": 3765.6212499998674,
      "median": 3969.6785499995713,
      "p95": 4464.756479999869,
      "ci95_low": 3258.897199999865,
      "ci95_high": 4166.570791562134
    },
    "tokens_per_s": {
      "n": 8,
      "mean": 16.98381172778879,
      "median": 17.076139669440572,
      "p95": 17.519049984113188,
      "ci95_low": 16.71222657015692,
      "ci95_high": 17.261162297556975
    }
  }
}