{
  "ttft_ms": {
    "candidate_mean": 283.24761875046534,
    "baseline_mean": 151.143104165385,
    "absolute_delta": 132.10451458508032,
    "relative_delta": 0.8740360025987548,
    "candidate_better": false,
    "lower_is_better": true
  },
  "total_time_ms": {
    "candidate_mean": 1711.287802082855,
    "baseline_mean": 1639.2639583330795,
    "absolute_delta": 72.02384374977555,
    "relative_delta": 0.043936696944776685,
    "candidate_better": false,
    "lower_is_better": true
  },
  "tokens_per_s": {
    "candidate_mean": 39.65565162355106,
    "baseline_mean": 38.208286749210735,
    "absolute_delta": 1.4473648743403231,
    "relative_delta": 0.03788091530615989,
    "candidate_better": true,
    "lower_is_better": false
  }
}