{
  "candidate_model": "elara-npc:latest",
  "baseline_model": "phi3:mini",
  "candidate_mean": -0.030030950969376136,
  "baseline_mean": 0.07539520191494375,
  "absolute_delta": -0.10542615288431989,
  "relative_delta": -1.3983138211269095,
  "candidate_better": false
}