{
  "elara-npc:latest": {
    "total_requests": 48,
    "ok_requests": 48,
    "error_requests": 0,
    "error_rate": 0.0,
    "ttft_ms": {
      "n": 48,
      "mean": 283.24761875046534,
      "median": 274.8886000190396,
      "p95": 361.12281498208176,
      "ci95_low": 253.61857198555907,
      "ci95_high": 326.7048118262815
    },
    "total_time_ms": {
      "n": 48,
      "mean": 1711.287802082855,
      "median": 1688.3670000243,
      "p95": 1885.8267199771944,
      "ci95_low": 1675.3785929723867,
      "ci95_high": 1762.0678451112628
    },
    "tokens_per_s": {
      "n": 48,
      "mean": 39.65565162355106,
      "median": 40.041122839311775,
      "p95": 41.12786314909473,
      "ci95_low": 39.21691503395952,
      "ci95_high": 40.039336624735384
    }
  },
  "phi3:mini": {
    "total_requests": 48,
    "ok_requests": 48,
    "error_requests": 0,
    "error_rate": 0.0,
    "ttft_ms": {
      "n": 48,
      "mean": 151.143104165385,
      "median": 138.98344998597167,
      "p95": 256.44466001831455,
      "ci95_low": 140.45817353759654,
      "ci95_high": 163.52499875283684
    },
    "total_time_ms": {
      "n": 48,
      "mean": 1639.2639583330795,
      "median": 1629.6117500169203,
      "p95": 1853.608454973437,
      "ci95_low": 1607.8875045278437,
      "ci95_high": 1672.8973193203576
    },
    "tokens_per_s": {
      "n": 48,
      "mean": 38.208286749210735,
      "median": 38.83146707780571,
      "p95": 41.38176883667302,
      "ci95_low": 37.40527695971997,
      "ci95_high": 38.93689859235596
    }
  }
}