{
  "proposed_vs_candidate_no_context": {
    "context_relevance": {
      "target_mean": 0.06674252885030238,
      "baseline_mean": 0.032082607261620155,
      "absolute_delta": 0.034659921588682224,
      "relative_delta": 1.0803336931454839
    },
    "persona_consistency": {
      "target_mean": 0.12892261904761906,
      "baseline_mean": 0.18035654761904762,
      "absolute_delta": -0.05143392857142856,
      "relative_delta": -0.28517915900712537
    },
    "naturalness": {
      "target_mean": 0.8097656453936773,
      "baseline_mean": 0.8140611870585553,
      "absolute_delta": -0.004295541664878,
      "relative_delta": -0.005276681572793154
    },
    "context_keyword_coverage": {
      "target_mean": 0.0715909090909091,
      "baseline_mean": 0.026515151515151512,
      "absolute_delta": 0.04507575757575758,
      "relative_delta": 1.7000000000000004
    },
    "context_overlap": {
      "target_mean": 0.05542964162222004,
      "baseline_mean": 0.04507333733671366,
      "absolute_delta": 0.01035630428550638,
      "relative_delta": 0.22976564189470036
    },
    "persona_keyword_coverage": {
      "target_mean": 0.025476190476190475,
      "baseline_mean": 0.08452380952380953,
      "absolute_delta": -0.05904761904761906,
      "relative_delta": -0.6985915492957747
    },
    "persona_style": {
      "target_mean": 0.5427083333333333,
      "baseline_mean": 0.5636875,
      "absolute_delta": -0.02097916666666666,
      "relative_delta": -0.03721772554237349
    },
    "distinct1": {
      "target_mean": 0.9342057801508602,
      "baseline_mean": 0.9436946343130554,
      "absolute_delta": -0.009488854162195248,
      "relative_delta": -0.01005500488948152
    },
    "length_score": {
      "target_mean": 0.31166666666666665,
      "baseline_mean": 0.2966666666666667,
      "absolute_delta": 0.014999999999999958,
      "relative_delta": 0.05056179775280884
    },
    "sentence_score": {
      "target_mean": 0.7375,
      "baseline_mean": 0.7725000000000001,
      "absolute_delta": -0.03500000000000003,
      "relative_delta": -0.04530744336569583
    },
    "overall_quality": {
      "target_mean": 0.23191306933497424,
      "baseline_mean": 0.23566158100424936,
      "absolute_delta": -0.0037485116692751175,
      "relative_delta": -0.01590633336711564
    }
  },
  "controlled_vs_proposed_raw": {
    "context_relevance": {
      "target_mean": 0.2533301027133818,
      "baseline_mean": 0.06674252885030238,
      "absolute_delta": 0.18658757386307942,
      "relative_delta": 2.7956323663069305
    },
    "persona_consistency": {
      "target_mean": 0.2813809523809524,
      "baseline_mean": 0.12892261904761906,
      "absolute_delta": 0.15245833333333333,
      "relative_delta": 1.1825569047509117
    },
    "naturalness": {
      "target_mean": 0.9178692628945866,
      "baseline_mean": 0.8097656453936773,
      "absolute_delta": 0.10810361750090924,
      "relative_delta": 0.13349988125064674
    },
    "context_keyword_coverage": {
      "target_mean": 0.31537878787878787,
      "baseline_mean": 0.0715909090909091,
      "absolute_delta": 0.24378787878787878,
      "relative_delta": 3.405291005291005
    },
    "context_overlap": {
      "target_mean": 0.10854983732743437,
      "baseline_mean": 0.05542964162222004,
      "absolute_delta": 0.053120195705214326,
      "relative_delta": 0.9583355430521144
    },
    "persona_keyword_coverage": {
      "target_mean": 0.19547619047619047,
      "baseline_mean": 0.025476190476190475,
      "absolute_delta": 0.16999999999999998,
      "relative_delta": 6.672897196261682
    },
    "persona_style": {
      "target_mean": 0.625,
      "baseline_mean": 0.5427083333333333,
      "absolute_delta": 0.08229166666666665,
      "relative_delta": 0.1516314779270633
    },
    "distinct1": {
      "target_mean": 0.922589823903133,
      "baseline_mean": 0.9342057801508602,
      "absolute_delta": -0.011615956247727155,
      "relative_delta": -0.012434044505538547
    },
    "length_score": {
      "target_mean": 0.7616666666666666,
      "baseline_mean": 0.31166666666666665,
      "absolute_delta": 0.44999999999999996,
      "relative_delta": 1.4438502673796791
    },
    "sentence_score": {
      "target_mean": 0.9650000000000001,
      "baseline_mean": 0.7375,
      "absolute_delta": 0.22750000000000004,
      "relative_delta": 0.30847457627118646
    },
    "overall_quality": {
      "target_mean": 0.3961458497288951,
      "baseline_mean": 0.23191306933497424,
      "absolute_delta": 0.16423278039392086,
      "relative_delta": 0.7081652658251172
    }
  },
  "controlled_vs_candidate_no_context": {
    "context_relevance": {
      "target_mean": 0.2533301027133818,
      "baseline_mean": 0.032082607261620155,
      "absolute_delta": 0.22124749545176164,
      "relative_delta": 6.896181898421829
    },
    "persona_consistency": {
      "target_mean": 0.2813809523809524,
      "baseline_mean": 0.18035654761904762,
      "absolute_delta": 0.10102440476190477,
      "relative_delta": 0.5601371621688521
    },
    "naturalness": {
      "target_mean": 0.9178692628945866,
      "baseline_mean": 0.8140611870585553,
      "absolute_delta": 0.10380807583603124,
      "relative_delta": 0.12751876331448822
    },
    "context_keyword_coverage": {
      "target_mean": 0.31537878787878787,
      "baseline_mean": 0.026515151515151512,
      "absolute_delta": 0.2888636363636364,
      "relative_delta": 10.894285714285717
    },
    "context_overlap": {
      "target_mean": 0.10854983732743437,
      "baseline_mean": 0.04507333733671366,
      "absolute_delta": 0.0634764999907207,
      "relative_delta": 1.40829376614669
    },
    "persona_keyword_coverage": {
      "target_mean": 0.19547619047619047,
      "baseline_mean": 0.08452380952380953,
      "absolute_delta": 0.11095238095238094,
      "relative_delta": 1.312676056338028
    },
    "persona_style": {
      "target_mean": 0.625,
      "baseline_mean": 0.5636875,
      "absolute_delta": 0.06131249999999999,
      "relative_delta": 0.10877037365561591
    },
    "distinct1": {
      "target_mean": 0.922589823903133,
      "baseline_mean": 0.9436946343130554,
      "absolute_delta": -0.021104810409922403,
      "relative_delta": -0.022364025016720846
    },
    "length_score": {
      "target_mean": 0.7616666666666666,
      "baseline_mean": 0.2966666666666667,
      "absolute_delta": 0.4649999999999999,
      "relative_delta": 1.5674157303370782
    },
    "sentence_score": {
      "target_mean": 0.9650000000000001,
      "baseline_mean": 0.7725000000000001,
      "absolute_delta": 0.1925,
      "relative_delta": 0.24919093851132684
    },
    "overall_quality": {
      "target_mean": 0.3961458497288951,
      "baseline_mean": 0.23566158100424936,
      "absolute_delta": 0.16048426872464575,
      "relative_delta": 0.6809946196607751
    }
  },
  "controlled_alt_vs_controlled_default": {
    "context_relevance": {
      "target_mean": 0.26001655751241987,
      "baseline_mean": 0.2533301027133818,
      "absolute_delta": 0.006686454799038066,
      "relative_delta": 0.026394237113633253
    },
    "persona_consistency": {
      "target_mean": 0.27154716981132077,
      "baseline_mean": 0.2813809523809524,
      "absolute_delta": -0.009833782569631633,
      "relative_delta": -0.034948288028814396
    },
    "naturalness": {
      "target_mean": 0.9082545445132562,
      "baseline_mean": 0.9178692628945866,
      "absolute_delta": -0.009614718381330434,
      "relative_delta": -0.010475041239543766
    },
    "context_keyword_coverage": {
      "target_mean": 0.32560606060606057,
      "baseline_mean": 0.31537878787878787,
      "absolute_delta": 0.010227272727272696,
      "relative_delta": 0.03242853711265904
    },
    "context_overlap": {
      "target_mean": 0.10697438362725815,
      "baseline_mean": 0.10854983732743437,
      "absolute_delta": -0.0015754537001762131,
      "relative_delta": -0.014513644045582006
    },