{
  "proposed_contextual_controlled": {
    "sample_count": 20,
    "context_relevance": {
      "n": 20,
      "mean": 0.2533301027133818,
      "median": 0.25906542609932437,
      "p95": 0.3605986132511556,
      "ci95_low": 0.22353950481865292,
      "ci95_high": 0.2830005023275931
    },
    "persona_consistency": {
      "n": 20,
      "mean": 0.2813809523809524,
      "median": 0.2966666666666667,
      "p95": 0.4576190476190476,
      "ci95_low": 0.23095,
      "ci95_high": 0.33257738095238093
    },
    "naturalness": {
      "n": 20,
      "mean": 0.9178692628945866,
      "median": 0.9231034482758621,
      "p95": 0.9717117117117117,
      "ci95_low": 0.8962745389571545,
      "ci95_high": 0.9359099144267541
    },
    "context_keyword_coverage": {
      "n": 20,
      "mean": 0.31537878787878787,
      "median": 0.3318181818181818,
      "p95": 0.45681818181818185,
      "ci95_low": 0.27544318181818184,
      "ci95_high": 0.35288068181818183
    },
    "context_overlap": {
      "n": 20,
      "mean": 0.10854983732743437,
      "median": 0.09892438070404172,
      "p95": 0.14764127764127766,
      "ci95_low": 0.09439481908996243,
      "ci95_high": 0.12380344301027432
    },
    "persona_keyword_coverage": {
      "n": 20,
      "mean": 0.19547619047619047,
      "median": 0.16666666666666666,
      "p95": 0.3452380952380954,
      "ci95_low": 0.13785119047619046,
      "ci95_high": 0.2562023809523809
    },
    "persona_style": {
      "n": 20,
      "mean": 0.625,
      "median": 0.5,
      "p95": 1.0,
      "ci95_low": 0.4916666666666667,
      "ci95_high": 0.7666666666666667
    },
    "distinct1": {
      "n": 20,
      "mean": 0.922589823903133,
      "median": 0.9272486772486772,
      "p95": 0.9610209601081812,
      "ci95_low": 0.9100372083327145,
      "ci95_high": 0.9339807541201922
    },
    "length_score": {
      "n": 20,
      "mean": 0.7616666666666666,
      "median": 0.7666666666666666,
      "p95": 0.9666666666666667,
      "ci95_low": 0.6616666666666666,
      "ci95_high": 0.8383333333333333
    },
    "sentence_score": {
      "n": 20,
      "mean": 0.9650000000000001,
      "median": 1.0,
      "p95": 1.0,
      "ci95_low": 0.9125,
      "ci95_high": 1.0
    },
    "overall_quality": {
      "n": 20,
      "mean": 0.3961458497288951,
      "median": 0.3983771816418877,
      "p95": 0.46456118392463247,
      "ci95_low": 0.3726487198935074,
      "ci95_high": 0.41875852907869693
    },
    "metrics": [
      "context_relevance",
      "persona_consistency",
      "naturalness",
      "context_keyword_coverage",
      "context_overlap",
      "persona_keyword_coverage",
      "persona_style",
      "distinct1",
      "length_score",
      "sentence_score",
      "overall_quality"
    ]
  },
  "proposed_contextual_controlled_alt": {
    "sample_count": 20,
    "context_relevance": {
      "n": 20,
      "mean": 0.26001655751241987,
      "median": 0.25906542609932437,
      "p95": 0.35634545454545463,
      "ci95_low": 0.22720627587805275,
      "ci95_high": 0.29367387879191076
    },
    "persona_consistency": {
      "n": 20,
      "mean": 0.27154716981132077,
      "median": 0.27213836477987424,
      "p95": 0.4321428571428572,
      "ci95_low": 0.22303748876909257,
      "ci95_high": 0.3215126460017969
    },
    "naturalness": {
      "n": 20,
      "mean": 0.9082545445132562,
      "median": 0.9199999999999999,
      "p95": 0.9725998103366524,
      "ci95_low": 0.8825238804063499,
      "ci95_high": 0.9315929987108732
    },
    "context_keyword_coverage": {
      "n": 20,
      "mean": 0.32560606060606057,
      "median": 0.3318181818181818,
      "p95": 0.46363636363636374,
      "ci95_low": 0.27886363636363637,
      "ci95_high": 0.37537878787878787
    },
    "context_overlap": {
      "n": 20,
      "mean": 0.10697438362725815,
      "median": 0.10526315789473684,
      "p95": 0.1366883116883117,
      "ci95_low": 0.0984608277697976,
      "ci95_high": 0.11599824091856713
    },
    "persona_keyword_coverage": {
      "n": 20,
      "mean": 0.18833333333333332,
      "median": 0.16666666666666666,
      "p95": 0.43214285714285716,
      "ci95_low": 0.13189880952380953,
      "ci95_high": 0.24499999999999997
    },
    "persona_style": {
      "n": 20,
      "mean": 0.6044025157232704,
      "median": 0.5,
      "p95": 1.0,
      "ci95_low": 0.47106918238993706,
      "ci95_high": 0.7416666666666667
    },
    "distinct1": {
      "n": 20,
      "mean": 0.9251995333261511,
      "median": 0.9306335204490778,
      "p95": 0.9750000000000001,
      "ci95_low": 0.909337071865487,
      "ci95_high": 0.9404019531256931
    },
    "length_score": {
      "n": 20,
      "mean": 0.7183333333333334,
      "median": 0.75,
      "p95": 0.9683333333333334,
      "ci95_low": 0.626625,
      "ci95_high": 0.8100416666666663
    },
    "sentence_score": {
      "n": 20,
      "mean": 0.9475,
      "median": 1.0,
      "p95": 1.0,
      "ci95_low": 0.8949999999999999,
      "ci95_high": 1.0
    },
    "overall_quality": {
      "n": 20,
      "mean": 0.39406950539900354,
      "median": 0.3979177286217895,
      "p95": 0.4672752716647542,
      "ci95_low": 0.3695436517604772,
      "ci95_high": 0.4188515223435922
    },
    "metrics": [
      "context_relevance",
      "persona_consistency",
      "naturalness",
      "context_keyword_coverage",
      "context_overlap",
      "persona_keyword_coverage",
      "persona_style",
      "distinct1",
      "length_score",
      "sentence_score",
      "overall_quality"
    ]
  },
  "proposed_contextual": {
    "sample_count": 20,
    "context_relevance": {
      "n": 20,
      "mean": 0.06674252885030238,
      "median": 0.0150093808630394,
      "p95": 0.21791335227272735,
      "ci95_low": 0.03083799537029124,
      "ci95_high": 0.10970862822404312
    },
    "persona_consistency": {
      "n": 20,
      "mean": 0.12892261904761906,
      "median": 0.1,
      "p95": 0.3152380952380952,
      "ci95_low": 0.09153035714285715,
      "ci95_high": 0.1705341517857143
    },
    "naturalness": {
      "n": 20,
      "mean": 0.8097656453936773,
      "median": 0.7486363636363635,
      "p95": 0.9445555555555555,
      "ci95_low": 0.778758765814129,
      "ci95_high": 0.8432642715002813
    },
    "context_keyword_coverage": {
      "n": 20,
      "mean": 0.0715909090909091,
      "median": 0.0,
      "p95": 0.2818181818181819,
      "ci95_low": 0.022727272727272728,
      "ci95_high": 0.1295738636363635
    },
    "context_overlap": {
      "n": 20,
      "mean": 0.05542964162222004,
      "median": 0.050031269543464665,
      "p95": 0.1095400528169014,
      "ci95_low": 0.04489237355004746,
      "ci95_high": 0.06713394517808227
    },
    "persona_keyword_coverage": {
      "n": 20,
      "mean": 0.025476190476190475,
      "median": 0.0,
      "p95": 0.16833333333333336,
      "ci95_low": 0.0,
      "ci95_high": 0.05429761904761899
    },
    "persona_style": {
      "n": 20,
      "mean": 0.5427083333333333,
      "median": 0.5,
      "p95": 1.0,
      "ci95_low": 0.4081901041666667,
      "ci95_high": 0.6755208333333333
    },
    "distinct1": {
      "n": 20,
      "mean": 0.9342057801508602,
      "median": 0.9090909090909091,
      "p95": 1.0,
      "ci95_low": 0.9199377506953593,
      "ci95_high": 0.9500044882463075
    },
    "length_score": {
      "n": 20,
      "mean": 0.31166666666666665,
      "median": 0.09999999999999998,
      "p95": 0.7350000000000001,
      "ci95_low": 0.19995833333333335,
      "ci95_high": 0.4267083333333331
    },
    "sentence_score": {
      "n": 20,
      "mean": 0.7375,
      "median": 0.65,
      "p95": 1.0,
      "ci95_low": 0.6675,
      "ci95_high": 0.8074999999999999
    },
    "overall_quality": {
      "n": 20,
      "mean": 0.23191306933497424,
      "median": 0.1849328476401647,
      "p95": 0.3736743138815694,
      "ci95_low": 0.2025343398795893,
      "ci95_high": 0.2652790979047354
    },