{
  "proposed_vs_candidate_no_context": {
    "context_relevance": {
      "target_mean": 0.061816509508915686,
      "baseline_mean": 0.03719971212808203,
      "absolute_delta": 0.02461679738083366,
      "relative_delta": 0.6617469860002079
    },
    "persona_consistency": {
      "target_mean": 0.15109523809523812,
      "baseline_mean": 0.13404761904761905,
      "absolute_delta": 0.01704761904761906,
      "relative_delta": 0.1271758436944939
    },
    "naturalness": {
      "target_mean": 0.8200206539074959,
      "baseline_mean": 0.8014712825933756,
      "absolute_delta": 0.018549371314120267,
      "relative_delta": 0.023144149661980144
    },
    "context_keyword_coverage": {
      "target_mean": 0.06818181818181819,
      "baseline_mean": 0.03636363636363636,
      "absolute_delta": 0.03181818181818183,
      "relative_delta": 0.8750000000000003
    },
    "context_overlap": {
      "target_mean": 0.046964122605476534,
      "baseline_mean": 0.03915055557845526,
      "absolute_delta": 0.007813567027021275,
      "relative_delta": 0.19957742391071248
    },
    "persona_keyword_coverage": {
      "target_mean": 0.04095238095238095,
      "baseline_mean": 0.023809523809523808,
      "absolute_delta": 0.01714285714285714,
      "relative_delta": 0.72
    },
    "persona_style": {
      "target_mean": 0.5916666666666667,
      "baseline_mean": 0.575,
      "absolute_delta": 0.01666666666666672,
      "relative_delta": 0.028985507246376906
    },
    "distinct1": {
      "target_mean": 0.9446349681020733,
      "baseline_mean": 0.9397198731501056,
      "absolute_delta": 0.004915094951967625,
      "relative_delta": 0.005230383109267834
    },
    "length_score": {
      "target_mean": 0.3333333333333333,
      "baseline_mean": 0.27666666666666667,
      "absolute_delta": 0.05666666666666664,
      "relative_delta": 0.20481927710843364
    },
    "sentence_score": {
      "target_mean": 0.755,
      "baseline_mean": 0.7025,
      "absolute_delta": 0.05249999999999999,
      "relative_delta": 0.07473309608540923
    },
    "overall_quality": {
      "target_mean": 0.23949833394496864,
      "baseline_mean": 0.21823810093673274,
      "absolute_delta": 0.0212602330082359,
      "relative_delta": 0.09741760451993324
    }
  },
  "controlled_vs_proposed_raw": {
    "context_relevance": {
      "target_mean": 0.3200388251588289,
      "baseline_mean": 0.061816509508915686,
      "absolute_delta": 0.2582223156499132,
      "relative_delta": 4.17723869725563
    },
    "persona_consistency": {
      "target_mean": 0.292077380952381,
      "baseline_mean": 0.15109523809523812,
      "absolute_delta": 0.1409821428571429,
      "relative_delta": 0.9330680743775608
    },
    "naturalness": {
      "target_mean": 0.857511034024958,
      "baseline_mean": 0.8200206539074959,
      "absolute_delta": 0.037490380117462085,
      "relative_delta": 0.04571882420133684
    },
    "context_keyword_coverage": {
      "target_mean": 0.40909090909090906,
      "baseline_mean": 0.06818181818181819,
      "absolute_delta": 0.3409090909090909,
      "relative_delta": 4.999999999999999
    },
    "context_overlap": {
      "target_mean": 0.11225062931730856,
      "baseline_mean": 0.046964122605476534,
      "absolute_delta": 0.06528650671183203,
      "relative_delta": 1.3901357693887568
    },
    "persona_keyword_coverage": {
      "target_mean": 0.21619047619047618,
      "baseline_mean": 0.04095238095238095,
      "absolute_delta": 0.17523809523809525,
      "relative_delta": 4.279069767441861
    },
    "persona_style": {
      "target_mean": 0.595625,
      "baseline_mean": 0.5916666666666667,
      "absolute_delta": 0.003958333333333286,
      "relative_delta": 0.0066901408450703425
    },
    "distinct1": {
      "target_mean": 0.9389211108544874,
      "baseline_mean": 0.9446349681020733,
      "absolute_delta": -0.005713857247585885,
      "relative_delta": -0.006048746278222119
    },
    "length_score": {
      "target_mean": 0.4583333333333333,
      "baseline_mean": 0.3333333333333333,
      "absolute_delta": 0.125,
      "relative_delta": 0.375
    },
    "sentence_score": {
      "target_mean": 0.9125,
      "baseline_mean": 0.755,
      "absolute_delta": 0.15749999999999997,
      "relative_delta": 0.20860927152317876
    },
    "overall_quality": {
      "target_mean": 0.4200380994465857,
      "baseline_mean": 0.23949833394496864,
      "absolute_delta": 0.18053976550161707,
      "relative_delta": 0.7538247240713627
    }
  },
  "controlled_vs_candidate_no_context": {
    "context_relevance": {
      "target_mean": 0.3200388251588289,
      "baseline_mean": 0.03719971212808203,
      "absolute_delta": 0.2828391130307469,
      "relative_delta": 7.603260800968186
    },
    "persona_consistency": {
      "target_mean": 0.292077380952381,
      "baseline_mean": 0.13404761904761905,
      "absolute_delta": 0.15802976190476195,
      "relative_delta": 1.1789076376554177
    },
    "naturalness": {
      "target_mean": 0.857511034024958,
      "baseline_mean": 0.8014712825933756,
      "absolute_delta": 0.05603975143158235,
      "relative_delta": 0.06992109717300249
    },
    "context_keyword_coverage": {
      "target_mean": 0.40909090909090906,
      "baseline_mean": 0.03636363636363636,
      "absolute_delta": 0.3727272727272727,
      "relative_delta": 10.25
    },
    "context_overlap": {
      "target_mean": 0.11225062931730856,
      "baseline_mean": 0.03915055557845526,
      "absolute_delta": 0.0731000737388533,
      "relative_delta": 1.8671529090402135
    },
    "persona_keyword_coverage": {
      "target_mean": 0.21619047619047618,
      "baseline_mean": 0.023809523809523808,
      "absolute_delta": 0.19238095238095237,
      "relative_delta": 8.08
    },
    "persona_style": {
      "target_mean": 0.595625,
      "baseline_mean": 0.575,
      "absolute_delta": 0.020625000000000004,
      "relative_delta": 0.03586956521739131
    },
    "distinct1": {
      "target_mean": 0.9389211108544874,
      "baseline_mean": 0.9397198731501056,
      "absolute_delta": -0.0007987622956182605,
      "relative_delta": -0.0008500004293201434
    },
    "length_score": {
      "target_mean": 0.4583333333333333,
      "baseline_mean": 0.27666666666666667,
      "absolute_delta": 0.18166666666666664,
      "relative_delta": 0.6566265060240963
    },
    "sentence_score": {
      "target_mean": 0.9125,
      "baseline_mean": 0.7025,
      "absolute_delta": 0.20999999999999996,
      "relative_delta": 0.29893238434163694
    },
    "overall_quality": {
      "target_mean": 0.4200380994465857,
      "baseline_mean": 0.21823810093673274,
      "absolute_delta": 0.20179999850985297,
      "relative_delta": 0.9246781274382277
    }
  },
  "controlled_alt_vs_controlled_default": {
    "context_relevance": {
      "target_mean": 0.25255305286088986,
      "baseline_mean": 0.3200388251588289,
      "absolute_delta": -0.06748577229793906,
      "relative_delta": -0.21086745417355912
    },
    "persona_consistency": {
      "target_mean": 0.32366666666666666,
      "baseline_mean": 0.292077380952381,
      "absolute_delta": 0.03158928571428565,
      "relative_delta": 0.10815382420672907
    },
    "naturalness": {
      "target_mean": 0.9208476777731874,
      "baseline_mean": 0.857511034024958,
      "absolute_delta": 0.06333664374822945,
      "relative_delta": 0.07386102479747919
    },
    "context_keyword_coverage": {
      "target_mean": 0.3181818181818182,
      "baseline_mean": 0.40909090909090906,
      "absolute_delta": -0.09090909090909088,
      "relative_delta": -0.22222222222222218
    },
    "context_overlap": {
      "target_mean": 0.09941926711205729,
      "baseline_mean": 0.11225062931730856,
      "absolute_delta": -0.012831362205251273,
      "relative_delta": -0.1143099355726528
    },
    "persona_keyword_coverage": {
      "target_mean": 0.24833333333333335,
      "baseline_mean": 0.21619047619047618,