{
  "proposed_contextual_controlled": {
    "sample_count": 20,
    "context_relevance": {
      "n": 20,
      "mean": 0.3200388251588289,
      "median": 0.2864533492822966,
      "p95": 0.5475016233766233,
      "ci95_low": 0.2649710884942727,
      "ci95_high": 0.37620551047301865
    },
    "persona_consistency": {
      "n": 20,
      "mean": 0.292077380952381,
      "median": 0.23333333333333334,
      "p95": 0.5357321428571429,
      "ci95_low": 0.24091101190476194,
      "ci95_high": 0.3477877976190476
    },
    "naturalness": {
      "n": 20,
      "mean": 0.857511034024958,
      "median": 0.8754885057471264,
      "p95": 0.9561515151515153,
      "ci95_low": 0.8238714505810133,
      "ci95_high": 0.8904451205795751
    },
    "context_keyword_coverage": {
      "n": 20,
      "mean": 0.40909090909090906,
      "median": 0.36363636363636365,
      "p95": 0.7272727272727273,
      "ci95_low": 0.3363636363636363,
      "ci95_high": 0.4818181818181818
    },
    "context_overlap": {
      "n": 20,
      "mean": 0.11225062931730856,
      "median": 0.10699062233589088,
      "p95": 0.1862877263581489,
      "ci95_low": 0.09562741247789383,
      "ci95_high": 0.13027917718940304
    },
    "persona_keyword_coverage": {
      "n": 20,
      "mean": 0.21619047619047618,
      "median": 0.2,
      "p95": 0.42857142857142855,
      "ci95_low": 0.16785119047619046,
      "ci95_high": 0.26548809523809513
    },
    "persona_style": {
      "n": 20,
      "mean": 0.595625,
      "median": 0.5,
      "p95": 1.0,
      "ci95_low": 0.5029166666666667,
      "ci95_high": 0.6950156249999999
    },
    "distinct1": {
      "n": 20,
      "mean": 0.9389211108544874,
      "median": 0.9384469696969697,
      "p95": 1.0,
      "ci95_low": 0.9226555964562496,
      "ci95_high": 0.9551778016116114
    },
    "length_score": {
      "n": 20,
      "mean": 0.4583333333333333,
      "median": 0.55,
      "p95": 0.8383333333333334,
      "ci95_low": 0.31333333333333335,
      "ci95_high": 0.5966666666666667
    },
    "sentence_score": {
      "n": 20,
      "mean": 0.9125,
      "median": 1.0,
      "p95": 1.0,
      "ci95_low": 0.8425,
      "ci95_high": 0.9824999999999999
    },
    "overall_quality": {
      "n": 20,
      "mean": 0.4200380994465857,
      "median": 0.42033687590458346,
      "p95": 0.5405778317207666,
      "ci95_low": 0.38914602120423275,
      "ci95_high": 0.4519419435462632
    },
    "metrics": [
      "context_relevance",
      "persona_consistency",
      "naturalness",
      "context_keyword_coverage",
      "context_overlap",
      "persona_keyword_coverage",
      "persona_style",
      "distinct1",
      "length_score",
      "sentence_score",
      "overall_quality"
    ]
  },
  "proposed_contextual_controlled_tuned": {
    "sample_count": 20,
    "context_relevance": {
      "n": 20,
      "mean": 0.25255305286088986,
      "median": 0.2501194560156824,
      "p95": 0.30812349914236703,
      "ci95_low": 0.2330626247189124,
      "ci95_high": 0.27223451004751636
    },
    "persona_consistency": {
      "n": 20,
      "mean": 0.32366666666666666,
      "median": 0.23333333333333334,
      "p95": 0.6692857142857144,
      "ci95_low": 0.24771190476190477,
      "ci95_high": 0.4215785714285714
    },
    "naturalness": {
      "n": 20,
      "mean": 0.9208476777731874,
      "median": 0.9424242424242425,
      "p95": 0.9554848484848486,
      "ci95_low": 0.9017806702337046,
      "ci95_high": 0.9376278187918192
    },
    "context_keyword_coverage": {
      "n": 20,
      "mean": 0.3181818181818182,
      "median": 0.3181818181818182,
      "p95": 0.3681818181818182,
      "ci95_low": 0.2909090909090909,
      "ci95_high": 0.34545454545454546
    },
    "context_overlap": {
      "n": 20,
      "mean": 0.09941926711205729,
      "median": 0.09901960784313726,
      "p95": 0.13515723270440252,
      "ci95_low": 0.08912372012200273,
      "ci95_high": 0.1110111134934248
    },
    "persona_keyword_coverage": {
      "n": 20,
      "mean": 0.24833333333333335,
      "median": 0.16666666666666666,
      "p95": 0.5928571428571431,
      "ci95_low": 0.16261309523809522,
      "ci95_high": 0.34977976190476184
    },
    "persona_style": {
      "n": 20,
      "mean": 0.625,
      "median": 0.5,
      "p95": 1.0,
      "ci95_low": 0.5166666666666667,
      "ci95_high": 0.7416666666666667
    },
    "distinct1": {
      "n": 20,
      "mean": 0.9427441944329686,
      "median": 0.9393939393939394,
      "p95": 0.9784090909090909,
      "ci95_low": 0.931638224410365,
      "ci95_high": 0.9535779477659676
    },
    "length_score": {
      "n": 20,
      "mean": 0.745,
      "median": 0.8333333333333334,
      "p95": 0.8350000000000001,
      "ci95_low": 0.655,
      "ci95_high": 0.8116666666666668
    },
    "sentence_score": {
      "n": 20,
      "mean": 0.9475,
      "median": 1.0,
      "p95": 1.0,
      "ci95_low": 0.8949999999999999,
      "ci95_high": 1.0
    },
    "overall_quality": {
      "n": 20,
      "mean": 0.4125431800391034,
      "median": 0.3988474153297684,
      "p95": 0.5255688811188813,
      "ci95_low": 0.3821624959926666,
      "ci95_high": 0.44267178480190067
    },
    "metrics": [
      "context_relevance",
      "persona_consistency",
      "naturalness",
      "context_keyword_coverage",
      "context_overlap",
      "persona_keyword_coverage",
      "persona_style",
      "distinct1",
      "length_score",
      "sentence_score",
      "overall_quality"
    ]
  },
  "proposed_contextual": {
    "sample_count": 20,
    "context_relevance": {
      "n": 20,
      "mean": 0.061816509508915686,
      "median": 0.014634146341463414,
      "p95": 0.17098886827458265,
      "ci95_low": 0.029659476348150783,
      "ci95_high": 0.09764714046936879
    },
    "persona_consistency": {
      "n": 20,
      "mean": 0.15109523809523812,
      "median": 0.1,
      "p95": 0.3169047619047619,
      "ci95_low": 0.11000000000000001,
      "ci95_high": 0.19348571428571426
    },
    "naturalness": {
      "n": 20,
      "mean": 0.8200206539074959,
      "median": 0.7668181818181817,
      "p95": 0.955140350877193,
      "ci95_low": 0.7847010466507176,
      "ci95_high": 0.8589723165869216
    },
    "context_keyword_coverage": {
      "n": 20,
      "mean": 0.06818181818181819,
      "median": 0.0,
      "p95": 0.19090909090909103,
      "ci95_low": 0.02727272727272727,
      "ci95_high": 0.11363636363636365
    },
    "context_overlap": {
      "n": 20,
      "mean": 0.046964122605476534,
      "median": 0.038669950738916256,
      "p95": 0.12450834879406311,
      "ci95_low": 0.03309660288852412,
      "ci95_high": 0.06417515307181043
    },
    "persona_keyword_coverage": {
      "n": 20,
      "mean": 0.04095238095238095,
      "median": 0.0,
      "p95": 0.20666666666666678,
      "ci95_low": 0.007142857142857143,
      "ci95_high": 0.0838214285714285
    },
    "persona_style": {
      "n": 20,
      "mean": 0.5916666666666667,
      "median": 0.5,
      "p95": 1.0,
      "ci95_low": 0.4583333333333333,
      "ci95_high": 0.7166666666666667
    },
    "distinct1": {
      "n": 20,
      "mean": 0.9446349681020733,
      "median": 0.9212121212121211,
      "p95": 1.0,
      "ci95_low": 0.9277275219298246,
      "ci95_high": 0.9617268241626794
    },
    "length_score": {
      "n": 20,
      "mean": 0.3333333333333333,
      "median": 0.11666666666666664,
      "p95": 0.8100000000000002,
      "ci95_low": 0.21000000000000002,
      "ci95_high": 0.47000000000000003
    },
    "sentence_score": {
      "n": 20,
      "mean": 0.755,
      "median": 0.65,
      "p95": 1.0,
      "ci95_low": 0.685,
      "ci95_high": 0.825
    },
    "overall_quality": {
      "n": 20,
      "mean": 0.23949833394496864,
      "median": 0.21296030303030306,
      "p95": 0.36692240717029456,
      "ci95_low": 0.2114994724075572,
      "ci95_high": 0.2699479057994277
    },