{
  "proposed_contextual_controlled": {
    "sample_count": 6,
    "context_relevance": {
      "n": 6,
      "mean": 0.31678446553446554,
      "median": 0.30685606060606063,
      "p95": 0.3841883116883117,
      "ci95_low": 0.2809372571872572,
      "ci95_high": 0.3574675324675325
    },
    "persona_consistency": {
      "n": 6,
      "mean": 0.31509281678773204,
      "median": 0.3119451170298628,
      "p95": 0.43333333333333335,
      "ci95_low": 0.25953726123217646,
      "ci95_high": 0.38015873015873014
    },
    "naturalness": {
      "n": 6,
      "mean": 0.8783339126160697,
      "median": 0.9027150537634409,
      "p95": 0.9424242424242425,
      "ci95_low": 0.8157325837594813,
      "ci95_high": 0.9291878462039752
    },
    "context_keyword_coverage": {
      "n": 6,
      "mean": 0.4053030303030303,
      "median": 0.39015151515151514,
      "p95": 0.48863636363636365,
      "ci95_low": 0.36234217171717176,
      "ci95_high": 0.45454545454545453
    },
    "context_overlap": {
      "n": 6,
      "mean": 0.11024114774114774,
      "median": 0.1125,
      "p95": 0.14047619047619048,
      "ci95_low": 0.09004884004884005,
      "ci95_high": 0.12957341269841266
    },
    "persona_keyword_coverage": {
      "n": 6,
      "mean": 0.19047619047619047,
      "median": 0.16666666666666666,
      "p95": 0.2916666666666667,
      "ci95_low": 0.15476190476190474,
      "ci95_high": 0.25
    },
    "persona_style": {
      "n": 6,
      "mean": 0.8135593220338984,
      "median": 0.9406779661016949,
      "p95": 1.0,
      "ci95_low": 0.6468926553672316,
      "ci95_high": 0.980225988700565
    },
    "distinct1": {
      "n": 6,
      "mean": 0.940973670429063,
      "median": 0.9393939393939394,
      "p95": 0.9919354838709677,
      "ci95_low": 0.9129020492321893,
      "ci95_high": 0.9696969696969697
    },
    "length_score": {
      "n": 6,
      "mean": 0.5388888888888889,
      "median": 0.6333333333333333,
      "p95": 0.8333333333333334,
      "ci95_low": 0.26666666666666666,
      "ci95_high": 0.7666666666666666
    },
    "sentence_score": {
      "n": 6,
      "mean": 0.9416666666666668,
      "median": 1.0,
      "p95": 1.0,
      "ci95_low": 0.8250000000000001,
      "ci95_high": 1.0
    },
    "bertscore_f1": {
      "n": 6,
      "mean": 0.08728774730116129,
      "median": 0.07334326393902302,
      "p95": 0.1504133604466915,
      "ci95_low": 0.050236552472536763,
      "ci95_high": 0.12432914040982723
    },
    "overall_quality": {
      "n": 6,
      "mean": 0.39063308608811115,
      "median": 0.3970502641189386,
      "p95": 0.41729366195746215,
      "ci95_low": 0.36989278006420784,
      "ci95_high": 0.4105390871745149
    },
    "metrics": [
      "context_relevance",
      "persona_consistency",
      "naturalness",
      "context_keyword_coverage",
      "context_overlap",
      "persona_keyword_coverage",
      "persona_style",
      "distinct1",
      "length_score",
      "sentence_score",
      "bertscore_f1",
      "overall_quality"
    ]
  },
  "proposed_contextual_controlled_runtime": {
    "sample_count": 6,
    "context_relevance": {
      "n": 6,
      "mean": 0.3781821101881934,
      "median": 0.3805125725338491,
      "p95": 0.48189696613609645,
      "ci95_low": 0.32082510143503606,
      "ci95_high": 0.43915156910126835
    },
    "persona_consistency": {
      "n": 6,
      "mean": 0.3148809523809524,
      "median": 0.3113095238095238,
      "p95": 0.43333333333333335,
      "ci95_low": 0.25932539682539685,
      "ci95_high": 0.3834623015873009
    },
    "naturalness": {
      "n": 6,
      "mean": 0.8585272875310817,
      "median": 0.8734869375907112,
      "p95": 0.9369631093544138,
      "ci95_low": 0.8048880069746815,
      "ci95_high": 0.9098969712765472
    },
    "context_keyword_coverage": {
      "n": 6,
      "mean": 0.49116161616161613,
      "median": 0.4772727272727273,
      "p95": 0.6363636363636364,
      "ci95_low": 0.4166666666666667,
      "ci95_high": 0.5707070707070706
    },
    "context_overlap": {
      "n": 6,
      "mean": 0.11456326291687362,
      "median": 0.11112708453133985,
      "p95": 0.16897233201581027,
      "ci95_low": 0.08783755787526325,
      "ci95_high": 0.14628279521896545
    },
    "persona_keyword_coverage": {
      "n": 6,
      "mean": 0.19047619047619047,
      "median": 0.16666666666666666,
      "p95": 0.2916666666666667,
      "ci95_low": 0.15476190476190474,
      "ci95_high": 0.25
    },
    "persona_style": {
      "n": 6,
      "mean": 0.8125,
      "median": 0.9375,
      "p95": 1.0,
      "ci95_low": 0.625,
      "ci95_high": 0.9791666666666666
    },
    "distinct1": {
      "n": 6,
      "mean": 0.9192348854943707,
      "median": 0.9370882740447959,
      "p95": 0.9570029027576197,
      "ci95_low": 0.889623030926097,
      "ci95_high": 0.9467895852893803
    },
    "length_score": {
      "n": 6,
      "mean": 0.48333333333333334,
      "median": 0.55,
      "p95": 0.8083333333333333,
      "ci95_low": 0.26097222222222216,
      "ci95_high": 0.6834722222222214
    },
    "sentence_score": {
      "n": 6,
      "mean": 0.9416666666666668,
      "median": 1.0,
      "p95": 1.0,
      "ci95_low": 0.8250000000000001,
      "ci95_high": 1.0
    },
    "bertscore_f1": {
      "n": 6,
      "mean": 0.09850588006277879,
      "median": 0.09704255312681198,
      "p95": 0.1814800500869751,
      "ci95_low": 0.05368356282512347,
      "ci95_high": 0.14565759524703026
    },
    "overall_quality": {
      "n": 6,
      "mean": 0.41364484637918214,
      "median": 0.4117066635504936,
      "p95": 0.4704097213006676,
      "ci95_low": 0.38404759427418,
      "ci95_high": 0.4459425340618772
    },
    "metrics": [
      "context_relevance",
      "persona_consistency",
      "naturalness",
      "context_keyword_coverage",
      "context_overlap",
      "persona_keyword_coverage",
      "persona_style",
      "distinct1",
      "length_score",
      "sentence_score",
      "bertscore_f1",
      "overall_quality"
    ]
  },
  "proposed_contextual": {
    "sample_count": 6,
    "context_relevance": {
      "n": 6,
      "mean": 0.09432097407432477,
      "median": 0.07907700421940927,
      "p95": 0.22875668449197856,
      "ci95_low": 0.02782958964176388,
      "ci95_high": 0.17666673388764784
    },
    "persona_consistency": {
      "n": 6,
      "mean": 0.20044939187796332,
      "median": 0.16801484230055658,
      "p95": 0.39999999999999997,
      "ci95_low": 0.12267161410018552,
      "ci95_high": 0.3148484848484849
    },
    "naturalness": {
      "n": 6,
      "mean": 0.8372476690626574,
      "median": 0.8390064580228515,
      "p95": 0.9122108843537415,
      "ci95_low": 0.7907799304520616,
      "ci95_high": 0.8836143975722429
    },
    "context_keyword_coverage": {
      "n": 6,
      "mean": 0.11363636363636363,
      "median": 0.08333333333333333,
      "p95": 0.29545454545454547,
      "ci95_low": 0.027777777777777776,
      "ci95_high": 0.22474747474747472
    },
    "context_overlap": {
      "n": 6,
      "mean": 0.04925173176290079,
      "median": 0.054372842347525895,
      "p95": 0.08051470588235295,
      "ci95_low": 0.025999007197815838,
      "ci95_high": 0.07057526117466549
    },
    "persona_keyword_coverage": {
      "n": 6,
      "mean": 0.05555555555555555,
      "median": 0.0,
      "p95": 0.25,
      "ci95_low": 0.0,
      "ci95_high": 0.16666666666666666
    },
    "persona_style": {
      "n": 6,
      "mean": 0.7800247371675942,
      "median": 0.8400742115027829,
      "p95": 1.0,
      "ci95_low": 0.6133580705009276,
      "ci95_high": 0.95578231292517
    },
    "distinct1": {
      "n": 6,
      "mean": 0.9583969504344211,
      "median": 0.9570090331214454,
      "p95": 1.0,
      "ci95_low": 0.9303030303030303,
      "ci95_high": 0.9856696777071484
    },
    "length_score": {
      "n": 6,
      "mean": 0.3277777777777778,
      "median": 0.3333333333333333,
      "p95": 0.5916666666666667,