{
  "proposed_contextual_controlled": {
    "sample_count": 12,
    "context_relevance": {
      "n": 12,
      "mean": 0.2637452199128772,
      "median": 0.222816985645933,
      "p95": 0.4537021007813596,
      "ci95_low": 0.21779917806889557,
      "ci95_high": 0.315982137721293
    },
    "persona_consistency": {
      "n": 12,
      "mean": 0.28945326278659617,
      "median": 0.24666666666666667,
      "p95": 0.5707142857142856,
      "ci95_low": 0.209625,
      "ci95_high": 0.3798560405643739
    },
    "naturalness": {
      "n": 12,
      "mean": 0.9100294517860142,
      "median": 0.9191300097751711,
      "p95": 0.9622702702702703,
      "ci95_low": 0.881099748470727,
      "ci95_high": 0.9333892456015778
    },
    "context_keyword_coverage": {
      "n": 12,
      "mean": 0.33585858585858586,
      "median": 0.2727272727272727,
      "p95": 0.5863636363636363,
      "ci95_low": 0.27525252525252525,
      "ci95_high": 0.4166666666666667
    },
    "context_overlap": {
      "n": 12,
      "mean": 0.09548069937289035,
      "median": 0.08385964912280702,
      "p95": 0.14302624806999484,
      "ci95_low": 0.07842573573208889,
      "ci95_high": 0.1136519825705824
    },
    "persona_keyword_coverage": {
      "n": 12,
      "mean": 0.20595238095238097,
      "median": 0.16666666666666666,
      "p95": 0.532142857142857,
      "ci95_low": 0.125,
      "ci95_high": 0.3071428571428571
    },
    "persona_style": {
      "n": 12,
      "mean": 0.6234567901234568,
      "median": 0.5,
      "p95": 1.0,
      "ci95_low": 0.4845679012345679,
      "ci95_high": 0.7747299382716047
    },
    "distinct1": {
      "n": 12,
      "mean": 0.9358375183539245,
      "median": 0.9439203354297694,
      "p95": 0.9833333333333333,
      "ci95_low": 0.9196967483204062,
      "ci95_high": 0.9547781692040888
    },
    "length_score": {
      "n": 12,
      "mean": 0.7222222222222222,
      "median": 0.7833333333333333,
      "p95": 0.9483333333333333,
      "ci95_low": 0.6,
      "ci95_high": 0.8277777777777778
    },
    "sentence_score": {
      "n": 12,
      "mean": 0.9125,
      "median": 1.0,
      "p95": 1.0,
      "ci95_low": 0.8250000000000001,
      "ci95_high": 1.0
    },
    "overall_quality": {
      "n": 12,
      "mean": 0.4030159780876473,
      "median": 0.39994577434577444,
      "p95": 0.48473738833837365,
      "ci95_low": 0.3690990391215839,
      "ci95_high": 0.4346261127584386
    },
    "metrics": [
      "context_relevance",
      "persona_consistency",
      "naturalness",
      "context_keyword_coverage",
      "context_overlap",
      "persona_keyword_coverage",
      "persona_style",
      "distinct1",
      "length_score",
      "sentence_score",
      "overall_quality"
    ]
  },
  "proposed_contextual_controlled_alt": {
    "sample_count": 12,
    "context_relevance": {
      "n": 12,
      "mean": 0.27763468011535175,
      "median": 0.2825328759291023,
      "p95": 0.41552587412587405,
      "ci95_low": 0.20479369755452342,
      "ci95_high": 0.344108481019036
    },
    "persona_consistency": {
      "n": 12,
      "mean": 0.26693050193050194,
      "median": 0.23333333333333334,
      "p95": 0.3917142857142857,
      "ci95_low": 0.21721755684255686,
      "ci95_high": 0.3154291613041613
    },
    "naturalness": {
      "n": 12,
      "mean": 0.8771778063252303,
      "median": 0.8914143920595534,
      "p95": 0.9447184684684686,
      "ci95_low": 0.842308892498418,
      "ci95_high": 0.9051207447821558
    },
    "context_keyword_coverage": {
      "n": 12,
      "mean": 0.34974747474747475,
      "median": 0.36363636363636365,
      "p95": 0.5454545454545454,
      "ci95_low": 0.255050505050505,
      "ci95_high": 0.44321338383838366
    },
    "context_overlap": {
      "n": 12,
      "mean": 0.10937149264039824,
      "median": 0.09955929487179488,
      "p95": 0.1677230046948357,
      "ci95_low": 0.08911727439344015,
      "ci95_high": 0.12989616934579054
    },
    "persona_keyword_coverage": {
      "n": 12,
      "mean": 0.1876984126984127,
      "median": 0.16666666666666666,
      "p95": 0.3371428571428571,
      "ci95_low": 0.13769841269841268,
      "ci95_high": 0.2377083333333333
    },
    "persona_style": {
      "n": 12,
      "mean": 0.5838588588588588,
      "median": 0.5,
      "p95": 1.0,
      "ci95_low": 0.4305555555555556,
      "ci95_high": 0.7394144144144144
    },
    "distinct1": {
      "n": 12,
      "mean": 0.9457222935908537,
      "median": 0.9537429378531074,
      "p95": 1.0,
      "ci95_low": 0.9170224374000221,
      "ci95_high": 0.9710047268965928
    },
    "length_score": {
      "n": 12,
      "mean": 0.5527777777777777,
      "median": 0.6166666666666667,
      "p95": 0.8933333333333333,
      "ci95_low": 0.38055555555555554,
      "ci95_high": 0.7055555555555556
    },
    "sentence_score": {
      "n": 12,
      "mean": 0.8833333333333333,
      "median": 1.0,
      "p95": 1.0,
      "ci95_low": 0.7958333333333334,
      "ci95_high": 0.9708333333333333
    },
    "overall_quality": {
      "n": 12,
      "mean": 0.3947048994274261,
      "median": 0.3953185417428227,
      "p95": 0.4696585769187396,
      "ci95_low": 0.35761563912356725,
      "ci95_high": 0.4317140824400135
    },
    "metrics": [
      "context_relevance",
      "persona_consistency",
      "naturalness",
      "context_keyword_coverage",
      "context_overlap",
      "persona_keyword_coverage",
      "persona_style",
      "distinct1",
      "length_score",
      "sentence_score",
      "overall_quality"
    ]
  },
  "proposed_contextual": {
    "sample_count": 12,
    "context_relevance": {
      "n": 12,
      "mean": 0.07446360170028177,
      "median": 0.015425181278839815,
      "p95": 0.24242362146050656,
      "ci95_low": 0.028705572829452384,
      "ci95_high": 0.13638444884335896
    },
    "persona_consistency": {
      "n": 12,
      "mean": 0.14167574041811848,
      "median": 0.1,
      "p95": 0.33785714285714286,
      "ci95_low": 0.0825608697493225,
      "ci95_high": 0.20777608401084008
    },
    "naturalness": {
      "n": 12,
      "mean": 0.8495480972515855,
      "median": 0.8491666666666666,
      "p95": 0.9763333333333333,
      "ci95_low": 0.7968828914141415,
      "ci95_high": 0.9035113489546628
    },
    "context_keyword_coverage": {
      "n": 12,
      "mean": 0.08207070707070707,
      "median": 0.0,
      "p95": 0.30454545454545434,
      "ci95_low": 0.020833333333333332,
      "ci95_high": 0.16351010101010102
    },
    "context_overlap": {
      "n": 12,
      "mean": 0.0567136891692894,
      "median": 0.04819976771196283,
      "p95": 0.09747267759562839,
      "ci95_low": 0.0442591117933284,
      "ci95_high": 0.07048505618648235
    },
    "persona_keyword_coverage": {
      "n": 12,
      "mean": 0.05357142857142857,
      "median": 0.0,
      "p95": 0.24166666666666653,
      "ci95_low": 0.0,
      "ci95_high": 0.11904761904761903
    },
    "persona_style": {
      "n": 12,
      "mean": 0.49409298780487804,
      "median": 0.5,
      "p95": 1.0,
      "ci95_low": 0.33590256605691055,
      "ci95_high": 0.660907329776422
    },
    "distinct1": {
      "n": 12,
      "mean": 0.9540785764622974,
      "median": 0.9517441860465117,
      "p95": 1.0,
      "ci95_low": 0.9313513037350246,
      "ci95_high": 0.9770965468639887
    },
    "length_score": {
      "n": 12,
      "mean": 0.44166666666666665,
      "median": 0.3333333333333333,
      "p95": 0.915,
      "ci95_low": 0.244375,
      "ci95_high": 0.6445138888888886
    },
    "sentence_score": {
      "n": 12,
      "mean": 0.7958333333333334,
      "median": 0.65,
      "p95": 1.0,
      "ci95_low": 0.7083333333333334,
      "ci95_high": 0.8833333333333333
    },
    "overall_quality": {
      "n": 12,
      "mean": 0.24899918046779643,
      "median": 0.24549563508719321,
      "p95": 0.3990861400894188,
      "ci95_low": 0.20086860858562988,
      "ci95_high": 0.3047316480621819
    },