{
  "proposed_vs_candidate_no_context": {
    "context_relevance": {
      "target_mean": 0.06379248720806793,
      "baseline_mean": 0.029938121366900775,
      "absolute_delta": 0.03385436584116716,
      "relative_delta": 1.1308112966164985
    },
    "persona_consistency": {
      "target_mean": 0.12810639880952382,
      "baseline_mean": 0.16300223214285714,
      "absolute_delta": -0.03489583333333332,
      "relative_delta": -0.21408193541024756
    },
    "naturalness": {
      "target_mean": 0.8186009710398297,
      "baseline_mean": 0.8213358393647796,
      "absolute_delta": -0.0027348683249499572,
      "relative_delta": -0.003329780820309877
    },
    "context_keyword_coverage": {
      "target_mean": 0.07102272727272727,
      "baseline_mean": 0.02556818181818182,
      "absolute_delta": 0.04545454545454544,
      "relative_delta": 1.7777777777777772
    },
    "context_overlap": {
      "target_mean": 0.04692192705719617,
      "baseline_mean": 0.04013464698057835,
      "absolute_delta": 0.006787280076617816,
      "relative_delta": 0.16911273892361042
    },
    "persona_keyword_coverage": {
      "target_mean": 0.02976190476190476,
      "baseline_mean": 0.07142857142857142,
      "absolute_delta": -0.041666666666666664,
      "relative_delta": -0.5833333333333334
    },
    "persona_style": {
      "target_mean": 0.521484375,
      "baseline_mean": 0.529296875,
      "absolute_delta": -0.0078125,
      "relative_delta": -0.014760147601476014
    },
    "distinct1": {
      "target_mean": 0.9461118025995743,
      "baseline_mean": 0.9442250150786159,
      "absolute_delta": 0.0018867875209583884,
      "relative_delta": 0.0019982392870636825
    },
    "length_score": {
      "target_mean": 0.3375,
      "baseline_mean": 0.3385416666666667,
      "absolute_delta": -0.001041666666666663,
      "relative_delta": -0.0030769230769230656
    },
    "sentence_score": {
      "target_mean": 0.7265625,
      "baseline_mean": 0.759375,
      "absolute_delta": -0.03281250000000002,
      "relative_delta": -0.0432098765432099
    },
    "overall_quality": {
      "target_mean": 0.23258494171326005,
      "baseline_mean": 0.23027673003906624,
      "absolute_delta": 0.0023082116741938163,
      "relative_delta": 0.010023642744111532
    }
  },
  "controlled_vs_proposed_raw": {
    "context_relevance": {
      "target_mean": 0.2797645424434121,
      "baseline_mean": 0.06379248720806793,
      "absolute_delta": 0.21597205523534416,
      "relative_delta": 3.38554059713837
    },
    "persona_consistency": {
      "target_mean": 0.27895833333333336,
      "baseline_mean": 0.12810639880952382,
      "absolute_delta": 0.15085193452380954,
      "relative_delta": 1.1775519093945115
    },
    "naturalness": {
      "target_mean": 0.9209420210230347,
      "baseline_mean": 0.8186009710398297,
      "absolute_delta": 0.10234104998320503,
      "relative_delta": 0.12501945832437272
    },
    "context_keyword_coverage": {
      "target_mean": 0.3521780303030303,
      "baseline_mean": 0.07102272727272727,
      "absolute_delta": 0.281155303030303,
      "relative_delta": 3.958666666666667
    },
    "context_overlap": {
      "target_mean": 0.11079973743763623,
      "baseline_mean": 0.04692192705719617,
      "absolute_delta": 0.06387781038044006,
      "relative_delta": 1.3613637458362542
    },
    "persona_keyword_coverage": {
      "target_mean": 0.20416666666666666,
      "baseline_mean": 0.02976190476190476,
      "absolute_delta": 0.1744047619047619,
      "relative_delta": 5.86
    },
    "persona_style": {
      "target_mean": 0.578125,
      "baseline_mean": 0.521484375,
      "absolute_delta": 0.056640625,
      "relative_delta": 0.10861423220973783
    },
    "distinct1": {
      "target_mean": 0.9371206775575867,
      "baseline_mean": 0.9461118025995743,
      "absolute_delta": -0.008991125041987624,
      "relative_delta": -0.009503237373514687
    },
    "length_score": {
      "target_mean": 0.76875,
      "baseline_mean": 0.3375,
      "absolute_delta": 0.43125,
      "relative_delta": 1.2777777777777777
    },
    "sentence_score": {
      "target_mean": 0.9234375,
      "baseline_mean": 0.7265625,
      "absolute_delta": 0.19687500000000002,
      "relative_delta": 0.2709677419354839
    },
    "overall_quality": {
      "target_mean": 0.4090153819084778,
      "baseline_mean": 0.23258494171326005,
      "absolute_delta": 0.17643044019521775,
      "relative_delta": 0.7585634688798047
    }
  },
  "controlled_vs_candidate_no_context": {
    "context_relevance": {
      "target_mean": 0.2797645424434121,
      "baseline_mean": 0.029938121366900775,
      "absolute_delta": 0.24982642107651132,
      "relative_delta": 8.344759446152704
    },
    "persona_consistency": {
      "target_mean": 0.27895833333333336,
      "baseline_mean": 0.16300223214285714,
      "absolute_delta": 0.11595610119047622,
      "relative_delta": 0.7113773821750544
    },
    "naturalness": {
      "target_mean": 0.9209420210230347,
      "baseline_mean": 0.8213358393647796,
      "absolute_delta": 0.09960618165825508,
      "relative_delta": 0.12127339010956883
    },
    "context_keyword_coverage": {
      "target_mean": 0.3521780303030303,
      "baseline_mean": 0.02556818181818182,
      "absolute_delta": 0.3266098484848485,
      "relative_delta": 12.774074074074074
    },
    "context_overlap": {
      "target_mean": 0.11079973743763623,
      "baseline_mean": 0.04013464698057835,
      "absolute_delta": 0.07066509045705788,
      "relative_delta": 1.7607004364895393
    },
    "persona_keyword_coverage": {
      "target_mean": 0.20416666666666666,
      "baseline_mean": 0.07142857142857142,
      "absolute_delta": 0.13273809523809524,
      "relative_delta": 1.8583333333333334
    },
    "persona_style": {
      "target_mean": 0.578125,
      "baseline_mean": 0.529296875,
      "absolute_delta": 0.048828125,
      "relative_delta": 0.09225092250922509
    },
    "distinct1": {
      "target_mean": 0.9371206775575867,
      "baseline_mean": 0.9442250150786159,
      "absolute_delta": -0.007104337521029236,
      "relative_delta": -0.007523987828725053
    },
    "length_score": {
      "target_mean": 0.76875,
      "baseline_mean": 0.3385416666666667,
      "absolute_delta": 0.43020833333333336,
      "relative_delta": 1.2707692307692309
    },
    "sentence_score": {
      "target_mean": 0.9234375,
      "baseline_mean": 0.759375,
      "absolute_delta": 0.1640625,
      "relative_delta": 0.21604938271604937
    },
    "overall_quality": {
      "target_mean": 0.4090153819084778,
      "baseline_mean": 0.23027673003906624,
      "absolute_delta": 0.17873865186941157,
      "relative_delta": 0.7761906808347014
    }
  },
  "controlled_alt_vs_controlled_default": {
    "context_relevance": {
      "target_mean": 0.24306601246889503,
      "baseline_mean": 0.2797645424434121,
      "absolute_delta": -0.03669852997451706,
      "relative_delta": -0.1311764873918576
    },
    "persona_consistency": {
      "target_mean": 0.2970982142857143,
      "baseline_mean": 0.27895833333333336,
      "absolute_delta": 0.01813988095238095,
      "relative_delta": 0.06502720580390481
    },
    "naturalness": {
      "target_mean": 0.9169334658158489,
      "baseline_mean": 0.9209420210230347,
      "absolute_delta": -0.004008555207185793,
      "relative_delta": -0.004352668371818741
    },
    "context_keyword_coverage": {
      "target_mean": 0.30506628787878787,
      "baseline_mean": 0.3521780303030303,
      "absolute_delta": -0.04711174242424243,
      "relative_delta": -0.1337725194944878
    },
    "context_overlap": {
      "target_mean": 0.0983987031791451,
      "baseline_mean": 0.11079973743763623,
      "absolute_delta": -0.012401034258491123,
      "relative_delta": -0.11192295708706945
    },
    "persona_keyword_coverage": {
      "target_mean": 0.22023809523809523,
      "baseline_mean": 0.20416666666666666,