{
  "proposed_contextual_controlled": {
    "sample_count": 32,
    "context_relevance": {
      "n": 32,
      "mean": 0.2797645424434121,
      "median": 0.28204545454545454,
      "p95": 0.3900821596244131,
      "ci95_low": 0.2575247301992854,
      "ci95_high": 0.3017408449556905
    },
    "persona_consistency": {
      "n": 32,
      "mean": 0.27895833333333336,
      "median": 0.24666666666666667,
      "p95": 0.4285714285714286,
      "ci95_low": 0.24936607142857142,
      "ci95_high": 0.30958779761904764
    },
    "naturalness": {
      "n": 32,
      "mean": 0.9209420210230347,
      "median": 0.9202898550724639,
      "p95": 0.9724414414414414,
      "ci95_low": 0.9065067211467912,
      "ci95_high": 0.9337181068415491
    },
    "context_keyword_coverage": {
      "n": 32,
      "mean": 0.3521780303030303,
      "median": 0.36363636363636365,
      "p95": 0.475,
      "ci95_low": 0.32329308712121213,
      "ci95_high": 0.37987926136363637
    },
    "context_overlap": {
      "n": 32,
      "mean": 0.11079973743763623,
      "median": 0.10853976531942634,
      "p95": 0.16299999999999998,
      "ci95_low": 0.09858652590452495,
      "ci95_high": 0.12413151078719518
    },
    "persona_keyword_coverage": {
      "n": 32,
      "mean": 0.20416666666666666,
      "median": 0.18333333333333335,
      "p95": 0.3333333333333333,
      "ci95_low": 0.17677455357142854,
      "ci95_high": 0.23095238095238094
    },
    "persona_style": {
      "n": 32,
      "mean": 0.578125,
      "median": 0.5,
      "p95": 1.0,
      "ci95_low": 0.4635416666666667,
      "ci95_high": 0.6928385416666659
    },
    "distinct1": {
      "n": 32,
      "mean": 0.9371206775575867,
      "median": 0.9333333333333333,
      "p95": 1.0,
      "ci95_low": 0.9269220979850579,
      "ci95_high": 0.9472629467752046
    },
    "length_score": {
      "n": 32,
      "mean": 0.76875,
      "median": 0.7666666666666666,
      "p95": 0.9666666666666668,
      "ci95_low": 0.7124739583333334,
      "ci95_high": 0.8270833333333334
    },
    "sentence_score": {
      "n": 32,
      "mean": 0.9234375,
      "median": 1.0,
      "p95": 1.0,
      "ci95_low": 0.86875,
      "ci95_high": 0.9671875
    },
    "overall_quality": {
      "n": 32,
      "mean": 0.4090153819084778,
      "median": 0.411489620990608,
      "p95": 0.4657430545889718,
      "ci95_low": 0.3937402314539054,
      "ci95_high": 0.42377273427788237
    },
    "metrics": [
      "context_relevance",
      "persona_consistency",
      "naturalness",
      "context_keyword_coverage",
      "context_overlap",
      "persona_keyword_coverage",
      "persona_style",
      "distinct1",
      "length_score",
      "sentence_score",
      "overall_quality"
    ]
  },
  "proposed_contextual_controlled_alt": {
    "sample_count": 32,
    "context_relevance": {
      "n": 32,
      "mean": 0.24306601246889503,
      "median": 0.27610285547785546,
      "p95": 0.3151874391431353,
      "ci95_low": 0.21755893179656727,
      "ci95_high": 0.2696859968327569
    },
    "persona_consistency": {
      "n": 32,
      "mean": 0.2970982142857143,
      "median": 0.2895238095238095,
      "p95": 0.4414285714285714,
      "ci95_low": 0.2592849702380952,
      "ci95_high": 0.335178943452381
    },
    "naturalness": {
      "n": 32,
      "mean": 0.9169334658158489,
      "median": 0.9178658536585367,
      "p95": 0.9775555555555555,
      "ci95_low": 0.9029171085284573,
      "ci95_high": 0.9305992399375828
    },
    "context_keyword_coverage": {
      "n": 32,
      "mean": 0.30506628787878787,
      "median": 0.3484848484848485,
      "p95": 0.38749999999999996,
      "ci95_low": 0.26850378787878787,
      "ci95_high": 0.33797585227272725
    },
    "context_overlap": {
      "n": 32,
      "mean": 0.0983987031791451,
      "median": 0.09093915343915343,
      "p95": 0.15648148148148144,
      "ci95_low": 0.08776255907889507,
      "ci95_high": 0.11078052641159046
    },
    "persona_keyword_coverage": {
      "n": 32,
      "mean": 0.22023809523809523,
      "median": 0.16666666666666666,
      "p95": 0.49285714285714277,
      "ci95_low": 0.17738095238095236,
      "ci95_high": 0.2677083333333333
    },
    "persona_style": {
      "n": 32,
      "mean": 0.6045386904761905,
      "median": 0.5,
      "p95": 1.0,
      "ci95_low": 0.5107886904761905,
      "ci95_high": 0.7061011904761905
    },
    "distinct1": {
      "n": 32,
      "mean": 0.9428544978729555,
      "median": 0.9354838709677419,
      "p95": 1.0,
      "ci95_low": 0.934266731900515,
      "ci95_high": 0.9513552388824252
    },
    "length_score": {
      "n": 32,
      "mean": 0.7427083333333333,
      "median": 0.75,
      "p95": 0.9666666666666668,
      "ci95_low": 0.675,
      "ci95_high": 0.8041666666666667
    },
    "sentence_score": {
      "n": 32,
      "mean": 0.9125,
      "median": 1.0,
      "p95": 1.0,
      "ci95_low": 0.8578125,
      "ci95_high": 0.95625
    },
    "overall_quality": {
      "n": 32,
      "mean": 0.3976395106822751,
      "median": 0.39913511586452777,
      "p95": 0.4611078229918232,
      "ci95_low": 0.3805240075109067,
      "ci95_high": 0.4125628285830769
    },
    "metrics": [
      "context_relevance",
      "persona_consistency",
      "naturalness",
      "context_keyword_coverage",
      "context_overlap",
      "persona_keyword_coverage",
      "persona_style",
      "distinct1",
      "length_score",
      "sentence_score",
      "overall_quality"
    ]
  },
  "proposed_contextual": {
    "sample_count": 32,
    "context_relevance": {
      "n": 32,
      "mean": 0.06379248720806793,
      "median": 0.014634146341463414,
      "p95": 0.24681818181818177,
      "ci95_low": 0.034877742681142486,
      "ci95_high": 0.09664330630510501
    },
    "persona_consistency": {
      "n": 32,
      "mean": 0.12810639880952382,
      "median": 0.1,
      "p95": 0.32285714285714284,
      "ci95_low": 0.09372977120535715,
      "ci95_high": 0.16278436569940472
    },
    "naturalness": {
      "n": 32,
      "mean": 0.8186009710398297,
      "median": 0.7486363636363635,
      "p95": 0.9624423076923077,
      "ci95_low": 0.7922502628711867,
      "ci95_high": 0.8471070641880764
    },
    "context_keyword_coverage": {
      "n": 32,
      "mean": 0.07102272727272727,
      "median": 0.0,
      "p95": 0.3136363636363636,
      "ci95_low": 0.03125,
      "ci95_high": 0.11363636363636363
    },
    "context_overlap": {
      "n": 32,
      "mean": 0.04692192705719617,
      "median": 0.04508611955420466,
      "p95": 0.09090909090909091,
      "ci95_low": 0.038398632915370295,
      "ci95_high": 0.055812557950182806
    },
    "persona_keyword_coverage": {
      "n": 32,
      "mean": 0.02976190476190476,
      "median": 0.0,
      "p95": 0.16666666666666666,
      "ci95_low": 0.008835565476190481,
      "ci95_high": 0.05879836309523799
    },
    "persona_style": {
      "n": 32,
      "mean": 0.521484375,
      "median": 0.5,
      "p95": 1.0,
      "ci95_low": 0.4072265625,
      "ci95_high": 0.6357421875
    },
    "distinct1": {
      "n": 32,
      "mean": 0.9461118025995743,
      "median": 0.9090909090909091,
      "p95": 1.0,
      "ci95_low": 0.9317540297677865,
      "ci95_high": 0.9607473103210195
    },
    "length_score": {
      "n": 32,
      "mean": 0.3375,
      "median": 0.09999999999999998,
      "p95": 0.915,
      "ci95_low": 0.23854166666666665,
      "ci95_high": 0.4385937499999997
    },
    "sentence_score": {
      "n": 32,
      "mean": 0.7265625,
      "median": 0.65,
      "p95": 1.0,
      "ci95_low": 0.6828125,
      "ci95_high": 0.78125
    },
    "overall_quality": {
      "n": 32,
      "mean": 0.23258494171326005,
      "median": 0.20568070953436812,
      "p95": 0.37108724881675703,
      "ci95_low": 0.20812709758590636,
      "ci95_high": 0.2588648539606216
    },