{
  "proposed_contextual_controlled": {
    "sample_count": 24,
    "context_relevance": {
      "n": 24,
      "mean": 0.07868399889787278,
      "median": 0.012122448979591836,
      "p95": 0.27328571428571413,
      "ci95_low": 0.03943268729495209,
      "ci95_high": 0.12412012943143208
    },
    "persona_consistency": {
      "n": 24,
      "mean": 0.2264955357142857,
      "median": 0.23333333333333334,
      "p95": 0.4304166666666665,
      "ci95_low": 0.18464254712301584,
      "ci95_high": 0.27149262152777776
    },
    "naturalness": {
      "n": 24,
      "mean": 0.884438196219785,
      "median": 0.8879629629629631,
      "p95": 0.9603333333333333,
      "ci95_low": 0.869935925765966,
      "ci95_high": 0.8994926519052211
    },
    "quest_state_correctness": {
      "n": 24,
      "mean": 0.16643735071434532,
      "median": 0.1055561224489796,
      "p95": 0.3469543859649122,
      "ci95_low": 0.13187636870716657,
      "ci95_high": 0.20740323082039988
    },
    "lore_consistency": {
      "n": 24,
      "mean": 0.030714860397118116,
      "median": 0.0,
      "p95": 0.15844776119402976,
      "ci95_low": 0.008871854960665598,
      "ci95_high": 0.056563274205119245
    },
    "multi_turn_contradiction_safety": {
      "n": 24,
      "mean": 1.0,
      "median": 1.0,
      "p95": 1.0,
      "ci95_low": 1.0,
      "ci95_high": 1.0
    },
    "objective_completion_support": {
      "n": 24,
      "mean": 0.08256944444444445,
      "median": 0.12166666666666667,
      "p95": 0.16333333333333333,
      "ci95_low": 0.05603993055555556,
      "ci95_high": 0.10799305555555552
    },
    "gameplay_usefulness": {
      "n": 24,
      "mean": 0.30859832560202805,
      "median": 0.3041915569095549,
      "p95": 0.378747905982906,
      "ci95_low": 0.29386570806126516,
      "ci95_high": 0.3245654463541536
    },
    "time_pressure_acceptability": {
      "n": 24,
      "mean": 0.3080807359307359,
      "median": 0.3055308441558442,
      "p95": 0.36473333333333335,
      "ci95_low": 0.29304794146825397,
      "ci95_high": 0.3225803190386003
    },
    "context_keyword_coverage": {
      "n": 24,
      "mean": 0.09128787878787879,
      "median": 0.0,
      "p95": 0.3499999999999998,
      "ci95_low": 0.041666666666666664,
      "ci95_high": 0.15151515151515152
    },
    "context_overlap": {
      "n": 24,
      "mean": 0.049274945821192094,
      "median": 0.03773584905660377,
      "p95": 0.11521978021978023,
      "ci95_low": 0.03620089005906981,
      "ci95_high": 0.06519240006792995
    },
    "persona_keyword_coverage": {
      "n": 24,
      "mean": 0.15714285714285714,
      "median": 0.16666666666666666,
      "p95": 0.3333333333333333,
      "ci95_low": 0.11745039682539682,
      "ci95_high": 0.19980158730158729
    },
    "persona_style": {
      "n": 24,
      "mean": 0.50390625,
      "median": 0.5,
      "p95": 0.8609374999999998,
      "ci95_low": 0.40625,
      "ci95_high": 0.59375
    },
    "distinct1": {
      "n": 24,
      "mean": 0.9258524349939069,
      "median": 0.9285714285714286,
      "p95": 0.9972222222222222,
      "ci95_low": 0.9070867692020814,
      "ci95_high": 0.9440823157857052
    },
    "length_score": {
      "n": 24,
      "mean": 0.5777777777777778,
      "median": 0.55,
      "p95": 0.8516666666666665,
      "ci95_low": 0.5305208333333333,
      "ci95_high": 0.6291666666666667
    },
    "sentence_score": {
      "n": 24,
      "mean": 0.9854166666666666,
      "median": 1.0,
      "p95": 1.0,
      "ci95_low": 0.9562499999999999,
      "ci95_high": 1.0
    },
    "overall_quality": {
      "n": 24,
      "mean": 0.2898941412930787,
      "median": 0.2783248203054807,
      "p95": 0.4323529251700681,
      "ci95_low": 0.25869190055535346,
      "ci95_high": 0.32153387815205664
    },
    "metrics": [
      "context_relevance",
      "persona_consistency",
      "naturalness",
      "quest_state_correctness",
      "lore_consistency",
      "multi_turn_contradiction_safety",
      "objective_completion_support",
      "gameplay_usefulness",
      "time_pressure_acceptability",
      "context_keyword_coverage",
      "context_overlap",
      "persona_keyword_coverage",
      "persona_style",
      "distinct1",
      "length_score",
      "sentence_score",
      "overall_quality"
    ]
  },
  "proposed_contextual_controlled_tuned": {
    "sample_count": 24,
    "context_relevance": {
      "n": 24,
      "mean": 0.06832369017768217,
      "median": 0.01650074664011946,
      "p95": 0.21880121638924438,
      "ci95_low": 0.038763661009766005,
      "ci95_high": 0.09957376271898516
    },
    "persona_consistency": {
      "n": 24,
      "mean": 0.2553025793650794,
      "median": 0.23333333333333334,
      "p95": 0.5557142857142855,
      "ci95_low": 0.1974309275793651,
      "ci95_high": 0.31828900049603176
    },
    "naturalness": {
      "n": 24,
      "mean": 0.8718918678652307,
      "median": 0.8733333333333334,
      "p95": 0.9047619047619048,
      "ci95_low": 0.8619743934916416,
      "ci95_high": 0.8827676758492905
    },
    "quest_state_correctness": {
      "n": 24,
      "mean": 0.1555687506861878,
      "median": 0.11930081300813009,
      "p95": 0.281968437900128,
      "ci95_low": 0.12970420000494404,
      "ci95_high": 0.18586056011400934
    },
    "lore_consistency": {
      "n": 24,
      "mean": 0.01817850414356766,
      "median": 0.0,
      "p95": 0.11783616383616367,
      "ci95_low": 0.0036608391608391605,
      "ci95_high": 0.03740259048271752
    },
    "multi_turn_contradiction_safety": {
      "n": 24,
      "mean": 1.0,
      "median": 1.0,
      "p95": 1.0,
      "ci95_low": 1.0,
      "ci95_high": 1.0
    },
    "objective_completion_support": {
      "n": 24,
      "mean": 0.07805555555555556,
      "median": 0.12166666666666667,
      "p95": 0.15958333333333327,
      "ci95_low": 0.05089930555555555,
      "ci95_high": 0.1034045138888889
    },
    "gameplay_usefulness": {
      "n": 24,
      "mean": 0.29743817348946383,
      "median": 0.2939459478132331,
      "p95": 0.33246769813519816,
      "ci95_low": 0.28639857899730625,
      "ci95_high": 0.3088995335314346
    },
    "time_pressure_acceptability": {
      "n": 24,
      "mean": 0.2976871572871573,
      "median": 0.30475,
      "p95": 0.36226833333333336,
      "ci95_low": 0.28238286007395386,
      "ci95_high": 0.31291218366702744
    },
    "context_keyword_coverage": {
      "n": 24,
      "mean": 0.07689393939393939,
      "median": 0.0,
      "p95": 0.26181818181818167,
      "ci95_low": 0.03825757575757576,
      "ci95_high": 0.11893939393939394
    },
    "context_overlap": {
      "n": 24,
      "mean": 0.04832644200641532,
      "median": 0.04044117647058823,
      "p95": 0.11325757575757574,
      "ci95_low": 0.036483001339578,
      "ci95_high": 0.06183172484237171
    },
    "persona_keyword_coverage": {
      "n": 24,
      "mean": 0.19087301587301586,
      "median": 0.16666666666666666,
      "p95": 0.6571428571428564,
      "ci95_low": 0.12301091269841269,
      "ci95_high": 0.2718353174603174
    },
    "persona_style": {
      "n": 24,
      "mean": 0.5130208333333334,
      "median": 0.5,
      "p95": 0.875,
      "ci95_low": 0.4114583333333333,
      "ci95_high": 0.6171875
    },
    "distinct1": {
      "n": 24,
      "mean": 0.923826891885299,
      "median": 0.9285714285714286,
      "p95": 0.9939999999999999,
      "ci95_low": 0.9073120753901033,
      "ci95_high": 0.9403476754886819
    },
    "length_score": {
      "n": 24,
      "mean": 0.5263888888888889,
      "median": 0.5333333333333333,
      "p95": 0.6666666666666667,
      "ci95_low": 0.48888888888888893,
      "ci95_high": 0.5625
    },
    "sentence_score": {
      "n": 24,
      "mean": 0.9708333333333333,
      "median": 1.0,
      "p95": 1.0,
      "ci95_low": 0.9270833333333334,
      "ci95_high": 1.0
    },
    "overall_quality": {
      "n": 24,
      "mean": 0.2931695719504317,
      "median": 0.2850328116066324,