{
  "bm25": {
    "hit@5": {
      "n": 288,
      "mean": 0.9930555555555556,
      "median": 1.0,
      "p95": 1.0,
      "ci95_low": 0.9826388888888888,
      "ci95_high": 1.0
    },
    "mrr": {
      "n": 288,
      "mean": 0.6971643518518519,
      "median": 0.5,
      "p95": 1.0,
      "ci95_low": 0.6635966435185187,
      "ci95_high": 0.7304398148148148
    },
    "ndcg@5": {
      "n": 288,
      "mean": 0.6390001415474369,
      "median": 0.52129602861432,
      "p95": 0.8262346571285599,
      "ci95_low": 0.6175203554000748,
      "ci95_high": 0.6597903176788341
    },
    "query_count": 288,
    "by_query_type": {
      "lore": {
        "query_count": 72,
        "hit@5": {
          "n": 72,
          "mean": 0.9722222222222222,
          "median": 1.0,
          "p95": 1.0,
          "ci95_low": 0.9305555555555556,
          "ci95_high": 1.0
        },
        "mrr": {
          "n": 72,
          "mean": 0.6590277777777778,
          "median": 0.5,
          "p95": 1.0,
          "ci95_low": 0.5914293981481482,
          "ci95_high": 0.7268518518518519
        },
        "ndcg@5": {
          "n": 72,
          "mean": 0.6106561018742478,
          "median": 0.52129602861432,
          "p95": 0.8262346571285599,
          "ci95_low": 0.5653434189536123,
          "ci95_high": 0.655276245932595
        }
      },
      "memory": {
        "query_count": 72,
        "hit@5": {
          "n": 72,
          "mean": 1.0,
          "median": 1.0,
          "p95": 1.0,
          "ci95_low": 1.0,
          "ci95_high": 1.0
        },
        "mrr": {
          "n": 72,
          "mean": 0.712962962962963,
          "median": 0.5,
          "p95": 1.0,
          "ci95_low": 0.6504050925925927,
          "ci95_high": 0.775462962962963
        },
        "ndcg@5": {
          "n": 72,
          "mean": 0.6502700059613166,
          "median": 0.52129602861432,
          "p95": 0.8262346571285599,
          "ci95_low": 0.6091409088291064,
          "ci95_high": 0.6874531794858906
        }
      },
      "persona": {
        "query_count": 72,
        "hit@5": {
          "n": 72,
          "mean": 1.0,
          "median": 1.0,
          "p95": 1.0,
          "ci95_low": 1.0,
          "ci95_high": 1.0
        },
        "mrr": {
          "n": 72,
          "mean": 0.7060185185185186,
          "median": 0.5,
          "p95": 1.0,
          "ci95_low": 0.6435185185185186,
          "ci95_high": 0.7731481481481481
        },
        "ndcg@5": {
          "n": 72,
          "mean": 0.6460347472319522,
          "median": 0.52129602861432,
          "p95": 0.8262346571285599,
          "ci95_low": 0.6079106139900208,
          "ci95_high": 0.686222884646805
        }
      },
      "quest": {
        "query_count": 72,
        "hit@5": {
          "n": 72,
          "mean": 1.0,
          "median": 1.0,
          "p95": 1.0,
          "ci95_low": 1.0,
          "ci95_high": 1.0
        },
        "mrr": {
          "n": 72,
          "mean": 0.7106481481481481,
          "median": 0.5,
          "p95": 1.0,
          "ci95_low": 0.650462962962963,
          "ci95_high": 0.7731481481481481
        },
        "ndcg@5": {
          "n": 72,
          "mean": 0.649039711122231,
          "median": 0.52129602861432,
          "p95": 0.8262346571285599,
          "ci95_low": 0.6106433907742459,
          "ci95_high": 0.6886595216316506
        }
      }
    }
  },
  "keyword_overlap": {
    "hit@5": {
      "n": 288,
      "mean": 0.9965277777777778,
      "median": 1.0,
      "p95": 1.0,
      "ci95_low": 0.9895833333333334,
      "ci95_high": 1.0
    },
    "mrr": {
      "n": 288,
      "mean": 0.6996527777777778,
      "median": 0.5,
      "p95": 1.0,
      "ci95_low": 0.6663773148148148,
      "ci95_high": 0.732349537037037
    },
    "ndcg@5": {
      "n": 288,
      "mean": 0.6413336817936354,
      "median": 0.52129602861432,
      "p95": 0.8262346571285599,
      "ci95_low": 0.6208405823428694,
      "ci95_high": 0.6616335836185737
    },
    "query_count": 288,
    "by_query_type": {
      "lore": {
        "query_count": 72,
        "hit@5": {
          "n": 72,
          "mean": 0.9861111111111112,
          "median": 1.0,
          "p95": 1.0,
          "ci95_low": 0.9583333333333334,
          "ci95_high": 1.0
        },
        "mrr": {
          "n": 72,
          "mean": 0.681712962962963,
          "median": 0.5,
          "p95": 1.0,
          "ci95_low": 0.6168692129629629,
          "ci95_high": 0.7453703703703702
        },
        "ndcg@5": {
          "n": 72,
          "mean": 0.6280260053435627,
          "median": 0.52129602861432,
          "p95": 0.8262346571285599,
          "ci95_low": 0.5851290438378105,
          "ci95_high": 0.6686271789839131
        }
      },
      "memory": {
        "query_count": 72,
        "hit@5": {
          "n": 72,
          "mean": 1.0,
          "median": 1.0,
          "p95": 1.0,
          "ci95_low": 1.0,
          "ci95_high": 1.0
        },
        "mrr": {
          "n": 72,
          "mean": 0.712962962962963,
          "median": 0.5,
          "p95": 1.0,
          "ci95_low": 0.6504050925925927,
          "ci95_high": 0.775462962962963
        },
        "ndcg@5": {
          "n": 72,
          "mean": 0.6502700059613166,
          "median": 0.52129602861432,
          "p95": 0.8262346571285599,
          "ci95_low": 0.6091409088291064,
          "ci95_high": 0.6874531794858906
        }
      },
      "persona": {
        "query_count": 72,
        "hit@5": {
          "n": 72,
          "mean": 1.0,
          "median": 1.0,
          "p95": 1.0,
          "ci95_low": 1.0,
          "ci95_high": 1.0
        },
        "mrr": {
          "n": 72,
          "mean": 0.7060185185185186,
          "median": 0.5,
          "p95": 1.0,
          "ci95_low": 0.6435185185185186,
          "ci95_high": 0.7731481481481481
        },
        "ndcg@5": {
          "n": 72,
          "mean": 0.6460347472319522,
          "median": 0.52129602861432,
          "p95": 0.8262346571285599,
          "ci95_low": 0.6079106139900208,
          "ci95_high": 0.686222884646805
        }
      },
      "quest": {
        "query_count": 72,
        "hit@5": {
          "n": 72,
          "mean": 1.0,
          "median": 1.0,
          "p95": 1.0,
          "ci95_low": 1.0,
          "ci95_high": 1.0
        },
        "mrr": {
          "n": 72,
          "mean": 0.6979166666666666,
          "median": 0.5,
          "p95": 1.0,
          "ci95_low": 0.6354166666666666,
          "ci95_high": 0.7627604166666664
        },
        "ndcg@5": {
          "n": 72,
          "mean": 0.6410039686377099,
          "median": 0.52129602861432,
          "p95": 0.8262346571285599,
          "ci95_low": 0.6030492279415838,
          "ci95_high": 0.6813375459050424
        }
      }
    }
  },
  "random": {
    "hit@5": {
      "n": 288,
      "mean": 0.017361111111111112,
      "median": 0.0,
      "p95": 0.0,
      "ci95_low": 0.003472222222222222,
      "ci95_high": 0.034722222222222224
    },
    "mrr": {
      "n": 288,
      "mean": 0.00949074074074074,
      "median": 0.0,
      "p95": 0.0,
      "ci95_low": 0.001388888888888889,
      "ci95_high": 0.020144675925925892
    },
    "ndcg@5": {
      "n": 288,
      "mean": 0.00578307956395501,
      "median": 0.0,
      "p95": 0.0,
      "ci95_low": 0.0004781450562086574,
      "ci95_high": 0.013063456948774255
    },
    "query_count": 288,
    "by_query_type": {
      "lore": {
        "query_count": 72,
        "hit@5": {
          "n": 72,
          "mean": 0.027777777777777776,
          "median": 0.0,
          "p95": 0.0,
          "ci95_low": 0.0,
          "ci95_high": 0.06944444444444445
        },
        "mrr": {
          "n": 72,
          "mean": 0.016666666666666666,
          "median": 0.0,
          "p95": 0.0,
          "ci95_low": 0.0,
          "ci95_high": 0.04722222222222222
        },
        "ndcg@5": {
          "n": 72,