{
  "proposed_contextual_controlled": {
    "sample_count": 24,
    "context_relevance": {
      "n": 24,
      "mean": 0.28985149917600084,
      "median": 0.28136199455858896,
      "p95": 0.42036154225178607,
      "ci95_low": 0.2500642646666769,
      "ci95_high": 0.33554098527526877
    },
    "persona_consistency": {
      "n": 24,
      "mean": 0.41798280423280426,
      "median": 0.35000000000000003,
      "p95": 0.7660714285714285,
      "ci95_low": 0.3519421296296297,
      "ci95_high": 0.49515575396825395
    },
    "naturalness": {
      "n": 24,
      "mean": 0.8625889575112508,
      "median": 0.8878014184397163,
      "p95": 0.9594146341463414,
      "ci95_low": 0.8260044601991963,
      "ci95_high": 0.8958737874041205
    },
    "context_keyword_coverage": {
      "n": 24,
      "mean": 0.3621843434343434,
      "median": 0.36363636363636365,
      "p95": 0.5454545454545454,
      "ci95_low": 0.3090877525252525,
      "ci95_high": 0.42298295454545454
    },
    "context_overlap": {
      "n": 24,
      "mean": 0.1210748625732015,
      "median": 0.11126373626373626,
      "p95": 0.22599999999999987,
      "ci95_low": 0.10493465241870285,
      "ci95_high": 0.1398579001887924
    },
    "persona_keyword_coverage": {
      "n": 24,
      "mean": 0.37103174603174605,
      "median": 0.26666666666666666,
      "p95": 0.8357142857142853,
      "ci95_low": 0.278968253968254,
      "ci95_high": 0.47162698412698406
    },
    "persona_style": {
      "n": 24,
      "mean": 0.6057870370370371,
      "median": 0.5,
      "p95": 1.0,
      "ci95_low": 0.4978819444444444,
      "ci95_high": 0.718790509259259
    },
    "distinct1": {
      "n": 24,
      "mean": 0.9257545005602336,
      "median": 0.9393939393939394,
      "p95": 0.9717013888888889,
      "ci95_low": 0.902308818139544,
      "ci95_high": 0.9459382028654064
    },
    "length_score": {
      "n": 24,
      "mean": 0.5027777777777778,
      "median": 0.48333333333333334,
      "p95": 0.9333333333333333,
      "ci95_low": 0.3611111111111111,
      "ci95_high": 0.6416666666666667
    },
    "sentence_score": {
      "n": 24,
      "mean": 0.9416666666666668,
      "median": 1.0,
      "p95": 1.0,
      "ci95_low": 0.8833333333333333,
      "ci95_high": 0.9854166666666666
    },
    "overall_quality": {
      "n": 24,
      "mean": 0.4534958247121041,
      "median": 0.44554259235596994,
      "p95": 0.6045919931360959,
      "ci95_low": 0.424128485533827,
      "ci95_high": 0.4846718140273205
    },
    "metrics": [
      "context_relevance",
      "persona_consistency",
      "naturalness",
      "context_keyword_coverage",
      "context_overlap",
      "persona_keyword_coverage",
      "persona_style",
      "distinct1",
      "length_score",
      "sentence_score",
      "overall_quality"
    ]
  },
  "proposed_contextual_controlled_alt": {
    "sample_count": 24,
    "context_relevance": {
      "n": 24,
      "mean": 0.2900037444075675,
      "median": 0.27873451849355463,
      "p95": 0.4990043290043288,
      "ci95_low": 0.24061708667595003,
      "ci95_high": 0.34049908433863063
    },
    "persona_consistency": {
      "n": 24,
      "mean": 0.37349206349206354,
      "median": 0.33333333333333337,
      "p95": 0.6202142857142858,
      "ci95_low": 0.3127554563492064,
      "ci95_high": 0.44042162698412696
    },
    "naturalness": {
      "n": 24,
      "mean": 0.8654331777989334,
      "median": 0.8934090909090909,
      "p95": 0.9712181128496917,
      "ci95_low": 0.8216566963576137,
      "ci95_high": 0.9051782494168138
    },
    "context_keyword_coverage": {
      "n": 24,
      "mean": 0.3619949494949495,
      "median": 0.36363636363636365,
      "p95": 0.6227272727272726,
      "ci95_low": 0.29418876262626265,
      "ci95_high": 0.4272758838383838
    },
    "context_overlap": {
      "n": 24,
      "mean": 0.12202426587034287,
      "median": 0.11620057859209257,
      "p95": 0.17047406389556855,
      "ci95_low": 0.10878195556688162,
      "ci95_high": 0.1366021730497793
    },
    "persona_keyword_coverage": {
      "n": 24,
      "mean": 0.3140873015873016,
      "median": 0.2,
      "p95": 0.7142857142857143,
      "ci95_low": 0.2331349206349206,
      "ci95_high": 0.4055555555555556
    },
    "persona_style": {
      "n": 24,
      "mean": 0.611111111111111,
      "median": 0.5,
      "p95": 1.0,
      "ci95_low": 0.48949652777777775,
      "ci95_high": 0.7326388888888888
    },
    "distinct1": {
      "n": 24,
      "mean": 0.9227414942808835,
      "median": 0.9275210084033614,
      "p95": 1.0,
      "ci95_low": 0.8926515565664489,
      "ci95_high": 0.9473553080955207
    },
    "length_score": {
      "n": 24,
      "mean": 0.548611111111111,
      "median": 0.6833333333333333,
      "p95": 0.9949999999999999,
      "ci95_low": 0.4013541666666667,
      "ci95_high": 0.6930902777777775
    },
    "sentence_score": {
      "n": 24,
      "mean": 0.9125,
      "median": 1.0,
      "p95": 1.0,
      "ci95_low": 0.8541666666666666,
      "ci95_high": 0.9708333333333333
    },
    "overall_quality": {
      "n": 24,
      "mean": 0.4373404366489642,
      "median": 0.4330420903316513,
      "p95": 0.5791206506428894,
      "ci95_low": 0.4088007664194775,
      "ci95_high": 0.46611748624006755
    },
    "metrics": [
      "context_relevance",
      "persona_consistency",
      "naturalness",
      "context_keyword_coverage",
      "context_overlap",
      "persona_keyword_coverage",
      "persona_style",
      "distinct1",
      "length_score",
      "sentence_score",
      "overall_quality"
    ]
  },
  "proposed_contextual": {
    "sample_count": 24,
    "context_relevance": {
      "n": 24,
      "mean": 0.048805069102209046,
      "median": 0.0150093808630394,
      "p95": 0.14005685805422635,
      "ci95_low": 0.02489145663494771,
      "ci95_high": 0.08167564991761721
    },
    "persona_consistency": {
      "n": 24,
      "mean": 0.13432196681864236,
      "median": 0.1,
      "p95": 0.418571428571428,
      "ci95_low": 0.09210609670508274,
      "ci95_high": 0.18768818204365076
    },
    "naturalness": {
      "n": 24,
      "mean": 0.804715038696131,
      "median": 0.7486363636363635,
      "p95": 0.9160544217687075,
      "ci95_low": 0.7794176118728375,
      "ci95_high": 0.8316308195043751
    },
    "context_keyword_coverage": {
      "n": 24,
      "mean": 0.04829545454545455,
      "median": 0.0,
      "p95": 0.15530303030303014,
      "ci95_low": 0.017676767676767676,
      "ci95_high": 0.09311868686868686
    },
    "context_overlap": {
      "n": 24,
      "mean": 0.04999416973463622,
      "median": 0.04878048780487805,
      "p95": 0.10448245614035086,
      "ci95_low": 0.04012349549417482,
      "ci95_high": 0.06119697947602865
    },
    "persona_keyword_coverage": {
      "n": 24,
      "mean": 0.047619047619047616,
      "median": 0.0,
      "p95": 0.4857142857142845,
      "ci95_low": 0.0,
      "ci95_high": 0.11904761904761903
    },
    "persona_style": {
      "n": 24,
      "mean": 0.48113364361702127,
      "median": 0.5,
      "p95": 1.0,
      "ci95_low": 0.36696771572104014,
      "ci95_high": 0.6001073526152481
    },
    "distinct1": {
      "n": 24,
      "mean": 0.9312320411847722,
      "median": 0.9090909090909091,
      "p95": 1.0,
      "ci95_low": 0.9189439858111076,
      "ci95_high": 0.9443157845160208
    },
    "length_score": {
      "n": 24,
      "mean": 0.27777777777777773,
      "median": 0.09999999999999998,
      "p95": 0.6333333333333333,
      "ci95_low": 0.19024305555555557,
      "ci95_high": 0.3667013888888887
    },
    "sentence_score": {
      "n": 24,
      "mean": 0.7666666666666666,
      "median": 0.65,
      "p95": 1.0,
      "ci95_low": 0.7083333333333334,
      "ci95_high": 0.8395833333333332
    },
    "overall_quality": {
      "n": 24,
      "mean": 0.22553020188239345,
      "median": 0.18899484152862922,
      "p95": 0.36816160738740705,
      "ci95_low": 0.2018660012088336,