{
  "proposed_contextual_controlled": {
    "sample_count": 24,
    "context_relevance": {
      "n": 24,
      "mean": 0.26153521748134184,
      "median": 0.22564007421150276,
      "p95": 0.4183704545454544,
      "ci95_low": 0.22666425223436,
      "ci95_high": 0.3006905711842317
    },
    "persona_consistency": {
      "n": 24,
      "mean": 0.3737698412698413,
      "median": 0.33333333333333337,
      "p95": 0.739357142857143,
      "ci95_low": 0.29945486111111114,
      "ci95_high": 0.45443799603174606
    },
    "naturalness": {
      "n": 24,
      "mean": 0.8830535611086455,
      "median": 0.9165635286372614,
      "p95": 0.959,
      "ci95_low": 0.8546672589049765,
      "ci95_high": 0.9107387126158106
    },
    "context_keyword_coverage": {
      "n": 24,
      "mean": 0.32683080808080806,
      "median": 0.2727272727272727,
      "p95": 0.5386363636363636,
      "ci95_low": 0.28030145202020196,
      "ci95_high": 0.3757654671717171
    },
    "context_overlap": {
      "n": 24,
      "mean": 0.10917883941592064,
      "median": 0.09807651659268654,
      "p95": 0.18786630036630034,
      "ci95_low": 0.0924251308808188,
      "ci95_high": 0.12728579298005588
    },
    "persona_keyword_coverage": {
      "n": 24,
      "mean": 0.31765873015873014,
      "median": 0.18333333333333335,
      "p95": 0.8,
      "ci95_low": 0.22578373015873016,
      "ci95_high": 0.4154861111111111
    },
    "persona_style": {
      "n": 24,
      "mean": 0.5982142857142857,
      "median": 0.5,
      "p95": 1.0,
      "ci95_low": 0.4826388888888889,
      "ci95_high": 0.718266369047619
    },
    "distinct1": {
      "n": 24,
      "mean": 0.9274255694382804,
      "median": 0.9354838709677419,
      "p95": 0.9829616413916147,
      "ci95_low": 0.9107378054410423,
      "ci95_high": 0.9425983184593537
    },
    "length_score": {
      "n": 24,
      "mean": 0.5750000000000001,
      "median": 0.7333333333333333,
      "p95": 0.9616666666666667,
      "ci95_low": 0.4444444444444445,
      "ci95_high": 0.6972222222222223
    },
    "sentence_score": {
      "n": 24,
      "mean": 0.9708333333333333,
      "median": 1.0,
      "p95": 1.0,
      "ci95_low": 0.9270833333333334,
      "ci95_high": 1.0
    },
    "overall_quality": {
      "n": 24,
      "mean": 0.4281003313519531,
      "median": 0.4122307821881689,
      "p95": 0.5576279869497842,
      "ci95_low": 0.400268726551771,
      "ci95_high": 0.45749898613238343
    },
    "metrics": [
      "context_relevance",
      "persona_consistency",
      "naturalness",
      "context_keyword_coverage",
      "context_overlap",
      "persona_keyword_coverage",
      "persona_style",
      "distinct1",
      "length_score",
      "sentence_score",
      "overall_quality"
    ]
  },
  "proposed_contextual_controlled_alt": {
    "sample_count": 24,
    "context_relevance": {
      "n": 24,
      "mean": 0.2640323286479822,
      "median": 0.22632575757575757,
      "p95": 0.4945916267942583,
      "ci95_low": 0.22077796471504257,
      "ci95_high": 0.3125522542268898
    },
    "persona_consistency": {
      "n": 24,
      "mean": 0.32083333333333336,
      "median": 0.26,
      "p95": 0.5428571428571429,
      "ci95_low": 0.2785257936507937,
      "ci95_high": 0.3706438492063492
    },
    "naturalness": {
      "n": 24,
      "mean": 0.8771382732679941,
      "median": 0.9006032492165594,
      "p95": 0.9717117117117117,
      "ci95_low": 0.840972211272178,
      "ci95_high": 0.910664128620354
    },
    "context_keyword_coverage": {
      "n": 24,
      "mean": 0.32683080808080806,
      "median": 0.2727272727272727,
      "p95": 0.6284090909090908,
      "ci95_low": 0.2655886994949495,
      "ci95_high": 0.3902825126262626
    },
    "context_overlap": {
      "n": 24,
      "mean": 0.11750254330472183,
      "median": 0.10839160839160839,
      "p95": 0.19133738601823708,
      "ci95_low": 0.10196424236915375,
      "ci95_high": 0.13472780174817273
    },
    "persona_keyword_coverage": {
      "n": 24,
      "mean": 0.2569444444444445,
      "median": 0.2,
      "p95": 0.4892857142857141,
      "ci95_low": 0.21089781746031747,
      "ci95_high": 0.310515873015873
    },
    "persona_style": {
      "n": 24,
      "mean": 0.576388888888889,
      "median": 0.5,
      "p95": 1.0,
      "ci95_low": 0.4375,
      "ci95_high": 0.7152777777777778
    },
    "distinct1": {
      "n": 24,
      "mean": 0.9186379366911122,
      "median": 0.9338662790697674,
      "p95": 0.9797067448680352,
      "ci95_low": 0.8948455422819299,
      "ci95_high": 0.9385988546779181
    },
    "length_score": {
      "n": 24,
      "mean": 0.5916666666666667,
      "median": 0.7333333333333333,
      "p95": 0.9666666666666668,
      "ci95_low": 0.45694444444444443,
      "ci95_high": 0.7208333333333333
    },
    "sentence_score": {
      "n": 24,
      "mean": 0.9416666666666668,
      "median": 1.0,
      "p95": 1.0,
      "ci95_low": 0.8833333333333333,
      "ci95_high": 0.9854166666666666
    },
    "overall_quality": {
      "n": 24,
      "mean": 0.40829242428000384,
      "median": 0.3973879269643977,
      "p95": 0.48716730058748725,
      "ci95_low": 0.38635863056291897,
      "ci95_high": 0.4317413385569764
    },
    "metrics": [
      "context_relevance",
      "persona_consistency",
      "naturalness",
      "context_keyword_coverage",
      "context_overlap",
      "persona_keyword_coverage",
      "persona_style",
      "distinct1",
      "length_score",
      "sentence_score",
      "overall_quality"
    ]
  },
  "proposed_contextual": {
    "sample_count": 24,
    "context_relevance": {
      "n": 24,
      "mean": 0.07293614380108926,
      "median": 0.01600284495021337,
      "p95": 0.26821038961038957,
      "ci95_low": 0.04008819569055108,
      "ci95_high": 0.11461370785085066
    },
    "persona_consistency": {
      "n": 24,
      "mean": 0.14243055555555556,
      "median": 0.1,
      "p95": 0.41928571428571415,
      "ci95_low": 0.0932873263888889,
      "ci95_high": 0.20654141865079362
    },
    "naturalness": {
      "n": 24,
      "mean": 0.8169325314243426,
      "median": 0.7568181818181817,
      "p95": 0.9261134751773049,
      "ci95_low": 0.7878448631516691,
      "ci95_high": 0.8471668947506789
    },
    "context_keyword_coverage": {
      "n": 24,
      "mean": 0.08112373737373738,
      "median": 0.0,
      "p95": 0.359090909090909,
      "ci95_low": 0.036931818181818184,
      "ci95_high": 0.1354324494949494
    },
    "context_overlap": {
      "n": 24,
      "mean": 0.053831758798243694,
      "median": 0.050031269543464665,
      "p95": 0.09804347826086955,
      "ci95_low": 0.04380379824480694,
      "ci95_high": 0.0646209385388346
    },
    "persona_keyword_coverage": {
      "n": 24,
      "mean": 0.06388888888888888,
      "median": 0.0,
      "p95": 0.3261904761904761,
      "ci95_low": 0.008333333333333333,
      "ci95_high": 0.13293650793650794
    },
    "persona_style": {
      "n": 24,
      "mean": 0.45659722222222227,
      "median": 0.5,
      "p95": 1.0,
      "ci95_low": 0.3407009548611111,
      "ci95_high": 0.5816080729166666
    },
    "distinct1": {
      "n": 24,
      "mean": 0.930004939671968,
      "median": 0.9090909090909091,
      "p95": 0.996938775510204,
      "ci95_low": 0.917381190790307,
      "ci95_high": 0.9439748148135305
    },
    "length_score": {
      "n": 24,
      "mean": 0.34861111111111115,
      "median": 0.09999999999999998,
      "p95": 0.795,
      "ci95_low": 0.23194444444444443,
      "ci95_high": 0.46527777777777773
    },
    "sentence_score": {
      "n": 24,
      "mean": 0.7520833333333333,
      "median": 0.65,
      "p95": 1.0,
      "ci95_low": 0.6937500000000001,
      "ci95_high": 0.8104166666666667
    },
    "overall_quality": {
      "n": 24,
      "mean": 0.2426959170431597,
      "median": 0.18553788965697143,
      "p95": 0.40004964741641347,
      "ci95_low": 0.21067290857374854,