{
  "row_count": 324,
  "metric_scale_max": 5.0,
  "metrics": [
    "context_relevance",
    "persona_consistency",
    "naturalness",
    "overall_quality"
  ],
  "arms": {
    "baseline_no_context": {
      "sample_count": 108,
      "context_relevance": {
        "n": 108,
        "mean": 0.5981481481481481,
        "median": 0.6,
        "p95": 1.0,
        "ci95_low": 0.5592592592592592,
        "ci95_high": 0.637037037037037
      },
      "persona_consistency": {
        "n": 108,
        "mean": 0.7796296296296297,
        "median": 0.8,
        "p95": 1.0,
        "ci95_low": 0.75,
        "ci95_high": 0.811111111111111
      },
      "naturalness": {
        "n": 108,
        "mean": 0.725925925925926,
        "median": 0.8,
        "p95": 1.0,
        "ci95_low": 0.6907407407407407,
        "ci95_high": 0.7592592592592593
      },
      "overall_quality": {
        "n": 108,
        "mean": 0.6722222222222222,
        "median": 0.6,
        "p95": 1.0,
        "ci95_low": 0.6462962962962963,
        "ci95_high": 0.7
      }
    },
    "baseline_no_context_phi3_latest": {
      "sample_count": 108,
      "context_relevance": {
        "n": 108,
        "mean": 0.6518518518518519,
        "median": 0.6,
        "p95": 1.0,
        "ci95_low": 0.6092592592592593,
        "ci95_high": 0.6925925925925925
      },
      "persona_consistency": {
        "n": 108,
        "mean": 0.8333333333333334,
        "median": 0.8,
        "p95": 1.0,
        "ci95_low": 0.8,
        "ci95_high": 0.8666666666666665
      },
      "naturalness": {
        "n": 108,
        "mean": 0.7944444444444444,
        "median": 0.8,
        "p95": 1.0,
        "ci95_low": 0.7592592592592593,
        "ci95_high": 0.8278240740740739
      },
      "overall_quality": {
        "n": 108,
        "mean": 0.7185185185185184,
        "median": 0.6,
        "p95": 1.0,
        "ci95_low": 0.6907407407407407,
        "ci95_high": 0.7481944444444442
      }
    },
    "proposed_contextual_controlled": {
      "sample_count": 108,
      "context_relevance": {
        "n": 108,
        "mean": 0.8037037037037037,
        "median": 0.8,
        "p95": 1.0,
        "ci95_low": 0.7833333333333334,
        "ci95_high": 0.825925925925926
      },
      "persona_consistency": {
        "n": 108,
        "mean": 0.8722222222222222,
        "median": 1.0,
        "p95": 1.0,
        "ci95_low": 0.8388888888888888,
        "ci95_high": 0.9037037037037037
      },
      "naturalness": {
        "n": 108,
        "mean": 0.6870370370370371,
        "median": 0.6,
        "p95": 1.0,
        "ci95_low": 0.662962962962963,
        "ci95_high": 0.7129629629629629
      },
      "overall_quality": {
        "n": 108,
        "mean": 0.7870370370370371,
        "median": 0.8,
        "p95": 1.0,
        "ci95_low": 0.7666666666666666,
        "ci95_high": 0.8074074074074075
      }
    }
  },
  "agreement": {
    "context_relevance": {
      "pairwise_kappa": {
        "phi3_mini__balanced__t0.00__phi3_mini__balanced__t0.05": 0.43603133159268925,
        "phi3_mini__balanced__t0.00__phi3_mini__balanced__t0.10": 0.3770942048887668,
        "phi3_mini__balanced__t0.05__phi3_mini__balanced__t0.10": 0.5654548067251041
      },
      "mean_pairwise_kappa": 0.4595267810688534,
      "pair_count": 3
    },
    "persona_consistency": {
      "pairwise_kappa": {
        "phi3_mini__balanced__t0.00__phi3_mini__balanced__t0.05": 0.37784760408483886,
        "phi3_mini__balanced__t0.00__phi3_mini__balanced__t0.10": 0.41859243697478987,
        "phi3_mini__balanced__t0.05__phi3_mini__balanced__t0.10": 0.46463022508038593
      },
      "mean_pairwise_kappa": 0.4203567553800049,
      "pair_count": 3
    },
    "naturalness": {
      "pairwise_kappa": {
        "phi3_mini__balanced__t0.00__phi3_mini__balanced__t0.05": 0.40315004144791383,
        "phi3_mini__balanced__t0.00__phi3_mini__balanced__t0.10": 0.236856981345393,
        "phi3_mini__balanced__t0.05__phi3_mini__balanced__t0.10": 0.5031123139377538
      },
      "mean_pairwise_kappa": 0.3810397789103535,
      "pair_count": 3
    },
    "overall_quality": {
      "pairwise_kappa": {
        "phi3_mini__balanced__t0.00__phi3_mini__balanced__t0.05": 0.4703591518823021,
        "phi3_mini__balanced__t0.00__phi3_mini__balanced__t0.10": 0.363100252737995,
        "phi3_mini__balanced__t0.05__phi3_mini__balanced__t0.10": 0.4936061381074168
      },
      "mean_pairwise_kappa": 0.44235518090923803,
      "pair_count": 3
    }
  },
  "paired_deltas": {
    "proposed_contextual_controlled_vs_baseline_no_context": {
      "context_relevance": {
        "n": 36,
        "mean_delta": 0.20555555555555563,
        "ci95_low": 0.14259259259259272,
        "ci95_high": 0.26111111111111124,
        "p_delta_le_0": 0.0
      },
      "persona_consistency": {
        "n": 36,
        "mean_delta": 0.09259259259259259,
        "ci95_low": 0.03148148148148147,
        "ci95_high": 0.15185185185185182,
        "p_delta_le_0": 0.0013333333333333333
      },
      "naturalness": {
        "n": 36,
        "mean_delta": -0.03888888888888889,
        "ci95_low": -0.09814814814814816,
        "ci95_high": 0.02222222222222225,
        "p_delta_le_0": 0.888
      },
      "overall_quality": {
        "n": 36,
        "mean_delta": 0.1148148148148149,
        "ci95_low": 0.07592592592592598,
        "ci95_high": 0.15375000000000028,
        "p_delta_le_0": 0.0
      }
    },
    "proposed_contextual_controlled_vs_baseline_no_context_phi3_latest": {
      "context_relevance": {
        "n": 36,
        "mean_delta": 0.1518518518518519,
        "ci95_low": 0.09074074074074077,
        "ci95_high": 0.21300925925925945,
        "p_delta_le_0": 0.0
      },
      "persona_consistency": {
        "n": 36,
        "mean_delta": 0.03888888888888886,
        "ci95_low": -0.01851851851851856,
        "ci95_high": 0.09814814814814812,
        "p_delta_le_0": 0.10266666666666667
      },
      "naturalness": {
        "n": 36,
        "mean_delta": -0.10740740740740742,
        "ci95_low": -0.15925925925925927,
        "ci95_high": -0.05736111111111094,
        "p_delta_le_0": 1.0
      },
      "overall_quality": {
        "n": 36,
        "mean_delta": 0.06851851851851859,
        "ci95_low": 0.02037037037037044,
        "ci95_high": 0.11481481481481487,
        "p_delta_le_0": 0.002
      }
    }
  },
  "preferences": {
    "proposed_contextual_controlled_vs_baseline_no_context": {
      "n": 108,
      "wins": 62,
      "losses": 11,
      "ties": 35,
      "soft_win_rate": {
        "n": 108,
        "mean": 0.7361111111111112,
        "median": 1.0,
        "p95": 1.0,
        "ci95_low": 0.6759259259259259,
        "ci95_high": 0.8009259259259259
      },
      "strict_non_tie_win_rate": {
        "n": 73,
        "mean": 0.8493150684931506,
        "median": 1.0,
        "p95": 1.0,
        "ci95_low": 0.7534246575342466,
        "ci95_high": 0.9315068493150684
      }
    },
    "proposed_contextual_controlled_vs_baseline_no_context_phi3_latest": {
      "n": 108,
      "wins": 57,
      "losses": 20,
      "ties": 31,
      "soft_win_rate": {
        "n": 108,
        "mean": 0.6712962962962963,
        "median": 1.0,
        "p95": 1.0,
        "ci95_low": 0.5972222222222222,
        "ci95_high": 0.7453703703703702
      },
      "strict_non_tie_win_rate": {
        "n": 77,
        "mean": 0.7402597402597403,
        "median": 1.0,
        "p95": 1.0,
        "ci95_low": 0.6363636363636364,
        "ci95_high": 0.8311688311688312
      }
    }
  }
}