{
  "run_dir": "artifacts\\proposal\\20260224T175344Z",
  "scenario_count": 112,
  "metrics": [
    "distinct1",
    "distinct2",
    "content_distinct1",
    "mtld",
    "repetition_penalty",
    "lexical_richness"
  ],
  "summary": {
    "proposed_contextual_controlled": {
      "distinct1": {
        "n": 112,
        "mean": 0.9400571242224958,
        "ci95_low": 0.9363645188253198,
        "ci95_high": 0.9438962470397264
      },
      "distinct2": {
        "n": 112,
        "mean": 0.9996875271715503,
        "ci95_low": 0.9992065907312407,
        "ci95_high": 1.0
      },
      "content_distinct1": {
        "n": 112,
        "mean": 0.9898648173196953,
        "ci95_low": 0.9860948185295477,
        "ci95_high": 0.9934237695375958
      },
      "mtld": {
        "n": 112,
        "mean": 184.07767857142858,
        "ci95_low": 163.1032953869048,
        "ci95_high": 208.37210044642865
      },
      "repetition_penalty": {
        "n": 112,
        "mean": 0.05994287577750421,
        "ci95_low": 0.05627382704100396,
        "ci95_high": 0.06362290817156545
      },
      "lexical_richness": {
        "n": 112,
        "mean": 0.9218502825891604,
        "ci95_low": 0.9109037895280694,
        "ci95_high": 0.9327908495749366
      }
    },
    "proposed_contextual": {
      "distinct1": {
        "n": 112,
        "mean": 0.9400469491856349,
        "ci95_low": 0.9334835873335385,
        "ci95_high": 0.9462877651894924
      },
      "distinct2": {
        "n": 112,
        "mean": 0.9996714142331405,
        "ci95_low": 0.999160612722841,
        "ci95_high": 1.0
      },
      "content_distinct1": {
        "n": 112,
        "mean": 0.9982583766632862,
        "ci95_low": 0.996848791339402,
        "ci95_high": 0.9994537840631591
      },
      "mtld": {
        "n": 112,
        "mean": 137.12277380952386,
        "ci95_low": 102.1437209821429,
        "ci95_high": 177.65427678571442
      },
      "repetition_penalty": {
        "n": 112,
        "mean": 0.059953050814365076,
        "ci95_low": 0.0530493839240817,
        "ci95_high": 0.06628086474966038
      },
      "lexical_richness": {
        "n": 112,
        "mean": 0.8171991316269848,
        "ci95_low": 0.7964780369056457,
        "ci95_high": 0.8385276083933173
      }
    },
    "candidate_no_context": {
      "distinct1": {
        "n": 112,
        "mean": 0.9351547090433868,
        "ci95_low": 0.9285672297772174,
        "ci95_high": 0.9421605441509846
      },
      "distinct2": {
        "n": 112,
        "mean": 0.999834656084656,
        "ci95_low": 0.9995039682539683,
        "ci95_high": 1.0
      },
      "content_distinct1": {
        "n": 112,
        "mean": 0.9982717412597403,
        "ci95_low": 0.9965624681109244,
        "ci95_high": 0.9995418233082707
      },
      "mtld": {
        "n": 112,
        "mean": 114.45806547619047,
        "ci95_low": 81.21543526785715,
        "ci95_high": 154.31978125
      },
      "repetition_penalty": {
        "n": 112,
        "mean": 0.06484529095661315,
        "ci95_low": 0.05810061145455875,
        "ci95_high": 0.07144822987153304
      },
      "lexical_richness": {
        "n": 112,
        "mean": 0.7966126865522675,
        "ci95_low": 0.7784625527074424,
        "ci95_high": 0.8154781493812118
      }
    },
    "baseline_no_context": {
      "distinct1": {
        "n": 112,
        "mean": 0.9774619614967552,
        "ci95_low": 0.9718633683862541,
        "ci95_high": 0.9826676352312823
      },
      "distinct2": {
        "n": 112,
        "mean": 1.0,
        "ci95_low": 1.0,
        "ci95_high": 1.0
      },
      "content_distinct1": {
        "n": 112,
        "mean": 0.9985390500398724,
        "ci95_low": 0.9971268694005712,
        "ci95_high": 0.9996811224489796
      },
      "mtld": {
        "n": 112,
        "mean": 132.0258630952381,
        "ci95_low": 102.08160342261905,
        "ci95_high": 165.28774627976188
      },
      "repetition_penalty": {
        "n": 112,
        "mean": 0.022538038503244758,
        "ci95_low": 0.017091094203238375,
        "ci95_high": 0.02829332052220353
      },
      "lexical_richness": {
        "n": 112,
        "mean": 0.8340916136804764,
        "ci95_low": 0.812828536049613,
        "ci95_high": 0.8561122788796721
      }
    },
    "baseline_no_context_phi3_latest": {
      "distinct1": {
        "n": 112,
        "mean": 0.9806643558563506,
        "ci95_low": 0.9760950842350623,
        "ci95_high": 0.9850196930379568
      },
      "distinct2": {
        "n": 112,
        "mean": 0.9995748299319728,
        "ci95_low": 0.9987244897959184,
        "ci95_high": 1.0
      },
      "content_distinct1": {
        "n": 112,
        "mean": 0.9980279932485815,
        "ci95_low": 0.9961307952668247,
        "ci95_high": 0.9995421245421244
      },
      "mtld": {
        "n": 112,
        "mean": 161.32508928571423,
        "ci95_low": 125.31615327380948,
        "ci95_high": 201.4783534226189
      },
      "repetition_penalty": {
        "n": 112,
        "mean": 0.019335644143649442,
        "ci95_low": 0.0149175480329626,
        "ci95_high": 0.02395956732060386
      },
      "lexical_richness": {
        "n": 112,
        "mean": 0.8437456237426652,
        "ci95_low": 0.821388693546629,
        "ci95_high": 0.8666077423348251
      }
    }
  },
  "paired_deltas": {
    "proposed_vs_candidate_no_context": {
      "distinct1": {
        "n": 112,
        "mean_delta": 0.004892240142248078,
        "ci95_low": -0.0022434355290056845,
        "ci95_high": 0.011921169213783604,
        "p_delta_le_0": 0.09766666666666667
      },
      "distinct2": {
        "n": 112,
        "mean_delta": -0.00016324185151552227,
        "ci95_low": -0.0007321972342150503,
        "ci95_high": 0.00034966172261254134,
        "p_delta_le_0": 0.7153333333333334
      },
      "content_distinct1": {
        "n": 112,
        "mean_delta": -1.3364596453994166e-05,
        "ci95_low": -0.0019885555366378083,
        "ci95_high": 0.002155906310895483,
        "p_delta_le_0": 0.48933333333333334
      },
      "mtld": {
        "n": 112,
        "mean_delta": 22.66470833333338,
        "ci95_low": -19.8968982142857,
        "ci95_high": 67.55746711309533,
        "p_delta_le_0": 0.15766666666666668
      },
      "repetition_penalty": {
        "n": 112,
        "mean_delta": -0.0048922401422480735,
        "ci95_low": -0.011723040455396558,
        "ci95_high": 0.0021170052620514412,
        "p_delta_le_0": 0.9073333333333333
      },
      "lexical_richness": {
        "n": 112,
        "mean_delta": 0.020586445074717297,
        "ci95_low": -0.003575740588220378,
        "ci95_high": 0.043456729658294835,
        "p_delta_le_0": 0.04666666666666667
      }
    },
    "proposed_vs_baseline_no_context": {
      "distinct1": {
        "n": 112,
        "mean_delta": -0.03741501231112033,
        "ci95_low": -0.045892358881497945,
        "ci95_high": -0.028804020069231447,
        "p_delta_le_0": 1.0
      },
      "distinct2": {
        "n": 112,
        "mean_delta": -0.00032858576685943733,
        "ci95_low": -0.0008393872771591081,
        "ci95_high": 0.0,
        "p_delta_le_0": 1.0
      },
      "content_distinct1": {
        "n": 112,
        "mean_delta": -0.0002806733765861572,
        "ci95_low": -0.002146964546364226,
        "ci95_high": 0.0016065711429204352,
        "p_delta_le_0": 0.6073333333333333
      },
      "mtld": {
        "n": 112,
        "mean_delta": 5.096910714285748,
        "ci95_low": -45.17789255952373,
        "ci95_high": 57.3536770833334,
        "p_delta_le_0": 0.42966666666666664
      },
      "repetition_penalty": {
        "n": 112,
        "mean_delta": 0.037415012311120315,
        "ci95_low": 0.02921318353808518,
        "ci95_high": 0.04568523489579061,
        "p_delta_le_0": 0.0
      },
      "lexical_richness": {
        "n": 112,
        "mean_delta": -0.016892482053491552,
        "ci95_low": -0.0475588635883217,