{
  "ttft_ms": {
    "candidate_mean": 445.25502499891445,
    "baseline_mean": 201.44581250133342,
    "absolute_delta": 243.80921249758103,
    "relative_delta": 1.2102967516188363,
    "candidate_better": false,
    "lower_is_better": true
  },
  "total_time_ms": {
    "candidate_mean": 3264.3147250018956,
    "baseline_mean": 2951.6946125022514,
    "absolute_delta": 312.62011249964416,
    "relative_delta": 0.10591207883617253,
    "candidate_better": false,
    "lower_is_better": true
  },
  "tokens_per_s": {
    "candidate_mean": 22.889712293923992,
    "baseline_mean": 22.99957949791897,
    "absolute_delta": -0.10986720399497685,
    "relative_delta": -0.0047769222913365775,
    "candidate_better": false,
    "lower_is_better": false
  }
}