{
  "candidate_model": "elara-npc:latest",
  "baseline_model": "phi3:mini",
  "candidate_mean": -0.0006560867186635733,
  "baseline_mean": 0.14356329920701683,
  "absolute_delta": -0.1442193859256804,
  "relative_delta": -1.0045700170049554,
  "candidate_better": false
}