{
  "elara-npc:latest": {
    "total_requests": 8,
    "ok_requests": 8,
    "error_requests": 0,
    "error_rate": 0.0,
    "ttft_ms": {
      "n": 8,
      "mean": 445.25502499891445,
      "median": 403.79480000410695,
      "p95": 620.738289991277,
      "ci95_low": 395.8185862524715,
      "ci95_high": 524.8821737464368
    },
    "total_time_ms": {
      "n": 8,
      "mean": 3264.3147250018956,
      "median": 3263.0785000073956,
      "p95": 3489.872050000122,
      "ci95_low": 3167.2691349963316,
      "ci95_high": 3371.964375004609
    },
    "tokens_per_s": {
      "n": 8,
      "mean": 22.889712293923992,
      "median": 22.538942171579773,
      "p95": 24.2698444247424,
      "ci95_low": 22.36589898285519,
      "ci95_high": 23.520082749760935
    }
  },
  "phi3:mini": {
    "total_requests": 8,
    "ok_requests": 8,
    "error_requests": 0,
    "error_rate": 0.0,
    "ttft_ms": {
      "n": 8,
      "mean": 201.44581250133342,
      "median": 163.12240000115708,
      "p95": 368.1392099970252,
      "ci95_low": 158.4343800055649,
      "ci95_high": 278.468123749235
    },
    "total_time_ms": {
      "n": 8,
      "mean": 2951.6946125022514,
      "median": 3013.2641500022146,
      "p95": 3124.0414149979188,
      "ci95_low": 2829.349028752722,
      "ci95_high": 3063.5217368745543
    },
    "tokens_per_s": {
      "n": 8,
      "mean": 22.99957949791897,
      "median": 22.614881060205477,
      "p95": 24.83756271560666,
      "ci95_low": 22.371783921662086,
      "ci95_high": 23.78817864500456
    }
  }
}