{
  "ttft_ms": {
    "candidate_mean": 735.6007062499733,
    "baseline_mean": 238.06003749994412,
    "absolute_delta": 497.5406687500292,
    "relative_delta": 2.0899797965886906,
    "candidate_better": false,
    "lower_is_better": true
  },
  "total_time_ms": {
    "candidate_mean": 4512.34737291666,
    "baseline_mean": 4046.071452083311,
    "absolute_delta": 466.27592083334866,
    "relative_delta": 0.11524164275281507,
    "candidate_better": false,
    "lower_is_better": true
  },
  "tokens_per_s": {
    "candidate_mean": 17.022401946630918,
    "baseline_mean": 16.981859596882863,
    "absolute_delta": 0.04054234974805482,
    "relative_delta": 0.0023873916467603254,
    "candidate_better": true,
    "lower_is_better": false
  }
}