{
  "elara-npc:latest": {
    "total_requests": 48,
    "ok_requests": 48,
    "error_requests": 0,
    "error_rate": 0.0,
    "ttft_ms": {
      "n": 48,
      "mean": 735.6007062499733,
      "median": 833.4985000001325,
      "p95": 980.1749650002876,
      "ci95_low": 661.4913495832534,
      "ci95_high": 802.5390708333462
    },
    "total_time_ms": {
      "n": 48,
      "mean": 4512.34737291666,
      "median": 4627.553100000114,
      "p95": 4939.3202649996965,
      "ci95_low": 4419.301587083264,
      "ci95_high": 4609.346805729222
    },
    "tokens_per_s": {
      "n": 48,
      "mean": 17.022401946630918,
      "median": 16.942461542650904,
      "p95": 18.611938435126664,
      "ci95_low": 16.815237248879466,
      "ci95_high": 17.22014863996969
    }
  },
  "phi3:mini": {
    "total_requests": 48,
    "ok_requests": 48,
    "error_requests": 0,
    "error_rate": 0.0,
    "ttft_ms": {
      "n": 48,
      "mean": 238.06003749994412,
      "median": 181.73985000021275,
      "p95": 687.4851500001114,
      "ci95_low": 191.7414307291608,
      "ci95_high": 293.54025635406197
    },
    "total_time_ms": {
      "n": 48,
      "mean": 4046.071452083311,
      "median": 3955.55585000011,
      "p95": 4580.033710000043,
      "ci95_low": 3977.848795312552,
      "ci95_high": 4122.725750208282
    },
    "tokens_per_s": {
      "n": 48,
      "mean": 16.981859596882863,
      "median": 17.152217480143076,
      "p95": 17.800538718793405,
      "ci95_low": 16.768245658738817,
      "ci95_high": 17.186791002929375
    }
  }
}