{
  "ttft_ms": {
    "candidate_mean": 362.07984999055043,
    "baseline_mean": 162.8856625102344,
    "absolute_delta": 199.19418748031603,
    "relative_delta": 1.2229080473414922,
    "candidate_better": false,
    "lower_is_better": true
  },
  "total_time_ms": {
    "candidate_mean": 2046.7340124960174,
    "baseline_mean": 1787.484125001356,
    "absolute_delta": 259.2498874946614,
    "relative_delta": 0.14503619017845248,
    "candidate_better": false,
    "lower_is_better": true
  },
  "tokens_per_s": {
    "candidate_mean": 33.569123381720495,
    "baseline_mean": 34.81513345329065,
    "absolute_delta": -1.2460100715701543,
    "relative_delta": -0.03578932343435794,
    "candidate_better": false,
    "lower_is_better": false
  }
}