{
  "candidate_model": "elara-npc:latest",
  "baseline_model": "phi3:mini",
  "candidate_mean": 0.004906920890789479,
  "baseline_mean": 0.15294001111760736,
  "absolute_delta": -0.14803309022681788,
  "relative_delta": -0.9679160420158713,
  "candidate_better": false
}