{
  "elara-npc:latest": {
    "total_requests": 8,
    "ok_requests": 8,
    "error_requests": 0,
    "error_rate": 0.0,
    "ttft_ms": {
      "n": 8,
      "mean": 362.07984999055043,
      "median": 302.4353999935556,
      "p95": 657.8491049847796,
      "ci95_low": 282.6564881090235,
      "ci95_high": 499.8978168652684
    },
    "total_time_ms": {
      "n": 8,
      "mean": 2046.7340124960174,
      "median": 1986.0858999891207,
      "p95": 2365.913134990842,
      "ci95_low": 1948.8096656266862,
      "ci95_high": 2195.718889357522
    },
    "tokens_per_s": {
      "n": 8,
      "mean": 33.569123381720495,
      "median": 33.784423716638834,
      "p95": 35.00535391378378,
      "ci95_low": 32.77693856006869,
      "ci95_high": 34.36178149355206
    }
  },
  "phi3:mini": {
    "total_requests": 8,
    "ok_requests": 8,
    "error_requests": 0,
    "error_rate": 0.0,
    "ttft_ms": {
      "n": 8,
      "mean": 162.8856625102344,
      "median": 147.06055002170615,
      "p95": 250.96727502823333,
      "ci95_low": 136.3896500042756,
      "ci95_high": 202.18599720228664
    },
    "total_time_ms": {
      "n": 8,
      "mean": 1787.484125001356,
      "median": 1766.3431000255514,
      "p95": 1908.5962449782528,
      "ci95_low": 1745.12811313798,
      "ci95_high": 1834.6918562465362
    },
    "tokens_per_s": {
      "n": 8,
      "mean": 34.81513345329065,
      "median": 35.140785139574994,
      "p95": 35.81935852387751,
      "ci95_low": 34.1331575128959,
      "ci95_high": 35.37819607707244
    }
  }
}