{
  "proposed_contextual_controlled": {
    "sample_count": 40,
    "context_relevance": {
      "n": 40,
      "mean": 0.25145188261290197,
      "median": 0.22425385934819894,
      "p95": 0.3657157419786096,
      "ci95_low": 0.23199044129881985,
      "ci95_high": 0.27252523485160063
    },
    "persona_consistency": {
      "n": 40,
      "mean": 0.3613095238095238,
      "median": 0.33333333333333337,
      "p95": 0.6137380952380952,
      "ci95_low": 0.3197833333333333,
      "ci95_high": 0.4032842261904762
    },
    "naturalness": {
      "n": 40,
      "mean": 0.9129648006923805,
      "median": 0.9289149560117302,
      "p95": 0.9717117117117117,
      "ci95_low": 0.8947782348371458,
      "ci95_high": 0.9290135629094497
    },
    "context_keyword_coverage": {
      "n": 40,
      "mean": 0.3161742424242424,
      "median": 0.2727272727272727,
      "p95": 0.4568181818181817,
      "ci95_low": 0.2895804924242424,
      "ci95_high": 0.3458333333333333
    },
    "context_overlap": {
      "n": 40,
      "mean": 0.1004330430531077,
      "median": 0.09524250277674935,
      "p95": 0.1451618975903614,
      "ci95_low": 0.09471737919420904,
      "ci95_high": 0.10697601889594929
    },
    "persona_keyword_coverage": {
      "n": 40,
      "mean": 0.30476190476190473,
      "median": 0.2,
      "p95": 0.7142857142857143,
      "ci95_low": 0.25523511904761903,
      "ci95_high": 0.355377976190476
    },
    "persona_style": {
      "n": 40,
      "mean": 0.5875,
      "median": 0.5,
      "p95": 1.0,
      "ci95_low": 0.49161458333333335,
      "ci95_high": 0.6854687499999997
    },
    "distinct1": {
      "n": 40,
      "mean": 0.937412001730951,
      "median": 0.9384469696969697,
      "p95": 0.9702861952861953,
      "ci95_low": 0.931141038787117,
      "ci95_high": 0.9443028405395121
    },
    "length_score": {
      "n": 40,
      "mean": 0.6900000000000001,
      "median": 0.7666666666666666,
      "p95": 0.9666666666666667,
      "ci95_low": 0.5949791666666666,
      "ci95_high": 0.7683749999999998
    },
    "sentence_score": {
      "n": 40,
      "mean": 1.0,
      "median": 1.0,
      "p95": 1.0,
      "ci95_low": 1.0,
      "ci95_high": 1.0
    },
    "bertscore_f1": {
      "n": 40,
      "mean": 0.08657634031987982,
      "median": 0.08003850653767586,
      "p95": 0.15683870166540145,
      "ci95_low": 0.07256026724873664,
      "ci95_high": 0.10051948610227554
    },
    "overall_quality": {
      "n": 40,
      "mean": 0.3882439958074907,
      "median": 0.3645704236724695,
      "p95": 0.5048355991650697,
      "ci95_low": 0.3710610098680545,
      "ci95_high": 0.4080058185903367
    },
    "metrics": [
      "context_relevance",
      "persona_consistency",
      "naturalness",
      "context_keyword_coverage",
      "context_overlap",
      "persona_keyword_coverage",
      "persona_style",
      "distinct1",
      "length_score",
      "sentence_score",
      "bertscore_f1",
      "overall_quality"
    ]
  },
  "proposed_contextual": {
    "sample_count": 40,
    "context_relevance": {
      "n": 40,
      "mean": 0.08782947363512036,
      "median": 0.014634146341463414,
      "p95": 0.33686726017234486,
      "ci95_low": 0.04875717029135844,
      "ci95_high": 0.130413512359294
    },
    "persona_consistency": {
      "n": 40,
      "mean": 0.1343794642857143,
      "median": 0.1,
      "p95": 0.33499999999999996,
      "ci95_low": 0.1031690476190476,
      "ci95_high": 0.16795598958333335
    },
    "naturalness": {
      "n": 40,
      "mean": 0.7928483802268772,
      "median": 0.7486363636363635,
      "p95": 0.940226309921962,
      "ci95_low": 0.7717373975363139,
      "ci95_high": 0.8155998596258037
    },
    "context_keyword_coverage": {
      "n": 40,
      "mean": 0.09757575757575757,
      "median": 0.0,
      "p95": 0.45454545454545453,
      "ci95_low": 0.04696969696969697,
      "ci95_high": 0.152435606060606
    },
    "context_overlap": {
      "n": 40,
      "mean": 0.0650881444403002,
      "median": 0.04878048780487805,
      "p95": 0.18273740422567886,
      "ci95_low": 0.04744202423441745,
      "ci95_high": 0.0889252501198871
    },
    "persona_keyword_coverage": {
      "n": 40,
      "mean": 0.047857142857142855,
      "median": 0.0,
      "p95": 0.2066666666666663,
      "ci95_low": 0.016898809523809524,
      "ci95_high": 0.08774404761904758
    },
    "persona_style": {
      "n": 40,
      "mean": 0.48046875,
      "median": 0.5,
      "p95": 1.0,
      "ci95_low": 0.38046875,
      "ci95_high": 0.5765625
    },
    "distinct1": {
      "n": 40,
      "mean": 0.9281626172338597,
      "median": 0.9090909090909091,
      "p95": 1.0,
      "ci95_low": 0.9180353509703258,
      "ci95_high": 0.9395002144017356
    },
    "length_score": {
      "n": 40,
      "mean": 0.23916666666666667,
      "median": 0.09999999999999998,
      "p95": 0.8083333333333329,
      "ci95_low": 0.16414583333333332,
      "ci95_high": 0.3225
    },
    "sentence_score": {
      "n": 40,
      "mean": 0.7375,
      "median": 0.65,
      "p95": 1.0,
      "ci95_low": 0.69375,
      "ci95_high": 0.78125
    },
    "bertscore_f1": {
      "n": 40,
      "mean": 0.06291771093383432,
      "median": 0.043846117332577705,
      "p95": 0.20837803706526756,
      "ci95_low": 0.04293863382248674,
      "ci95_high": 0.08296742588601773
    },
    "overall_quality": {
      "n": 40,
      "mean": 0.22309304894949472,
      "median": 0.19056843158784315,
      "p95": 0.3882791289611579,
      "ci95_low": 0.19811576171688394,
      "ci95_high": 0.25089259232791966
    },
    "metrics": [
      "context_relevance",
      "persona_consistency",
      "naturalness",
      "context_keyword_coverage",
      "context_overlap",
      "persona_keyword_coverage",
      "persona_style",
      "distinct1",
      "length_score",
      "sentence_score",
      "bertscore_f1",
      "overall_quality"
    ]
  },
  "candidate_no_context": {
    "sample_count": 40,
    "context_relevance": {
      "n": 40,
      "mean": 0.02634327011933547,
      "median": 0.014285714285714284,
      "p95": 0.08397477522477503,
      "ci95_low": 0.01665102913852639,
      "ci95_high": 0.03762787532830638
    },
    "persona_consistency": {
      "n": 40,
      "mean": 0.16076934523809525,
      "median": 0.1,
      "p95": 0.5003571428571428,
      "ci95_low": 0.11890011160714287,
      "ci95_high": 0.2094500744047619
    },
    "naturalness": {
      "n": 40,
      "mean": 0.7903135255233346,
      "median": 0.7486363636363635,
      "p95": 0.9609999999999999,
      "ci95_low": 0.7683204651818475,
      "ci95_high": 0.8142000669601697
    },
    "context_keyword_coverage": {
      "n": 40,
      "mean": 0.020454545454545454,
      "median": 0.0,
      "p95": 0.09545454545454521,
      "ci95_low": 0.006818181818181818,
      "ci95_high": 0.03636363636363636
    },
    "context_overlap": {
      "n": 40,
      "mean": 0.04008362767051218,
      "median": 0.04426510149180729,
      "p95": 0.05423596673596673,
      "ci95_low": 0.03632918541107942,
      "ci95_high": 0.0435667667539292
    },
    "persona_keyword_coverage": {
      "n": 40,
      "mean": 0.08154761904761905,
      "median": 0.0,
      "p95": 0.5714285714285714,
      "ci95_low": 0.02857142857142857,
      "ci95_high": 0.1422916666666665
    },
    "persona_style": {
      "n": 40,
      "mean": 0.47765625,
      "median": 0.5,
      "p95": 1.0,
      "ci95_low": 0.38156249999999997,
      "ci95_high": 0.5722070312499998
    },
    "distinct1": {
      "n": 40,
      "mean": 0.9276588138083364,
      "median": 0.9090909090909091,
      "p95": 1.0,
      "ci95_low": 0.9177391191478124,
      "ci95_high": 0.9389807487507916
    },
    "length_score": {
      "n": 40,
      "mean": 0.22749999999999998,
      "median": 0.09999999999999998,
      "p95": 0.8049999999999998,
      "ci95_low": 0.1533125,
      "ci95_high": 0.3058333333333333
    },
    "sentence_score": {
      "n": 40,