{
  "ttft_ms": {
    "candidate_mean": 337.73902500252007,
    "baseline_mean": 155.34317499987083,
    "absolute_delta": 182.39585000264924,
    "relative_delta": 1.174147818227617,
    "candidate_better": false,
    "lower_is_better": true
  },
  "total_time_ms": {
    "candidate_mean": 1731.402037490625,
    "baseline_mean": 1510.795637506817,
    "absolute_delta": 220.60639998380793,
    "relative_delta": 0.14602001389669259,
    "candidate_better": false,
    "lower_is_better": true
  },
  "tokens_per_s": {
    "candidate_mean": 40.64938889619939,
    "baseline_mean": 40.46926587081469,
    "absolute_delta": 0.18012302538470237,
    "relative_delta": 0.004450859720551593,
    "candidate_better": true,
    "lower_is_better": false
  }
}