{
  "candidate_model": "elara-npc:latest",
  "baseline_model": "phi3:mini",
  "candidate_mean": 0.017100896686315536,
  "baseline_mean": 0.1571131952578071,
  "absolute_delta": -0.14001229857149156,
  "relative_delta": -0.8911555667984814,
  "candidate_better": false
}