{
  "keyword_overlap": {
    "hit@5": {
      "method_mean": 0.9,
      "baseline_mean": 1.0,
      "absolute_delta": -0.09999999999999998,
      "relative_delta": -0.09999999999999998
    },
    "mrr": {
      "method_mean": 0.8333333333333334,
      "baseline_mean": 0.85,
      "absolute_delta": -0.016666666666666607,
      "relative_delta": -0.019607843137254832
    },
    "ndcg@5": {
      "method_mean": 0.85,
      "baseline_mean": 0.8892789260714373,
      "absolute_delta": -0.03927892607143735,
      "relative_delta": -0.04416941065382
    }
  },
  "random": {
    "hit@5": {
      "method_mean": 0.1,
      "baseline_mean": 1.0,
      "absolute_delta": -0.9,
      "relative_delta": -0.9
    },
    "mrr": {
      "method_mean": 0.1,
      "baseline_mean": 0.85,
      "absolute_delta": -0.75,
      "relative_delta": -0.8823529411764706
    },
    "ndcg@5": {
      "method_mean": 0.1,
      "baseline_mean": 0.8892789260714373,
      "absolute_delta": -0.7892789260714373,
      "relative_delta": -0.8875493424298612
    }
  }
}