{
  "bm25": {
    "hit@5": {
      "n": 10,
      "mean": 1.0,
      "median": 1.0,
      "p95": 1.0,
      "ci95_low": 1.0,
      "ci95_high": 1.0
    },
    "mrr": {
      "n": 10,
      "mean": 0.85,
      "median": 1.0,
      "p95": 1.0,
      "ci95_low": 0.7,
      "ci95_high": 0.95
    },
    "ndcg@5": {
      "n": 10,
      "mean": 0.8892789260714373,
      "median": 1.0,
      "p95": 1.0,
      "ci95_low": 0.7785578521428744,
      "ci95_high": 1.0
    },
    "query_count": 10
  },
  "keyword_overlap": {
    "hit@5": {
      "n": 10,
      "mean": 0.9,
      "median": 1.0,
      "p95": 1.0,
      "ci95_low": 0.7,
      "ci95_high": 1.0
    },
    "mrr": {
      "n": 10,
      "mean": 0.8333333333333334,
      "median": 1.0,
      "p95": 1.0,
      "ci95_low": 0.5666666666666667,
      "ci95_high": 1.0
    },
    "ndcg@5": {
      "n": 10,
      "mean": 0.85,
      "median": 1.0,
      "p95": 1.0,
      "ci95_low": 0.6,
      "ci95_high": 1.0
    },
    "query_count": 10
  },
  "random": {
    "hit@5": {
      "n": 10,
      "mean": 0.1,
      "median": 0.0,
      "p95": 0.5499999999999989,
      "ci95_low": 0.0,
      "ci95_high": 0.3
    },
    "mrr": {
      "n": 10,
      "mean": 0.1,
      "median": 0.0,
      "p95": 0.5499999999999989,
      "ci95_low": 0.0,
      "ci95_high": 0.3
    },
    "ndcg@5": {
      "n": 10,
      "mean": 0.1,
      "median": 0.0,
      "p95": 0.5499999999999989,
      "ci95_low": 0.0,
      "ci95_high": 0.3
    },
    "query_count": 10
  }
}