{
  "proposed_contextual_controlled": {
    "sample_count": 12,
    "context_relevance": {
      "n": 12,
      "mean": 0.2795889405933864,
      "median": 0.2488383838383838,
      "p95": 0.4095056818181818,
      "ci95_low": 0.23643087047099012,
      "ci95_high": 0.32896098830011544
    },
    "persona_consistency": {
      "n": 12,
      "mean": 0.3658925318761384,
      "median": 0.35000000000000003,
      "p95": 0.5652380952380951,
      "ci95_low": 0.29626437678896694,
      "ci95_high": 0.4404126984126983
    },
    "naturalness": {
      "n": 12,
      "mean": 0.8453671281387195,
      "median": 0.8292596921878044,
      "p95": 0.9683333333333333,
      "ci95_low": 0.8070566422367671,
      "ci95_high": 0.8875890127227519
    },
    "context_keyword_coverage": {
      "n": 12,
      "mean": 0.35164141414141414,
      "median": 0.3181818181818182,
      "p95": 0.5204545454545454,
      "ci95_low": 0.2891256313131313,
      "ci95_high": 0.413510101010101
    },
    "context_overlap": {
      "n": 12,
      "mean": 0.11146650231465503,
      "median": 0.09819277108433735,
      "p95": 0.16793785310734463,
      "ci95_low": 0.09057134192031405,
      "ci95_high": 0.13262730701402684
    },
    "persona_keyword_coverage": {
      "n": 12,
      "mean": 0.3055555555555555,
      "median": 0.26666666666666666,
      "p95": 0.6057142857142854,
      "ci95_low": 0.21468253968253967,
      "ci95_high": 0.42896825396825394
    },
    "persona_style": {
      "n": 12,
      "mean": 0.60724043715847,
      "median": 0.5,
      "p95": 1.0,
      "ci95_low": 0.4166666666666667,
      "ci95_high": 0.7978142076502732
    },
    "distinct1": {
      "n": 12,
      "mean": 0.9394594870134653,
      "median": 0.9390502117362372,
      "p95": 1.0,
      "ci95_low": 0.9149628591949657,
      "ci95_high": 0.9641795269565837
    },
    "length_score": {
      "n": 12,
      "mean": 0.39166666666666666,
      "median": 0.33333333333333337,
      "p95": 0.8599999999999999,
      "ci95_low": 0.23604166666666668,
      "ci95_high": 0.563958333333333
    },
    "sentence_score": {
      "n": 12,
      "mean": 0.9125,
      "median": 1.0,
      "p95": 1.0,
      "ci95_low": 0.8250000000000001,
      "ci95_high": 1.0
    },
    "bertscore_f1": {
      "n": 12,
      "mean": 0.07798519528781374,
      "median": 0.07826687023043633,
      "p95": 0.18528559729456898,
      "ci95_low": 0.035893087760390095,
      "ci95_high": 0.1166509802220389
    },
    "overall_quality": {
      "n": 12,
      "mean": 0.3876010631931714,
      "median": 0.3905225316945479,
      "p95": 0.4379489673467564,
      "ci95_low": 0.36135130630921203,
      "ci95_high": 0.4102372464689037
    },
    "metrics": [
      "context_relevance",
      "persona_consistency",
      "naturalness",
      "context_keyword_coverage",
      "context_overlap",
      "persona_keyword_coverage",
      "persona_style",
      "distinct1",
      "length_score",
      "sentence_score",
      "bertscore_f1",
      "overall_quality"
    ]
  },
  "proposed_contextual_controlled_runtime": {
    "sample_count": 12,
    "context_relevance": {
      "n": 12,
      "mean": 0.32690751641918164,
      "median": 0.2843190593190593,
      "p95": 0.49442246835443027,
      "ci95_low": 0.2739721987824783,
      "ci95_high": 0.38475474452637864
    },
    "persona_consistency": {
      "n": 12,
      "mean": 0.3061835910397463,
      "median": 0.3026654560129136,
      "p95": 0.510238095238095,
      "ci95_low": 0.23790366541353383,
      "ci95_high": 0.390206946125908
    },
    "naturalness": {
      "n": 12,
      "mean": 0.8381153440422108,
      "median": 0.8132110771510606,
      "p95": 0.9342306940371456,
      "ci95_low": 0.8013742530630623,
      "ci95_high": 0.8777326355091203
    },
    "context_keyword_coverage": {
      "n": 12,
      "mean": 0.41729797979797983,
      "median": 0.36363636363636365,
      "p95": 0.6499999999999999,
      "ci95_low": 0.3427872474747474,
      "ci95_high": 0.49624368686868664
    },
    "context_overlap": {
      "n": 12,
      "mean": 0.11599643520198592,
      "median": 0.10991906644080557,
      "p95": 0.1785087719298245,
      "ci95_low": 0.09574178290944553,
      "ci95_high": 0.13641641718972414
    },
    "persona_keyword_coverage": {
      "n": 12,
      "mean": 0.22777777777777777,
      "median": 0.16666666666666666,
      "p95": 0.5690476190476186,
      "ci95_low": 0.14166666666666666,
      "ci95_high": 0.35873015873015873
    },
    "persona_style": {
      "n": 12,
      "mean": 0.6198068440876202,
      "median": 0.5,
      "p95": 1.0,
      "ci95_low": 0.442785722693032,
      "ci95_high": 0.7951692437307959
    },
    "distinct1": {
      "n": 12,
      "mean": 0.9154272489944156,
      "median": 0.9110671936758893,
      "p95": 0.9471014492753624,
      "ci95_low": 0.9045335584169315,
      "ci95_high": 0.926917114958273
    },
    "length_score": {
      "n": 12,
      "mean": 0.3888888888888889,
      "median": 0.33333333333333337,
      "p95": 0.8150000000000001,
      "ci95_low": 0.2111111111111111,
      "ci95_high": 0.575
    },
    "sentence_score": {
      "n": 12,
      "mean": 0.9416666666666668,
      "median": 1.0,
      "p95": 1.0,
      "ci95_low": 0.8541666666666666,
      "ci95_high": 1.0
    },
    "bertscore_f1": {
      "n": 12,
      "mean": 0.08541442950566609,
      "median": 0.07262634485960007,
      "p95": 0.14865265600383276,
      "ci95_low": 0.06661362022471923,
      "ci95_high": 0.10831090140466887
    },
    "overall_quality": {
      "n": 12,
      "mean": 0.3866250452474911,
      "median": 0.37253356428217477,
      "p95": 0.4720432488044008,
      "ci95_low": 0.35423763758442334,
      "ci95_high": 0.42030656291824947
    },
    "metrics": [
      "context_relevance",
      "persona_consistency",
      "naturalness",
      "context_keyword_coverage",
      "context_overlap",
      "persona_keyword_coverage",
      "persona_style",
      "distinct1",
      "length_score",
      "sentence_score",
      "bertscore_f1",
      "overall_quality"
    ]
  },
  "proposed_contextual": {
    "sample_count": 12,
    "context_relevance": {
      "n": 12,
      "mean": 0.13278376622979451,
      "median": 0.07581644144144144,
      "p95": 0.41087163330862353,
      "ci95_low": 0.05439183078032467,
      "ci95_high": 0.22810000367513983
    },
    "persona_consistency": {
      "n": 12,
      "mean": 0.18341569332135374,
      "median": 0.14811320754716983,
      "p95": 0.44047619047619035,
      "ci95_low": 0.11073506289308177,
      "ci95_high": 0.27032045522611564
    },
    "naturalness": {
      "n": 12,
      "mean": 0.8413265437752119,
      "median": 0.8742348008385744,
      "p95": 0.9338333333333333,
      "ci95_low": 0.79957296014479,
      "ci95_high": 0.882175850171584
    },
    "context_keyword_coverage": {
      "n": 12,
      "mean": 0.16224747474747475,
      "median": 0.08333333333333333,
      "p95": 0.5291666666666665,
      "ci95_low": 0.056818181818181816,
      "ci95_high": 0.28598484848484845
    },
    "context_overlap": {
      "n": 12,
      "mean": 0.06403511302187397,
      "median": 0.051417270929466054,
      "p95": 0.13484988880652332,
      "ci95_low": 0.042081722908817606,
      "ci95_high": 0.08713668158589968
    },
    "persona_keyword_coverage": {
      "n": 12,
      "mean": 0.07341269841269842,
      "median": 0.0,
      "p95": 0.41309523809523774,
      "ci95_low": 0.0,
      "ci95_high": 0.19246031746031747
    },
    "persona_style": {
      "n": 12,
      "mean": 0.6234276729559748,
      "median": 0.5,
      "p95": 1.0,
      "ci95_low": 0.4166666666666667,
      "ci95_high": 0.830188679245283
    },
    "distinct1": {
      "n": 12,
      "mean": 0.9387330261046966,
      "median": 0.9399038461538461,
      "p95": 1.0,
      "ci95_low": 0.921229804928213,
      "ci95_high": 0.9585931799110732
    },
    "length_score": {
      "n": 12,
      "mean": 0.4166666666666667,