{
  "proposed_contextual_controlled": {
    "sample_count": 24,
    "context_relevance": {
      "n": 24,
      "mean": 0.25469710106754095,
      "median": 0.2283674704873373,
      "p95": 0.42919769989047085,
      "ci95_low": 0.22017823828022234,
      "ci95_high": 0.2928055181465881
    },
    "persona_consistency": {
      "n": 24,
      "mean": 0.3307514880952381,
      "median": 0.2935416666666667,
      "p95": 0.5744285714285713,
      "ci95_low": 0.2772535342261905,
      "ci95_high": 0.38420920138888887
    },
    "naturalness": {
      "n": 24,
      "mean": 0.8977213727564588,
      "median": 0.9165635286372614,
      "p95": 0.9759234234234233,
      "ci95_low": 0.869331721357447,
      "ci95_high": 0.9219685890534222
    },
    "context_keyword_coverage": {
      "n": 24,
      "mean": 0.3202020202020202,
      "median": 0.2727272727272727,
      "p95": 0.5454545454545454,
      "ci95_low": 0.27171085858585864,
      "ci95_high": 0.371969696969697
    },
    "context_overlap": {
      "n": 24,
      "mean": 0.10185228975375606,
      "median": 0.10876232201533406,
      "p95": 0.14481132075471695,
      "ci95_low": 0.08939806789291493,
      "ci95_high": 0.11334078005690872
    },
    "persona_keyword_coverage": {
      "n": 24,
      "mean": 0.26011904761904764,
      "median": 0.2,
      "p95": 0.5849999999999997,
      "ci95_low": 0.1982093253968254,
      "ci95_high": 0.3331398809523809
    },
    "persona_style": {
      "n": 24,
      "mean": 0.61328125,
      "median": 0.5,
      "p95": 1.0,
      "ci95_low": 0.4895833333333333,
      "ci95_high": 0.7278645833333334
    },
    "distinct1": {
      "n": 24,
      "mean": 0.9259006541133692,
      "median": 0.9294019933554818,
      "p95": 0.9748026315789473,
      "ci95_low": 0.9125794643998175,
      "ci95_high": 0.9379740525023409
    },
    "length_score": {
      "n": 24,
      "mean": 0.6749999999999999,
      "median": 0.8,
      "p95": 0.9949999999999999,
      "ci95_low": 0.5541319444444445,
      "ci95_high": 0.7833333333333333
    },
    "sentence_score": {
      "n": 24,
      "mean": 0.9270833333333334,
      "median": 1.0,
      "p95": 1.0,
      "ci95_low": 0.86875,
      "ci95_high": 0.9854166666666666
    },
    "overall_quality": {
      "n": 24,
      "mean": 0.4116839818374825,
      "median": 0.4000801690786347,
      "p95": 0.5041893877764457,
      "ci95_low": 0.3865807504897809,
      "ci95_high": 0.43995267210761874
    },
    "metrics": [
      "context_relevance",
      "persona_consistency",
      "naturalness",
      "context_keyword_coverage",
      "context_overlap",
      "persona_keyword_coverage",
      "persona_style",
      "distinct1",
      "length_score",
      "sentence_score",
      "overall_quality"
    ]
  },
  "proposed_contextual_controlled_alt": {
    "sample_count": 24,
    "context_relevance": {
      "n": 24,
      "mean": 0.2753636823720885,
      "median": 0.22252696456086285,
      "p95": 0.5414930955120826,
      "ci95_low": 0.22394351674796537,
      "ci95_high": 0.33401981251893614
    },
    "persona_consistency": {
      "n": 24,
      "mean": 0.37672123015873016,
      "median": 0.33333333333333337,
      "p95": 0.6639285714285713,
      "ci95_low": 0.3075593998015873,
      "ci95_high": 0.453554439484127
    },
    "naturalness": {
      "n": 24,
      "mean": 0.8746336662799146,
      "median": 0.8891893780573026,
      "p95": 0.9726541926541926,
      "ci95_low": 0.843654142376063,
      "ci95_high": 0.9035464019895237
    },
    "context_keyword_coverage": {
      "n": 24,
      "mean": 0.34835858585858587,
      "median": 0.2727272727272727,
      "p95": 0.7056818181818179,
      "ci95_low": 0.27859375000000003,
      "ci95_high": 0.4221117424242424
    },
    "context_overlap": {
      "n": 24,
      "mean": 0.10504224090359476,
      "median": 0.11114922813036021,
      "p95": 0.15297619047619046,
      "ci95_low": 0.09173540522731556,
      "ci95_high": 0.11784660856534677
    },
    "persona_keyword_coverage": {
      "n": 24,
      "mean": 0.3113095238095238,
      "median": 0.2,
      "p95": 0.7142857142857143,
      "ci95_low": 0.23035714285714284,
      "ci95_high": 0.41270833333333334
    },
    "persona_style": {
      "n": 24,
      "mean": 0.6383680555555555,
      "median": 0.5,
      "p95": 1.0,
      "ci95_low": 0.5306553819444445,
      "ci95_high": 0.7519227430555555
    },
    "distinct1": {
      "n": 24,
      "mean": 0.9348818677632397,
      "median": 0.9435612082670906,
      "p95": 0.9820436507936507,
      "ci95_low": 0.9127374330250053,
      "ci95_high": 0.9523818533407308
    },
    "length_score": {
      "n": 24,
      "mean": 0.5291666666666667,
      "median": 0.48333333333333334,
      "p95": 0.9666666666666668,
      "ci95_low": 0.3986111111111111,
      "ci95_high": 0.6611111111111111
    },
    "sentence_score": {
      "n": 24,
      "mean": 0.9708333333333333,
      "median": 1.0,
      "p95": 1.0,
      "ci95_low": 0.9270833333333334,
      "ci95_high": 1.0
    },
    "overall_quality": {
      "n": 24,
      "mean": 0.43362128625481217,
      "median": 0.41140380145853406,
      "p95": 0.6092192800505782,
      "ci95_low": 0.40219062883977164,
      "ci95_high": 0.46918493062369165
    },
    "metrics": [
      "context_relevance",
      "persona_consistency",
      "naturalness",
      "context_keyword_coverage",
      "context_overlap",
      "persona_keyword_coverage",
      "persona_style",
      "distinct1",
      "length_score",
      "sentence_score",
      "overall_quality"
    ]
  },
  "proposed_contextual": {
    "sample_count": 24,
    "context_relevance": {
      "n": 24,
      "mean": 0.060148780463479844,
      "median": 0.014634146341463414,
      "p95": 0.2614073426573424,
      "ci95_low": 0.025666048573427722,
      "ci95_high": 0.10319121782745294
    },
    "persona_consistency": {
      "n": 24,
      "mean": 0.12067956349206349,
      "median": 0.1,
      "p95": 0.3304761904761905,
      "ci95_low": 0.08224627976190477,
      "ci95_high": 0.16339391121031743
    },
    "naturalness": {
      "n": 24,
      "mean": 0.8045400319910354,
      "median": 0.7486363636363635,
      "p95": 0.9110235294117646,
      "ci95_low": 0.7787523553725376,
      "ci95_high": 0.8300898569010093
    },
    "context_keyword_coverage": {
      "n": 24,
      "mean": 0.06376262626262626,
      "median": 0.0,
      "p95": 0.336363636363636,
      "ci95_low": 0.015151515151515152,
      "ci95_high": 0.12121212121212122
    },
    "context_overlap": {
      "n": 24,
      "mean": 0.05171647359880489,
      "median": 0.047619047619047616,
      "p95": 0.1006410256410256,
      "ci95_low": 0.04204463785888357,
      "ci95_high": 0.06240736745350807
    },
    "persona_keyword_coverage": {
      "n": 24,
      "mean": 0.03908730158730159,
      "median": 0.0,
      "p95": 0.19499999999999995,
      "ci95_low": 0.006944444444444444,
      "ci95_high": 0.08432539682539682
    },
    "persona_style": {
      "n": 24,
      "mean": 0.4470486111111111,
      "median": 0.5,
      "p95": 1.0,
      "ci95_low": 0.3263888888888889,
      "ci95_high": 0.572927517361111
    },
    "distinct1": {
      "n": 24,
      "mean": 0.941558413310922,
      "median": 0.9090909090909091,
      "p95": 1.0,
      "ci95_low": 0.9265171868572605,
      "ci95_high": 0.9569998145352612
    },
    "length_score": {
      "n": 24,
      "mean": 0.2708333333333333,
      "median": 0.09999999999999998,
      "p95": 0.6,
      "ci95_low": 0.18194444444444444,
      "ci95_high": 0.3625
    },
    "sentence_score": {
      "n": 24,
      "mean": 0.7374999999999999,
      "median": 0.65,
      "p95": 1.0,
      "ci95_low": 0.6791666666666667,
      "ci95_high": 0.7958333333333334
    },
    "overall_quality": {
      "n": 24,
      "mean": 0.22621168460892713,
      "median": 0.1849328476401647,
      "p95": 0.3918424657740158,
      "ci95_low": 0.19746314700713377,
      "ci95_high": 0.2579038168408372
    },