{
  "ttft_ms": {
    "candidate_mean": 452.02153750142315,
    "baseline_mean": 184.0122000012343,
    "absolute_delta": 268.00933750018885,
    "relative_delta": 1.4564759157185834,
    "candidate_better": false,
    "lower_is_better": true
  },
  "total_time_ms": {
    "candidate_mean": 579.6394375011005,
    "baseline_mean": 311.0488999991503,
    "absolute_delta": 268.59053750195017,
    "relative_delta": 0.8634993967272795,
    "candidate_better": false,
    "lower_is_better": true
  },
  "tokens_per_s": {
    "candidate_mean": 31.962931252787946,
    "baseline_mean": 31.65203561882593,
    "absolute_delta": 0.3108956339620157,
    "relative_delta": 0.009822295087305597,
    "candidate_better": true,
    "lower_is_better": false
  }
}