{
  "elara-npc:latest": {
    "total_requests": 8,
    "ok_requests": 8,
    "error_requests": 0,
    "error_rate": 0.0,
    "ttft_ms": {
      "n": 8,
      "mean": 452.02153750142315,
      "median": 366.7031499935547,
      "p95": 781.0906550017532,
      "ci95_low": 354.2350003143838,
      "ci95_high": 604.2259040637873
    },
    "total_time_ms": {
      "n": 8,
      "mean": 579.6394375011005,
      "median": 500.8514499932062,
      "p95": 907.8955650053101,
      "ci95_low": 483.4060699982274,
      "ci95_high": 731.9867375026661
    },
    "tokens_per_s": {
      "n": 8,
      "mean": 31.962931252787946,
      "median": 31.491447039803745,
      "p95": 35.711562851405915,
      "ci95_low": 30.512962211987716,
      "ci95_high": 33.756517501369515
    }
  },
  "phi3:mini": {
    "total_requests": 8,
    "ok_requests": 8,
    "error_requests": 0,
    "error_rate": 0.0,
    "ttft_ms": {
      "n": 8,
      "mean": 184.0122000012343,
      "median": 157.69970000110334,
      "p95": 304.7076399991055,
      "ci95_low": 152.50343187849467,
      "ci95_high": 240.70510781239133
    },
    "total_time_ms": {
      "n": 8,
      "mean": 311.0488999991503,
      "median": 288.1665500026429,
      "p95": 437.5949949986533,
      "ci95_low": 274.78933749807766,
      "ci95_high": 370.9935390617374
    },
    "tokens_per_s": {
      "n": 8,
      "mean": 31.65203561882593,
      "median": 31.53291731734482,
      "p95": 34.57727492829456,
      "ci95_low": 29.884024542021148,
      "ci95_high": 33.224567620836275
    }
  }
}