{
  "proposed_contextual_controlled": {
    "sample_count": 20,
    "context_relevance": {
      "n": 20,
      "mean": 0.26501444577633115,
      "median": 0.27300906640529277,
      "p95": 0.35648128342245994,
      "ci95_low": 0.238438902193147,
      "ci95_high": 0.2938667307797653
    },
    "persona_consistency": {
      "n": 20,
      "mean": 0.3772261904761905,
      "median": 0.33333333333333337,
      "p95": 0.7480000000000002,
      "ci95_low": 0.3049309523809524,
      "ci95_high": 0.4659062499999999
    },
    "naturalness": {
      "n": 20,
      "mean": 0.86301696195874,
      "median": 0.875462962962963,
      "p95": 0.9724594594594594,
      "ci95_low": 0.8277206221277273,
      "ci95_high": 0.8981401794446285
    },
    "context_keyword_coverage": {
      "n": 20,
      "mean": 0.33424242424242423,
      "median": 0.36363636363636365,
      "p95": 0.45909090909090916,
      "ci95_low": 0.29515151515151516,
      "ci95_high": 0.375
    },
    "context_overlap": {
      "n": 20,
      "mean": 0.10348249602211412,
      "median": 0.10773694390715667,
      "p95": 0.1385057471264368,
      "ci95_low": 0.09307193706174752,
      "ci95_high": 0.11431441225330168
    },
    "persona_keyword_coverage": {
      "n": 20,
      "mean": 0.32142857142857145,
      "median": 0.2,
      "p95": 0.8642857142857143,
      "ci95_low": 0.22499404761904762,
      "ci95_high": 0.44334523809523807
    },
    "persona_style": {
      "n": 20,
      "mean": 0.6004166666666666,
      "median": 0.5,
      "p95": 1.0,
      "ci95_low": 0.47541666666666665,
      "ci95_high": 0.7333333333333333
    },
    "distinct1": {
      "n": 20,
      "mean": 0.9310840715635166,
      "median": 0.9290744466800804,
      "p95": 0.9824074074074074,
      "ci95_low": 0.9165024158902505,
      "ci95_high": 0.9456826062980203
    },
    "length_score": {
      "n": 20,
      "mean": 0.4966666666666667,
      "median": 0.5666666666666667,
      "p95": 0.935,
      "ci95_low": 0.3433333333333334,
      "ci95_high": 0.6450416666666664
    },
    "sentence_score": {
      "n": 20,
      "mean": 0.9125,
      "median": 1.0,
      "p95": 1.0,
      "ci95_low": 0.8425,
      "ci95_high": 0.9650000000000001
    },
    "bertscore_f1": {
      "n": 20,
      "mean": 0.07472772957989945,
      "median": 0.08130353316664696,
      "p95": 0.13124982044100764,
      "ci95_low": 0.05371276670281076,
      "ci95_high": 0.09461263007018715
    },
    "overall_quality": {
      "n": 20,
      "mean": 0.3884766083744544,
      "median": 0.3691623764874943,
      "p95": 0.5155495254967903,
      "ci95_low": 0.36312941912398317,
      "ci95_high": 0.4182402550126013
    },
    "metrics": [
      "context_relevance",
      "persona_consistency",
      "naturalness",
      "context_keyword_coverage",
      "context_overlap",
      "persona_keyword_coverage",
      "persona_style",
      "distinct1",
      "length_score",
      "sentence_score",
      "bertscore_f1",
      "overall_quality"
    ]
  },
  "proposed_contextual": {
    "sample_count": 20,
    "context_relevance": {
      "n": 20,
      "mean": 0.09523871185601028,
      "median": 0.015384615384615384,
      "p95": 0.2768470066518848,
      "ci95_low": 0.04873474297937569,
      "ci95_high": 0.14710555065530023
    },
    "persona_consistency": {
      "n": 20,
      "mean": 0.15663690476190478,
      "median": 0.1,
      "p95": 0.33952380952380967,
      "ci95_low": 0.10789918154761907,
      "ci95_high": 0.2100204613095237
    },
    "naturalness": {
      "n": 20,
      "mean": 0.7936223948982569,
      "median": 0.7544372294372295,
      "p95": 0.9038333333333334,
      "ci95_low": 0.7684820773135428,
      "ci95_high": 0.8215290351928282
    },
    "context_keyword_coverage": {
      "n": 20,
      "mean": 0.11098484848484849,
      "median": 0.0,
      "p95": 0.37272727272727285,
      "ci95_low": 0.045454545454545456,
      "ci95_high": 0.1882670454545454
    },
    "context_overlap": {
      "n": 20,
      "mean": 0.058497726388721194,
      "median": 0.04878048780487805,
      "p95": 0.12368498383779021,
      "ci95_low": 0.04676547610873729,
      "ci95_high": 0.07349366866501164
    },
    "persona_keyword_coverage": {
      "n": 20,
      "mean": 0.06071428571428571,
      "median": 0.0,
      "p95": 0.18690476190476218,
      "ci95_low": 0.015476190476190477,
      "ci95_high": 0.1261904761904762
    },
    "persona_style": {
      "n": 20,
      "mean": 0.540327380952381,
      "median": 0.5,
      "p95": 1.0,
      "ci95_low": 0.4069940476190476,
      "ci95_high": 0.6788151041666666
    },
    "distinct1": {
      "n": 20,
      "mean": 0.9369726539123091,
      "median": 0.9090909090909091,
      "p95": 1.0,
      "ci95_low": 0.921193487556634,
      "ci95_high": 0.9540982145378697
    },
    "length_score": {
      "n": 20,
      "mean": 0.21666666666666665,
      "median": 0.09999999999999998,
      "p95": 0.521666666666667,
      "ci95_low": 0.1383333333333333,
      "ci95_high": 0.32166666666666666
    },
    "sentence_score": {
      "n": 20,
      "mean": 0.755,
      "median": 0.65,
      "p95": 1.0,
      "ci95_low": 0.685,
      "ci95_high": 0.825
    },
    "bertscore_f1": {
      "n": 20,
      "mean": 0.06730982842855156,
      "median": 0.06275546923279762,
      "p95": 0.15583508312702182,
      "ci95_low": 0.045136696490226315,
      "ci95_high": 0.09130429199780336
    },
    "overall_quality": {
      "n": 20,
      "mean": 0.23370729050013198,
      "median": 0.19528526717846478,
      "p95": 0.3938565681165044,
      "ci95_low": 0.19969216740783285,
      "ci95_high": 0.27231450824046605
    },
    "metrics": [
      "context_relevance",
      "persona_consistency",
      "naturalness",
      "context_keyword_coverage",
      "context_overlap",
      "persona_keyword_coverage",
      "persona_style",
      "distinct1",
      "length_score",
      "sentence_score",
      "bertscore_f1",
      "overall_quality"
    ]
  },
  "candidate_no_context": {
    "sample_count": 20,
    "context_relevance": {
      "n": 20,
      "mean": 0.02737159375737284,
      "median": 0.014285714285714284,
      "p95": 0.08213961038961044,
      "ci95_low": 0.013672235374396397,
      "ci95_high": 0.045865013894125686
    },
    "persona_consistency": {
      "n": 20,
      "mean": 0.1760654761904762,
      "median": 0.1,
      "p95": 0.444047619047619,
      "ci95_low": 0.12166540178571429,
      "ci95_high": 0.23497760416666663
    },
    "naturalness": {
      "n": 20,
      "mean": 0.819903024303344,
      "median": 0.7686962912709181,
      "p95": 0.9544880952380953,
      "ci95_low": 0.78357331864564,
      "ci95_high": 0.8584869992569619
    },
    "context_keyword_coverage": {
      "n": 20,
      "mean": 0.022727272727272728,
      "median": 0.0,
      "p95": 0.09545454545454551,
      "ci95_low": 0.004545454545454545,
      "ci95_high": 0.045454545454545456
    },
    "context_overlap": {
      "n": 20,
      "mean": 0.03820834282760645,
      "median": 0.04523809523809524,
      "p95": 0.054922779922779934,
      "ci95_low": 0.029761400086027182,
      "ci95_high": 0.04559346902980881
    },
    "persona_keyword_coverage": {
      "n": 20,
      "mean": 0.08023809523809523,
      "median": 0.0,
      "p95": 0.33809523809523817,
      "ci95_low": 0.023809523809523808,
      "ci95_high": 0.14619642857142853
    },
    "persona_style": {
      "n": 20,
      "mean": 0.559375,
      "median": 0.5,
      "p95": 1.0,
      "ci95_low": 0.434375,
      "ci95_high": 0.684375
    },
    "distinct1": {
      "n": 20,
      "mean": 0.9466325607583602,
      "median": 0.9307359307359306,
      "p95": 1.0,
      "ci95_low": 0.928592040954781,
      "ci95_high": 0.9639369652202806
    },
    "length_score": {
      "n": 20,
      "mean": 0.32,
      "median": 0.09999999999999998,
      "p95": 0.8716666666666667,
      "ci95_low": 0.18666666666666668,
      "ci95_high": 0.46170833333333305
    },