{
  "proposed_vs_candidate_no_context": {
    "context_relevance": {
      "target_mean": 0.08042400737545176,
      "baseline_mean": 0.026392709389711437,
      "absolute_delta": 0.05403129798574032,
      "relative_delta": 2.047205430405835
    },
    "persona_consistency": {
      "target_mean": 0.1450827380952381,
      "baseline_mean": 0.17178273809523809,
      "absolute_delta": -0.026699999999999974,
      "relative_delta": -0.15542888823437676
    },
    "naturalness": {
      "target_mean": 0.7908436718326494,
      "baseline_mean": 0.7965115485598749,
      "absolute_delta": -0.005667876727225574,
      "relative_delta": -0.0071158751401323985
    },
    "context_keyword_coverage": {
      "target_mean": 0.09037878787878788,
      "baseline_mean": 0.020303030303030302,
      "absolute_delta": 0.07007575757575757,
      "relative_delta": 3.451492537313433
    },
    "context_overlap": {
      "target_mean": 0.05719618620100082,
      "baseline_mean": 0.040601960591967426,
      "absolute_delta": 0.016594225609033397,
      "relative_delta": 0.40870503214853005
    },
    "persona_keyword_coverage": {
      "target_mean": 0.055952380952380955,
      "baseline_mean": 0.09011904761904763,
      "absolute_delta": -0.03416666666666667,
      "relative_delta": -0.3791281373844122
    },
    "persona_style": {
      "target_mean": 0.5016041666666666,
      "baseline_mean": 0.4984375,
      "absolute_delta": 0.003166666666666651,
      "relative_delta": 0.006353187042842184
    },
    "distinct1": {
      "target_mean": 0.9322133462482901,
      "baseline_mean": 0.9299247047330208,
      "absolute_delta": 0.0022886415152693074,
      "relative_delta": 0.002461104112645734
    },
    "length_score": {
      "target_mean": 0.21666666666666665,
      "baseline_mean": 0.24083333333333332,
      "absolute_delta": -0.02416666666666667,
      "relative_delta": -0.1003460207612457
    },
    "sentence_score": {
      "target_mean": 0.7462500000000001,
      "baseline_mean": 0.76375,
      "absolute_delta": -0.01749999999999996,
      "relative_delta": -0.022913256955810094
    },
    "bertscore_f1": {
      "target_mean": 0.06308401450514793,
      "baseline_mean": 0.024625047802692278,
      "absolute_delta": 0.03845896670245565,
      "relative_delta": 1.5617824180731499
    },
    "overall_quality": {
      "target_mean": 0.22324940624676654,
      "baseline_mean": 0.2067564313849231,
      "absolute_delta": 0.016492974861843424,
      "relative_delta": 0.07977006930990253
    }
  },
  "proposed_vs_baseline_no_context": {
    "context_relevance": {
      "target_mean": 0.08042400737545176,
      "baseline_mean": 0.038710105407525355,
      "absolute_delta": 0.0417139019679264,
      "relative_delta": 1.0775972198674795
    },
    "persona_consistency": {
      "target_mean": 0.1450827380952381,
      "baseline_mean": 0.18039285714285716,
      "absolute_delta": -0.03531011904761905,
      "relative_delta": -0.19574011746848807
    },
    "naturalness": {
      "target_mean": 0.7908436718326494,
      "baseline_mean": 0.8942067884685156,
      "absolute_delta": -0.10336311663586628,
      "relative_delta": -0.1155919614666464
    },
    "context_keyword_coverage": {
      "target_mean": 0.09037878787878788,
      "baseline_mean": 0.03806818181818182,
      "absolute_delta": 0.05231060606060606,
      "relative_delta": 1.3741293532338308
    },
    "context_overlap": {
      "target_mean": 0.05719618620100082,
      "baseline_mean": 0.04020792711599363,
      "absolute_delta": 0.016988259085007194,
      "relative_delta": 0.422510193972415
    },
    "persona_keyword_coverage": {
      "target_mean": 0.055952380952380955,
      "baseline_mean": 0.07809523809523809,
      "absolute_delta": -0.022142857142857138,
      "relative_delta": -0.2835365853658536
    },
    "persona_style": {
      "target_mean": 0.5016041666666666,
      "baseline_mean": 0.5895833333333333,
      "absolute_delta": -0.08797916666666672,
      "relative_delta": -0.14922261484098948
    },
    "distinct1": {
      "target_mean": 0.9322133462482901,
      "baseline_mean": 0.9797878045046226,
      "absolute_delta": -0.04757445825633244,
      "relative_delta": -0.04855587917874313
    },
    "length_score": {
      "target_mean": 0.21666666666666665,
      "baseline_mean": 0.5683333333333334,
      "absolute_delta": -0.3516666666666667,
      "relative_delta": -0.6187683284457478
    },
    "sentence_score": {
      "target_mean": 0.7462500000000001,
      "baseline_mean": 0.8862500000000001,
      "absolute_delta": -0.14,
      "relative_delta": -0.15796897038081806
    },
    "bertscore_f1": {
      "target_mean": 0.06308401450514793,
      "baseline_mean": 0.05386669969302602,
      "absolute_delta": 0.009217314812121909,
      "relative_delta": 0.17111341263989205
    },
    "overall_quality": {
      "target_mean": 0.22324940624676654,
      "baseline_mean": 0.23469054538854142,
      "absolute_delta": -0.011441139141774886,
      "relative_delta": -0.04874989370719444
    }
  },
  "controlled_vs_proposed_raw": {
    "context_relevance": {
      "target_mean": 0.2781762621121019,
      "baseline_mean": 0.08042400737545176,
      "absolute_delta": 0.19775225473665015,
      "relative_delta": 2.4588709415269836
    },
    "persona_consistency": {
      "target_mean": 0.3238024891774892,
      "baseline_mean": 0.1450827380952381,
      "absolute_delta": 0.1787197510822511,
      "relative_delta": 1.2318471062004104
    },
    "naturalness": {
      "target_mean": 0.8862921021820729,
      "baseline_mean": 0.7908436718326494,
      "absolute_delta": 0.09544843034942352,
      "relative_delta": 0.12069190631346594
    },
    "context_keyword_coverage": {
      "target_mean": 0.35113636363636364,
      "baseline_mean": 0.09037878787878788,
      "absolute_delta": 0.26075757575757574,
      "relative_delta": 2.8851634534786252
    },
    "context_overlap": {
      "target_mean": 0.10793602522215784,
      "baseline_mean": 0.05719618620100082,
      "absolute_delta": 0.050739839021157015,
      "relative_delta": 0.8871192712542986
    },
    "persona_keyword_coverage": {
      "target_mean": 0.2590476190476191,
      "baseline_mean": 0.055952380952380955,
      "absolute_delta": 0.20309523809523813,
      "relative_delta": 3.6297872340425537
    },
    "persona_style": {
      "target_mean": 0.5828219696969696,
      "baseline_mean": 0.5016041666666666,
      "absolute_delta": 0.08121780303030302,
      "relative_delta": 0.16191612515905407
    },
    "distinct1": {
      "target_mean": 0.9294802554551822,
      "baseline_mean": 0.9322133462482901,
      "absolute_delta": -0.0027330907931079063,
      "relative_delta": -0.002931829719138093
    },
    "length_score": {
      "target_mean": 0.615,
      "baseline_mean": 0.21666666666666665,
      "absolute_delta": 0.3983333333333333,
      "relative_delta": 1.8384615384615386
    },
    "sentence_score": {
      "target_mean": 0.915,
      "baseline_mean": 0.7462500000000001,
      "absolute_delta": 0.16874999999999996,
      "relative_delta": 0.22613065326633158
    },
    "bertscore_f1": {
      "target_mean": 0.08563148283865303,
      "baseline_mean": 0.06308401450514793,
      "absolute_delta": 0.0225474683335051,
      "relative_delta": 0.3574196808870673
    },
    "overall_quality": {
      "target_mean": 0.38173119708825415,
      "baseline_mean": 0.22324940624676654,
      "absolute_delta": 0.1584817908414876,
      "relative_delta": 0.7098867294021437
    }
  },
  "controlled_vs_candidate_no_context": {
    "context_relevance": {
      "target_mean": 0.2781762621121019,
      "baseline_mean": 0.026392709389711437,
      "absolute_delta": 0.25178355272239045,
      "relative_delta": 9.539890316093967
    },
    "persona_consistency": {
      "target_mean": 0.3238024891774892,
      "baseline_mean": 0.17178273809523809,
      "absolute_delta": 0.15201975108225113,
      "relative_delta": 0.8849535917745696
    },