{
  "proposed_contextual_controlled": {
    "sample_count": 40,
    "context_relevance": {
      "n": 40,
      "mean": 0.2781762621121019,
      "median": 0.2392019467019467,
      "p95": 0.4650062042842215,
      "ci95_low": 0.2533931322478796,
      "ci95_high": 0.30593581884820625
    },
    "persona_consistency": {
      "n": 40,
      "mean": 0.3238024891774892,
      "median": 0.33333333333333337,
      "p95": 0.5428571428571429,
      "ci95_low": 0.28292259199134195,
      "ci95_high": 0.3638848214285714
    },
    "naturalness": {
      "n": 40,
      "mean": 0.8862921021820729,
      "median": 0.9275268817204301,
      "p95": 0.9685855855855856,
      "ci95_low": 0.8602078787527532,
      "ci95_high": 0.9111508977504841
    },
    "context_keyword_coverage": {
      "n": 40,
      "mean": 0.35113636363636364,
      "median": 0.2863636363636364,
      "p95": 0.5859848484848483,
      "ci95_low": 0.3167329545454546,
      "ci95_high": 0.3886363636363636
    },
    "context_overlap": {
      "n": 40,
      "mean": 0.10793602522215784,
      "median": 0.10889328063241106,
      "p95": 0.16888017642734623,
      "ci95_low": 0.09799698146876816,
      "ci95_high": 0.11786083137893952
    },
    "persona_keyword_coverage": {
      "n": 40,
      "mean": 0.2590476190476191,
      "median": 0.24285714285714285,
      "p95": 0.43214285714285694,
      "ci95_low": 0.21832440476190476,
      "ci95_high": 0.30392857142857144
    },
    "persona_style": {
      "n": 40,
      "mean": 0.5828219696969696,
      "median": 0.5,
      "p95": 1.0,
      "ci95_low": 0.4903328598484849,
      "ci95_high": 0.6769015151515151
    },
    "distinct1": {
      "n": 40,
      "mean": 0.9294802554551822,
      "median": 0.936491935483871,
      "p95": 0.9694534412955466,
      "ci95_low": 0.9212250418118999,
      "ci95_high": 0.9371368648563696
    },
    "length_score": {
      "n": 40,
      "mean": 0.615,
      "median": 0.7833333333333333,
      "p95": 1.0,
      "ci95_low": 0.5057916666666666,
      "ci95_high": 0.7225208333333333
    },
    "sentence_score": {
      "n": 40,
      "mean": 0.915,
      "median": 1.0,
      "p95": 1.0,
      "ci95_low": 0.85,
      "ci95_high": 0.9662499999999999
    },
    "bertscore_f1": {
      "n": 40,
      "mean": 0.08563148283865303,
      "median": 0.0725717842578888,
      "p95": 0.1610393241047859,
      "ci95_low": 0.07113392090599517,
      "ci95_high": 0.10174301709572318
    },
    "overall_quality": {
      "n": 40,
      "mean": 0.38173119708825415,
      "median": 0.37580823244285844,
      "p95": 0.45671303971180144,
      "ci95_low": 0.3653914256879447,
      "ci95_high": 0.39890456414851394
    },
    "metrics": [
      "context_relevance",
      "persona_consistency",
      "naturalness",
      "context_keyword_coverage",
      "context_overlap",
      "persona_keyword_coverage",
      "persona_style",
      "distinct1",
      "length_score",
      "sentence_score",
      "bertscore_f1",
      "overall_quality"
    ]
  },
  "proposed_contextual": {
    "sample_count": 40,
    "context_relevance": {
      "n": 40,
      "mean": 0.08042400737545176,
      "median": 0.014817073170731707,
      "p95": 0.2788454545454545,
      "ci95_low": 0.051407240765674864,
      "ci95_high": 0.11240441925498987
    },
    "persona_consistency": {
      "n": 40,
      "mean": 0.1450827380952381,
      "median": 0.1,
      "p95": 0.43249999999999983,
      "ci95_low": 0.11023711309523809,
      "ci95_high": 0.18456773065476187
    },
    "naturalness": {
      "n": 40,
      "mean": 0.7908436718326494,
      "median": 0.7486363636363635,
      "p95": 0.9336666666666666,
      "ci95_low": 0.7716956891318899,
      "ci95_high": 0.8121024849341208
    },
    "context_keyword_coverage": {
      "n": 40,
      "mean": 0.09037878787878788,
      "median": 0.0,
      "p95": 0.36363636363636365,
      "ci95_low": 0.05022253787878787,
      "ci95_high": 0.1354214015151515
    },
    "context_overlap": {
      "n": 40,
      "mean": 0.05719618620100082,
      "median": 0.04939024390243903,
      "p95": 0.10355834641548922,
      "ci95_low": 0.04938243855760607,
      "ci95_high": 0.06558256436296696
    },
    "persona_keyword_coverage": {
      "n": 40,
      "mean": 0.055952380952380955,
      "median": 0.0,
      "p95": 0.34523809523809457,
      "ci95_low": 0.016666666666666666,
      "ci95_high": 0.10418154761904752
    },
    "persona_style": {
      "n": 40,
      "mean": 0.5016041666666666,
      "median": 0.5,
      "p95": 1.0,
      "ci95_low": 0.40441510416666665,
      "ci95_high": 0.5943606770833332
    },
    "distinct1": {
      "n": 40,
      "mean": 0.9322133462482901,
      "median": 0.9090909090909091,
      "p95": 1.0,
      "ci95_low": 0.9220953185762206,
      "ci95_high": 0.9441471187722489
    },
    "length_score": {
      "n": 40,
      "mean": 0.21666666666666665,
      "median": 0.09999999999999998,
      "p95": 0.7016666666666665,
      "ci95_low": 0.14829166666666665,
      "ci95_high": 0.2925
    },
    "sentence_score": {
      "n": 40,
      "mean": 0.7462500000000001,
      "median": 0.65,
      "p95": 1.0,
      "ci95_low": 0.7025,
      "ci95_high": 0.79875
    },
    "bertscore_f1": {
      "n": 40,
      "mean": 0.06308401450514793,
      "median": 0.04937080666422844,
      "p95": 0.1773868776857853,
      "ci95_low": 0.04600400902272667,
      "ci95_high": 0.0817743789916858
    },
    "overall_quality": {
      "n": 40,
      "mean": 0.22324940624676654,
      "median": 0.17249818747142728,
      "p95": 0.40693561081186835,
      "ci95_low": 0.1989276640457096,
      "ci95_high": 0.25100189799006545
    },
    "metrics": [
      "context_relevance",
      "persona_consistency",
      "naturalness",
      "context_keyword_coverage",
      "context_overlap",
      "persona_keyword_coverage",
      "persona_style",
      "distinct1",
      "length_score",
      "sentence_score",
      "bertscore_f1",
      "overall_quality"
    ]
  },
  "candidate_no_context": {
    "sample_count": 40,
    "context_relevance": {
      "n": 40,
      "mean": 0.026392709389711437,
      "median": 0.014285714285714284,
      "p95": 0.08770497501458124,
      "ci95_low": 0.017179913823157516,
      "ci95_high": 0.03772510542344488
    },
    "persona_consistency": {
      "n": 40,
      "mean": 0.17178273809523809,
      "median": 0.1,
      "p95": 0.5128571428571426,
      "ci95_low": 0.12376030505952382,
      "ci95_high": 0.22698683035714287
    },
    "naturalness": {
      "n": 40,
      "mean": 0.7965115485598749,
      "median": 0.7486363636363635,
      "p95": 0.925880081300813,
      "ci95_low": 0.7770338191929058,
      "ci95_high": 0.8194361177055468
    },
    "context_keyword_coverage": {
      "n": 40,
      "mean": 0.020303030303030302,
      "median": 0.0,
      "p95": 0.10333333333333315,
      "ci95_low": 0.006818181818181818,
      "ci95_high": 0.035458333333333314
    },
    "context_overlap": {
      "n": 40,
      "mean": 0.040601960591967426,
      "median": 0.04461028192371476,
      "p95": 0.05933062880324541,
      "ci95_low": 0.03656413337538511,
      "ci95_high": 0.044821891335371525
    },
    "persona_keyword_coverage": {
      "n": 40,
      "mean": 0.09011904761904763,
      "median": 0.0,
      "p95": 0.5714285714285714,
      "ci95_low": 0.03511904761904762,
      "ci95_high": 0.1545297619047619
    },
    "persona_style": {
      "n": 40,
      "mean": 0.4984375,
      "median": 0.5,
      "p95": 1.0,
      "ci95_low": 0.40310546875,
      "ci95_high": 0.5953125
    },
    "distinct1": {
      "n": 40,
      "mean": 0.9299247047330208,
      "median": 0.9090909090909091,
      "p95": 1.0,
      "ci95_low": 0.9207882076959804,
      "ci95_high": 0.939534863163423
    },
    "length_score": {
      "n": 40,
      "mean": 0.24083333333333332,
      "median": 0.09999999999999998,
      "p95": 0.7016666666666665,
      "ci95_low": 0.16997916666666665,