{
  "bm25": {
    "hit@5": {
      "n": 10,
      "mean": 1.0,
      "median": 1.0,
      "p95": 1.0,
      "ci95_low": 1.0,
      "ci95_high": 1.0
    },
    "mrr": {
      "n": 10,
      "mean": 0.85,
      "median": 1.0,
      "p95": 1.0,
      "ci95_low": 0.7,
      "ci95_high": 1.0
    },
    "ndcg@5": {
      "n": 10,
      "mean": 0.8892789260714373,
      "median": 1.0,
      "p95": 1.0,
      "ci95_low": 0.7785578521428744,
      "ci95_high": 1.0
    },
    "query_count": 10
  },
  "keyword_overlap": {
    "hit@5": {
      "n": 10,
      "mean": 0.9,
      "median": 1.0,
      "p95": 1.0,
      "ci95_low": 0.7,
      "ci95_high": 1.0
    },
    "mrr": {
      "n": 10,
      "mean": 0.8333333333333334,
      "median": 1.0,
      "p95": 1.0,
      "ci95_low": 0.6,
      "ci95_high": 1.0
    },
    "ndcg@5": {
      "n": 10,
      "mean": 0.85,
      "median": 1.0,
      "p95": 1.0,
      "ci95_low": 0.65,
      "ci95_high": 1.0
    },
    "query_count": 10
  },
  "random": {
    "hit@5": {
      "n": 10,
      "mean": 0.4,
      "median": 0.0,
      "p95": 1.0,
      "ci95_low": 0.1,
      "ci95_high": 0.7
    },
    "mrr": {
      "n": 10,
      "mean": 0.16499999999999998,
      "median": 0.0,
      "p95": 0.6624999999999992,
      "ci95_low": 0.02,
      "ci95_high": 0.38
    },
    "ndcg@5": {
      "n": 10,
      "mean": 0.22043821725424761,
      "median": 0.0,
      "p95": 0.7438044511330263,
      "ci95_low": 0.0430676558073393,
      "ci95_high": 0.4387400595680799
    },
    "query_count": 10
  }
}