{
  "proposed_vs_candidate_no_context": {
    "context_relevance": {
      "target_mean": 0.06910186597015848,
      "baseline_mean": 0.022297545558880638,
      "absolute_delta": 0.04680432041127784,
      "relative_delta": 2.099079483330697
    },
    "persona_consistency": {
      "target_mean": 0.1481264880952381,
      "baseline_mean": 0.15599702380952382,
      "absolute_delta": -0.007870535714285726,
      "relative_delta": -0.05045311456644097
    },
    "naturalness": {
      "target_mean": 0.7783488723548115,
      "baseline_mean": 0.7974174891589587,
      "absolute_delta": -0.019068616804147176,
      "relative_delta": -0.023912965370572657
    },
    "context_keyword_coverage": {
      "target_mean": 0.07424242424242425,
      "baseline_mean": 0.016136363636363636,
      "absolute_delta": 0.05810606060606061,
      "relative_delta": 3.6009389671361505
    },
    "context_overlap": {
      "target_mean": 0.057107230001538375,
      "baseline_mean": 0.03667363671142031,
      "absolute_delta": 0.02043359329011807,
      "relative_delta": 0.5571739026294867
    },
    "persona_keyword_coverage": {
      "target_mean": 0.060119047619047614,
      "baseline_mean": 0.07226190476190476,
      "absolute_delta": -0.01214285714285715,
      "relative_delta": -0.16803953871499186
    },
    "persona_style": {
      "target_mean": 0.5001562500000001,
      "baseline_mean": 0.49093749999999997,
      "absolute_delta": 0.009218750000000109,
      "relative_delta": 0.018777848504137714
    },
    "distinct1": {
      "target_mean": 0.921608373457899,
      "baseline_mean": 0.933231222897397,
      "absolute_delta": -0.011622849439497984,
      "relative_delta": -0.01245441553424734
    },
    "length_score": {
      "target_mean": 0.18333333333333332,
      "baseline_mean": 0.22999999999999998,
      "absolute_delta": -0.04666666666666666,
      "relative_delta": -0.20289855072463767
    },
    "sentence_score": {
      "target_mean": 0.7375,
      "baseline_mean": 0.78125,
      "absolute_delta": -0.043749999999999956,
      "relative_delta": -0.055999999999999946
    },
    "bertscore_f1": {
      "target_mean": 0.048183511217939665,
      "baseline_mean": 0.031166181392109138,
      "absolute_delta": 0.017017329825830527,
      "relative_delta": 0.5460190843315533
    },
    "overall_quality": {
      "target_mean": 0.21555487626712702,
      "baseline_mean": 0.20098755424090559,
      "absolute_delta": 0.014567322026221435,
      "relative_delta": 0.07247872676116505
    }
  },
  "proposed_vs_baseline_no_context": {
    "context_relevance": {
      "target_mean": 0.06910186597015848,
      "baseline_mean": 0.03746088181315951,
      "absolute_delta": 0.031640984156998966,
      "relative_delta": 0.8446406658234058
    },
    "persona_consistency": {
      "target_mean": 0.1481264880952381,
      "baseline_mean": 0.2183973861283644,
      "absolute_delta": -0.0702708980331263,
      "relative_delta": -0.3217570469997482
    },
    "naturalness": {
      "target_mean": 0.7783488723548115,
      "baseline_mean": 0.8975932579026529,
      "absolute_delta": -0.11924438554784134,
      "relative_delta": -0.13284902097690868
    },
    "context_keyword_coverage": {
      "target_mean": 0.07424242424242425,
      "baseline_mean": 0.03704545454545455,
      "absolute_delta": 0.0371969696969697,
      "relative_delta": 1.0040899795501024
    },
    "context_overlap": {
      "target_mean": 0.057107230001538375,
      "baseline_mean": 0.03843021210447111,
      "absolute_delta": 0.018677017897067265,
      "relative_delta": 0.48599830379011394
    },
    "persona_keyword_coverage": {
      "target_mean": 0.060119047619047614,
      "baseline_mean": 0.13142857142857142,
      "absolute_delta": -0.07130952380952381,
      "relative_delta": -0.542572463768116
    },
    "persona_style": {
      "target_mean": 0.5001562500000001,
      "baseline_mean": 0.5662726449275362,
      "absolute_delta": -0.06611639492753607,
      "relative_delta": -0.11675717610550788
    },
    "distinct1": {
      "target_mean": 0.921608373457899,
      "baseline_mean": 0.9753373114232986,
      "absolute_delta": -0.05372893796539957,
      "relative_delta": -0.05508754493047492
    },
    "length_score": {
      "target_mean": 0.18333333333333332,
      "baseline_mean": 0.5941666666666666,
      "absolute_delta": -0.4108333333333333,
      "relative_delta": -0.6914446002805048
    },
    "sentence_score": {
      "target_mean": 0.7375,
      "baseline_mean": 0.8862500000000001,
      "absolute_delta": -0.14875000000000005,
      "relative_delta": -0.16784203102961923
    },
    "bertscore_f1": {
      "target_mean": 0.048183511217939665,
      "baseline_mean": 0.055067829982726836,
      "absolute_delta": -0.0068843187647871715,
      "relative_delta": -0.12501525422277546
    },
    "overall_quality": {
      "target_mean": 0.21555487626712702,
      "baseline_mean": 0.24791554975407587,
      "absolute_delta": -0.03236067348694885,
      "relative_delta": -0.13053103574604166
    }
  },
  "controlled_vs_proposed_raw": {
    "context_relevance": {
      "target_mean": 0.2642556034164707,
      "baseline_mean": 0.06910186597015848,
      "absolute_delta": 0.1951537374463122,
      "relative_delta": 2.824145697173923
    },
    "persona_consistency": {
      "target_mean": 0.35323809523809524,
      "baseline_mean": 0.1481264880952381,
      "absolute_delta": 0.20511160714285714,
      "relative_delta": 1.384705799620257
    },
    "naturalness": {
      "target_mean": 0.9048578121375049,
      "baseline_mean": 0.7783488723548115,
      "absolute_delta": 0.1265089397826934,
      "relative_delta": 0.1625350074703058
    },
    "context_keyword_coverage": {
      "target_mean": 0.3337121212121212,
      "baseline_mean": 0.07424242424242425,
      "absolute_delta": 0.2594696969696969,
      "relative_delta": 3.4948979591836724
    },
    "context_overlap": {
      "target_mean": 0.10219039522661963,
      "baseline_mean": 0.057107230001538375,
      "absolute_delta": 0.045083165225081254,
      "relative_delta": 0.7894475922552501
    },
    "persona_keyword_coverage": {
      "target_mean": 0.2957142857142857,
      "baseline_mean": 0.060119047619047614,
      "absolute_delta": 0.23559523809523808,
      "relative_delta": 3.9188118811881187
    },
    "persona_style": {
      "target_mean": 0.5833333333333333,
      "baseline_mean": 0.5001562500000001,
      "absolute_delta": 0.08317708333333318,
      "relative_delta": 0.16630219723003195
    },
    "distinct1": {
      "target_mean": 0.9369361970104292,
      "baseline_mean": 0.921608373457899,
      "absolute_delta": 0.015327823552530151,
      "relative_delta": 0.016631601875555613
    },
    "length_score": {
      "target_mean": 0.6591666666666667,
      "baseline_mean": 0.18333333333333332,
      "absolute_delta": 0.47583333333333333,
      "relative_delta": 2.5954545454545457
    },
    "sentence_score": {
      "target_mean": 0.9824999999999999,
      "baseline_mean": 0.7375,
      "absolute_delta": 0.24499999999999988,
      "relative_delta": 0.3322033898305083
    },
    "bertscore_f1": {
      "target_mean": 0.07277422313345597,
      "baseline_mean": 0.048183511217939665,
      "absolute_delta": 0.024590711915516303,
      "relative_delta": 0.5103553330576021
    },
    "overall_quality": {
      "target_mean": 0.3877409636826765,
      "baseline_mean": 0.21555487626712702,
      "absolute_delta": 0.1721860874155495,
      "relative_delta": 0.7988039537651999
    }
  },
  "controlled_vs_candidate_no_context": {
    "context_relevance": {
      "target_mean": 0.2642556034164707,
      "baseline_mean": 0.022297545558880638,
      "absolute_delta": 0.24195805785759006,
      "relative_delta": 10.85133147137907
    },
    "persona_consistency": {
      "target_mean": 0.35323809523809524,
      "baseline_mean": 0.15599702380952382,
      "absolute_delta": 0.19724107142857142,
      "relative_delta": 1.2643899647047598
    },