{
  "proposed_contextual_controlled": {
    "sample_count": 40,
    "context_relevance": {
      "n": 40,
      "mean": 0.2642556034164707,
      "median": 0.22872041166380785,
      "p95": 0.42859774157719344,
      "ci95_low": 0.2431672812720995,
      "ci95_high": 0.2881417341205424
    },
    "persona_consistency": {
      "n": 40,
      "mean": 0.35323809523809524,
      "median": 0.3238095238095238,
      "p95": 0.661285714285714,
      "ci95_low": 0.3061636904761905,
      "ci95_high": 0.4034779761904762
    },
    "naturalness": {
      "n": 40,
      "mean": 0.9048578121375049,
      "median": 0.9326515151515151,
      "p95": 0.9685855855855856,
      "ci95_low": 0.8853295055764857,
      "ci95_high": 0.9227230298417204
    },
    "context_keyword_coverage": {
      "n": 40,
      "mean": 0.3337121212121212,
      "median": 0.2727272727272727,
      "p95": 0.5499999999999997,
      "ci95_low": 0.3029545454545454,
      "ci95_high": 0.36666666666666664
    },
    "context_overlap": {
      "n": 40,
      "mean": 0.10219039522661963,
      "median": 0.1,
      "p95": 0.1508333333333333,
      "ci95_low": 0.09397510531491172,
      "ci95_high": 0.1100296967793839
    },
    "persona_keyword_coverage": {
      "n": 40,
      "mean": 0.2957142857142857,
      "median": 0.2,
      "p95": 0.6099999999999994,
      "ci95_low": 0.2433303571428571,
      "ci95_high": 0.3589404761904761
    },
    "persona_style": {
      "n": 40,
      "mean": 0.5833333333333333,
      "median": 0.5,
      "p95": 1.0,
      "ci95_low": 0.4833333333333333,
      "ci95_high": 0.6875
    },
    "distinct1": {
      "n": 40,
      "mean": 0.9369361970104292,
      "median": 0.9375,
      "p95": 0.9818652037617555,
      "ci95_low": 0.9298899218263456,
      "ci95_high": 0.9442916574978104
    },
    "length_score": {
      "n": 40,
      "mean": 0.6591666666666667,
      "median": 0.7666666666666666,
      "p95": 0.9666666666666667,
      "ci95_low": 0.5708333333333333,
      "ci95_high": 0.745
    },
    "sentence_score": {
      "n": 40,
      "mean": 0.9824999999999999,
      "median": 1.0,
      "p95": 1.0,
      "ci95_low": 0.95625,
      "ci95_high": 1.0
    },
    "bertscore_f1": {
      "n": 40,
      "mean": 0.07277422313345597,
      "median": 0.06183760054409504,
      "p95": 0.15773821696639048,
      "ci95_low": 0.057997708495240656,
      "ci95_high": 0.08991304624243639
    },
    "overall_quality": {
      "n": 40,
      "mean": 0.3877409636826765,
      "median": 0.3685501107503751,
      "p95": 0.47202421787696236,
      "ci95_low": 0.37030922672370037,
      "ci95_high": 0.40565827450011477
    },
    "metrics": [
      "context_relevance",
      "persona_consistency",
      "naturalness",
      "context_keyword_coverage",
      "context_overlap",
      "persona_keyword_coverage",
      "persona_style",
      "distinct1",
      "length_score",
      "sentence_score",
      "bertscore_f1",
      "overall_quality"
    ]
  },
  "proposed_contextual": {
    "sample_count": 40,
    "context_relevance": {
      "n": 40,
      "mean": 0.06910186597015848,
      "median": 0.014634146341463414,
      "p95": 0.22463856788602693,
      "ci95_low": 0.0404042296925422,
      "ci95_high": 0.10426937683819719
    },
    "persona_consistency": {
      "n": 40,
      "mean": 0.1481264880952381,
      "median": 0.1,
      "p95": 0.45761904761904754,
      "ci95_low": 0.11003102678571428,
      "ci95_high": 0.1900342261904762
    },
    "naturalness": {
      "n": 40,
      "mean": 0.7783488723548115,
      "median": 0.7486363636363635,
      "p95": 0.8934117647058822,
      "ci95_low": 0.7637114353809135,
      "ci95_high": 0.7951321778695541
    },
    "context_keyword_coverage": {
      "n": 40,
      "mean": 0.07424242424242425,
      "median": 0.0,
      "p95": 0.2818181818181813,
      "ci95_low": 0.037102272727272734,
      "ci95_high": 0.11705492424242418
    },
    "context_overlap": {
      "n": 40,
      "mean": 0.057107230001538375,
      "median": 0.04819976771196283,
      "p95": 0.12258279406166725,
      "ci95_low": 0.04400082762321692,
      "ci95_high": 0.07420746163405152
    },
    "persona_keyword_coverage": {
      "n": 40,
      "mean": 0.060119047619047614,
      "median": 0.0,
      "p95": 0.3416666666666662,
      "ci95_low": 0.020833333333333332,
      "ci95_high": 0.10773809523809523
    },
    "persona_style": {
      "n": 40,
      "mean": 0.5001562500000001,
      "median": 0.5,
      "p95": 1.0,
      "ci95_low": 0.39233984375000003,
      "ci95_high": 0.608765625
    },
    "distinct1": {
      "n": 40,
      "mean": 0.921608373457899,
      "median": 0.9090909090909091,
      "p95": 1.0,
      "ci95_low": 0.9102759973167395,
      "ci95_high": 0.9325607436386012
    },
    "length_score": {
      "n": 40,
      "mean": 0.18333333333333332,
      "median": 0.09999999999999998,
      "p95": 0.6449999999999994,
      "ci95_low": 0.12497916666666664,
      "ci95_high": 0.255
    },
    "sentence_score": {
      "n": 40,
      "mean": 0.7375,
      "median": 0.65,
      "p95": 1.0,
      "ci95_low": 0.69375,
      "ci95_high": 0.79
    },
    "bertscore_f1": {
      "n": 40,
      "mean": 0.048183511217939665,
      "median": 0.03854515589773655,
      "p95": 0.16030340790748587,
      "ci95_low": 0.030601305830496132,
      "ci95_high": 0.06829492319317068
    },
    "overall_quality": {
      "n": 40,
      "mean": 0.21555487626712702,
      "median": 0.1741732556114572,
      "p95": 0.38326681543790025,
      "ci95_low": 0.19140005478783997,
      "ci95_high": 0.24157526670977267
    },
    "metrics": [
      "context_relevance",
      "persona_consistency",
      "naturalness",
      "context_keyword_coverage",
      "context_overlap",
      "persona_keyword_coverage",
      "persona_style",
      "distinct1",
      "length_score",
      "sentence_score",
      "bertscore_f1",
      "overall_quality"
    ]
  },
  "candidate_no_context": {
    "sample_count": 40,
    "context_relevance": {
      "n": 40,
      "mean": 0.022297545558880638,
      "median": 0.011421686746987951,
      "p95": 0.09047856173677055,
      "ci95_low": 0.013137311398066644,
      "ci95_high": 0.03388140560419956
    },
    "persona_consistency": {
      "n": 40,
      "mean": 0.15599702380952382,
      "median": 0.1,
      "p95": 0.3874999999999995,
      "ci95_low": 0.11565212053571429,
      "ci95_high": 0.20206815476190476
    },
    "naturalness": {
      "n": 40,
      "mean": 0.7974174891589587,
      "median": 0.7486363636363635,
      "p95": 0.9387391304347826,
      "ci95_low": 0.7768641404433606,
      "ci95_high": 0.8199165178964775
    },
    "context_keyword_coverage": {
      "n": 40,
      "mean": 0.016136363636363636,
      "median": 0.0,
      "p95": 0.10409090909090887,
      "ci95_low": 0.004545454545454545,
      "ci95_high": 0.03022727272727273
    },
    "context_overlap": {
      "n": 40,
      "mean": 0.03667363671142031,
      "median": 0.03755280863714598,
      "p95": 0.05433642597821701,
      "ci95_low": 0.032206527212801976,
      "ci95_high": 0.04124448822321917
    },
    "persona_keyword_coverage": {
      "n": 40,
      "mean": 0.07226190476190476,
      "median": 0.0,
      "p95": 0.34523809523809457,
      "ci95_low": 0.027380952380952377,
      "ci95_high": 0.12738690476190473
    },
    "persona_style": {
      "n": 40,
      "mean": 0.49093749999999997,
      "median": 0.5,
      "p95": 1.0,
      "ci95_low": 0.3968671875,
      "ci95_high": 0.5848515624999999
    },
    "distinct1": {
      "n": 40,
      "mean": 0.933231222897397,
      "median": 0.9090909090909091,
      "p95": 1.0,
      "ci95_low": 0.9229811936195421,
      "ci95_high": 0.9448610154064587
    },
    "length_score": {
      "n": 40,
      "mean": 0.22999999999999998,
      "median": 0.09999999999999998,
      "p95": 0.7349999999999999,
      "ci95_low": 0.16499999999999998,
      "ci95_high": 0.30083333333333334
    },