{
  "proposed_contextual_controlled": {
    "sample_count": 24,
    "context_relevance": {
      "n": 24,
      "mean": 0.3069462806960937,
      "median": 0.2607363225010284,
      "p95": 0.5405290071770333,
      "ci95_low": 0.2558124201697389,
      "ci95_high": 0.3607650822704842
    },
    "persona_consistency": {
      "n": 24,
      "mean": 0.3569890873015873,
      "median": 0.33333333333333337,
      "p95": 0.6760714285714284,
      "ci95_low": 0.2926127232142857,
      "ci95_high": 0.4251099950396825
    },
    "naturalness": {
      "n": 24,
      "mean": 0.8381247028759121,
      "median": 0.841565934065934,
      "p95": 0.9345000000000001,
      "ci95_low": 0.8121582239533179,
      "ci95_high": 0.8639303562219314
    },
    "context_keyword_coverage": {
      "n": 24,
      "mean": 0.38642676767676765,
      "median": 0.3181818181818182,
      "p95": 0.7136363636363634,
      "ci95_low": 0.3169191919191919,
      "ci95_high": 0.4577178030303029
    },
    "context_overlap": {
      "n": 24,
      "mean": 0.1214918110745211,
      "median": 0.1024487756121939,
      "p95": 0.23432835820895515,
      "ci95_low": 0.10133200031106589,
      "ci95_high": 0.14333094641363792
    },
    "persona_keyword_coverage": {
      "n": 24,
      "mean": 0.3007936507936508,
      "median": 0.2,
      "p95": 0.8357142857142853,
      "ci95_low": 0.2119047619047619,
      "ci95_high": 0.39803571428571416
    },
    "persona_style": {
      "n": 24,
      "mean": 0.5817708333333333,
      "median": 0.5,
      "p95": 1.0,
      "ci95_low": 0.4621527777777778,
      "ci95_high": 0.7032986111111111
    },
    "distinct1": {
      "n": 24,
      "mean": 0.9304690615082686,
      "median": 0.9379807692307692,
      "p95": 0.9977941176470588,
      "ci95_low": 0.9147723841778602,
      "ci95_high": 0.9465376429988194
    },
    "length_score": {
      "n": 24,
      "mean": 0.3625,
      "median": 0.3666666666666667,
      "p95": 0.8283333333333334,
      "ci95_low": 0.24583333333333335,
      "ci95_high": 0.48888888888888893
    },
    "sentence_score": {
      "n": 24,
      "mean": 0.9416666666666668,
      "median": 1.0,
      "p95": 1.0,
      "ci95_low": 0.8833333333333333,
      "ci95_high": 0.9854166666666666
    },
    "bertscore_f1": {
      "n": 24,
      "mean": 0.09111110768086898,
      "median": 0.09969285503029823,
      "p95": 0.17306556031107903,
      "ci95_low": 0.06441668208960134,
      "ci95_high": 0.11869957093804259
    },
    "overall_quality": {
      "n": 24,
      "mean": 0.396220541173449,
      "median": 0.38477970950661744,
      "p95": 0.48840086823826434,
      "ci95_low": 0.3684971807317767,
      "ci95_high": 0.42659796655789234
    },
    "metrics": [
      "context_relevance",
      "persona_consistency",
      "naturalness",
      "context_keyword_coverage",
      "context_overlap",
      "persona_keyword_coverage",
      "persona_style",
      "distinct1",
      "length_score",
      "sentence_score",
      "bertscore_f1",
      "overall_quality"
    ]
  },
  "proposed_contextual_controlled_hb": {
    "sample_count": 24,
    "context_relevance": {
      "n": 24,
      "mean": 0.2688843459337835,
      "median": 0.2474327690904642,
      "p95": 0.40308018068887624,
      "ci95_low": 0.24204368150404254,
      "ci95_high": 0.2970838690361461
    },
    "persona_consistency": {
      "n": 24,
      "mean": 0.3458667502088555,
      "median": 0.33333333333333337,
      "p95": 0.7104285714285712,
      "ci95_low": 0.2860841687552214,
      "ci95_high": 0.41357359544695077
    },
    "naturalness": {
      "n": 24,
      "mean": 0.8730785221280303,
      "median": 0.8951797385620914,
      "p95": 0.9673185913185912,
      "ci95_low": 0.8453115524079787,
      "ci95_high": 0.8987368536733484
    },
    "context_keyword_coverage": {
      "n": 24,
      "mean": 0.3351010101010101,
      "median": 0.2727272727272727,
      "p95": 0.5318181818181816,
      "ci95_low": 0.30037878787878786,
      "ci95_high": 0.3741161616161616
    },
    "context_overlap": {
      "n": 24,
      "mean": 0.11437879621025487,
      "median": 0.11624999999999999,
      "p95": 0.16173232199657445,
      "ci95_low": 0.09716858888221878,
      "ci95_high": 0.13557723919214257
    },
    "persona_keyword_coverage": {
      "n": 24,
      "mean": 0.28293650793650793,
      "median": 0.2,
      "p95": 0.7442857142857136,
      "ci95_low": 0.2081299603174603,
      "ci95_high": 0.36430059523809516
    },
    "persona_style": {
      "n": 24,
      "mean": 0.5975877192982456,
      "median": 0.5,
      "p95": 1.0,
      "ci95_low": 0.4760599415204678,
      "ci95_high": 0.7171463815789471
    },
    "distinct1": {
      "n": 24,
      "mean": 0.9392935275422981,
      "median": 0.9375,
      "p95": 0.9970588235294118,
      "ci95_low": 0.9270215451114162,
      "ci95_high": 0.9522156650353021
    },
    "length_score": {
      "n": 24,
      "mean": 0.5305555555555556,
      "median": 0.5833333333333333,
      "p95": 0.8616666666666666,
      "ci95_low": 0.4055208333333333,
      "ci95_high": 0.6527777777777778
    },
    "sentence_score": {
      "n": 24,
      "mean": 0.9125,
      "median": 1.0,
      "p95": 1.0,
      "ci95_low": 0.8541666666666666,
      "ci95_high": 0.9708333333333333
    },
    "bertscore_f1": {
      "n": 24,
      "mean": 0.082311826874502,
      "median": 0.08109887689352036,
      "p95": 0.18207141533493995,
      "ci95_low": 0.05729973743048807,
      "ci95_high": 0.10862311629268027
    },
    "overall_quality": {
      "n": 24,
      "mean": 0.38203578574941793,
      "median": 0.3767998286634097,
      "p95": 0.4574211099324004,
      "ci95_low": 0.36053891463319937,
      "ci95_high": 0.4017381676209783
    },
    "metrics": [
      "context_relevance",
      "persona_consistency",
      "naturalness",
      "context_keyword_coverage",
      "context_overlap",
      "persona_keyword_coverage",
      "persona_style",
      "distinct1",
      "length_score",
      "sentence_score",
      "bertscore_f1",
      "overall_quality"
    ]
  },
  "proposed_contextual": {
    "sample_count": 24,
    "context_relevance": {
      "n": 24,
      "mean": 0.04842361107657229,
      "median": 0.014634146341463414,
      "p95": 0.2078729266469137,
      "ci95_low": 0.02211403808344842,
      "ci95_high": 0.07962586308276796
    },
    "persona_consistency": {
      "n": 24,
      "mean": 0.12321676587301589,
      "median": 0.1,
      "p95": 0.26,
      "ci95_low": 0.08746843998015871,
      "ci95_high": 0.16207093253968255
    },
    "naturalness": {
      "n": 24,
      "mean": 0.814823848482463,
      "median": 0.7486363636363635,
      "p95": 0.9510870406189557,
      "ci95_low": 0.7828402568828524,
      "ci95_high": 0.8483897739024092
    },
    "context_keyword_coverage": {
      "n": 24,
      "mean": 0.04924242424242425,
      "median": 0.0,
      "p95": 0.25909090909090887,
      "ci95_low": 0.015151515151515152,
      "ci95_high": 0.0909090909090909
    },
    "context_overlap": {
      "n": 24,
      "mean": 0.04651304702291776,
      "median": 0.04819976771196283,
      "p95": 0.08836430094425828,
      "ci95_low": 0.03907867230746156,
      "ci95_high": 0.05461478469864571
    },
    "persona_keyword_coverage": {
      "n": 24,
      "mean": 0.03650793650793651,
      "median": 0.0,
      "p95": 0.19499999999999995,
      "ci95_low": 0.011815476190476194,
      "ci95_high": 0.06885912698412694
    },
    "persona_style": {
      "n": 24,
      "mean": 0.4700520833333333,
      "median": 0.5,
      "p95": 1.0,
      "ci95_low": 0.34244791666666663,
      "ci95_high": 0.59765625
    },
    "distinct1": {
      "n": 24,
      "mean": 0.9335873989839355,
      "median": 0.9090909090909091,
      "p95": 0.996938775510204,
      "ci95_low": 0.9209040376351232,
      "ci95_high": 0.9471483467286889
    },
    "length_score": {
      "n": 24,
      "mean": 0.3236111111111111,
      "median": 0.09999999999999998,