{
  "proposed_vs_candidate_no_context": {
    "context_relevance": {
      "target_mean": 0.08733971733769606,
      "baseline_mean": 0.028431315129164254,
      "absolute_delta": 0.05890840220853181,
      "relative_delta": 2.07195488287859
    },
    "persona_consistency": {
      "target_mean": 0.20457589285714287,
      "baseline_mean": 0.21566220238095238,
      "absolute_delta": -0.011086309523809512,
      "relative_delta": -0.051405899603243
    },
    "naturalness": {
      "target_mean": 0.8381112629771443,
      "baseline_mean": 0.8335379611330698,
      "absolute_delta": 0.004573301844074562,
      "relative_delta": 0.0054866149561537
    },
    "context_keyword_coverage": {
      "target_mean": 0.09659090909090909,
      "baseline_mean": 0.022727272727272728,
      "absolute_delta": 0.07386363636363635,
      "relative_delta": 3.2499999999999996
    },
    "context_overlap": {
      "target_mean": 0.06575360324686567,
      "baseline_mean": 0.04174074740024449,
      "absolute_delta": 0.024012855846621182,
      "relative_delta": 0.5752857182063905
    },
    "persona_keyword_coverage": {
      "target_mean": 0.11607142857142858,
      "baseline_mean": 0.12797619047619047,
      "absolute_delta": -0.01190476190476189,
      "relative_delta": -0.09302325581395338
    },
    "persona_style": {
      "target_mean": 0.55859375,
      "baseline_mean": 0.56640625,
      "absolute_delta": -0.0078125,
      "relative_delta": -0.013793103448275862
    },
    "distinct1": {
      "target_mean": 0.9486635741095277,
      "baseline_mean": 0.9497303194993412,
      "absolute_delta": -0.0010667453898134394,
      "relative_delta": -0.0011232087340075482
    },
    "length_score": {
      "target_mean": 0.39166666666666666,
      "baseline_mean": 0.3666666666666667,
      "absolute_delta": 0.024999999999999967,
      "relative_delta": 0.06818181818181808
    },
    "sentence_score": {
      "target_mean": 0.803125,
      "baseline_mean": 0.803125,
      "absolute_delta": 0.0,
      "relative_delta": 0.0
    },
    "overall_quality": {
      "target_mean": 0.27512887713570083,
      "baseline_mean": 0.2511382796341521,
      "absolute_delta": 0.02399059750154875,
      "relative_delta": 0.09552744223818553
    }
  },
  "controlled_vs_proposed_raw": {
    "context_relevance": {
      "target_mean": 0.22866672025668994,
      "baseline_mean": 0.08733971733769606,
      "absolute_delta": 0.14132700291899386,
      "relative_delta": 1.6181298408896583
    },
    "persona_consistency": {
      "target_mean": 0.37723214285714285,
      "baseline_mean": 0.20457589285714287,
      "absolute_delta": 0.17265624999999998,
      "relative_delta": 0.8439716312056736
    },
    "naturalness": {
      "target_mean": 0.9284588440722489,
      "baseline_mean": 0.8381112629771443,
      "absolute_delta": 0.09034758109510455,
      "relative_delta": 0.10779902989749986
    },
    "context_keyword_coverage": {
      "target_mean": 0.28068181818181814,
      "baseline_mean": 0.09659090909090909,
      "absolute_delta": 0.18409090909090906,
      "relative_delta": 1.9058823529411761
    },
    "context_overlap": {
      "target_mean": 0.10729815843139079,
      "baseline_mean": 0.06575360324686567,
      "absolute_delta": 0.041544555184525114,
      "relative_delta": 0.6318217273743922
    },
    "persona_keyword_coverage": {
      "target_mean": 0.30357142857142855,
      "baseline_mean": 0.11607142857142858,
      "absolute_delta": 0.18749999999999997,
      "relative_delta": 1.6153846153846152
    },
    "persona_style": {
      "target_mean": 0.671875,
      "baseline_mean": 0.55859375,
      "absolute_delta": 0.11328125,
      "relative_delta": 0.20279720279720279
    },
    "distinct1": {
      "target_mean": 0.9432825268472887,
      "baseline_mean": 0.9486635741095277,
      "absolute_delta": -0.0053810472622389804,
      "relative_delta": -0.005672239779302112
    },
    "length_score": {
      "target_mean": 0.7666666666666667,
      "baseline_mean": 0.39166666666666666,
      "absolute_delta": 0.37500000000000006,
      "relative_delta": 0.9574468085106385
    },
    "sentence_score": {
      "target_mean": 0.978125,
      "baseline_mean": 0.803125,
      "absolute_delta": 0.17500000000000004,
      "relative_delta": 0.21789883268482496
    },
    "overall_quality": {
      "target_mean": 0.4218502621328323,
      "baseline_mean": 0.27512887713570083,
      "absolute_delta": 0.14672138499713144,
      "relative_delta": 0.5332823894191396
    }
  },
  "controlled_vs_candidate_no_context": {
    "context_relevance": {
      "target_mean": 0.22866672025668994,
      "baseline_mean": 0.028431315129164254,
      "absolute_delta": 0.2002354051275257,
      "relative_delta": 7.042776748731133
    },
    "persona_consistency": {
      "target_mean": 0.37723214285714285,
      "baseline_mean": 0.21566220238095238,
      "absolute_delta": 0.16156994047619047,
      "relative_delta": 0.7491806106606865
    },
    "naturalness": {
      "target_mean": 0.9284588440722489,
      "baseline_mean": 0.8335379611330698,
      "absolute_delta": 0.09492088293917911,
      "relative_delta": 0.11387709662334804
    },
    "context_keyword_coverage": {
      "target_mean": 0.28068181818181814,
      "baseline_mean": 0.022727272727272728,
      "absolute_delta": 0.25795454545454544,
      "relative_delta": 11.35
    },
    "context_overlap": {
      "target_mean": 0.10729815843139079,
      "baseline_mean": 0.04174074740024449,
      "absolute_delta": 0.06555741103114629,
      "relative_delta": 1.570585461791762
    },
    "persona_keyword_coverage": {
      "target_mean": 0.30357142857142855,
      "baseline_mean": 0.12797619047619047,
      "absolute_delta": 0.17559523809523808,
      "relative_delta": 1.372093023255814
    },
    "persona_style": {
      "target_mean": 0.671875,
      "baseline_mean": 0.56640625,
      "absolute_delta": 0.10546875,
      "relative_delta": 0.18620689655172415
    },
    "distinct1": {
      "target_mean": 0.9432825268472887,
      "baseline_mean": 0.9497303194993412,
      "absolute_delta": -0.00644779265205242,
      "relative_delta": -0.006789077404048163
    },
    "length_score": {
      "target_mean": 0.7666666666666667,
      "baseline_mean": 0.3666666666666667,
      "absolute_delta": 0.4,
      "relative_delta": 1.0909090909090908
    },
    "sentence_score": {
      "target_mean": 0.978125,
      "baseline_mean": 0.803125,
      "absolute_delta": 0.17500000000000004,
      "relative_delta": 0.21789883268482496
    },
    "overall_quality": {
      "target_mean": 0.4218502621328323,
      "baseline_mean": 0.2511382796341521,
      "absolute_delta": 0.1707119824986802,
      "relative_delta": 0.6797529343092036
    }
  },
  "controlled_alt_vs_controlled_default": {
    "context_relevance": {
      "target_mean": 0.2546673080012196,
      "baseline_mean": 0.22866672025668994,
      "absolute_delta": 0.02600058774452968,
      "relative_delta": 0.1137051675702643
    },
    "persona_consistency": {
      "target_mean": 0.35642857142857143,
      "baseline_mean": 0.37723214285714285,
      "absolute_delta": -0.02080357142857142,
      "relative_delta": -0.05514792899408282
    },
    "naturalness": {
      "target_mean": 0.906058157167453,
      "baseline_mean": 0.9284588440722489,
      "absolute_delta": -0.022400686904795908,
      "relative_delta": -0.02412674190979302
    },
    "context_keyword_coverage": {
      "target_mean": 0.31477272727272726,
      "baseline_mean": 0.28068181818181814,
      "absolute_delta": 0.034090909090909116,
      "relative_delta": 0.12145748987854262
    },
    "context_overlap": {
      "target_mean": 0.11442132970103508,
      "baseline_mean": 0.10729815843139079,
      "absolute_delta": 0.007123171269644291,
      "relative_delta": 0.06638670573455396
    },
    "persona_keyword_coverage": {
      "target_mean": 0.28928571428571426,
      "baseline_mean": 0.30357142857142855,