{
  "proposed_contextual_controlled": {
    "sample_count": 16,
    "context_relevance": {
      "n": 16,
      "mean": 0.22866672025668994,
      "median": 0.2190078304048892,
      "p95": 0.45556840098185325,
      "ci95_low": 0.17652883668779704,
      "ci95_high": 0.2867826793161706
    },
    "persona_consistency": {
      "n": 16,
      "mean": 0.37723214285714285,
      "median": 0.33333333333333337,
      "p95": 0.7178571428571429,
      "ci95_low": 0.2815364583333333,
      "ci95_high": 0.4845275297619048
    },
    "naturalness": {
      "n": 16,
      "mean": 0.9284588440722489,
      "median": 0.947878787878788,
      "p95": 0.9753846153846154,
      "ci95_low": 0.8988342795240418,
      "ci95_high": 0.9534915409215274
    },
    "context_keyword_coverage": {
      "n": 16,
      "mean": 0.28068181818181814,
      "median": 0.2727272727272727,
      "p95": 0.5681818181818181,
      "ci95_low": 0.21704545454545454,
      "ci95_high": 0.35454545454545455
    },
    "context_overlap": {
      "n": 16,
      "mean": 0.10729815843139079,
      "median": 0.08774630541871922,
      "p95": 0.23161764705882354,
      "ci95_low": 0.08098287806625036,
      "ci95_high": 0.14039709704534314
    },
    "persona_keyword_coverage": {
      "n": 16,
      "mean": 0.30357142857142855,
      "median": 0.16666666666666666,
      "p95": 0.7857142857142857,
      "ci95_low": 0.17410714285714285,
      "ci95_high": 0.4464285714285714
    },
    "persona_style": {
      "n": 16,
      "mean": 0.671875,
      "median": 0.5,
      "p95": 1.0,
      "ci95_low": 0.515625,
      "ci95_high": 0.8125
    },
    "distinct1": {
      "n": 16,
      "mean": 0.9432825268472887,
      "median": 0.9436507936507936,
      "p95": 0.9738529014844804,
      "ci95_low": 0.9333219539385731,
      "ci95_high": 0.9526957804250076
    },
    "length_score": {
      "n": 16,
      "mean": 0.7666666666666667,
      "median": 0.8333333333333334,
      "p95": 0.975,
      "ci95_low": 0.6311979166666667,
      "ci95_high": 0.8792187499999997
    },
    "sentence_score": {
      "n": 16,
      "mean": 0.978125,
      "median": 1.0,
      "p95": 1.0,
      "ci95_low": 0.934375,
      "ci95_high": 1.0
    },
    "overall_quality": {
      "n": 16,
      "mean": 0.4218502621328323,
      "median": 0.40403740493740503,
      "p95": 0.5750516934046347,
      "ci95_low": 0.37917327860422345,
      "ci95_high": 0.47419401216921647
    },
    "metrics": [
      "context_relevance",
      "persona_consistency",
      "naturalness",
      "context_keyword_coverage",
      "context_overlap",
      "persona_keyword_coverage",
      "persona_style",
      "distinct1",
      "length_score",
      "sentence_score",
      "overall_quality"
    ]
  },
  "proposed_contextual_controlled_tuned": {
    "sample_count": 16,
    "context_relevance": {
      "n": 16,
      "mean": 0.2546673080012196,
      "median": 0.23357575757575755,
      "p95": 0.36829301974009365,
      "ci95_low": 0.22134058834321513,
      "ci95_high": 0.2906864170786282
    },
    "persona_consistency": {
      "n": 16,
      "mean": 0.35642857142857143,
      "median": 0.3238095238095238,
      "p95": 0.6778571428571429,
      "ci95_low": 0.2825491071428572,
      "ci95_high": 0.44333482142857145
    },
    "naturalness": {
      "n": 16,
      "mean": 0.906058157167453,
      "median": 0.917781007751938,
      "p95": 0.9662612612612613,
      "ci95_low": 0.8803351737290571,
      "ci95_high": 0.9279426413458522
    },
    "context_keyword_coverage": {
      "n": 16,
      "mean": 0.31477272727272726,
      "median": 0.2727272727272727,
      "p95": 0.47727272727272724,
      "ci95_low": 0.2693181818181818,
      "ci95_high": 0.36022727272727273
    },
    "context_overlap": {
      "n": 16,
      "mean": 0.11442132970103508,
      "median": 0.10791925465838509,
      "p95": 0.16646766169154228,
      "ci95_low": 0.09830836710881621,
      "ci95_high": 0.13033499091217382
    },
    "persona_keyword_coverage": {
      "n": 16,
      "mean": 0.28928571428571426,
      "median": 0.16666666666666666,
      "p95": 0.7357142857142858,
      "ci95_low": 0.18183035714285714,
      "ci95_high": 0.40805059523809517
    },
    "persona_style": {
      "n": 16,
      "mean": 0.625,
      "median": 0.5,
      "p95": 1.0,
      "ci95_low": 0.4375,
      "ci95_high": 0.8125
    },
    "distinct1": {
      "n": 16,
      "mean": 0.9338953929186324,
      "median": 0.9354838709677419,
      "p95": 0.9680851063829787,
      "ci95_low": 0.9221590138342864,
      "ci95_high": 0.9470457485017433
    },
    "length_score": {
      "n": 16,
      "mean": 0.70625,
      "median": 0.7833333333333333,
      "p95": 0.9416666666666667,
      "ci95_low": 0.58125,
      "ci95_high": 0.8146354166666664
    },
    "sentence_score": {
      "n": 16,
      "mean": 0.9125,
      "median": 1.0,
      "p95": 1.0,
      "ci95_low": 0.825,
      "ci95_high": 0.978125
    },
    "overall_quality": {
      "n": 16,
      "mean": 0.4223593947814622,
      "median": 0.4104733243394071,
      "p95": 0.5540428158461297,
      "ci95_low": 0.3947360981577925,
      "ci95_high": 0.45395947207971865
    },
    "metrics": [
      "context_relevance",
      "persona_consistency",
      "naturalness",
      "context_keyword_coverage",
      "context_overlap",
      "persona_keyword_coverage",
      "persona_style",
      "distinct1",
      "length_score",
      "sentence_score",
      "overall_quality"
    ]
  },
  "proposed_contextual": {
    "sample_count": 16,
    "context_relevance": {
      "n": 16,
      "mean": 0.08733971733769606,
      "median": 0.025238095238095237,
      "p95": 0.2443181818181818,
      "ci95_low": 0.04223362345863663,
      "ci95_high": 0.13425973930898782
    },
    "persona_consistency": {
      "n": 16,
      "mean": 0.20457589285714287,
      "median": 0.15000000000000002,
      "p95": 0.5232142857142857,
      "ci95_low": 0.13683035714285716,
      "ci95_high": 0.2788881138392855
    },
    "naturalness": {
      "n": 16,
      "mean": 0.8381112629771443,
      "median": 0.8641666666666666,
      "p95": 0.9316666666666666,
      "ci95_low": 0.7964538161275146,
      "ci95_high": 0.87620119088738
    },
    "context_keyword_coverage": {
      "n": 16,
      "mean": 0.09659090909090909,
      "median": 0.0,
      "p95": 0.2954545454545454,
      "ci95_low": 0.03977272727272727,
      "ci95_high": 0.15923295454545378
    },
    "context_overlap": {
      "n": 16,
      "mean": 0.06575360324686567,
      "median": 0.05266805266805267,
      "p95": 0.12156862745098038,
      "ci95_low": 0.051072694199378155,
      "ci95_high": 0.08236456348433223
    },
    "persona_keyword_coverage": {
      "n": 16,
      "mean": 0.11607142857142858,
      "median": 0.0,
      "p95": 0.6071428571428571,
      "ci95_low": 0.017857142857142856,
      "ci95_high": 0.24107142857142858
    },
    "persona_style": {
      "n": 16,
      "mean": 0.55859375,
      "median": 0.5,
      "p95": 1.0,
      "ci95_low": 0.40234375,
      "ci95_high": 0.7247558593749992
    },
    "distinct1": {
      "n": 16,
      "mean": 0.9486635741095277,
      "median": 0.9583152409900131,
      "p95": 1.0,
      "ci95_low": 0.9305151394364564,
      "ci95_high": 0.9670202884042881
    },
    "length_score": {
      "n": 16,
      "mean": 0.39166666666666666,
      "median": 0.48333333333333334,
      "p95": 0.7083333333333333,
      "ci95_low": 0.2624479166666666,
      "ci95_high": 0.51875
    },
    "sentence_score": {
      "n": 16,
      "mean": 0.803125,
      "median": 0.65,
      "p95": 1.0,
      "ci95_low": 0.7156250000000001,
      "ci95_high": 0.890625
    },
    "overall_quality": {
      "n": 16,
      "mean": 0.27512887713570083,
      "median": 0.2702779361362789,
      "p95": 0.4154697203697205,
      "ci95_low": 0.22975191056434097,
      "ci95_high": 0.3203111297900605
    },