{
  "proposed_vs_candidate_no_context": {
    "context_relevance": {
      "target_mean": 0.06949757686241533,
      "baseline_mean": 0.03264126734490356,
      "absolute_delta": 0.036856309517511766,
      "relative_delta": 1.1291323075194972
    },
    "persona_consistency": {
      "target_mean": 0.1761904761904762,
      "baseline_mean": 0.13333333333333333,
      "absolute_delta": 0.04285714285714287,
      "relative_delta": 0.32142857142857156
    },
    "naturalness": {
      "target_mean": 0.8392258627675294,
      "baseline_mean": 0.8018055555555555,
      "absolute_delta": 0.03742030721197387,
      "relative_delta": 0.04667005229970758
    },
    "context_keyword_coverage": {
      "target_mean": 0.07575757575757576,
      "baseline_mean": 0.030303030303030304,
      "absolute_delta": 0.045454545454545456,
      "relative_delta": 1.5
    },
    "context_overlap": {
      "target_mean": 0.05489091277370766,
      "baseline_mean": 0.03809715377594115,
      "absolute_delta": 0.016793758997766507,
      "relative_delta": 0.4408140066456089
    },
    "persona_keyword_coverage": {
      "target_mean": 0.05357142857142857,
      "baseline_mean": 0.0,
      "absolute_delta": 0.05357142857142857,
      "relative_delta": NaN
    },
    "persona_style": {
      "target_mean": 0.6666666666666666,
      "baseline_mean": 0.6666666666666666,
      "absolute_delta": 0.0,
      "relative_delta": 0.0
    },
    "distinct1": {
      "target_mean": 0.940772990252157,
      "baseline_mean": 0.9444444444444445,
      "absolute_delta": -0.0036714541922875377,
      "relative_delta": -0.00388742208595151
    },
    "length_score": {
      "target_mean": 0.4166666666666667,
      "baseline_mean": 0.28055555555555556,
      "absolute_delta": 0.13611111111111113,
      "relative_delta": 0.4851485148514852
    },
    "sentence_score": {
      "target_mean": 0.7958333333333334,
      "baseline_mean": 0.6791666666666667,
      "absolute_delta": 0.1166666666666667,
      "relative_delta": 0.1717791411042945
    },
    "overall_quality": {
      "target_mean": 0.2549963348560101,
      "baseline_mean": 0.21453620977951884,
      "absolute_delta": 0.04046012507649124,
      "relative_delta": 0.188593455240365
    }
  },
  "controlled_vs_proposed_raw": {
    "context_relevance": {
      "target_mean": 0.27181698090483963,
      "baseline_mean": 0.06949757686241533,
      "absolute_delta": 0.20231940404242432,
      "relative_delta": 2.9111720606166887
    },
    "persona_consistency": {
      "target_mean": 0.4030059523809524,
      "baseline_mean": 0.1761904761904762,
      "absolute_delta": 0.22681547619047618,
      "relative_delta": 1.287331081081081
    },
    "naturalness": {
      "target_mean": 0.8921586026794645,
      "baseline_mean": 0.8392258627675294,
      "absolute_delta": 0.052932739911935034,
      "relative_delta": 0.0630732944017929
    },
    "context_keyword_coverage": {
      "target_mean": 0.3409090909090909,
      "baseline_mean": 0.07575757575757576,
      "absolute_delta": 0.26515151515151514,
      "relative_delta": 3.4999999999999996
    },
    "context_overlap": {
      "target_mean": 0.11060205756158671,
      "baseline_mean": 0.05489091277370766,
      "absolute_delta": 0.05571114478787905,
      "relative_delta": 1.014942947251631
    },
    "persona_keyword_coverage": {
      "target_mean": 0.34047619047619043,
      "baseline_mean": 0.05357142857142857,
      "absolute_delta": 0.2869047619047619,
      "relative_delta": 5.355555555555555
    },
    "persona_style": {
      "target_mean": 0.6531250000000001,
      "baseline_mean": 0.6666666666666666,
      "absolute_delta": -0.013541666666666563,
      "relative_delta": -0.020312499999999845
    },
    "distinct1": {
      "target_mean": 0.9414129208400754,
      "baseline_mean": 0.940772990252157,
      "absolute_delta": 0.0006399305879184469,
      "relative_delta": 0.0006802178576012532
    },
    "length_score": {
      "target_mean": 0.6527777777777778,
      "baseline_mean": 0.4166666666666667,
      "absolute_delta": 0.2361111111111111,
      "relative_delta": 0.5666666666666667
    },
    "sentence_score": {
      "target_mean": 0.8541666666666666,
      "baseline_mean": 0.7958333333333334,
      "absolute_delta": 0.05833333333333324,
      "relative_delta": 0.0732984293193716
    },
    "overall_quality": {
      "target_mean": 0.4448889180772197,
      "baseline_mean": 0.2549963348560101,
      "absolute_delta": 0.1898925832212096,
      "relative_delta": 0.7446875004240241
    }
  },
  "controlled_vs_candidate_no_context": {
    "context_relevance": {
      "target_mean": 0.27181698090483963,
      "baseline_mean": 0.03264126734490356,
      "absolute_delta": 0.23917571355993608,
      "relative_delta": 7.327402794526597
    },
    "persona_consistency": {
      "target_mean": 0.4030059523809524,
      "baseline_mean": 0.13333333333333333,
      "absolute_delta": 0.2696726190476191,
      "relative_delta": 2.022544642857143
    },
    "naturalness": {
      "target_mean": 0.8921586026794645,
      "baseline_mean": 0.8018055555555555,
      "absolute_delta": 0.0903530471239089,
      "relative_delta": 0.11268698064994702
    },
    "context_keyword_coverage": {
      "target_mean": 0.3409090909090909,
      "baseline_mean": 0.030303030303030304,
      "absolute_delta": 0.31060606060606055,
      "relative_delta": 10.249999999999998
    },
    "context_overlap": {
      "target_mean": 0.11060205756158671,
      "baseline_mean": 0.03809715377594115,
      "absolute_delta": 0.07250490378564556,
      "relative_delta": 1.903158020991934
    },
    "persona_keyword_coverage": {
      "target_mean": 0.34047619047619043,
      "baseline_mean": 0.0,
      "absolute_delta": 0.34047619047619043,
      "relative_delta": NaN
    },
    "persona_style": {
      "target_mean": 0.6531250000000001,
      "baseline_mean": 0.6666666666666666,
      "absolute_delta": -0.013541666666666563,
      "relative_delta": -0.020312499999999845
    },
    "distinct1": {
      "target_mean": 0.9414129208400754,
      "baseline_mean": 0.9444444444444445,
      "absolute_delta": -0.0030315236043690907,
      "relative_delta": -0.003209848522273155
    },
    "length_score": {
      "target_mean": 0.6527777777777778,
      "baseline_mean": 0.28055555555555556,
      "absolute_delta": 0.37222222222222223,
      "relative_delta": 1.3267326732673268
    },
    "sentence_score": {
      "target_mean": 0.8541666666666666,
      "baseline_mean": 0.6791666666666667,
      "absolute_delta": 0.17499999999999993,
      "relative_delta": 0.2576687116564416
    },
    "overall_quality": {
      "target_mean": 0.4448889180772197,
      "baseline_mean": 0.21453620977951884,
      "absolute_delta": 0.23035270829770085,
      "relative_delta": 1.0737241444436667
    }
  },
  "controlled_alt_vs_controlled_default": {
    "context_relevance": {
      "target_mean": 0.28559208974264133,
      "baseline_mean": 0.27181698090483963,
      "absolute_delta": 0.013775108837801697,
      "relative_delta": 0.05067788183043731
    },
    "persona_consistency": {
      "target_mean": 0.3346031746031746,
      "baseline_mean": 0.4030059523809524,
      "absolute_delta": -0.06840277777777776,
      "relative_delta": -0.16973143293208276
    },
    "naturalness": {
      "target_mean": 0.9068272136802992,
      "baseline_mean": 0.8921586026794645,
      "absolute_delta": 0.01466861100083472,
      "relative_delta": 0.016441707737592563
    },
    "context_keyword_coverage": {
      "target_mean": 0.3636363636363636,
      "baseline_mean": 0.3409090909090909,
      "absolute_delta": 0.022727272727272707,
      "relative_delta": 0.06666666666666661
    },
    "context_overlap": {
      "target_mean": 0.10348878399062267,
      "baseline_mean": 0.11060205756158671,
      "absolute_delta": -0.007113273570964043,
      "relative_delta": -0.06431411610044549
    },
    "persona_keyword_coverage": {
      "target_mean": 0.2515873015873016,