{
  "ttft_ms": {
    "candidate_mean": 565.8137861108925,
    "baseline_mean": 211.03893194231205,
    "absolute_delta": 354.7748541685804,
    "relative_delta": 1.6810872330682516,
    "candidate_better": false,
    "lower_is_better": true
  },
  "total_time_ms": {
    "candidate_mean": 3285.981023614618,
    "baseline_mean": 2536.8590347198833,
    "absolute_delta": 749.1219888947348,
    "relative_delta": 0.2952950789311208,
    "candidate_better": false,
    "lower_is_better": true
  },
  "tokens_per_s": {
    "candidate_mean": 20.846799571303848,
    "baseline_mean": 24.360129833548157,
    "absolute_delta": -3.5133302622443097,
    "relative_delta": -0.14422461153740812,
    "candidate_better": false,
    "lower_is_better": false
  }
}