{
  "elara-npc:latest": {
    "total_requests": 72,
    "ok_requests": 72,
    "error_requests": 0,
    "error_rate": 0.0,
    "ttft_ms": {
      "n": 72,
      "mean": 565.8137861108925,
      "median": 595.5878499953542,
      "p95": 704.2330949712778,
      "ci95_low": 531.6093636094996,
      "ci95_high": 598.787337532465
    },
    "total_time_ms": {
      "n": 72,
      "mean": 3285.981023614618,
      "median": 3346.751299977768,
      "p95": 3604.6031349833356,
      "ci95_low": 3221.624733162389,
      "ci95_high": 3345.926064381355
    },
    "tokens_per_s": {
      "n": 72,
      "mean": 20.846799571303848,
      "median": 20.570169100947503,
      "p95": 23.627937164831632,
      "ci95_low": 20.570046504549268,
      "ci95_high": 21.134124439479024
    }
  },
  "phi3:mini": {
    "total_requests": 72,
    "ok_requests": 72,
    "error_requests": 0,
    "error_rate": 0.0,
    "ttft_ms": {
      "n": 72,
      "mean": 211.03893194231205,
      "median": 178.4474500163924,
      "p95": 587.0115999947302,
      "ci95_low": 186.0659170411964,
      "ci95_high": 239.85491468204896
    },
    "total_time_ms": {
      "n": 72,
      "mean": 2536.8590347198833,
      "median": 2476.1851499788463,
      "p95": 3136.0822699876735,
      "ci95_low": 2491.802437707419,
      "ci95_high": 2587.807412250691
    },
    "tokens_per_s": {
      "n": 72,
      "mean": 24.360129833548157,
      "median": 24.633950153352455,
      "p95": 25.570509495172033,
      "ci95_low": 24.09018622427571,
      "ci95_high": 24.593254617658495
    }
  }
}