{
  "proposed_contextual_controlled": {
    "sample_count": 112,
    "context_relevance": {
      "n": 112,
      "mean": 0.2913188202785674,
      "median": 0.2733349983349983,
      "p95": 0.48003123458819663,
      "ci95_low": 0.2724840975787844,
      "ci95_high": 0.3107530581458417
    },
    "persona_consistency": {
      "n": 112,
      "mean": 0.34396447642919414,
      "median": 0.33333333333333337,
      "p95": 0.6571428571428571,
      "ci95_low": 0.31515551679477366,
      "ci95_high": 0.3743231856645775
    },
    "naturalness": {
      "n": 112,
      "mean": 0.8688492893874037,
      "median": 0.8978900709219857,
      "p95": 0.9717117117117117,
      "ci95_low": 0.8540746277151634,
      "ci95_high": 0.8836167542424751
    },
    "context_keyword_coverage": {
      "n": 112,
      "mean": 0.36659902597402594,
      "median": 0.36363636363636365,
      "p95": 0.6363636363636364,
      "ci95_low": 0.3438852813852814,
      "ci95_high": 0.39143973214285716
    },
    "context_overlap": {
      "n": 112,
      "mean": 0.11566500698916427,
      "median": 0.1066017316017316,
      "p95": 0.18470422535211264,
      "ci95_low": 0.10732200382601828,
      "ci95_high": 0.12562606735920362
    },
    "persona_keyword_coverage": {
      "n": 112,
      "mean": 0.2785714285714286,
      "median": 0.2,
      "p95": 0.6880952380952375,
      "ci95_low": 0.2434438775510204,
      "ci95_high": 0.3151424319727891
    },
    "persona_style": {
      "n": 112,
      "mean": 0.6055366678602566,
      "median": 0.5,
      "p95": 1.0,
      "ci95_low": 0.5454072152509652,
      "ci95_high": 0.6645579087331859
    },
    "distinct1": {
      "n": 112,
      "mean": 0.9384771051933732,
      "median": 0.936491935483871,
      "p95": 1.0,
      "ci95_low": 0.9322275773568972,
      "ci95_high": 0.9447273520244378
    },
    "length_score": {
      "n": 112,
      "mean": 0.518452380952381,
      "median": 0.65,
      "p95": 0.9666666666666666,
      "ci95_low": 0.4571354166666667,
      "ci95_high": 0.5803571428571429
    },
    "sentence_score": {
      "n": 112,
      "mean": 0.9008928571428572,
      "median": 1.0,
      "p95": 1.0,
      "ci95_low": 0.8696428571428572,
      "ci95_high": 0.9326339285714284
    },
    "bertscore_f1": {
      "n": 112,
      "mean": 0.09717383928260201,
      "median": 0.09348638728260994,
      "p95": 0.19599849507212636,
      "ci95_low": 0.08539843769140133,
      "ci95_high": 0.10945657154206856
    },
    "overall_quality": {
      "n": 112,
      "mean": 0.391576281029591,
      "median": 0.3860737828039956,
      "p95": 0.5236323138818847,
      "ci95_low": 0.37948376440057635,
      "ci95_high": 0.40384039739608296
    },
    "metrics": [
      "context_relevance",
      "persona_consistency",
      "naturalness",
      "context_keyword_coverage",
      "context_overlap",
      "persona_keyword_coverage",
      "persona_style",
      "distinct1",
      "length_score",
      "sentence_score",
      "bertscore_f1",
      "overall_quality"
    ]
  },
  "proposed_contextual_controlled_alt": {
    "sample_count": 112,
    "context_relevance": {
      "n": 112,
      "mean": 0.2665223921699443,
      "median": 0.25647337158965067,
      "p95": 0.4560110238598606,
      "ci95_low": 0.24858458621845847,
      "ci95_high": 0.28666086356253956
    },
    "persona_consistency": {
      "n": 112,
      "mean": 0.34547893185265177,
      "median": 0.33333333333333337,
      "p95": 0.6440476190476188,
      "ci95_low": 0.3173556329261601,
      "ci95_high": 0.3765110116443356
    },
    "naturalness": {
      "n": 112,
      "mean": 0.8589237571091134,
      "median": 0.8623333333333332,
      "p95": 0.9709044166117337,
      "ci95_low": 0.845319712953567,
      "ci95_high": 0.8727991638236363
    },
    "context_keyword_coverage": {
      "n": 112,
      "mean": 0.3350378787878788,
      "median": 0.31666666666666665,
      "p95": 0.5863636363636353,
      "ci95_low": 0.3088734442640692,
      "ci95_high": 0.3613511228354978
    },
    "context_overlap": {
      "n": 112,
      "mean": 0.10665292339476373,
      "median": 0.10072463768115943,
      "p95": 0.17044628956927868,
      "ci95_low": 0.09978044733804896,
      "ci95_high": 0.11356241547460523
    },
    "persona_keyword_coverage": {
      "n": 112,
      "mean": 0.28397108843537416,
      "median": 0.2,
      "p95": 0.7142857142857143,
      "ci95_low": 0.24676232993197275,
      "ci95_high": 0.322109906462585
    },
    "persona_style": {
      "n": 112,
      "mean": 0.591510305521762,
      "median": 0.5,
      "p95": 1.0,
      "ci95_low": 0.5277162416308926,
      "ci95_high": 0.6518271635446373
    },
    "distinct1": {
      "n": 112,
      "mean": 0.9325882048074359,
      "median": 0.9327683615819209,
      "p95": 1.0,
      "ci95_low": 0.9255584633938982,
      "ci95_high": 0.9394994472778648
    },
    "length_score": {
      "n": 112,
      "mean": 0.4803571428571428,
      "median": 0.55,
      "p95": 0.9666666666666666,
      "ci95_low": 0.4157663690476191,
      "ci95_high": 0.5485193452380952
    },
    "sentence_score": {
      "n": 112,
      "mean": 0.9031250000000001,
      "median": 1.0,
      "p95": 1.0,
      "ci95_low": 0.8718750000000001,
      "ci95_high": 0.93125
    },
    "bertscore_f1": {
      "n": 112,
      "mean": 0.0824382320528717,
      "median": 0.08333739265799522,
      "p95": 0.18070598095655432,
      "ci95_low": 0.0712899644553545,
      "ci95_high": 0.09256970102807306
    },
    "overall_quality": {
      "n": 112,
      "mean": 0.3787364781019833,
      "median": 0.36943730024471794,
      "p95": 0.47344594384024885,
      "ci95_low": 0.3687062870509758,
      "ci95_high": 0.3892263321118836
    },
    "metrics": [
      "context_relevance",
      "persona_consistency",
      "naturalness",
      "context_keyword_coverage",
      "context_overlap",
      "persona_keyword_coverage",
      "persona_style",
      "distinct1",
      "length_score",
      "sentence_score",
      "bertscore_f1",
      "overall_quality"
    ]
  },
  "proposed_contextual": {
    "sample_count": 112,
    "context_relevance": {
      "n": 112,
      "mean": 0.0827150943620574,
      "median": 0.01644144144144144,
      "p95": 0.285016227180527,
      "ci95_low": 0.06299448961278764,
      "ci95_high": 0.10255053559774364
    },
    "persona_consistency": {
      "n": 112,
      "mean": 0.16390228099218412,
      "median": 0.1,
      "p95": 0.4816666666666663,
      "ci95_low": 0.1382142192814626,
      "ci95_high": 0.19200391275193585
    },
    "naturalness": {
      "n": 112,
      "mean": 0.8024841558615508,
      "median": 0.7486363636363635,
      "p95": 0.9617142857142856,
      "ci95_low": 0.7899752305503123,
      "ci95_high": 0.817171464797724
    },
    "context_keyword_coverage": {
      "n": 112,
      "mean": 0.09414231601731601,
      "median": 0.0,
      "p95": 0.3799999999999996,
      "ci95_low": 0.07127604166666666,
      "ci95_high": 0.11916971049783551
    },
    "context_overlap": {
      "n": 112,
      "mean": 0.05605157716645399,
      "median": 0.051064754454584964,
      "p95": 0.12666666666666654,
      "ci95_low": 0.049728337605015875,
      "ci95_high": 0.06308760105922272
    },
    "persona_keyword_coverage": {
      "n": 112,
      "mean": 0.07776360544217686,
      "median": 0.0,
      "p95": 0.5714285714285714,
      "ci95_low": 0.04676764455782313,
      "ci95_high": 0.11122555272108843
    },
    "persona_style": {
      "n": 112,
      "mean": 0.508456983192213,
      "median": 0.5,
      "p95": 1.0,
      "ci95_low": 0.44240516926517953,
      "ci95_high": 0.5712419969650093
    },
    "distinct1": {
      "n": 112,
      "mean": 0.937074414951496,
      "median": 0.9090909090909091,
      "p95": 1.0,
      "ci95_low": 0.9300574314920966,
      "ci95_high": 0.9444040757378025
    },
    "length_score": {
      "n": 112,
      "mean": 0.2636904761904762,
      "median": 0.09999999999999998,