{
  "ttft_ms": {
    "candidate_mean": 53602.23847500674,
    "baseline_mean": 38659.33263750412,
    "absolute_delta": 14942.905837502622,
    "relative_delta": 0.38652777526237575,
    "candidate_better": false,
    "lower_is_better": true
  },
  "total_time_ms": {
    "candidate_mean": 61404.79231249992,
    "baseline_mean": 45068.949774999055,
    "absolute_delta": 16335.842537500866,
    "relative_delta": 0.36246335046757167,
    "candidate_better": false,
    "lower_is_better": true
  },
  "tokens_per_s": {
    "candidate_mean": 8.536258699712487,
    "baseline_mean": 9.596532575874376,
    "absolute_delta": -1.0602738761618884,
    "relative_delta": -0.11048510154880425,
    "candidate_better": false,
    "lower_is_better": false
  }
}