{
  "elara-npc:latest": {
    "total_requests": 8,
    "ok_requests": 8,
    "error_requests": 0,
    "error_rate": 0.0,
    "ttft_ms": {
      "n": 8,
      "mean": 53602.23847500674,
      "median": 49257.677950008656,
      "p95": 79277.18234499916,
      "ci95_low": 44928.326056883176,
      "ci95_high": 64424.659528121716
    },
    "total_time_ms": {
      "n": 8,
      "mean": 61404.79231249992,
      "median": 56848.228150003706,
      "p95": 88045.98760498484,
      "ci95_low": 52261.893522501305,
      "ci95_high": 72578.80302499689
    },
    "tokens_per_s": {
      "n": 8,
      "mean": 8.536258699712487,
      "median": 9.204432607561959,
      "p95": 9.386082917721264,
      "ci95_low": 7.472841236400367,
      "ci95_high": 9.278038575201055
    }
  },
  "phi3:mini": {
    "total_requests": 8,
    "ok_requests": 8,
    "error_requests": 0,
    "error_rate": 0.0,
    "ttft_ms": {
      "n": 8,
      "mean": 38659.33263750412,
      "median": 45210.72485001059,
      "p95": 52586.32230000367,
      "ci95_low": 28571.673947499312,
      "ci95_high": 47264.96911813055
    },
    "total_time_ms": {
      "n": 8,
      "mean": 45068.949774999055,
      "median": 50744.250650008325,
      "p95": 59251.232700004766,
      "ci95_low": 35138.09094623903,
      "ci95_high": 53715.543524381064
    },
    "tokens_per_s": {
      "n": 8,
      "mean": 9.596532575874376,
      "median": 9.608904524937468,
      "p95": 9.910287692479805,
      "ci95_low": 9.439057187081964,
      "ci95_high": 9.75021980202728
    }
  }
}