{
  "proposed_contextual_controlled": {
    "sample_count": 24,
    "context_relevance": {
      "n": 24,
      "mean": 0.12054792904433335,
      "median": 0.07718607479477044,
      "p95": 0.36816473000683503,
      "ci95_low": 0.0716433610858924,
      "ci95_high": 0.16953196750433175
    },
    "persona_consistency": {
      "n": 24,
      "mean": 0.30477430555555557,
      "median": 0.23333333333333334,
      "p95": 0.6042857142857142,
      "ci95_low": 0.2400381324404762,
      "ci95_high": 0.38114614335317454
    },
    "naturalness": {
      "n": 24,
      "mean": 0.888882648809267,
      "median": 0.89,
      "p95": 0.9801441441441441,
      "ci95_low": 0.8672896703855535,
      "ci95_high": 0.910605280708447
    },
    "quest_state_correctness": {
      "n": 24,
      "mean": 0.19831071599442154,
      "median": 0.14878698692611736,
      "p95": 0.41608571428571417,
      "ci95_low": 0.158536520835047,
      "ci95_high": 0.24363006931582815
    },
    "lore_consistency": {
      "n": 24,
      "mean": 0.051813880337576446,
      "median": 0.0,
      "p95": 0.22446440723455638,
      "ci95_low": 0.01877157096357524,
      "ci95_high": 0.0906168193772028
    },
    "multi_turn_contradiction_safety": {
      "n": 24,
      "mean": 1.0,
      "median": 1.0,
      "p95": 1.0,
      "ci95_low": 1.0,
      "ci95_high": 1.0
    },
    "objective_completion_support": {
      "n": 24,
      "mean": 0.0782638888888889,
      "median": 0.12166666666666667,
      "p95": 0.13808333333333334,
      "ci95_low": 0.05409722222222222,
      "ci95_high": 0.1011128472222222
    },
    "gameplay_usefulness": {
      "n": 24,
      "mean": 0.3147132832276001,
      "median": 0.32148531662601965,
      "p95": 0.38582085167464114,
      "ci95_low": 0.29957885934227196,
      "ci95_high": 0.330236970440991
    },
    "time_pressure_acceptability": {
      "n": 24,
      "mean": 0.29028546176046177,
      "median": 0.3032548701298701,
      "p95": 0.3380066666666667,
      "ci95_low": 0.27597139024170275,
      "ci95_high": 0.3040270986652237
    },
    "context_keyword_coverage": {
      "n": 24,
      "mean": 0.14431818181818182,
      "median": 0.09545454545454546,
      "p95": 0.4409090909090907,
      "ci95_low": 0.08750000000000001,
      "ci95_high": 0.20872159090909087
    },
    "context_overlap": {
      "n": 24,
      "mean": 0.0650840059053536,
      "median": 0.050585284280936456,
      "p95": 0.12838961038961036,
      "ci95_low": 0.04690128233633571,
      "ci95_high": 0.08607606327078123
    },
    "persona_keyword_coverage": {
      "n": 24,
      "mean": 0.2569444444444444,
      "median": 0.16666666666666666,
      "p95": 0.6928571428571426,
      "ci95_low": 0.17457837301587298,
      "ci95_high": 0.35714285714285715
    },
    "persona_style": {
      "n": 24,
      "mean": 0.49609375,
      "median": 0.5,
      "p95": 0.7765624999999999,
      "ci95_low": 0.41796875,
      "ci95_high": 0.5690104166666666
    },
    "distinct1": {
      "n": 24,
      "mean": 0.9374843998009453,
      "median": 0.9555335968379447,
      "p95": 0.9965116279069767,
      "ci95_low": 0.9203258489852689,
      "ci95_high": 0.9521102853792123
    },
    "length_score": {
      "n": 24,
      "mean": 0.5694444444444444,
      "median": 0.5333333333333333,
      "p95": 0.9466666666666664,
      "ci95_low": 0.48055555555555557,
      "ci95_high": 0.6513888888888889
    },
    "sentence_score": {
      "n": 24,
      "mean": 1.0,
      "median": 1.0,
      "p95": 1.0,
      "ci95_low": 1.0,
      "ci95_high": 1.0
    },
    "overall_quality": {
      "n": 24,
      "mean": 0.33956819709660135,
      "median": 0.31701364360277406,
      "p95": 0.49919665685192016,
      "ci95_low": 0.29948328833720295,
      "ci95_high": 0.3814146271654329
    },
    "metrics": [
      "context_relevance",
      "persona_consistency",
      "naturalness",
      "quest_state_correctness",
      "lore_consistency",
      "multi_turn_contradiction_safety",
      "objective_completion_support",
      "gameplay_usefulness",
      "time_pressure_acceptability",
      "context_keyword_coverage",
      "context_overlap",
      "persona_keyword_coverage",
      "persona_style",
      "distinct1",
      "length_score",
      "sentence_score",
      "overall_quality"
    ]
  },
  "proposed_contextual_controlled_tuned": {
    "sample_count": 24,
    "context_relevance": {
      "n": 24,
      "mean": 0.10870888777303554,
      "median": 0.015036824877250408,
      "p95": 0.4077029220779219,
      "ci95_low": 0.05380773355900496,
      "ci95_high": 0.17051795243744539
    },
    "persona_consistency": {
      "n": 24,
      "mean": 0.2771155753968254,
      "median": 0.23333333333333334,
      "p95": 0.49964285714285706,
      "ci95_low": 0.2226312003968254,
      "ci95_high": 0.3401902901785715
    },
    "naturalness": {
      "n": 24,
      "mean": 0.8702808137201772,
      "median": 0.8692753623188405,
      "p95": 0.9177142857142857,
      "ci95_low": 0.8568693295777912,
      "ci95_high": 0.8835291463324461
    },
    "quest_state_correctness": {
      "n": 24,
      "mean": 0.19374234245543565,
      "median": 0.11903786523553966,
      "p95": 0.44224903234020874,
      "ci95_low": 0.1436552011860115,
      "ci95_high": 0.24645092108344235
    },
    "lore_consistency": {
      "n": 24,
      "mean": 0.03833131791281252,
      "median": 0.0,
      "p95": 0.1579814223596203,
      "ci95_low": 0.012949977897689167,
      "ci95_high": 0.06926999096640353
    },
    "multi_turn_contradiction_safety": {
      "n": 24,
      "mean": 1.0,
      "median": 1.0,
      "p95": 1.0,
      "ci95_low": 1.0,
      "ci95_high": 1.0
    },
    "objective_completion_support": {
      "n": 24,
      "mean": 0.08770833333333333,
      "median": 0.12166666666666667,
      "p95": 0.15908333333333327,
      "ci95_low": 0.06395659722222223,
      "ci95_high": 0.10993402777777775
    },
    "gameplay_usefulness": {
      "n": 24,
      "mean": 0.3099779846538187,
      "median": 0.2949913043478261,
      "p95": 0.3799187662337662,
      "ci95_low": 0.2930553803870154,
      "ci95_high": 0.32758550940940134
    },
    "time_pressure_acceptability": {
      "n": 24,
      "mean": 0.29369953102453106,
      "median": 0.30475,
      "p95": 0.34713999999999995,
      "ci95_low": 0.2780448038419913,
      "ci95_high": 0.30934139294733043
    },
    "context_keyword_coverage": {
      "n": 24,
      "mean": 0.12916666666666668,
      "median": 0.0,
      "p95": 0.5318181818181816,
      "ci95_low": 0.056818181818181816,
      "ci95_high": 0.21212121212121213
    },
    "context_overlap": {
      "n": 24,
      "mean": 0.060974070354562905,
      "median": 0.031688437348814706,
      "p95": 0.19461206896551705,
      "ci95_low": 0.038917217348685654,
      "ci95_high": 0.08627557789930303
    },
    "persona_keyword_coverage": {
      "n": 24,
      "mean": 0.22757936507936508,
      "median": 0.16666666666666666,
      "p95": 0.5714285714285714,
      "ci95_low": 0.15773809523809523,
      "ci95_high": 0.306547619047619
    },
    "persona_style": {
      "n": 24,
      "mean": 0.4752604166666667,
      "median": 0.5,
      "p95": 0.7765624999999999,
      "ci95_low": 0.3854166666666667,
      "ci95_high": 0.5625
    },
    "distinct1": {
      "n": 24,
      "mean": 0.9217089787448872,
      "median": 0.9258241758241759,
      "p95": 0.9965909090909091,
      "ci95_low": 0.9037691936952321,
      "ci95_high": 0.9395152058904067
    },
    "length_score": {
      "n": 24,
      "mean": 0.5152777777777778,
      "median": 0.5,
      "p95": 0.6616666666666666,
      "ci95_low": 0.47361111111111115,
      "ci95_high": 0.5569444444444445
    },
    "sentence_score": {
      "n": 24,
      "mean": 0.9854166666666666,
      "median": 1.0,
      "p95": 1.0,
      "ci95_low": 0.9562499999999999,
      "ci95_high": 1.0
    },
    "overall_quality": {
      "n": 24,
      "mean": 0.32031413019947114,