{
  "proposed_contextual_controlled": {
    "sample_count": 12,
    "context_relevance": {
      "n": 12,
      "mean": 0.2653483368633259,
      "median": 0.2469775986725139,
      "p95": 0.39536928340936905,
      "ci95_low": 0.22283031563721747,
      "ci95_high": 0.31278133376746114
    },
    "persona_consistency": {
      "n": 12,
      "mean": 0.3155357142857143,
      "median": 0.2963095238095238,
      "p95": 0.5489285714285714,
      "ci95_low": 0.252093253968254,
      "ci95_high": 0.3873938492063492
    },
    "naturalness": {
      "n": 12,
      "mean": 0.8613348450169411,
      "median": 0.8533095238095239,
      "p95": 0.9424242424242426,
      "ci95_low": 0.8289333726599878,
      "ci95_high": 0.8924519633952287
    },
    "context_keyword_coverage": {
      "n": 12,
      "mean": 0.33901515151515155,
      "median": 0.3181818181818182,
      "p95": 0.5204545454545454,
      "ci95_low": 0.2784090909090909,
      "ci95_high": 0.4034090909090909
    },
    "context_overlap": {
      "n": 12,
      "mean": 0.09345910267573282,
      "median": 0.08778205833791965,
      "p95": 0.14075657894736843,
      "ci95_low": 0.081005245486691,
      "ci95_high": 0.10717396657564943
    },
    "persona_keyword_coverage": {
      "n": 12,
      "mean": 0.23174603174603173,
      "median": 0.16666666666666666,
      "p95": 0.532142857142857,
      "ci95_low": 0.15357142857142855,
      "ci95_high": 0.33219246031746
    },
    "persona_style": {
      "n": 12,
      "mean": 0.6506944444444445,
      "median": 0.5,
      "p95": 1.0,
      "ci95_low": 0.5048437499999999,
      "ci95_high": 0.8007291666666666
    },
    "distinct1": {
      "n": 12,
      "mean": 0.9220871125423526,
      "median": 0.9333148096693527,
      "p95": 0.9619285714285715,
      "ci95_low": 0.9040792414498979,
      "ci95_high": 0.9375313247491827
    },
    "length_score": {
      "n": 12,
      "mean": 0.4916666666666667,
      "median": 0.48333333333333334,
      "p95": 0.8333333333333334,
      "ci95_low": 0.34722222222222227,
      "ci95_high": 0.6361111111111111
    },
    "sentence_score": {
      "n": 12,
      "mean": 0.9416666666666668,
      "median": 1.0,
      "p95": 1.0,
      "ci95_low": 0.8541666666666666,
      "ci95_high": 1.0
    },
    "bertscore_f1": {
      "n": 12,
      "mean": 0.07085812177198629,
      "median": 0.05102748982608318,
      "p95": 0.15225336588919158,
      "ci95_low": 0.04672066477748255,
      "ci95_high": 0.10118878405579979
    },
    "overall_quality": {
      "n": 12,
      "mean": 0.3670509043403421,
      "median": 0.3708029481278764,
      "p95": 0.41507904801505524,
      "ci95_low": 0.3442308920310071,
      "ci95_high": 0.3864248827372816
    },
    "metrics": [
      "context_relevance",
      "persona_consistency",
      "naturalness",
      "context_keyword_coverage",
      "context_overlap",
      "persona_keyword_coverage",
      "persona_style",
      "distinct1",
      "length_score",
      "sentence_score",
      "bertscore_f1",
      "overall_quality"
    ]
  },
  "proposed_contextual_controlled_quality": {
    "sample_count": 12,
    "context_relevance": {
      "n": 12,
      "mean": 0.33550180706041927,
      "median": 0.34100267379679144,
      "p95": 0.4450961538461538,
      "ci95_low": 0.2974480364040698,
      "ci95_high": 0.37529995834035945
    },
    "persona_consistency": {
      "n": 12,
      "mean": 0.38760912698412703,
      "median": 0.33333333333333337,
      "p95": 0.7400000000000001,
      "ci95_low": 0.2941210317460317,
      "ci95_high": 0.492218253968254
    },
    "naturalness": {
      "n": 12,
      "mean": 0.8788149687338972,
      "median": 0.8767538126361656,
      "p95": 0.9493513986013986,
      "ci95_low": 0.8402449224749566,
      "ci95_high": 0.9127064850021354
    },
    "context_keyword_coverage": {
      "n": 12,
      "mean": 0.418560606060606,
      "median": 0.4356060606060606,
      "p95": 0.5625,
      "ci95_low": 0.36362058080808074,
      "ci95_high": 0.47095959595959597
    },
    "context_overlap": {
      "n": 12,
      "mean": 0.1416979427266501,
      "median": 0.12678571428571428,
      "p95": 0.23620401337792635,
      "ci95_low": 0.11592683976205287,
      "ci95_high": 0.17567879026307406
    },
    "persona_keyword_coverage": {
      "n": 12,
      "mean": 0.32261904761904764,
      "median": 0.24285714285714285,
      "p95": 0.8,
      "ci95_low": 0.21308531746031747,
      "ci95_high": 0.4643452380952377
    },
    "persona_style": {
      "n": 12,
      "mean": 0.6475694444444444,
      "median": 0.5,
      "p95": 1.0,
      "ci95_low": 0.47222222222222227,
      "ci95_high": 0.8229166666666666
    },
    "distinct1": {
      "n": 12,
      "mean": 0.941134644056965,
      "median": 0.9402852049910874,
      "p95": 0.9790094339622641,
      "ci95_low": 0.92369814611583,
      "ci95_high": 0.9578709815259274
    },
    "length_score": {
      "n": 12,
      "mean": 0.5555555555555556,
      "median": 0.5333333333333333,
      "p95": 0.8933333333333333,
      "ci95_low": 0.39715277777777774,
      "ci95_high": 0.7111111111111111
    },
    "sentence_score": {
      "n": 12,
      "mean": 0.9125,
      "median": 1.0,
      "p95": 1.0,
      "ci95_low": 0.8250000000000001,
      "ci95_high": 1.0
    },
    "bertscore_f1": {
      "n": 12,
      "mean": 0.10971073433756828,
      "median": 0.10609427094459534,
      "p95": 0.18297342136502265,
      "ci95_low": 0.08271704743771503,
      "ci95_high": 0.1365572734735906
    },
    "overall_quality": {
      "n": 12,
      "mean": 0.42627278976225064,
      "median": 0.4112097113246791,
      "p95": 0.542420628310722,
      "ci95_low": 0.39399015351747235,
      "ci95_high": 0.46351629735221656
    },
    "metrics": [
      "context_relevance",
      "persona_consistency",
      "naturalness",
      "context_keyword_coverage",
      "context_overlap",
      "persona_keyword_coverage",
      "persona_style",
      "distinct1",
      "length_score",
      "sentence_score",
      "bertscore_f1",
      "overall_quality"
    ]
  },
  "proposed_contextual": {
    "sample_count": 12,
    "context_relevance": {
      "n": 12,
      "mean": 0.1198705681821088,
      "median": 0.043044005544005545,
      "p95": 0.35492585151167233,
      "ci95_low": 0.050377302262319214,
      "ci95_high": 0.19754073019975307
    },
    "persona_consistency": {
      "n": 12,
      "mean": 0.166281512605042,
      "median": 0.14411764705882352,
      "p95": 0.33821428571428547,
      "ci95_low": 0.1073529411764706,
      "ci95_high": 0.2415161064425769
    },
    "naturalness": {
      "n": 12,
      "mean": 0.8223362629786047,
      "median": 0.8216666666666667,
      "p95": 0.9301666666666666,
      "ci95_low": 0.7843359955688965,
      "ci95_high": 0.8617619259825142
    },
    "context_keyword_coverage": {
      "n": 12,
      "mean": 0.14204545454545456,
      "median": 0.041666666666666664,
      "p95": 0.4541666666666666,
      "ci95_low": 0.050505050505050504,
      "ci95_high": 0.2500473484848482
    },
    "context_overlap": {
      "n": 12,
      "mean": 0.06812916666763542,
      "median": 0.051417270929466054,
      "p95": 0.13832103969090268,
      "ci95_low": 0.04624783445079097,
      "ci95_high": 0.0925525891254337
    },
    "persona_keyword_coverage": {
      "n": 12,
      "mean": 0.047619047619047616,
      "median": 0.0,
      "p95": 0.25714285714285673,
      "ci95_low": 0.0,
      "ci95_high": 0.14285714285714285
    },
    "persona_style": {
      "n": 12,
      "mean": 0.6409313725490197,
      "median": 0.5,
      "p95": 1.0,
      "ci95_low": 0.4583333333333333,
      "ci95_high": 0.8284313725490197
    },
    "distinct1": {
      "n": 12,
      "mean": 0.9429934352242898,
      "median": 0.9328523862375139,
      "p95": 1.0,
      "ci95_low": 0.9230832484508955,
      "ci95_high": 0.963004984190646
    },
    "length_score": {
      "n": 12,
      "mean": 0.3277777777777778,
      "median": 0.2833333333333334,