{
  "proposed_vs_candidate_no_context": {
    "context_relevance": {
      "target_mean": 0.0944970702346544,
      "baseline_mean": 0.03263030920565811,
      "absolute_delta": 0.061866761028996284,
      "relative_delta": 1.8959906459687657
    },
    "persona_consistency": {
      "target_mean": 0.18249255952380955,
      "baseline_mean": 0.15608482142857144,
      "absolute_delta": 0.02640773809523811,
      "relative_delta": 0.16918838009705506
    },
    "naturalness": {
      "target_mean": 0.7748472868145064,
      "baseline_mean": 0.789404639448071,
      "absolute_delta": -0.014557352633564613,
      "relative_delta": -0.018440926118375355
    },
    "context_keyword_coverage": {
      "target_mean": 0.10821969696969698,
      "baseline_mean": 0.02962121212121212,
      "absolute_delta": 0.07859848484848486,
      "relative_delta": 2.6534526854219953
    },
    "context_overlap": {
      "target_mean": 0.06247760785288844,
      "baseline_mean": 0.03965153573603211,
      "absolute_delta": 0.022826072116856326,
      "relative_delta": 0.5756667854888111
    },
    "persona_keyword_coverage": {
      "target_mean": 0.10773809523809523,
      "baseline_mean": 0.06928571428571428,
      "absolute_delta": 0.038452380952380946,
      "relative_delta": 0.5549828178694157
    },
    "persona_style": {
      "target_mean": 0.4815104166666667,
      "baseline_mean": 0.50328125,
      "absolute_delta": -0.021770833333333295,
      "relative_delta": -0.043257787436613813
    },
    "distinct1": {
      "target_mean": 0.9269098837029326,
      "baseline_mean": 0.9273657652868443,
      "absolute_delta": -0.0004558815839117436,
      "relative_delta": -0.0004915876787523362
    },
    "length_score": {
      "target_mean": 0.14666666666666667,
      "baseline_mean": 0.21916666666666665,
      "absolute_delta": -0.07249999999999998,
      "relative_delta": -0.3307984790874524
    },
    "sentence_score": {
      "target_mean": 0.7475,
      "baseline_mean": 0.7462500000000001,
      "absolute_delta": 0.0012499999999999734,
      "relative_delta": 0.0016750418760468652
    },
    "bertscore_f1": {
      "target_mean": 0.06718155913404189,
      "baseline_mean": 0.03599439964746125,
      "absolute_delta": 0.031187159486580643,
      "relative_delta": 0.8664447745214812
    },
    "overall_quality": {
      "target_mean": 0.23920089138400158,
      "baseline_mean": 0.20417814028974254,
      "absolute_delta": 0.035022751094259036,
      "relative_delta": 0.1715303658097747
    }
  },
  "proposed_vs_baseline_no_context": {
    "context_relevance": {
      "target_mean": 0.0944970702346544,
      "baseline_mean": 0.0352904929927864,
      "absolute_delta": 0.059206577241867994,
      "relative_delta": 1.6776919850331984
    },
    "persona_consistency": {
      "target_mean": 0.18249255952380955,
      "baseline_mean": 0.19599068322981367,
      "absolute_delta": -0.013498123706004117,
      "relative_delta": -0.0688712518552556
    },
    "naturalness": {
      "target_mean": 0.7748472868145064,
      "baseline_mean": 0.8787401123573659,
      "absolute_delta": -0.1038928255428595,
      "relative_delta": -0.11822929678736274
    },
    "context_keyword_coverage": {
      "target_mean": 0.10821969696969698,
      "baseline_mean": 0.034090909090909095,
      "absolute_delta": 0.07412878787878788,
      "relative_delta": 2.174444444444444
    },
    "context_overlap": {
      "target_mean": 0.06247760785288844,
      "baseline_mean": 0.0380895220971668,
      "absolute_delta": 0.024388085755721635,
      "relative_delta": 0.6402833223663807
    },
    "persona_keyword_coverage": {
      "target_mean": 0.10773809523809523,
      "baseline_mean": 0.09892857142857144,
      "absolute_delta": 0.008809523809523795,
      "relative_delta": 0.08904933814681092
    },
    "persona_style": {
      "target_mean": 0.4815104166666667,
      "baseline_mean": 0.5842391304347826,
      "absolute_delta": -0.10272871376811588,
      "relative_delta": -0.17583333333333323
    },
    "distinct1": {
      "target_mean": 0.9269098837029326,
      "baseline_mean": 0.9738294475600814,
      "absolute_delta": -0.046919563857148794,
      "relative_delta": -0.04818047346453245
    },
    "length_score": {
      "target_mean": 0.14666666666666667,
      "baseline_mean": 0.5116666666666667,
      "absolute_delta": -0.36500000000000005,
      "relative_delta": -0.7133550488599348
    },
    "sentence_score": {
      "target_mean": 0.7475,
      "baseline_mean": 0.86875,
      "absolute_delta": -0.12124999999999997,
      "relative_delta": -0.13956834532374096
    },
    "bertscore_f1": {
      "target_mean": 0.06718155913404189,
      "baseline_mean": 0.054898276372114196,
      "absolute_delta": 0.012283282761927694,
      "relative_delta": 0.2237462371071278
    },
    "overall_quality": {
      "target_mean": 0.23920089138400158,
      "baseline_mean": 0.23593934705756645,
      "absolute_delta": 0.003261544326435134,
      "relative_delta": 0.013823655812861749
    }
  },
  "controlled_vs_proposed_raw": {
    "context_relevance": {
      "target_mean": 0.2823124264494524,
      "baseline_mean": 0.0944970702346544,
      "absolute_delta": 0.18781535621479803,
      "relative_delta": 1.9875257058067133
    },
    "persona_consistency": {
      "target_mean": 0.3192857142857143,
      "baseline_mean": 0.18249255952380955,
      "absolute_delta": 0.13679315476190473,
      "relative_delta": 0.7495820932034082
    },
    "naturalness": {
      "target_mean": 0.8807917324323199,
      "baseline_mean": 0.7748472868145064,
      "absolute_delta": 0.10594444561781347,
      "relative_delta": 0.13672945291370156
    },
    "context_keyword_coverage": {
      "target_mean": 0.35628787878787876,
      "baseline_mean": 0.10821969696969698,
      "absolute_delta": 0.2480681818181818,
      "relative_delta": 2.292264613230661
    },
    "context_overlap": {
      "target_mean": 0.1097030376597909,
      "baseline_mean": 0.06247760785288844,
      "absolute_delta": 0.04722542980690247,
      "relative_delta": 0.7558776885008276
    },
    "persona_keyword_coverage": {
      "target_mean": 0.24952380952380954,
      "baseline_mean": 0.10773809523809523,
      "absolute_delta": 0.1417857142857143,
      "relative_delta": 1.316022099447514
    },
    "persona_style": {
      "target_mean": 0.5983333333333334,
      "baseline_mean": 0.4815104166666667,
      "absolute_delta": 0.11682291666666667,
      "relative_delta": 0.24261763115197402
    },
    "distinct1": {
      "target_mean": 0.9362501644141332,
      "baseline_mean": 0.9269098837029326,
      "absolute_delta": 0.009340280711200633,
      "relative_delta": 0.010076794816219826
    },
    "length_score": {
      "target_mean": 0.5708333333333333,
      "baseline_mean": 0.14666666666666667,
      "absolute_delta": 0.42416666666666664,
      "relative_delta": 2.892045454545454
    },
    "sentence_score": {
      "target_mean": 0.92125,
      "baseline_mean": 0.7475,
      "absolute_delta": 0.17374999999999996,
      "relative_delta": 0.23244147157190628
    },
    "bertscore_f1": {
      "target_mean": 0.08253959321882576,
      "baseline_mean": 0.06718155913404189,
      "absolute_delta": 0.015358034084783867,
      "relative_delta": 0.22860490710168296
    },
    "overall_quality": {
      "target_mean": 0.380327354595276,
      "baseline_mean": 0.23920089138400158,
      "absolute_delta": 0.14112646321127442,
      "relative_delta": 0.589991376682275
    }
  },
  "controlled_vs_candidate_no_context": {
    "context_relevance": {
      "target_mean": 0.2823124264494524,
      "baseline_mean": 0.03263030920565811,
      "absolute_delta": 0.2496821172437943,
      "relative_delta": 7.651846498607475
    },
    "persona_consistency": {
      "target_mean": 0.3192857142857143,
      "baseline_mean": 0.15608482142857144,
      "absolute_delta": 0.16320089285714284,
      "relative_delta": 1.0455910533993076
    },