{
  "proposed_contextual_controlled": {
    "sample_count": 40,
    "context_relevance": {
      "n": 40,
      "mean": 0.2823124264494524,
      "median": 0.22487135506003428,
      "p95": 0.4824433836077672,
      "ci95_low": 0.2505617991958006,
      "ci95_high": 0.31705759924809757
    },
    "persona_consistency": {
      "n": 40,
      "mean": 0.3192857142857143,
      "median": 0.3238095238095238,
      "p95": 0.6035714285714285,
      "ci95_low": 0.26945863095238093,
      "ci95_high": 0.3702053571428571
    },
    "naturalness": {
      "n": 40,
      "mean": 0.8807917324323199,
      "median": 0.9176016830294531,
      "p95": 0.9743333333333333,
      "ci95_low": 0.8539898825579991,
      "ci95_high": 0.9058820950819637
    },
    "context_keyword_coverage": {
      "n": 40,
      "mean": 0.35628787878787876,
      "median": 0.2727272727272727,
      "p95": 0.6363636363636364,
      "ci95_low": 0.31461931818181815,
      "ci95_high": 0.3981079545454545
    },
    "context_overlap": {
      "n": 40,
      "mean": 0.1097030376597909,
      "median": 0.10923295454545454,
      "p95": 0.18293541738234284,
      "ci95_low": 0.094227925152543,
      "ci95_high": 0.1282795769338102
    },
    "persona_keyword_coverage": {
      "n": 40,
      "mean": 0.24952380952380954,
      "median": 0.2,
      "p95": 0.5107142857142851,
      "ci95_low": 0.19463392857142858,
      "ci95_high": 0.3071517857142857
    },
    "persona_style": {
      "n": 40,
      "mean": 0.5983333333333334,
      "median": 0.5,
      "p95": 1.0,
      "ci95_low": 0.5108229166666667,
      "ci95_high": 0.6925
    },
    "distinct1": {
      "n": 40,
      "mean": 0.9362501644141332,
      "median": 0.9354838709677419,
      "p95": 1.0,
      "ci95_low": 0.9255687771217995,
      "ci95_high": 0.9464870344286304
    },
    "length_score": {
      "n": 40,
      "mean": 0.5708333333333333,
      "median": 0.7666666666666666,
      "p95": 0.9683333333333333,
      "ci95_low": 0.4591458333333333,
      "ci95_high": 0.6775
    },
    "sentence_score": {
      "n": 40,
      "mean": 0.92125,
      "median": 1.0,
      "p95": 1.0,
      "ci95_low": 0.8775000000000001,
      "ci95_high": 0.9650000000000001
    },
    "bertscore_f1": {
      "n": 40,
      "mean": 0.08253959321882576,
      "median": 0.07451540604233742,
      "p95": 0.17713494971394525,
      "ci95_low": 0.06354291996220127,
      "ci95_high": 0.10222383755841291
    },
    "overall_quality": {
      "n": 40,
      "mean": 0.380327354595276,
      "median": 0.3828272897774416,
      "p95": 0.48040788330579726,
      "ci95_low": 0.36259021785974327,
      "ci95_high": 0.39925326133342076
    },
    "metrics": [
      "context_relevance",
      "persona_consistency",
      "naturalness",
      "context_keyword_coverage",
      "context_overlap",
      "persona_keyword_coverage",
      "persona_style",
      "distinct1",
      "length_score",
      "sentence_score",
      "bertscore_f1",
      "overall_quality"
    ]
  },
  "proposed_contextual": {
    "sample_count": 40,
    "context_relevance": {
      "n": 40,
      "mean": 0.0944970702346544,
      "median": 0.015384615384615384,
      "p95": 0.4154305269355311,
      "ci95_low": 0.05584223619045519,
      "ci95_high": 0.13942981737322735
    },
    "persona_consistency": {
      "n": 40,
      "mean": 0.18249255952380955,
      "median": 0.1,
      "p95": 0.5076785714285714,
      "ci95_low": 0.13409170386904762,
      "ci95_high": 0.23987760416666665
    },
    "naturalness": {
      "n": 40,
      "mean": 0.7748472868145064,
      "median": 0.7486363636363635,
      "p95": 0.886478260869565,
      "ci95_low": 0.759227141135475,
      "ci95_high": 0.7925424825037362
    },
    "context_keyword_coverage": {
      "n": 40,
      "mean": 0.10821969696969698,
      "median": 0.0,
      "p95": 0.5499999999999997,
      "ci95_low": 0.056315340909090905,
      "ci95_high": 0.1676922348484848
    },
    "context_overlap": {
      "n": 40,
      "mean": 0.06247760785288844,
      "median": 0.04878048780487805,
      "p95": 0.14531167690956956,
      "ci95_low": 0.04884192348688734,
      "ci95_high": 0.07827063626872811
    },
    "persona_keyword_coverage": {
      "n": 40,
      "mean": 0.10773809523809523,
      "median": 0.0,
      "p95": 0.5714285714285714,
      "ci95_low": 0.05119047619047619,
      "ci95_high": 0.1720386904761904
    },
    "persona_style": {
      "n": 40,
      "mean": 0.4815104166666667,
      "median": 0.5,
      "p95": 1.0,
      "ci95_low": 0.3934765625,
      "ci95_high": 0.5671875
    },
    "distinct1": {
      "n": 40,
      "mean": 0.9269098837029326,
      "median": 0.9090909090909091,
      "p95": 1.0,
      "ci95_low": 0.9169195927290769,
      "ci95_high": 0.9381503254251768
    },
    "length_score": {
      "n": 40,
      "mean": 0.14666666666666667,
      "median": 0.09999999999999998,
      "p95": 0.5149999999999991,
      "ci95_low": 0.09416666666666665,
      "ci95_high": 0.21000000000000002
    },
    "sentence_score": {
      "n": 40,
      "mean": 0.7475,
      "median": 0.65,
      "p95": 1.0,
      "ci95_low": 0.6950000000000001,
      "ci95_high": 0.8
    },
    "bertscore_f1": {
      "n": 40,
      "mean": 0.06718155913404189,
      "median": 0.053070178255438805,
      "p95": 0.1883956857025623,
      "ci95_low": 0.04982243952079443,
      "ci95_high": 0.08532865518995095
    },
    "overall_quality": {
      "n": 40,
      "mean": 0.23920089138400158,
      "median": 0.1837024116079453,
      "p95": 0.4363547940013568,
      "ci95_low": 0.2081661419284052,
      "ci95_high": 0.275017995204738
    },
    "metrics": [
      "context_relevance",
      "persona_consistency",
      "naturalness",
      "context_keyword_coverage",
      "context_overlap",
      "persona_keyword_coverage",
      "persona_style",
      "distinct1",
      "length_score",
      "sentence_score",
      "bertscore_f1",
      "overall_quality"
    ]
  },
  "candidate_no_context": {
    "sample_count": 40,
    "context_relevance": {
      "n": 40,
      "mean": 0.03263030920565811,
      "median": 0.012630662020905922,
      "p95": 0.14613173890063422,
      "ci95_low": 0.019485927521296534,
      "ci95_high": 0.04919933032337619
    },
    "persona_consistency": {
      "n": 40,
      "mean": 0.15608482142857144,
      "median": 0.1,
      "p95": 0.4686904761904761,
      "ci95_low": 0.11297756696428572,
      "ci95_high": 0.2062692336309524
    },
    "naturalness": {
      "n": 40,
      "mean": 0.789404639448071,
      "median": 0.7486363636363635,
      "p95": 0.9273333333333333,
      "ci95_low": 0.7714534307288063,
      "ci95_high": 0.8101211754854994
    },
    "context_keyword_coverage": {
      "n": 40,
      "mean": 0.02962121212121212,
      "median": 0.0,
      "p95": 0.18181818181818182,
      "ci95_low": 0.009545454545454546,
      "ci95_high": 0.05189583333333332
    },
    "context_overlap": {
      "n": 40,
      "mean": 0.03965153573603211,
      "median": 0.0375234521575985,
      "p95": 0.06286337209302323,
      "ci95_low": 0.0352396352609786,
      "ci95_high": 0.044664489314161865
    },
    "persona_keyword_coverage": {
      "n": 40,
      "mean": 0.06928571428571428,
      "median": 0.0,
      "p95": 0.34523809523809457,
      "ci95_low": 0.026190476190476188,
      "ci95_high": 0.12167559523809518
    },
    "persona_style": {
      "n": 40,
      "mean": 0.50328125,
      "median": 0.5,
      "p95": 1.0,
      "ci95_low": 0.4016953125,
      "ci95_high": 0.599390625
    },
    "distinct1": {
      "n": 40,
      "mean": 0.9273657652868443,
      "median": 0.9090909090909091,
      "p95": 1.0,
      "ci95_low": 0.918156555994305,
      "ci95_high": 0.9381651396885966
    },
    "length_score": {
      "n": 40,
      "mean": 0.21916666666666665,
      "median": 0.09999999999999998,
      "p95": 0.7,
      "ci95_low": 0.15499999999999997,
      "ci95_high": 0.28833333333333333
    },
    "sentence_score": {
      "n": 40,