{
  "proposed_contextual_controlled": {
    "sample_count": 24,
    "context_relevance": {
      "n": 24,
      "mean": 0.09973222936264259,
      "median": 0.07325642442663718,
      "p95": 0.28111884469696957,
      "ci95_low": 0.06071081748971123,
      "ci95_high": 0.14019321492050316
    },
    "persona_consistency": {
      "n": 24,
      "mean": 0.30032242063492065,
      "median": 0.23333333333333334,
      "p95": 0.5617857142857142,
      "ci95_low": 0.24009610615079366,
      "ci95_high": 0.37303292410714284
    },
    "naturalness": {
      "n": 24,
      "mean": 0.8843362820614331,
      "median": 0.8896153846153847,
      "p95": 0.959171052631579,
      "ci95_low": 0.8647744876551128,
      "ci95_high": 0.9027893230616202
    },
    "quest_state_correctness": {
      "n": 24,
      "mean": 0.18272777839472717,
      "median": 0.1463723127935894,
      "p95": 0.33910891265597143,
      "ci95_low": 0.14834213183296185,
      "ci95_high": 0.21983140095418088
    },
    "lore_consistency": {
      "n": 24,
      "mean": 0.024059484334711456,
      "median": 0.0,
      "p95": 0.06830823095823091,
      "ci95_low": 0.008018029582612917,
      "ci95_high": 0.045189262851215974
    },
    "multi_turn_contradiction_safety": {
      "n": 24,
      "mean": 1.0,
      "median": 1.0,
      "p95": 1.0,
      "ci95_low": 1.0,
      "ci95_high": 1.0
    },
    "objective_completion_support": {
      "n": 24,
      "mean": 0.08090277777777778,
      "median": 0.10166666666666666,
      "p95": 0.13783333333333334,
      "ci95_low": 0.05736111111111111,
      "ci95_high": 0.10444444444444445
    },
    "gameplay_usefulness": {
      "n": 24,
      "mean": 0.30897978063382653,
      "median": 0.2980242069524678,
      "p95": 0.3863549431818181,
      "ci95_low": 0.2935155812709427,
      "ci95_high": 0.3249692437417957
    },
    "time_pressure_acceptability": {
      "n": 24,
      "mean": 0.29377030122655123,
      "median": 0.30475,
      "p95": 0.3404216666666667,
      "ci95_low": 0.2816693053300866,
      "ci95_high": 0.3056684728986292
    },
    "context_keyword_coverage": {
      "n": 24,
      "mean": 0.11856060606060607,
      "median": 0.09090909090909091,
      "p95": 0.35409090909090896,
      "ci95_low": 0.07196969696969698,
      "ci95_high": 0.1715909090909091
    },
    "context_overlap": {
      "n": 24,
      "mean": 0.055799350400727865,
      "median": 0.04103641456582633,
      "p95": 0.11666666666666664,
      "ci95_low": 0.040907165931906055,
      "ci95_high": 0.07169361232257805
    },
    "persona_keyword_coverage": {
      "n": 24,
      "mean": 0.25496031746031744,
      "median": 0.16666666666666666,
      "p95": 0.6928571428571426,
      "ci95_low": 0.1726190476190476,
      "ci95_high": 0.3512152777777777
    },
    "persona_style": {
      "n": 24,
      "mean": 0.4817708333333333,
      "median": 0.5,
      "p95": 0.7765624999999999,
      "ci95_low": 0.3958333333333333,
      "ci95_high": 0.5572916666666666
    },
    "distinct1": {
      "n": 24,
      "mean": 0.9361879273758048,
      "median": 0.9578900709219859,
      "p95": 1.0,
      "ci95_low": 0.9155112970730603,
      "ci95_high": 0.954372643125582
    },
    "length_score": {
      "n": 24,
      "mean": 0.5638888888888889,
      "median": 0.5166666666666666,
      "p95": 0.9133333333333331,
      "ci95_low": 0.49583333333333335,
      "ci95_high": 0.6430555555555556
    },
    "sentence_score": {
      "n": 24,
      "mean": 0.9708333333333333,
      "median": 1.0,
      "p95": 1.0,
      "ci95_low": 0.9270833333333334,
      "ci95_high": 1.0
    },
    "overall_quality": {
      "n": 24,
      "mean": 0.32765005270578174,
      "median": 0.292311054525185,
      "p95": 0.4902315409736464,
      "ci95_low": 0.28991647680664223,
      "ci95_high": 0.368193334519023
    },
    "metrics": [
      "context_relevance",
      "persona_consistency",
      "naturalness",
      "quest_state_correctness",
      "lore_consistency",
      "multi_turn_contradiction_safety",
      "objective_completion_support",
      "gameplay_usefulness",
      "time_pressure_acceptability",
      "context_keyword_coverage",
      "context_overlap",
      "persona_keyword_coverage",
      "persona_style",
      "distinct1",
      "length_score",
      "sentence_score",
      "overall_quality"
    ]
  },
  "proposed_contextual_controlled_tuned": {
    "sample_count": 24,
    "context_relevance": {
      "n": 24,
      "mean": 0.13501563167650846,
      "median": 0.07842295635399082,
      "p95": 0.41302139037433117,
      "ci95_low": 0.08143912056306238,
      "ci95_high": 0.19430922010734752
    },
    "persona_consistency": {
      "n": 24,
      "mean": 0.28851934523809525,
      "median": 0.23333333333333334,
      "p95": 0.5617857142857142,
      "ci95_low": 0.23171013144841274,
      "ci95_high": 0.3526592261904763
    },
    "naturalness": {
      "n": 24,
      "mean": 0.8794127421231859,
      "median": 0.8899019607843137,
      "p95": 0.944375,
      "ci95_low": 0.8605433643476806,
      "ci95_high": 0.8972658319221517
    },
    "quest_state_correctness": {
      "n": 24,
      "mean": 0.215776262324178,
      "median": 0.16389893095410335,
      "p95": 0.4609543672014257,
      "ci95_low": 0.17071052210130316,
      "ci95_high": 0.2670937962536728
    },
    "lore_consistency": {
      "n": 24,
      "mean": 0.06298618919793338,
      "median": 0.0,
      "p95": 0.3228664668664667,
      "ci95_low": 0.02630410927965712,
      "ci95_high": 0.10922696359084498
    },
    "multi_turn_contradiction_safety": {
      "n": 24,
      "mean": 1.0,
      "median": 1.0,
      "p95": 1.0,
      "ci95_low": 1.0,
      "ci95_high": 1.0
    },
    "objective_completion_support": {
      "n": 24,
      "mean": 0.060069444444444446,
      "median": 0.041666666666666664,
      "p95": 0.135,
      "ci95_low": 0.037986111111111116,
      "ci95_high": 0.08368055555555555
    },
    "gameplay_usefulness": {
      "n": 24,
      "mean": 0.3067285919607262,
      "median": 0.3071823516858728,
      "p95": 0.36088311188811184,
      "ci95_low": 0.2934123815787816,
      "ci95_high": 0.3191798086141096
    },
    "time_pressure_acceptability": {
      "n": 24,
      "mean": 0.27990887445887447,
      "median": 0.2941666666666667,
      "p95": 0.3229938311688312,
      "ci95_low": 0.25894613207972583,
      "ci95_high": 0.2968942068001443
    },
    "context_keyword_coverage": {
      "n": 24,
      "mean": 0.16325757575757574,
      "median": 0.09090909090909091,
      "p95": 0.5181818181818177,
      "ci95_low": 0.09886363636363636,
      "ci95_high": 0.2390151515151515
    },
    "context_overlap": {
      "n": 24,
      "mean": 0.06911776215401812,
      "median": 0.048084291187739464,
      "p95": 0.1676470588235293,
      "ci95_low": 0.04813462077440656,
      "ci95_high": 0.09161225071921184
    },
    "persona_keyword_coverage": {
      "n": 24,
      "mean": 0.2398809523809524,
      "median": 0.16666666666666666,
      "p95": 0.6928571428571426,
      "ci95_low": 0.16170634920634921,
      "ci95_high": 0.32798115079365076
    },
    "persona_style": {
      "n": 24,
      "mean": 0.4830729166666667,
      "median": 0.5,
      "p95": 0.8296874999999998,
      "ci95_low": 0.3931315104166667,
      "ci95_high": 0.5768229166666666
    },
    "distinct1": {
      "n": 24,
      "mean": 0.9389832441968534,
      "median": 0.9468309859154929,
      "p95": 0.9957142857142857,
      "ci95_low": 0.9237696983797629,
      "ci95_high": 0.9535745533778218
    },
    "length_score": {
      "n": 24,
      "mean": 0.5263888888888889,
      "median": 0.5333333333333333,
      "p95": 0.7849999999999999,
      "ci95_low": 0.44305555555555554,
      "ci95_high": 0.6
    },
    "sentence_score": {
      "n": 24,
      "mean": 0.9854166666666666,
      "median": 1.0,
      "p95": 1.0,
      "ci95_low": 0.9562499999999999,
      "ci95_high": 1.0
    },
    "overall_quality": {
      "n": 24,