{
  "ttft_ms": {
    "candidate_mean": 257.5345562448395,
    "baseline_mean": 147.3369770901627,
    "absolute_delta": 110.19757915467682,
    "relative_delta": 0.7479288725140705,
    "candidate_better": false,
    "lower_is_better": true
  },
  "total_time_ms": {
    "candidate_mean": 1911.1119708274298,
    "baseline_mean": 1771.3313374927868,
    "absolute_delta": 139.78063333464297,
    "relative_delta": 0.078912753574661,
    "candidate_better": false,
    "lower_is_better": true
  },
  "tokens_per_s": {
    "candidate_mean": 39.1320634169817,
    "baseline_mean": 39.96388898065111,
    "absolute_delta": -0.8318255636694118,
    "relative_delta": -0.020814429848710368,
    "candidate_better": false,
    "lower_is_better": false
  }
}