{
  "candidate_model": "elara-npc:latest",
  "baseline_model": "phi3:mini",
  "candidate_mean": -0.03508984178552055,
  "baseline_mean": 0.07423329900484532,
  "absolute_delta": -0.10932314079036587,
  "relative_delta": -1.4726967850806438,
  "candidate_better": false
}