{
  "elara-npc:latest": {
    "total_requests": 48,
    "ok_requests": 48,
    "error_requests": 0,
    "error_rate": 0.0,
    "ttft_ms": {
      "n": 48,
      "mean": 257.5345562448395,
      "median": 260.64670001505874,
      "p95": 284.3439599702833,
      "ci95_low": 234.18616446839832,
      "ci95_high": 291.89302989128305
    },
    "total_time_ms": {
      "n": 48,
      "mean": 1911.1119708274298,
      "median": 1895.7749999826774,
      "p95": 1993.427190001239,
      "ci95_low": 1883.9214601464544,
      "ci95_high": 1948.9267719743716
    },
    "tokens_per_s": {
      "n": 48,
      "mean": 39.1320634169817,
      "median": 39.44055395446516,
      "p95": 39.982110098553434,
      "ci95_low": 38.903116766666194,
      "ci95_high": 39.35083867166526
    }
  },
  "phi3:mini": {
    "total_requests": 48,
    "ok_requests": 48,
    "error_requests": 0,
    "error_rate": 0.0,
    "ttft_ms": {
      "n": 48,
      "mean": 147.3369770901627,
      "median": 139.1888500074856,
      "p95": 214.936795012909,
      "ci95_low": 138.72846344432523,
      "ci95_high": 157.14069891246254
    },
    "total_time_ms": {
      "n": 48,
      "mean": 1771.3313374927868,
      "median": 1755.8111000107601,
      "p95": 1860.1527749939123,
      "ci95_low": 1759.4713643731363,
      "ci95_high": 1784.1969079112155
    },
    "tokens_per_s": {
      "n": 48,
      "mean": 39.96388898065111,
      "median": 40.19643132677088,
      "p95": 40.73518152902449,
      "ci95_low": 39.76695538514829,
      "ci95_high": 40.15267982455639
    }
  }
}