{
  "proposed_contextual_controlled": {
    "sample_count": 23,
    "context_relevance": {
      "n": 23,
      "mean": 0.2825924927517462,
      "median": 0.2808612440191387,
      "p95": 0.46206337514807266,
      "ci95_low": 0.24583454807976407,
      "ci95_high": 0.32197655204640857
    },
    "persona_consistency": {
      "n": 23,
      "mean": 0.3672463768115942,
      "median": 0.33333333333333337,
      "p95": 0.7779999999999997,
      "ci95_low": 0.2943674948240166,
      "ci95_high": 0.44389648033126294
    },
    "naturalness": {
      "n": 23,
      "mean": 0.8647938484639606,
      "median": 0.8657142857142858,
      "p95": 0.9669122807017544,
      "ci95_low": 0.8311372527482466,
      "ci95_high": 0.8957511535601309
    },
    "context_keyword_coverage": {
      "n": 23,
      "mean": 0.3571805006587615,
      "median": 0.36363636363636365,
      "p95": 0.5795454545454546,
      "ci95_low": 0.3060573122529644,
      "ci95_high": 0.41040843214756256
    },
    "context_overlap": {
      "n": 23,
      "mean": 0.10855380763537727,
      "median": 0.10344827586206896,
      "p95": 0.19165913881361032,
      "ci95_low": 0.09435832663643832,
      "ci95_high": 0.12486648791061228
    },
    "persona_keyword_coverage": {
      "n": 23,
      "mean": 0.30869565217391304,
      "median": 0.2,
      "p95": 0.9599999999999994,
      "ci95_low": 0.21573498964803314,
      "ci95_high": 0.4279658385093167
    },
    "persona_style": {
      "n": 23,
      "mean": 0.6014492753623188,
      "median": 0.5,
      "p95": 1.0,
      "ci95_low": 0.4710144927536232,
      "ci95_high": 0.7318840579710144
    },
    "distinct1": {
      "n": 23,
      "mean": 0.9333919897647555,
      "median": 0.9354838709677419,
      "p95": 1.0,
      "ci95_low": 0.9185315392037587,
      "ci95_high": 0.9485034658290852
    },
    "length_score": {
      "n": 23,
      "mean": 0.4884057971014493,
      "median": 0.5333333333333333,
      "p95": 0.9633333333333334,
      "ci95_low": 0.34489130434782606,
      "ci95_high": 0.6376811594202898
    },
    "sentence_score": {
      "n": 23,
      "mean": 0.9391304347826087,
      "median": 1.0,
      "p95": 1.0,
      "ci95_low": 0.8782608695652173,
      "ci95_high": 0.9847826086956522
    },
    "bertscore_f1": {
      "n": 23,
      "mean": 0.07494006230009963,
      "median": 0.08327241241931915,
      "p95": 0.1407187208533287,
      "ci95_low": 0.05519991494517814,
      "ci95_high": 0.09262697392993643
    },
    "overall_quality": {
      "n": 23,
      "mean": 0.3925991924255757,
      "median": 0.3697369110386944,
      "p95": 0.48095488074824455,
      "ci95_low": 0.36706314208225493,
      "ci95_high": 0.42113389636684023
    },
    "metrics": [
      "context_relevance",
      "persona_consistency",
      "naturalness",
      "context_keyword_coverage",
      "context_overlap",
      "persona_keyword_coverage",
      "persona_style",
      "distinct1",
      "length_score",
      "sentence_score",
      "bertscore_f1",
      "overall_quality"
    ]
  },
  "proposed_contextual_controlled_alt": {
    "sample_count": 24,
    "context_relevance": {
      "n": 24,
      "mean": 0.26803591855997627,
      "median": 0.2559288537549407,
      "p95": 0.43615884115884107,
      "ci95_low": 0.23053242739083585,
      "ci95_high": 0.30856606896276906
    },
    "persona_consistency": {
      "n": 24,
      "mean": 0.3524060308373333,
      "median": 0.3142857142857143,
      "p95": 0.6639285714285713,
      "ci95_low": 0.2990725073466653,
      "ci95_high": 0.4152787527017554
    },
    "naturalness": {
      "n": 24,
      "mean": 0.857261482118857,
      "median": 0.8728921568627452,
      "p95": 0.9661578947368421,
      "ci95_low": 0.828167372675866,
      "ci95_high": 0.8865764904366985
    },
    "context_keyword_coverage": {
      "n": 24,
      "mean": 0.3344065656565656,
      "median": 0.3181818181818182,
      "p95": 0.5454545454545454,
      "ci95_low": 0.2859138257575758,
      "ci95_high": 0.382706755050505
    },
    "context_overlap": {
      "n": 24,
      "mean": 0.11317107533460119,
      "median": 0.12081081081081081,
      "p95": 0.18484593837535007,
      "ci95_low": 0.09762761718250347,
      "ci95_high": 0.12892653065809526
    },
    "persona_keyword_coverage": {
      "n": 24,
      "mean": 0.285515873015873,
      "median": 0.18333333333333335,
      "p95": 0.7142857142857143,
      "ci95_low": 0.207921626984127,
      "ci95_high": 0.36966269841269833
    },
    "persona_style": {
      "n": 24,
      "mean": 0.6199666621231741,
      "median": 0.5,
      "p95": 1.0,
      "ci95_low": 0.5140306068118312,
      "ci95_high": 0.7313215067641243
    },
    "distinct1": {
      "n": 24,
      "mean": 0.9384662052971423,
      "median": 0.9326230492196879,
      "p95": 1.0,
      "ci95_low": 0.925268539112468,
      "ci95_high": 0.9516867147888022
    },
    "length_score": {
      "n": 24,
      "mean": 0.4458333333333333,
      "median": 0.5,
      "p95": 0.9616666666666667,
      "ci95_low": 0.3166319444444444,
      "ci95_high": 0.5819791666666666
    },
    "sentence_score": {
      "n": 24,
      "mean": 0.9270833333333334,
      "median": 1.0,
      "p95": 1.0,
      "ci95_low": 0.86875,
      "ci95_high": 0.9708333333333333
    },
    "bertscore_f1": {
      "n": 24,
      "mean": 0.08706862399170252,
      "median": 0.09407810866832733,
      "p95": 0.16617919355630872,
      "ci95_low": 0.06517621891822879,
      "ci95_high": 0.11040847252637223
    },
    "overall_quality": {
      "n": 24,
      "mean": 0.3813440244577903,
      "median": 0.3718781040525152,
      "p95": 0.5036450970035836,
      "ci95_low": 0.3564573435185013,
      "ci95_high": 0.40875129778962027
    },
    "metrics": [
      "context_relevance",
      "persona_consistency",
      "naturalness",
      "context_keyword_coverage",
      "context_overlap",
      "persona_keyword_coverage",
      "persona_style",
      "distinct1",
      "length_score",
      "sentence_score",
      "bertscore_f1",
      "overall_quality"
    ]
  },
  "proposed_contextual": {
    "sample_count": 24,
    "context_relevance": {
      "n": 24,
      "mean": 0.052371369822000004,
      "median": 0.014459930313588849,
      "p95": 0.20381051784036855,
      "ci95_low": 0.02570852455812416,
      "ci95_high": 0.08664660935770689
    },
    "persona_consistency": {
      "n": 24,
      "mean": 0.13841784951159952,
      "median": 0.1,
      "p95": 0.3554345238095237,
      "ci95_low": 0.0893207465277778,
      "ci95_high": 0.1975802999084249
    },
    "naturalness": {
      "n": 24,
      "mean": 0.7886135710846415,
      "median": 0.7486363636363635,
      "p95": 0.9524617117117117,
      "ci95_low": 0.7645092933876234,
      "ci95_high": 0.8190867986884742
    },
    "context_keyword_coverage": {
      "n": 24,
      "mean": 0.054924242424242424,
      "median": 0.0,
      "p95": 0.2727272727272727,
      "ci95_low": 0.018308080808080805,
      "ci95_high": 0.0985006313131312
    },
    "context_overlap": {
      "n": 24,
      "mean": 0.04641466708343439,
      "median": 0.046798029556650245,
      "p95": 0.09129720853858779,
      "ci95_low": 0.03786773906599997,
      "ci95_high": 0.05678175516639967
    },
    "persona_keyword_coverage": {
      "n": 24,
      "mean": 0.05654761904761905,
      "median": 0.0,
      "p95": 0.30833333333333296,
      "ci95_low": 0.006919642857142859,
      "ci95_high": 0.12800099206349194
    },
    "persona_style": {
      "n": 24,
      "mean": 0.46589877136752134,
      "median": 0.5,
      "p95": 1.0,
      "ci95_low": 0.34904764289529916,
      "ci95_high": 0.5883293269230767
    },
    "distinct1": {
      "n": 24,
      "mean": 0.9293464277116037,
      "median": 0.9090909090909091,
      "p95": 1.0,
      "ci95_low": 0.9178508171695776,
      "ci95_high": 0.9417199103610476
    },
    "length_score": {
      "n": 24,
      "mean": 0.20833333333333334,
      "median": 0.09999999999999998,