{
  "proposed_vs_candidate_no_context": {
    "context_relevance": {
      "target_mean": 0.07245493068244623,
      "baseline_mean": 0.02099223478095121,
      "absolute_delta": 0.05146269590149502,
      "relative_delta": 2.451511067711254
    },
    "persona_consistency": {
      "target_mean": 0.13668154761904763,
      "baseline_mean": 0.15734747023809526,
      "absolute_delta": -0.020665922619047622,
      "relative_delta": -0.13133940182054618
    },
    "naturalness": {
      "target_mean": 0.8092416028809233,
      "baseline_mean": 0.8190992715932731,
      "absolute_delta": -0.009857668712349832,
      "relative_delta": -0.01203476679105716
    },
    "context_keyword_coverage": {
      "target_mean": 0.08262310606060606,
      "baseline_mean": 0.013731060606060606,
      "absolute_delta": 0.06889204545454546,
      "relative_delta": 5.017241379310345
    },
    "context_overlap": {
      "target_mean": 0.04872918813340664,
      "baseline_mean": 0.037934974522362615,
      "absolute_delta": 0.010794213611044025,
      "relative_delta": 0.28454516569349086
    },
    "persona_keyword_coverage": {
      "target_mean": 0.04389880952380952,
      "baseline_mean": 0.06696428571428571,
      "absolute_delta": -0.023065476190476192,
      "relative_delta": -0.3444444444444445
    },
    "persona_style": {
      "target_mean": 0.5078125,
      "baseline_mean": 0.5188802083333334,
      "absolute_delta": -0.01106770833333337,
      "relative_delta": -0.021329987452948628
    },
    "distinct1": {
      "target_mean": 0.9384685905356416,
      "baseline_mean": 0.9370710956498495,
      "absolute_delta": 0.0013974948857921055,
      "relative_delta": 0.0014913434981397614
    },
    "length_score": {
      "target_mean": 0.2895833333333333,
      "baseline_mean": 0.3416666666666667,
      "absolute_delta": -0.05208333333333337,
      "relative_delta": -0.152439024390244
    },
    "sentence_score": {
      "target_mean": 0.759375,
      "baseline_mean": 0.759375,
      "absolute_delta": 0.0,
      "relative_delta": 0.0
    },
    "overall_quality": {
      "target_mean": 0.23818033696385668,
      "baseline_mean": 0.22369764190256766,
      "absolute_delta": 0.01448269506128902,
      "relative_delta": 0.06474227863160494
    }
  },
  "controlled_vs_proposed_raw": {
    "context_relevance": {
      "target_mean": 0.27370809927022943,
      "baseline_mean": 0.07245493068244623,
      "absolute_delta": 0.2012531685877832,
      "relative_delta": 2.777632477075037
    },
    "persona_consistency": {
      "target_mean": 0.32952224310776945,
      "baseline_mean": 0.13668154761904763,
      "absolute_delta": 0.19284069548872182,
      "relative_delta": 1.4108758559436152
    },
    "naturalness": {
      "target_mean": 0.8970898584463135,
      "baseline_mean": 0.8092416028809233,
      "absolute_delta": 0.08784825556539022,
      "relative_delta": 0.10855627695443229
    },
    "context_keyword_coverage": {
      "target_mean": 0.3450284090909091,
      "baseline_mean": 0.08262310606060606,
      "absolute_delta": 0.262405303030303,
      "relative_delta": 3.17593123209169
    },
    "context_overlap": {
      "target_mean": 0.10729404302197702,
      "baseline_mean": 0.04872918813340664,
      "absolute_delta": 0.05856485488857038,
      "relative_delta": 1.2018434357707026
    },
    "persona_keyword_coverage": {
      "target_mean": 0.2599702380952381,
      "baseline_mean": 0.04389880952380952,
      "absolute_delta": 0.21607142857142858,
      "relative_delta": 4.922033898305085
    },
    "persona_style": {
      "target_mean": 0.6077302631578947,
      "baseline_mean": 0.5078125,
      "absolute_delta": 0.09991776315789469,
      "relative_delta": 0.19676113360323877
    },
    "distinct1": {
      "target_mean": 0.9367350627824503,
      "baseline_mean": 0.9384685905356416,
      "absolute_delta": -0.001733527753191244,
      "relative_delta": -0.001847187823517688
    },
    "length_score": {
      "target_mean": 0.6510416666666667,
      "baseline_mean": 0.2895833333333333,
      "absolute_delta": 0.36145833333333344,
      "relative_delta": 1.2482014388489213
    },
    "sentence_score": {
      "target_mean": 0.9234375,
      "baseline_mean": 0.759375,
      "absolute_delta": 0.1640625,
      "relative_delta": 0.21604938271604937
    },
    "overall_quality": {
      "target_mean": 0.42001004737186326,
      "baseline_mean": 0.23818033696385668,
      "absolute_delta": 0.18182971040800658,
      "relative_delta": 0.763411928649672
    }
  },
  "controlled_vs_candidate_no_context": {
    "context_relevance": {
      "target_mean": 0.27370809927022943,
      "baseline_mean": 0.02099223478095121,
      "absolute_delta": 0.25271586448927824,
      "relative_delta": 12.03854030436997
    },
    "persona_consistency": {
      "target_mean": 0.32952224310776945,
      "baseline_mean": 0.15734747023809526,
      "absolute_delta": 0.1721747728696742,
      "relative_delta": 1.0942328631603835
    },
    "naturalness": {
      "target_mean": 0.8970898584463135,
      "baseline_mean": 0.8190992715932731,
      "absolute_delta": 0.07799058685304039,
      "relative_delta": 0.09521506068652313
    },
    "context_keyword_coverage": {
      "target_mean": 0.3450284090909091,
      "baseline_mean": 0.013731060606060606,
      "absolute_delta": 0.3312973484848485,
      "relative_delta": 24.127586206896552
    },
    "context_overlap": {
      "target_mean": 0.10729404302197702,
      "baseline_mean": 0.037934974522362615,
      "absolute_delta": 0.0693590684996144,
      "relative_delta": 1.8283673410332022
    },
    "persona_keyword_coverage": {
      "target_mean": 0.2599702380952381,
      "baseline_mean": 0.06696428571428571,
      "absolute_delta": 0.19300595238095242,
      "relative_delta": 2.882222222222223
    },
    "persona_style": {
      "target_mean": 0.6077302631578947,
      "baseline_mean": 0.5188802083333334,
      "absolute_delta": 0.08885005482456132,
      "relative_delta": 0.17123423363930512
    },
    "distinct1": {
      "target_mean": 0.9367350627824503,
      "baseline_mean": 0.9370710956498495,
      "absolute_delta": -0.0003360328673991386,
      "relative_delta": -0.0003585991169283726
    },
    "length_score": {
      "target_mean": 0.6510416666666667,
      "baseline_mean": 0.3416666666666667,
      "absolute_delta": 0.30937500000000007,
      "relative_delta": 0.9054878048780489
    },
    "sentence_score": {
      "target_mean": 0.9234375,
      "baseline_mean": 0.759375,
      "absolute_delta": 0.1640625,
      "relative_delta": 0.21604938271604937
    },
    "overall_quality": {
      "target_mean": 0.42001004737186326,
      "baseline_mean": 0.22369764190256766,
      "absolute_delta": 0.1963124054692956,
      "relative_delta": 0.8775792350766048
    }
  },
  "controlled_alt_vs_controlled_default": {
    "context_relevance": {
      "target_mean": 0.26835256574962696,
      "baseline_mean": 0.27370809927022943,
      "absolute_delta": -0.0053555335206024735,
      "relative_delta": -0.019566587670885857
    },
    "persona_consistency": {
      "target_mean": 0.36941658469531885,
      "baseline_mean": 0.32952224310776945,
      "absolute_delta": 0.0398943415875494,
      "relative_delta": 0.12106721904809943
    },
    "naturalness": {
      "target_mean": 0.8975001950168727,
      "baseline_mean": 0.8970898584463135,
      "absolute_delta": 0.0004103365705592221,
      "relative_delta": 0.00045740854909439243
    },
    "context_keyword_coverage": {
      "target_mean": 0.33555871212121213,
      "baseline_mean": 0.3450284090909091,
      "absolute_delta": -0.009469696969696961,
      "relative_delta": -0.027446136956223388
    },
    "context_overlap": {
      "target_mean": 0.11153822421592824,
      "baseline_mean": 0.10729404302197702,
      "absolute_delta": 0.004244181193951216,
      "relative_delta": 0.03955654083313722
    },
    "persona_keyword_coverage": {
      "target_mean": 0.30848214285714287,