{
  "proposed_contextual_controlled": {
    "sample_count": 32,
    "context_relevance": {
      "n": 32,
      "mean": 0.27370809927022943,
      "median": 0.22396165155599115,
      "p95": 0.45254048671598013,
      "ci95_low": 0.24139994732064157,
      "ci95_high": 0.3109155350948265
    },
    "persona_consistency": {
      "n": 32,
      "mean": 0.32952224310776945,
      "median": 0.3006892230576441,
      "p95": 0.6375000000000001,
      "ci95_low": 0.28149810072055137,
      "ci95_high": 0.3842154017857143
    },
    "naturalness": {
      "n": 32,
      "mean": 0.8970898584463135,
      "median": 0.9195454545454547,
      "p95": 0.9677147147147147,
      "ci95_low": 0.8778391238375732,
      "ci95_high": 0.9162266420545188
    },
    "context_keyword_coverage": {
      "n": 32,
      "mean": 0.3450284090909091,
      "median": 0.2727272727272727,
      "p95": 0.5863636363636363,
      "ci95_low": 0.3016974431818182,
      "ci95_high": 0.39419034090909083
    },
    "context_overlap": {
      "n": 32,
      "mean": 0.10729404302197702,
      "median": 0.10287171736255432,
      "p95": 0.16001762632197414,
      "ci95_low": 0.09396538051929079,
      "ci95_high": 0.12170017372493346
    },
    "persona_keyword_coverage": {
      "n": 32,
      "mean": 0.2599702380952381,
      "median": 0.2,
      "p95": 0.6357142857142857,
      "ci95_low": 0.2044642857142857,
      "ci95_high": 0.3175781249999999
    },
    "persona_style": {
      "n": 32,
      "mean": 0.6077302631578947,
      "median": 0.5,
      "p95": 1.0,
      "ci95_low": 0.5104166666666666,
      "ci95_high": 0.7102521929824561
    },
    "distinct1": {
      "n": 32,
      "mean": 0.9367350627824503,
      "median": 0.9354838709677419,
      "p95": 0.9833333333333333,
      "ci95_low": 0.9256016827774355,
      "ci95_high": 0.9472904875968962
    },
    "length_score": {
      "n": 32,
      "mean": 0.6510416666666667,
      "median": 0.75,
      "p95": 0.9666666666666668,
      "ci95_low": 0.5614583333333334,
      "ci95_high": 0.7354166666666667
    },
    "sentence_score": {
      "n": 32,
      "mean": 0.9234375,
      "median": 1.0,
      "p95": 1.0,
      "ci95_low": 0.86875,
      "ci95_high": 0.9671875
    },
    "overall_quality": {
      "n": 32,
      "mean": 0.42001004737186326,
      "median": 0.40380753480753495,
      "p95": 0.5028640859140859,
      "ci95_low": 0.3987434118467057,
      "ci95_high": 0.44691729060230884
    },
    "metrics": [
      "context_relevance",
      "persona_consistency",
      "naturalness",
      "context_keyword_coverage",
      "context_overlap",
      "persona_keyword_coverage",
      "persona_style",
      "distinct1",
      "length_score",
      "sentence_score",
      "overall_quality"
    ]
  },
  "proposed_contextual_controlled_rla": {
    "sample_count": 32,
    "context_relevance": {
      "n": 32,
      "mean": 0.26835256574962696,
      "median": 0.23233766233766232,
      "p95": 0.4104383809646967,
      "ci95_low": 0.2431201143715864,
      "ci95_high": 0.29498276851079613
    },
    "persona_consistency": {
      "n": 32,
      "mean": 0.36941658469531885,
      "median": 0.33333333333333337,
      "p95": 0.7022857142857143,
      "ci95_low": 0.3079506934460755,
      "ci95_high": 0.437388247830912
    },
    "naturalness": {
      "n": 32,
      "mean": 0.8975001950168727,
      "median": 0.920609756097561,
      "p95": 0.953878787878788,
      "ci95_low": 0.8782531884631342,
      "ci95_high": 0.9157944569602612
    },
    "context_keyword_coverage": {
      "n": 32,
      "mean": 0.33555871212121213,
      "median": 0.2727272727272727,
      "p95": 0.5204545454545454,
      "ci95_low": 0.30132220643939395,
      "ci95_high": 0.3721614583333333
    },
    "context_overlap": {
      "n": 32,
      "mean": 0.11153822421592824,
      "median": 0.10923295454545454,
      "p95": 0.1657894736842105,
      "ci95_low": 0.10101239478498986,
      "ci95_high": 0.12375263766040924
    },
    "persona_keyword_coverage": {
      "n": 32,
      "mean": 0.30848214285714287,
      "median": 0.18333333333333335,
      "p95": 0.7528571428571428,
      "ci95_low": 0.23363095238095238,
      "ci95_high": 0.3938988095238095
    },
    "persona_style": {
      "n": 32,
      "mean": 0.6131543520480226,
      "median": 0.5,
      "p95": 1.0,
      "ci95_low": 0.5260353217690678,
      "ci95_high": 0.7043083234021892
    },
    "distinct1": {
      "n": 32,
      "mean": 0.9477869458755152,
      "median": 0.9393939393939394,
      "p95": 1.0,
      "ci95_low": 0.9368150374784676,
      "ci95_high": 0.9587442483766021
    },
    "length_score": {
      "n": 32,
      "mean": 0.6302083333333334,
      "median": 0.7666666666666666,
      "p95": 0.9,
      "ci95_low": 0.5311979166666667,
      "ci95_high": 0.7208333333333333
    },
    "sentence_score": {
      "n": 32,
      "mean": 0.9234375,
      "median": 1.0,
      "p95": 1.0,
      "ci95_low": 0.86875,
      "ci95_high": 0.9671875
    },
    "overall_quality": {
      "n": 32,
      "mean": 0.43228556362296156,
      "median": 0.42586100683151407,
      "p95": 0.5344183258491868,
      "ci95_low": 0.40859841936746033,
      "ci95_high": 0.45691566227768116
    },
    "metrics": [
      "context_relevance",
      "persona_consistency",
      "naturalness",
      "context_keyword_coverage",
      "context_overlap",
      "persona_keyword_coverage",
      "persona_style",
      "distinct1",
      "length_score",
      "sentence_score",
      "overall_quality"
    ]
  },
  "proposed_contextual": {
    "sample_count": 32,
    "context_relevance": {
      "n": 32,
      "mean": 0.07245493068244623,
      "median": 0.014634146341463414,
      "p95": 0.2364084507042253,
      "ci95_low": 0.042951514322520444,
      "ci95_high": 0.10722495696492182
    },
    "persona_consistency": {
      "n": 32,
      "mean": 0.13668154761904763,
      "median": 0.1,
      "p95": 0.33404761904761887,
      "ci95_low": 0.09924595424107142,
      "ci95_high": 0.1822188895089286
    },
    "naturalness": {
      "n": 32,
      "mean": 0.8092416028809233,
      "median": 0.7486363636363635,
      "p95": 0.9472945736434109,
      "ci95_low": 0.7810341975942536,
      "ci95_high": 0.8363473773492611
    },
    "context_keyword_coverage": {
      "n": 32,
      "mean": 0.08262310606060606,
      "median": 0.0,
      "p95": 0.29999999999999993,
      "ci95_low": 0.04190340909090909,
      "ci95_high": 0.12618371212121213
    },
    "context_overlap": {
      "n": 32,
      "mean": 0.04872918813340664,
      "median": 0.045548654244306416,
      "p95": 0.09909090909090908,
      "ci95_low": 0.039538879343710455,
      "ci95_high": 0.0581437580336086
    },
    "persona_keyword_coverage": {
      "n": 32,
      "mean": 0.04389880952380952,
      "median": 0.0,
      "p95": 0.31666666666666643,
      "ci95_low": 0.005208333333333333,
      "ci95_high": 0.09821428571428571
    },
    "persona_style": {
      "n": 32,
      "mean": 0.5078125,
      "median": 0.5,
      "p95": 1.0,
      "ci95_low": 0.400390625,
      "ci95_high": 0.6172363281249997
    },
    "distinct1": {
      "n": 32,
      "mean": 0.9384685905356416,
      "median": 0.9090909090909091,
      "p95": 1.0,
      "ci95_low": 0.9256374041317033,
      "ci95_high": 0.9523349527845214
    },
    "length_score": {
      "n": 32,
      "mean": 0.2895833333333333,
      "median": 0.09999999999999998,
      "p95": 0.8150000000000001,
      "ci95_low": 0.201015625,
      "ci95_high": 0.3854166666666667
    },
    "sentence_score": {
      "n": 32,
      "mean": 0.759375,
      "median": 0.65,
      "p95": 1.0,
      "ci95_low": 0.7046875,
      "ci95_high": 0.8140625
    },
    "overall_quality": {
      "n": 32,
      "mean": 0.23818033696385668,
      "median": 0.21239434589800446,
      "p95": 0.3860126253316415,
      "ci95_low": 0.2107755350404224,
      "ci95_high": 0.2715330826933426
    },