{
  "ttft_ms": {
    "candidate_mean": 5661.016925005242,
    "baseline_mean": 5677.34707499767,
    "absolute_delta": -16.330149992427323,
    "relative_delta": -0.002876369856678883,
    "candidate_better": true,
    "lower_is_better": true
  },
  "total_time_ms": {
    "candidate_mean": 15174.455725005828,
    "baseline_mean": 14091.637200006517,
    "absolute_delta": 1082.8185249993112,
    "relative_delta": 0.07684121508598096,
    "candidate_better": false,
    "lower_is_better": true
  },
  "tokens_per_s": {
    "candidate_mean": 6.881020887889773,
    "baseline_mean": 7.408883075841995,
    "absolute_delta": -0.5278621879522225,
    "relative_delta": -0.07124720184522992,
    "candidate_better": false,
    "lower_is_better": false
  }
}