{
  "elara-npc:latest": {
    "total_requests": 8,
    "ok_requests": 8,
    "error_requests": 0,
    "error_rate": 0.0,
    "ttft_ms": {
      "n": 8,
      "mean": 5661.016925005242,
      "median": 5345.01295001246,
      "p95": 9394.452300021656,
      "ci95_low": 3992.6117568755217,
      "ci95_high": 7521.983490318597
    },
    "total_time_ms": {
      "n": 8,
      "mean": 15174.455725005828,
      "median": 15269.229300000006,
      "p95": 18240.891790008754,
      "ci95_low": 13477.316124676145,
      "ci95_high": 16829.136038127763
    },
    "tokens_per_s": {
      "n": 8,
      "mean": 6.881020887889773,
      "median": 6.801483121861564,
      "p95": 8.358937614191294,
      "ci95_low": 6.258409740609924,
      "ci95_high": 7.5418155267508435
    }
  },
  "phi3:mini": {
    "total_requests": 8,
    "ok_requests": 8,
    "error_requests": 0,
    "error_rate": 0.0,
    "ttft_ms": {
      "n": 8,
      "mean": 5677.34707499767,
      "median": 5488.332150009228,
      "p95": 7785.324544998001,
      "ci95_low": 4740.832009996302,
      "ci95_high": 6641.735812496336
    },
    "total_time_ms": {
      "n": 8,
      "mean": 14091.637200006517,
      "median": 13676.024649990723,
      "p95": 16454.981465014862,
      "ci95_low": 13301.394924698252,
      "ci95_high": 15097.020734705437
    },
    "tokens_per_s": {
      "n": 8,
      "mean": 7.408883075841995,
      "median": 7.482702522712768,
      "p95": 8.832679695632105,
      "ci95_low": 6.6376907040027655,
      "ci95_high": 8.125339748508722
    }
  }
}