{
  "proposed_contextual_controlled": {
    "sample_count": 24,
    "context_relevance": {
      "n": 24,
      "mean": 0.2741402857646172,
      "median": 0.24403297682709446,
      "p95": 0.41886080476900145,
      "ci95_low": 0.246865410658893,
      "ci95_high": 0.3036794561422887
    },
    "persona_consistency": {
      "n": 24,
      "mean": 0.3076587301587302,
      "median": 0.26,
      "p95": 0.5364285714285715,
      "ci95_low": 0.26221130952380955,
      "ci95_high": 0.3551835317460316
    },
    "naturalness": {
      "n": 24,
      "mean": 0.8878900995204836,
      "median": 0.9210227272727274,
      "p95": 0.9673185913185912,
      "ci95_low": 0.8583601128807171,
      "ci95_high": 0.9137266623057078
    },
    "context_keyword_coverage": {
      "n": 24,
      "mean": 0.34583333333333327,
      "median": 0.31666666666666665,
      "p95": 0.5454545454545454,
      "ci95_low": 0.30555239898989894,
      "ci95_high": 0.3863636363636363
    },
    "context_overlap": {
      "n": 24,
      "mean": 0.10685650810427953,
      "median": 0.10811688311688311,
      "p95": 0.14609523809523808,
      "ci95_low": 0.09436512315206841,
      "ci95_high": 0.12029635023921616
    },
    "persona_keyword_coverage": {
      "n": 24,
      "mean": 0.23075396825396824,
      "median": 0.18333333333333335,
      "p95": 0.4285714285714285,
      "ci95_low": 0.18987599206349204,
      "ci95_high": 0.27559523809523806
    },
    "persona_style": {
      "n": 24,
      "mean": 0.6152777777777778,
      "median": 0.5,
      "p95": 1.0,
      "ci95_low": 0.5,
      "ci95_high": 0.737569444444444
    },
    "distinct1": {
      "n": 24,
      "mean": 0.9356974710234311,
      "median": 0.9344086021505376,
      "p95": 0.979153846153846,
      "ci95_low": 0.92392947511743,
      "ci95_high": 0.947554752646492
    },
    "length_score": {
      "n": 24,
      "mean": 0.6180555555555556,
      "median": 0.7666666666666666,
      "p95": 0.9616666666666667,
      "ci95_low": 0.4985763888888889,
      "ci95_high": 0.7361111111111112
    },
    "sentence_score": {
      "n": 24,
      "mean": 0.9,
      "median": 1.0,
      "p95": 1.0,
      "ci95_low": 0.8270833333333334,
      "ci95_high": 0.9708333333333333
    },
    "overall_quality": {
      "n": 24,
      "mean": 0.41007804658888275,
      "median": 0.4009909426565165,
      "p95": 0.5214542457542457,
      "ci95_low": 0.387784022195731,
      "ci95_high": 0.43444412948183125
    },
    "metrics": [
      "context_relevance",
      "persona_consistency",
      "naturalness",
      "context_keyword_coverage",
      "context_overlap",
      "persona_keyword_coverage",
      "persona_style",
      "distinct1",
      "length_score",
      "sentence_score",
      "overall_quality"
    ]
  },
  "proposed_contextual_controlled_alt": {
    "sample_count": 24,
    "context_relevance": {
      "n": 24,
      "mean": 0.2742778530084214,
      "median": 0.26562306740878167,
      "p95": 0.4208602086438151,
      "ci95_low": 0.2440342807231595,
      "ci95_high": 0.3072117273878314
    },
    "persona_consistency": {
      "n": 24,
      "mean": 0.38373352165725044,
      "median": 0.33333333333333337,
      "p95": 0.710333333333333,
      "ci95_low": 0.324245123755717,
      "ci95_high": 0.4498454062415927
    },
    "naturalness": {
      "n": 24,
      "mean": 0.9030009270459857,
      "median": 0.9275268817204301,
      "p95": 0.9644444444444444,
      "ci95_low": 0.8799075891696674,
      "ci95_high": 0.9245285948570262
    },
    "context_keyword_coverage": {
      "n": 24,
      "mean": 0.34103535353535347,
      "median": 0.3333333333333333,
      "p95": 0.5386363636363636,
      "ci95_low": 0.30252525252525253,
      "ci95_high": 0.381947601010101
    },
    "context_overlap": {
      "n": 24,
      "mean": 0.11851035177891311,
      "median": 0.11114922813036021,
      "p95": 0.1787503866377977,
      "ci95_low": 0.10256710440773101,
      "ci95_high": 0.1352421518038335
    },
    "persona_keyword_coverage": {
      "n": 24,
      "mean": 0.3263888888888889,
      "median": 0.24285714285714285,
      "p95": 0.7071428571428571,
      "ci95_low": 0.2553323412698412,
      "ci95_high": 0.4107192460317461
    },
    "persona_style": {
      "n": 24,
      "mean": 0.6131120527306968,
      "median": 0.5,
      "p95": 1.0,
      "ci95_low": 0.4881120527306968,
      "ci95_high": 0.7291666666666666
    },
    "distinct1": {
      "n": 24,
      "mean": 0.9406620398371864,
      "median": 0.9419191919191919,
      "p95": 0.9964285714285714,
      "ci95_low": 0.9260447822049456,
      "ci95_high": 0.953429304629303
    },
    "length_score": {
      "n": 24,
      "mean": 0.6847222222222222,
      "median": 0.7833333333333333,
      "p95": 0.9333333333333333,
      "ci95_low": 0.5680555555555555,
      "ci95_high": 0.7847222222222222
    },
    "sentence_score": {
      "n": 24,
      "mean": 0.8979166666666667,
      "median": 1.0,
      "p95": 1.0,
      "ci95_low": 0.8250000000000001,
      "ci95_high": 0.9562499999999999
    },
    "overall_quality": {
      "n": 24,
      "mean": 0.4413264306055657,
      "median": 0.4435830203339639,
      "p95": 0.5345707784743993,
      "ci95_low": 0.41912790499718716,
      "ci95_high": 0.4632271799233702
    },
    "metrics": [
      "context_relevance",
      "persona_consistency",
      "naturalness",
      "context_keyword_coverage",
      "context_overlap",
      "persona_keyword_coverage",
      "persona_style",
      "distinct1",
      "length_score",
      "sentence_score",
      "overall_quality"
    ]
  },
  "proposed_contextual": {
    "sample_count": 24,
    "context_relevance": {
      "n": 24,
      "mean": 0.09230960286094947,
      "median": 0.04507711038961038,
      "p95": 0.2930980861244019,
      "ci95_low": 0.05523758718242424,
      "ci95_high": 0.1371545652937727
    },
    "persona_consistency": {
      "n": 24,
      "mean": 0.17095283189033192,
      "median": 0.1,
      "p95": 0.4385714285714283,
      "ci95_low": 0.12338789682539682,
      "ci95_high": 0.22281765760281383
    },
    "naturalness": {
      "n": 24,
      "mean": 0.8343926368156404,
      "median": 0.8223305084745762,
      "p95": 0.95775,
      "ci95_low": 0.8017098822846919,
      "ci95_high": 0.8685060414637613
    },
    "context_keyword_coverage": {
      "n": 24,
      "mean": 0.10416666666666667,
      "median": 0.041666666666666664,
      "p95": 0.36363636363636365,
      "ci95_low": 0.054608585858585856,
      "ci95_high": 0.16259469696969678
    },
    "context_overlap": {
      "n": 24,
      "mean": 0.06464312064760937,
      "median": 0.05634920634920634,
      "p95": 0.1259523809523809,
      "ci95_low": 0.05201827959426671,
      "ci95_high": 0.07796590563284296
    },
    "persona_keyword_coverage": {
      "n": 24,
      "mean": 0.07837301587301587,
      "median": 0.0,
      "p95": 0.4499999999999993,
      "ci95_low": 0.026785714285714284,
      "ci95_high": 0.14583333333333334
    },
    "persona_style": {
      "n": 24,
      "mean": 0.5412720959595959,
      "median": 0.5,
      "p95": 1.0,
      "ci95_low": 0.41665680239898994,
      "ci95_high": 0.6641424005681819
    },
    "distinct1": {
      "n": 24,
      "mean": 0.9450093698168788,
      "median": 0.9351162790697674,
      "p95": 1.0,
      "ci95_low": 0.9305000890123056,
      "ci95_high": 0.9597878338960059
    },
    "length_score": {
      "n": 24,
      "mean": 0.3986111111111111,
      "median": 0.25,
      "p95": 0.8899999999999999,
      "ci95_low": 0.2736111111111111,
      "ci95_high": 0.5278124999999998
    },
    "sentence_score": {
      "n": 24,
      "mean": 0.7666666666666666,
      "median": 0.65,
      "p95": 1.0,
      "ci95_low": 0.7083333333333334,
      "ci95_high": 0.8395833333333332
    },
    "overall_quality": {
      "n": 24,
      "mean": 0.26443154824588383,
      "median": 0.2532524744443432,
      "p95": 0.4029292998306043,
      "ci95_low": 0.23111519469310338,