{
  "proposed_contextual_controlled": {
    "sample_count": 24,
    "context_relevance": {
      "n": 24,
      "mean": 0.07874119526153948,
      "median": 0.041609848484848486,
      "p95": 0.2520194045720361,
      "ci95_low": 0.045591258950052456,
      "ci95_high": 0.11436572436471801
    },
    "persona_consistency": {
      "n": 24,
      "mean": 0.24079861111111112,
      "median": 0.23333333333333334,
      "p95": 0.45166666666666644,
      "ci95_low": 0.19632843501984126,
      "ci95_high": 0.285886966765873
    },
    "naturalness": {
      "n": 24,
      "mean": 0.8766145235515269,
      "median": 0.875925925925926,
      "p95": 0.9659811827956987,
      "ci95_low": 0.8610693262971445,
      "ci95_high": 0.892676825582896
    },
    "quest_state_correctness": {
      "n": 24,
      "mean": 0.16604524299256693,
      "median": 0.13108679183135705,
      "p95": 0.32302456140350877,
      "ci95_low": 0.1357644747792731,
      "ci95_high": 0.1989622022647762
    },
    "lore_consistency": {
      "n": 24,
      "mean": 0.019183436039434093,
      "median": 0.0,
      "p95": 0.09013215657581851,
      "ci95_low": 0.004934983766233766,
      "ci95_high": 0.03745041070175843
    },
    "multi_turn_contradiction_safety": {
      "n": 24,
      "mean": 0.8333333333333334,
      "median": 1.0,
      "p95": 1.0,
      "ci95_low": 0.6666666666666666,
      "ci95_high": 0.9583333333333334
    },
    "objective_completion_support": {
      "n": 24,
      "mean": 0.08770833333333333,
      "median": 0.12166666666666667,
      "p95": 0.16333333333333333,
      "ci95_low": 0.06451388888888888,
      "ci95_high": 0.10965277777777778
    },
    "gameplay_usefulness": {
      "n": 24,
      "mean": 0.30420793938353646,
      "median": 0.2949913043478261,
      "p95": 0.3556671586836103,
      "ci95_low": 0.2924184095260913,
      "ci95_high": 0.31630024438053084
    },
    "time_pressure_acceptability": {
      "n": 24,
      "mean": 0.29867417027417026,
      "median": 0.30475,
      "p95": 0.3592569047619048,
      "ci95_low": 0.2811632496843434,
      "ci95_high": 0.3143704216269842
    },
    "context_keyword_coverage": {
      "n": 24,
      "mean": 0.0890151515151515,
      "median": 0.045454545454545456,
      "p95": 0.29590909090909084,
      "ci95_low": 0.04659090909090909,
      "ci95_high": 0.1348579545454545
    },
    "context_overlap": {
      "n": 24,
      "mean": 0.05476863066977813,
      "median": 0.04044117647058823,
      "p95": 0.15643274853801167,
      "ci95_low": 0.03864993039911002,
      "ci95_high": 0.07482258190605884
    },
    "persona_keyword_coverage": {
      "n": 24,
      "mean": 0.18055555555555555,
      "median": 0.16666666666666666,
      "p95": 0.3333333333333333,
      "ci95_low": 0.13194444444444445,
      "ci95_high": 0.23809523809523805
    },
    "persona_style": {
      "n": 24,
      "mean": 0.4817708333333333,
      "median": 0.5,
      "p95": 0.78125,
      "ci95_low": 0.3854166666666667,
      "ci95_high": 0.5703125
    },
    "distinct1": {
      "n": 24,
      "mean": 0.932161308878817,
      "median": 0.9477272727272728,
      "p95": 0.99625,
      "ci95_low": 0.9130801514212351,
      "ci95_high": 0.9490242028454248
    },
    "length_score": {
      "n": 24,
      "mean": 0.5333333333333333,
      "median": 0.5,
      "p95": 0.8799999999999998,
      "ci95_low": 0.4680208333333333,
      "ci95_high": 0.5958333333333333
    },
    "sentence_score": {
      "n": 24,
      "mean": 0.9708333333333333,
      "median": 1.0,
      "p95": 1.0,
      "ci95_low": 0.9270833333333334,
      "ci95_high": 1.0
    },
    "overall_quality": {
      "n": 24,
      "mean": 0.2938638637923384,
      "median": 0.28391272281639934,
      "p95": 0.43357110047846903,
      "ci95_low": 0.26092909088000116,
      "ci95_high": 0.3280206674315498
    },
    "metrics": [
      "context_relevance",
      "persona_consistency",
      "naturalness",
      "quest_state_correctness",
      "lore_consistency",
      "multi_turn_contradiction_safety",
      "objective_completion_support",
      "gameplay_usefulness",
      "time_pressure_acceptability",
      "context_keyword_coverage",
      "context_overlap",
      "persona_keyword_coverage",
      "persona_style",
      "distinct1",
      "length_score",
      "sentence_score",
      "overall_quality"
    ]
  },
  "proposed_contextual_controlled_tuned": {
    "sample_count": 24,
    "context_relevance": {
      "n": 24,
      "mean": 0.07689136142501476,
      "median": 0.041609848484848486,
      "p95": 0.3200360310421283,
      "ci95_low": 0.04254896811071273,
      "ci95_high": 0.1187014746449934
    },
    "persona_consistency": {
      "n": 24,
      "mean": 0.2780009920634921,
      "median": 0.23333333333333334,
      "p95": 0.5571428571428572,
      "ci95_low": 0.21881200396825395,
      "ci95_high": 0.33746868799603175
    },
    "naturalness": {
      "n": 24,
      "mean": 0.867378956039654,
      "median": 0.8733333333333334,
      "p95": 0.9145227272727273,
      "ci95_low": 0.8519996510109507,
      "ci95_high": 0.883772175455113
    },
    "quest_state_correctness": {
      "n": 24,
      "mean": 0.16216104884316404,
      "median": 0.13108679183135705,
      "p95": 0.37007963784183284,
      "ci95_low": 0.13045056511820347,
      "ci95_high": 0.1998317212089312
    },
    "lore_consistency": {
      "n": 24,
      "mean": 0.022732601384362897,
      "median": 0.0,
      "p95": 0.11548087714754367,
      "ci95_low": 0.00292055167055167,
      "ci95_high": 0.05424914375998386
    },
    "multi_turn_contradiction_safety": {
      "n": 24,
      "mean": 1.0,
      "median": 1.0,
      "p95": 1.0,
      "ci95_low": 1.0,
      "ci95_high": 1.0
    },
    "objective_completion_support": {
      "n": 24,
      "mean": 0.07402777777777779,
      "median": 0.08166666666666667,
      "p95": 0.15908333333333327,
      "ci95_low": 0.04978645833333334,
      "ci95_high": 0.09993055555555556
    },
    "gameplay_usefulness": {
      "n": 24,
      "mean": 0.2904720390736016,
      "median": 0.29285777338603425,
      "p95": 0.33329731240101934,
      "ci95_low": 0.272880868690788,
      "ci95_high": 0.30677802387730946
    },
    "time_pressure_acceptability": {
      "n": 24,
      "mean": 0.27926894841269845,
      "median": 0.2994583333333334,
      "p95": 0.3235,
      "ci95_low": 0.26077620873917745,
      "ci95_high": 0.29652753156565653
    },
    "context_keyword_coverage": {
      "n": 24,
      "mean": 0.09204545454545454,
      "median": 0.045454545454545456,
      "p95": 0.42727272727272686,
      "ci95_low": 0.04545454545454545,
      "ci95_high": 0.14962121212121213
    },
    "context_overlap": {
      "n": 24,
      "mean": 0.04153181081065528,
      "median": 0.038838612368024134,
      "p95": 0.07641402714932126,
      "ci95_low": 0.03242685807691989,
      "ci95_high": 0.05350011577633019
    },
    "persona_keyword_coverage": {
      "n": 24,
      "mean": 0.21924603174603174,
      "median": 0.16666666666666666,
      "p95": 0.5714285714285714,
      "ci95_low": 0.15473710317460315,
      "ci95_high": 0.28871527777777767
    },
    "persona_style": {
      "n": 24,
      "mean": 0.5130208333333334,
      "median": 0.5,
      "p95": 0.78125,
      "ci95_low": 0.42838541666666663,
      "ci95_high": 0.5885416666666666
    },
    "distinct1": {
      "n": 24,
      "mean": 0.9255654456546902,
      "median": 0.9230769230769231,
      "p95": 0.9766277641277641,
      "ci95_low": 0.9098313554296479,
      "ci95_high": 0.9408410039453652
    },
    "length_score": {
      "n": 24,
      "mean": 0.4930555555555556,
      "median": 0.5166666666666666,
      "p95": 0.7699999999999997,
      "ci95_low": 0.41663194444444446,
      "ci95_high": 0.5638888888888889
    },
    "sentence_score": {
      "n": 24,
      "mean": 0.9854166666666666,
      "median": 1.0,
      "p95": 1.0,
      "ci95_low": 0.9562499999999999,
      "ci95_high": 1.0
    },