{
  "ttft_ms": {
    "candidate_mean": 818.2364749955013,
    "baseline_mean": 254.0245375057566,
    "absolute_delta": 564.2119374897447,
    "relative_delta": 2.2210922733279608,
    "candidate_better": false,
    "lower_is_better": true
  },
  "total_time_ms": {
    "candidate_mean": 4582.200887496583,
    "baseline_mean": 2799.7472999959427,
    "absolute_delta": 1782.4535875006404,
    "relative_delta": 0.6366480244496435,
    "candidate_better": false,
    "lower_is_better": true
  },
  "tokens_per_s": {
    "candidate_mean": 17.419007231024022,
    "baseline_mean": 23.892030472044855,
    "absolute_delta": -6.473023241020833,
    "relative_delta": -0.2709281343247351,
    "candidate_better": false,
    "lower_is_better": false
  }
}