{
  "elara-npc:latest": {
    "total_requests": 8,
    "ok_requests": 8,
    "error_requests": 0,
    "error_rate": 0.0,
    "ttft_ms": {
      "n": 8,
      "mean": 818.2364749955013,
      "median": 770.4146999894874,
      "p95": 1371.2019499944286,
      "ci95_low": 607.7144624978246,
      "ci95_high": 1075.4562624970276
    },
    "total_time_ms": {
      "n": 8,
      "mean": 4582.200887496583,
      "median": 4413.9089999953285,
      "p95": 6025.902219989802,
      "ci95_low": 4097.819047187295,
      "ci95_high": 5236.972831862022
    },
    "tokens_per_s": {
      "n": 8,
      "mean": 17.419007231024022,
      "median": 17.696005195792985,
      "p95": 19.561560123665007,
      "ci95_low": 15.862874244534927,
      "ci95_high": 18.605344828204593
    }
  },
  "phi3:mini": {
    "total_requests": 8,
    "ok_requests": 8,
    "error_requests": 0,
    "error_rate": 0.0,
    "ttft_ms": {
      "n": 8,
      "mean": 254.0245375057566,
      "median": 198.40405001014005,
      "p95": 515.6882500057689,
      "ci95_low": 184.09950531849972,
      "ci95_high": 372.3351459445439
    },
    "total_time_ms": {
      "n": 8,
      "mean": 2799.7472999959427,
      "median": 2869.2369499913184,
      "p95": 3418.9739800000098,
      "ci95_low": 2393.781527491956,
      "ci95_high": 3131.2215459348404
    },
    "tokens_per_s": {
      "n": 8,
      "mean": 23.892030472044855,
      "median": 24.268137846368646,
      "p95": 24.907611276461544,
      "ci95_low": 23.221003501621265,
      "ci95_high": 24.502540366836975
    }
  }
}