{
  "ttft_ms": {
    "candidate_mean": 23095.116445833508,
    "baseline_mean": 30405.891393055455,
    "absolute_delta": -7310.7749472219475,
    "relative_delta": -0.24043942184479716,
    "candidate_better": true,
    "lower_is_better": true
  },
  "total_time_ms": {
    "candidate_mean": 30397.570923610656,
    "baseline_mean": 38355.22069027744,
    "absolute_delta": -7957.649766666786,
    "relative_delta": -0.20747240202124423,
    "candidate_better": true,
    "lower_is_better": true
  },
  "tokens_per_s": {
    "candidate_mean": 8.979663294510278,
    "baseline_mean": 8.438007317008505,
    "absolute_delta": 0.5416559775017724,
    "relative_delta": 0.06419240433816116,
    "candidate_better": true,
    "lower_is_better": false
  }
}