{
  "elara-npc:latest": {
    "total_requests": 72,
    "ok_requests": 72,
    "error_requests": 0,
    "error_rate": 0.0,
    "ttft_ms": {
      "n": 72,
      "mean": 23095.116445833508,
      "median": 22972.442250000313,
      "p95": 35768.531670000826,
      "ci95_low": 20974.119136387486,
      "ci95_high": 25439.248728022023
    },
    "total_time_ms": {
      "n": 72,
      "mean": 30397.570923610656,
      "median": 29755.664600001182,
      "p95": 43903.030909998066,
      "ci95_low": 28158.081332918908,
      "ci95_high": 32913.32093618013
    },
    "tokens_per_s": {
      "n": 72,
      "mean": 8.979663294510278,
      "median": 9.143276534672983,
      "p95": 10.885983920989506,
      "ci95_low": 8.67103501827086,
      "ci95_high": 9.27298143946219
    }
  },
  "phi3:mini": {
    "total_requests": 72,
    "ok_requests": 72,
    "error_requests": 0,
    "error_rate": 0.0,
    "ttft_ms": {
      "n": 72,
      "mean": 30405.891393055455,
      "median": 29197.976299998118,
      "p95": 50863.23028000626,
      "ci95_low": 27665.3979068047,
      "ci95_high": 33173.34190152851
    },
    "total_time_ms": {
      "n": 72,
      "mean": 38355.22069027744,
      "median": 36644.811799997115,
      "p95": 61834.27547500178,
      "ci95_low": 35356.63976031067,
      "ci95_high": 41446.8253603488
    },
    "tokens_per_s": {
      "n": 72,
      "mean": 8.438007317008505,
      "median": 8.786627263086505,
      "p95": 11.715575101694224,
      "ci95_low": 8.026256093887993,
      "ci95_high": 8.84806678047191
    }
  }
}