{
  "proposed_vs_candidate_no_context": {
    "context_relevance": {
      "target_mean": 0.05040709392461665,
      "baseline_mean": 0.03476100407471359,
      "absolute_delta": 0.01564608984990306,
      "relative_delta": 0.4501046579746122
    },
    "persona_consistency": {
      "target_mean": 0.13127427228513358,
      "baseline_mean": 0.17667410714285714,
      "absolute_delta": -0.04539983485772356,
      "relative_delta": -0.2569693748106147
    },
    "naturalness": {
      "target_mean": 0.8073836537001594,
      "baseline_mean": 0.8140350227602585,
      "absolute_delta": -0.0066513690600991104,
      "relative_delta": -0.00817086350602633
    },
    "context_keyword_coverage": {
      "target_mean": 0.050710227272727275,
      "baseline_mean": 0.03153409090909091,
      "absolute_delta": 0.019176136363636367,
      "relative_delta": 0.6081081081081082
    },
    "context_overlap": {
      "target_mean": 0.049699782779025196,
      "baseline_mean": 0.04229046812783317,
      "absolute_delta": 0.007409314651192024,
      "relative_delta": 0.17520058252359794
    },
    "persona_keyword_coverage": {
      "target_mean": 0.055803571428571425,
      "baseline_mean": 0.10267857142857142,
      "absolute_delta": -0.046875,
      "relative_delta": -0.4565217391304348
    },
    "persona_style": {
      "target_mean": 0.4331570757113821,
      "baseline_mean": 0.47265625,
      "absolute_delta": -0.03949917428861788,
      "relative_delta": -0.08356850097426592
    },
    "distinct1": {
      "target_mean": 0.936948717583732,
      "baseline_mean": 0.9389938069006465,
      "absolute_delta": -0.0020450893169144946,
      "relative_delta": -0.0021779582590270292
    },
    "length_score": {
      "target_mean": 0.2833333333333333,
      "baseline_mean": 0.3125,
      "absolute_delta": -0.029166666666666674,
      "relative_delta": -0.09333333333333335
    },
    "sentence_score": {
      "target_mean": 0.759375,
      "baseline_mean": 0.759375,
      "absolute_delta": 0.0,
      "relative_delta": 0.0
    },
    "overall_quality": {
      "target_mean": 0.22641059870596647,
      "baseline_mean": 0.23700663972024735,
      "absolute_delta": -0.010596041014280883,
      "relative_delta": -0.04470778129586581
    }
  },
  "controlled_vs_proposed_raw": {
    "context_relevance": {
      "target_mean": 0.24931749445444987,
      "baseline_mean": 0.05040709392461665,
      "absolute_delta": 0.19891040052983322,
      "relative_delta": 3.9460795106994646
    },
    "persona_consistency": {
      "target_mean": 0.2632489266198283,
      "baseline_mean": 0.13127427228513358,
      "absolute_delta": 0.1319746543346947,
      "relative_delta": 1.0053352575289076
    },
    "naturalness": {
      "target_mean": 0.9145041612942215,
      "baseline_mean": 0.8073836537001594,
      "absolute_delta": 0.10712050759406211,
      "relative_delta": 0.13267609159925325
    },
    "context_keyword_coverage": {
      "target_mean": 0.31207386363636364,
      "baseline_mean": 0.050710227272727275,
      "absolute_delta": 0.26136363636363635,
      "relative_delta": 5.154061624649859
    },
    "context_overlap": {
      "target_mean": 0.10288596636331779,
      "baseline_mean": 0.049699782779025196,
      "absolute_delta": 0.05318618358429259,
      "relative_delta": 1.0701492161599298
    },
    "persona_keyword_coverage": {
      "target_mean": 0.19345238095238093,
      "baseline_mean": 0.055803571428571425,
      "absolute_delta": 0.1376488095238095,
      "relative_delta": 2.4666666666666663
    },
    "persona_style": {
      "target_mean": 0.5424351092896175,
      "baseline_mean": 0.4331570757113821,
      "absolute_delta": 0.10927803357823535,
      "relative_delta": 0.2522826930594772
    },
    "distinct1": {
      "target_mean": 0.9296476800212681,
      "baseline_mean": 0.936948717583732,
      "absolute_delta": -0.007301037562463919,
      "relative_delta": -0.007792355574478333
    },
    "length_score": {
      "target_mean": 0.725,
      "baseline_mean": 0.2833333333333333,
      "absolute_delta": 0.44166666666666665,
      "relative_delta": 1.5588235294117647
    },
    "sentence_score": {
      "target_mean": 0.978125,
      "baseline_mean": 0.759375,
      "absolute_delta": 0.21875,
      "relative_delta": 0.28806584362139914
    },
    "overall_quality": {
      "target_mean": 0.3882028601964468,
      "baseline_mean": 0.22641059870596647,
      "absolute_delta": 0.16179226149048032,
      "relative_delta": 0.7145966770778063
    }
  },
  "controlled_vs_candidate_no_context": {
    "context_relevance": {
      "target_mean": 0.24931749445444987,
      "baseline_mean": 0.03476100407471359,
      "absolute_delta": 0.2145564903797363,
      "relative_delta": 6.172332937178084
    },
    "persona_consistency": {
      "target_mean": 0.2632489266198283,
      "baseline_mean": 0.17667410714285714,
      "absolute_delta": 0.08657481947697115,
      "relative_delta": 0.4900255101160212
    },
    "naturalness": {
      "target_mean": 0.9145041612942215,
      "baseline_mean": 0.8140350227602585,
      "absolute_delta": 0.100469138533963,
      "relative_delta": 0.12342114985825636
    },
    "context_keyword_coverage": {
      "target_mean": 0.31207386363636364,
      "baseline_mean": 0.03153409090909091,
      "absolute_delta": 0.2805397727272727,
      "relative_delta": 8.896396396396396
    },
    "context_overlap": {
      "target_mean": 0.10288596636331779,
      "baseline_mean": 0.04229046812783317,
      "absolute_delta": 0.060595498235484616,
      "relative_delta": 1.4328405647419191
    },
    "persona_keyword_coverage": {
      "target_mean": 0.19345238095238093,
      "baseline_mean": 0.10267857142857142,
      "absolute_delta": 0.0907738095238095,
      "relative_delta": 0.8840579710144926
    },
    "persona_style": {
      "target_mean": 0.5424351092896175,
      "baseline_mean": 0.47265625,
      "absolute_delta": 0.06977885928961747,
      "relative_delta": 0.14763130560447993
    },
    "distinct1": {
      "target_mean": 0.9296476800212681,
      "baseline_mean": 0.9389938069006465,
      "absolute_delta": -0.009346126879378414,
      "relative_delta": -0.009953342408324652
    },
    "length_score": {
      "target_mean": 0.725,
      "baseline_mean": 0.3125,
      "absolute_delta": 0.4125,
      "relative_delta": 1.3199999999999998
    },
    "sentence_score": {
      "target_mean": 0.978125,
      "baseline_mean": 0.759375,
      "absolute_delta": 0.21875,
      "relative_delta": 0.28806584362139914
    },
    "overall_quality": {
      "target_mean": 0.3882028601964468,
      "baseline_mean": 0.23700663972024735,
      "absolute_delta": 0.15119622047619943,
      "relative_delta": 0.6379408638283935
    }
  },
  "controlled_alt_vs_controlled_default": {
    "context_relevance": {
      "target_mean": 0.26783261551274484,
      "baseline_mean": 0.24931749445444987,
      "absolute_delta": 0.018515121058294975,
      "relative_delta": 0.07426322448334116
    },
    "persona_consistency": {
      "target_mean": 0.2555357142857143,
      "baseline_mean": 0.2632489266198283,
      "absolute_delta": -0.0077132123341139835,
      "relative_delta": -0.02930007135509822
    },
    "naturalness": {
      "target_mean": 0.9042905821244382,
      "baseline_mean": 0.9145041612942215,
      "absolute_delta": -0.010213579169783271,
      "relative_delta": -0.011168433783099296
    },
    "context_keyword_coverage": {
      "target_mean": 0.3366477272727273,
      "baseline_mean": 0.31207386363636364,
      "absolute_delta": 0.024573863636363658,
      "relative_delta": 0.07874374146563502
    },
    "context_overlap": {
      "target_mean": 0.10726402140611928,
      "baseline_mean": 0.10288596636331779,
      "absolute_delta": 0.00437805504280149,
      "relative_delta": 0.0425524996027292
    },
    "persona_keyword_coverage": {
      "target_mean": 0.18139880952380952,
      "baseline_mean": 0.19345238095238093,