{
  "proposed_contextual_controlled": {
    "sample_count": 32,
    "context_relevance": {
      "n": 32,
      "mean": 0.24931749445444987,
      "median": 0.2265561497326203,
      "p95": 0.29693116883116877,
      "ci95_low": 0.23793730651643613,
      "ci95_high": 0.261644547566687
    },
    "persona_consistency": {
      "n": 32,
      "mean": 0.2632489266198283,
      "median": 0.23333333333333334,
      "p95": 0.44571428571428573,
      "ci95_low": 0.22045296643247467,
      "ci95_high": 0.30920514978532393
    },
    "naturalness": {
      "n": 32,
      "mean": 0.9145041612942215,
      "median": 0.92,
      "p95": 0.9717117117117117,
      "ci95_low": 0.8986014913922842,
      "ci95_high": 0.929628712655203
    },
    "context_keyword_coverage": {
      "n": 32,
      "mean": 0.31207386363636364,
      "median": 0.2727272727272727,
      "p95": 0.36363636363636365,
      "ci95_low": 0.2961635890151515,
      "ci95_high": 0.32732599431818177
    },
    "context_overlap": {
      "n": 32,
      "mean": 0.10288596636331779,
      "median": 0.10257159555815312,
      "p95": 0.1412857142857143,
      "ci95_low": 0.09562708928027919,
      "ci95_high": 0.11041926366691143
    },
    "persona_keyword_coverage": {
      "n": 32,
      "mean": 0.19345238095238093,
      "median": 0.16666666666666666,
      "p95": 0.3761904761904761,
      "ci95_low": 0.14805803571428572,
      "ci95_high": 0.2447991071428571
    },
    "persona_style": {
      "n": 32,
      "mean": 0.5424351092896175,
      "median": 0.5,
      "p95": 1.0,
      "ci95_low": 0.42860100751366126,
      "ci95_high": 0.6570184426229508
    },
    "distinct1": {
      "n": 32,
      "mean": 0.9296476800212681,
      "median": 0.9310344827586207,
      "p95": 0.9621794871794871,
      "ci95_low": 0.9227378884666604,
      "ci95_high": 0.9364883577246912
    },
    "length_score": {
      "n": 32,
      "mean": 0.725,
      "median": 0.7333333333333334,
      "p95": 0.9666666666666668,
      "ci95_low": 0.6489583333333333,
      "ci95_high": 0.7958333333333333
    },
    "sentence_score": {
      "n": 32,
      "mean": 0.978125,
      "median": 1.0,
      "p95": 1.0,
      "ci95_low": 0.9453125,
      "ci95_high": 1.0
    },
    "overall_quality": {
      "n": 32,
      "mean": 0.3882028601964468,
      "median": 0.393827839609945,
      "p95": 0.4591770359721581,
      "ci95_low": 0.3700494544531653,
      "ci95_high": 0.406002190400545
    },
    "metrics": [
      "context_relevance",
      "persona_consistency",
      "naturalness",
      "context_keyword_coverage",
      "context_overlap",
      "persona_keyword_coverage",
      "persona_style",
      "distinct1",
      "length_score",
      "sentence_score",
      "overall_quality"
    ]
  },
  "proposed_contextual_controlled_alt": {
    "sample_count": 32,
    "context_relevance": {
      "n": 32,
      "mean": 0.26783261551274484,
      "median": 0.23370878274268103,
      "p95": 0.46640933627775727,
      "ci95_low": 0.23973862835971632,
      "ci95_high": 0.3012897679652701
    },
    "persona_consistency": {
      "n": 32,
      "mean": 0.2555357142857143,
      "median": 0.24666666666666667,
      "p95": 0.3666666666666667,
      "ci95_low": 0.22406324404761907,
      "ci95_high": 0.2877113095238095
    },
    "naturalness": {
      "n": 32,
      "mean": 0.9042905821244382,
      "median": 0.92,
      "p95": 0.9717117117117117,
      "ci95_low": 0.8814173324805656,
      "ci95_high": 0.9251255136805017
    },
    "context_keyword_coverage": {
      "n": 32,
      "mean": 0.3366477272727273,
      "median": 0.2727272727272727,
      "p95": 0.6071969696969697,
      "ci95_low": 0.29720288825757574,
      "ci95_high": 0.3801645359848485
    },
    "context_overlap": {
      "n": 32,
      "mean": 0.10726402140611928,
      "median": 0.1043557168784029,
      "p95": 0.1566153846153846,
      "ci95_low": 0.099052346692527,
      "ci95_high": 0.11649732874034255
    },
    "persona_keyword_coverage": {
      "n": 32,
      "mean": 0.18139880952380952,
      "median": 0.16666666666666666,
      "p95": 0.3761904761904761,
      "ci95_low": 0.14448288690476188,
      "ci95_high": 0.2199479166666666
    },
    "persona_style": {
      "n": 32,
      "mean": 0.5520833333333334,
      "median": 0.5,
      "p95": 1.0,
      "ci95_low": 0.4270833333333333,
      "ci95_high": 0.6875
    },
    "distinct1": {
      "n": 32,
      "mean": 0.935466038644429,
      "median": 0.9333333333333333,
      "p95": 0.9855263157894737,
      "ci95_low": 0.9253311564207662,
      "ci95_high": 0.9456060650454915
    },
    "length_score": {
      "n": 32,
      "mean": 0.6833333333333333,
      "median": 0.7666666666666666,
      "p95": 0.9816666666666667,
      "ci95_low": 0.5780989583333334,
      "ci95_high": 0.7791666666666667
    },
    "sentence_score": {
      "n": 32,
      "mean": 0.934375,
      "median": 1.0,
      "p95": 1.0,
      "ci95_low": 0.8796875,
      "ci95_high": 0.978125
    },
    "overall_quality": {
      "n": 32,
      "mean": 0.39175431904843694,
      "median": 0.3966428081722201,
      "p95": 0.4750617083158826,
      "ci95_low": 0.37337164532699174,
      "ci95_high": 0.4093463577948995
    },
    "metrics": [
      "context_relevance",
      "persona_consistency",
      "naturalness",
      "context_keyword_coverage",
      "context_overlap",
      "persona_keyword_coverage",
      "persona_style",
      "distinct1",
      "length_score",
      "sentence_score",
      "overall_quality"
    ]
  },
  "proposed_contextual": {
    "sample_count": 32,
    "context_relevance": {
      "n": 32,
      "mean": 0.05040709392461665,
      "median": 0.014634146341463414,
      "p95": 0.20760256254974563,
      "ci95_low": 0.029951580763813473,
      "ci95_high": 0.07450589257872557
    },
    "persona_consistency": {
      "n": 32,
      "mean": 0.13127427228513358,
      "median": 0.1,
      "p95": 0.3945238095238095,
      "ci95_low": 0.08862643251851046,
      "ci95_high": 0.17806966145833336
    },
    "naturalness": {
      "n": 32,
      "mean": 0.8073836537001594,
      "median": 0.7486363636363635,
      "p95": 0.9363333333333332,
      "ci95_low": 0.7826333675265881,
      "ci95_high": 0.8356945426132251
    },
    "context_keyword_coverage": {
      "n": 32,
      "mean": 0.050710227272727275,
      "median": 0.0,
      "p95": 0.2602272727272727,
      "ci95_low": 0.022017045454545456,
      "ci95_high": 0.08196022727272727
    },
    "context_overlap": {
      "n": 32,
      "mean": 0.049699782779025196,
      "median": 0.04878048780487805,
      "p95": 0.09682539682539681,
      "ci95_low": 0.0417441962068511,
      "ci95_high": 0.05807642854197468
    },
    "persona_keyword_coverage": {
      "n": 32,
      "mean": 0.055803571428571425,
      "median": 0.0,
      "p95": 0.3333333333333333,
      "ci95_low": 0.015625,
      "ci95_high": 0.10267857142857142
    },
    "persona_style": {
      "n": 32,
      "mean": 0.4331570757113821,
      "median": 0.5,
      "p95": 1.0,
      "ci95_low": 0.3203043619791667,
      "ci95_high": 0.5373237423780488
    },
    "distinct1": {
      "n": 32,
      "mean": 0.936948717583732,
      "median": 0.9090909090909091,
      "p95": 1.0,
      "ci95_low": 0.9241254891672306,
      "ci95_high": 0.9503159289092995
    },
    "length_score": {
      "n": 32,
      "mean": 0.2833333333333333,
      "median": 0.09999999999999998,
      "p95": 0.715,
      "ci95_low": 0.19791666666666666,
      "ci95_high": 0.371875
    },
    "sentence_score": {
      "n": 32,
      "mean": 0.759375,
      "median": 0.65,
      "p95": 1.0,
      "ci95_low": 0.7046875,
      "ci95_high": 0.8140625
    },
    "overall_quality": {
      "n": 32,
      "mean": 0.22641059870596647,
      "median": 0.1849328476401647,
      "p95": 0.3772526174811751,
      "ci95_low": 0.20148350549236596,
      "ci95_high": 0.25339465630618807
    },