{
  "ttft_ms": {
    "candidate_mean": 271.63063125044573,
    "baseline_mean": 140.10995833571846,
    "absolute_delta": 131.52067291472727,
    "relative_delta": 0.9386961103763207,
    "candidate_better": false,
    "lower_is_better": true
  },
  "total_time_ms": {
    "candidate_mean": 1714.8688333351554,
    "baseline_mean": 1542.4212854183377,
    "absolute_delta": 172.4475479168177,
    "relative_delta": 0.11180314324438685,
    "candidate_better": false,
    "lower_is_better": true
  },
  "tokens_per_s": {
    "candidate_mean": 39.20002733981068,
    "baseline_mean": 40.10061836937121,
    "absolute_delta": -0.9005910295605304,
    "relative_delta": -0.022458282844047123,
    "candidate_better": false,
    "lower_is_better": false
  }
}