{
  "candidate_model": "elara-npc:latest",
  "baseline_model": "phi3:mini",
  "candidate_mean": -0.02892084527896562,
  "baseline_mean": 0.07136880920734257,
  "absolute_delta": -0.10028965448630818,
  "relative_delta": -1.4052308788695633,
  "candidate_better": false
}