{
  "elara-npc:latest": {
    "total_requests": 48,
    "ok_requests": 48,
    "error_requests": 0,
    "error_rate": 0.0,
    "ttft_ms": {
      "n": 48,
      "mean": 271.63063125044573,
      "median": 261.76704998943023,
      "p95": 315.1911949971691,
      "ci95_low": 237.18284255222292,
      "ci95_high": 325.1276079758099
    },
    "total_time_ms": {
      "n": 48,
      "mean": 1714.8688333351554,
      "median": 1699.2922000063118,
      "p95": 1816.3243249815423,
      "ci95_low": 1676.9915310439198,
      "ci95_high": 1776.5555958373322
    },
    "tokens_per_s": {
      "n": 48,
      "mean": 39.20002733981068,
      "median": 39.61667790133431,
      "p95": 40.18654418912857,
      "ci95_low": 38.87716313125096,
      "ci95_high": 39.47816519077061
    }
  },
  "phi3:mini": {
    "total_requests": 48,
    "ok_requests": 48,
    "error_requests": 0,
    "error_rate": 0.0,
    "ttft_ms": {
      "n": 48,
      "mean": 140.10995833571846,
      "median": 125.64789998577908,
      "p95": 269.2391050164588,
      "ci95_low": 128.38991912061223,
      "ci95_high": 154.40669547215293
    },
    "total_time_ms": {
      "n": 48,
      "mean": 1542.4212854183377,
      "median": 1536.5226499561686,
      "p95": 1685.5312700179638,
      "ci95_low": 1521.6370273980829,
      "ci95_high": 1562.4562184916308
    },
    "tokens_per_s": {
      "n": 48,
      "mean": 40.10061836937121,
      "median": 40.194225676297954,
      "p95": 40.82735640903714,
      "ci95_low": 39.94875787801558,
      "ci95_high": 40.24956479143498
    }
  }
}