{
  "ttft_ms": {
    "candidate_mean": 596.5569999971194,
    "baseline_mean": 228.10755000682548,
    "absolute_delta": 368.44944999029394,
    "relative_delta": 1.615244431757165,
    "candidate_better": false,
    "lower_is_better": true
  },
  "total_time_ms": {
    "candidate_mean": 3224.2765499904635,
    "baseline_mean": 2546.317962500325,
    "absolute_delta": 677.9585874901386,
    "relative_delta": 0.26625056158517835,
    "candidate_better": false,
    "lower_is_better": true
  },
  "tokens_per_s": {
    "candidate_mean": 21.55909538026384,
    "baseline_mean": 23.84799822202493,
    "absolute_delta": -2.2889028417610895,
    "relative_delta": -0.0959788247403995,
    "candidate_better": false,
    "lower_is_better": false
  }
}