{
  "elara-npc:latest": {
    "total_requests": 8,
    "ok_requests": 8,
    "error_requests": 0,
    "error_rate": 0.0,
    "ttft_ms": {
      "n": 8,
      "mean": 596.5569999971194,
      "median": 633.5435999790207,
      "p95": 665.0143750011921,
      "ci95_low": 518.3257274989955,
      "ci95_high": 647.2100928089276
    },
    "total_time_ms": {
      "n": 8,
      "mean": 3224.2765499904635,
      "median": 3345.809749996988,
      "p95": 3394.9798600107897,
      "ci95_low": 3030.661066233006,
      "ci95_high": 3368.1341618856095
    },
    "tokens_per_s": {
      "n": 8,
      "mean": 21.55909538026384,
      "median": 20.781249959395183,
      "p95": 24.47541202232813,
      "ci95_low": 20.620391908418373,
      "ci95_high": 22.761442512073792
    }
  },
  "phi3:mini": {
    "total_requests": 8,
    "ok_requests": 8,
    "error_requests": 0,
    "error_rate": 0.0,
    "ttft_ms": {
      "n": 8,
      "mean": 228.10755000682548,
      "median": 177.15674996725284,
      "p95": 458.2584450312422,
      "ci95_low": 168.958524070149,
      "ci95_high": 335.7468062577027
    },
    "total_time_ms": {
      "n": 8,
      "mean": 2546.317962500325,
      "median": 2508.7837500032037,
      "p95": 3081.1411750095426,
      "ci95_low": 2345.9575834313,
      "ci95_high": 2806.2570009498813
    },
    "tokens_per_s": {
      "n": 8,
      "mean": 23.84799822202493,
      "median": 24.350975207316154,
      "p95": 24.947506514313257,
      "ci95_low": 22.859312736716447,
      "ci95_high": 24.59849740003831
    }
  }
}