{
  "proposed_vs_candidate_no_context": {
    "context_relevance": {
      "target_mean": 0.0731802692566369,
      "baseline_mean": 0.038879874204359274,
      "absolute_delta": 0.034300395052277624,
      "relative_delta": 0.8822146612920833
    },
    "persona_consistency": {
      "target_mean": 0.14547619047619048,
      "baseline_mean": 0.1635714285714286,
      "absolute_delta": -0.01809523809523811,
      "relative_delta": -0.11062590975254738
    },
    "naturalness": {
      "target_mean": 0.8229221233948124,
      "baseline_mean": 0.8130089870732944,
      "absolute_delta": 0.009913136321518023,
      "relative_delta": 0.012193144822671358
    },
    "context_keyword_coverage": {
      "target_mean": 0.08181818181818182,
      "baseline_mean": 0.04090909090909091,
      "absolute_delta": 0.04090909090909091,
      "relative_delta": 1.0
    },
    "context_overlap": {
      "target_mean": 0.05302513994636545,
      "baseline_mean": 0.034145035226652146,
      "absolute_delta": 0.018880104719713305,
      "relative_delta": 0.5529385046578106
    },
    "persona_keyword_coverage": {
      "target_mean": 0.03809523809523809,
      "baseline_mean": 0.06071428571428571,
      "absolute_delta": -0.022619047619047615,
      "relative_delta": -0.3725490196078431
    },
    "persona_style": {
      "target_mean": 0.575,
      "baseline_mean": 0.575,
      "absolute_delta": 0.0,
      "relative_delta": 0.0
    },
    "distinct1": {
      "target_mean": 0.9437636418203645,
      "baseline_mean": 0.9433558010165694,
      "absolute_delta": 0.0004078408037951897,
      "relative_delta": 0.00043232977775267456
    },
    "length_score": {
      "target_mean": 0.35833333333333334,
      "baseline_mean": 0.31833333333333336,
      "absolute_delta": 0.03999999999999998,
      "relative_delta": 0.12565445026178004
    },
    "sentence_score": {
      "target_mean": 0.7375,
      "baseline_mean": 0.72,
      "absolute_delta": 0.01750000000000007,
      "relative_delta": 0.024305555555555657
    },
    "overall_quality": {
      "target_mean": 0.2434033475853778,
      "baseline_mean": 0.23258556511524126,
      "absolute_delta": 0.010817782470136539,
      "relative_delta": 0.046510979581972575
    }
  },
  "controlled_vs_proposed_raw": {
    "context_relevance": {
      "target_mean": 0.2883006594650265,
      "baseline_mean": 0.0731802692566369,
      "absolute_delta": 0.21512039020838958,
      "relative_delta": 2.9395955001747933
    },
    "persona_consistency": {
      "target_mean": 0.39529761904761906,
      "baseline_mean": 0.14547619047619048,
      "absolute_delta": 0.24982142857142858,
      "relative_delta": 1.717266775777414
    },
    "naturalness": {
      "target_mean": 0.8717520330655498,
      "baseline_mean": 0.8229221233948124,
      "absolute_delta": 0.048829909670737415,
      "relative_delta": 0.05933721828901463
    },
    "context_keyword_coverage": {
      "target_mean": 0.36818181818181817,
      "baseline_mean": 0.08181818181818182,
      "absolute_delta": 0.2863636363636364,
      "relative_delta": 3.5
    },
    "context_overlap": {
      "target_mean": 0.10191128912584575,
      "baseline_mean": 0.05302513994636545,
      "absolute_delta": 0.0488861491794803,
      "relative_delta": 0.9219428601023645
    },
    "persona_keyword_coverage": {
      "target_mean": 0.34214285714285714,
      "baseline_mean": 0.03809523809523809,
      "absolute_delta": 0.30404761904761907,
      "relative_delta": 7.981250000000001
    },
    "persona_style": {
      "target_mean": 0.6079166666666667,
      "baseline_mean": 0.575,
      "absolute_delta": 0.032916666666666705,
      "relative_delta": 0.05724637681159427
    },
    "distinct1": {
      "target_mean": 0.9263376298336858,
      "baseline_mean": 0.9437636418203645,
      "absolute_delta": -0.017426011986678702,
      "relative_delta": -0.018464381561750776
    },
    "length_score": {
      "target_mean": 0.525,
      "baseline_mean": 0.35833333333333334,
      "absolute_delta": 0.16666666666666669,
      "relative_delta": 0.4651162790697675
    },
    "sentence_score": {
      "target_mean": 0.9650000000000001,
      "baseline_mean": 0.7375,
      "absolute_delta": 0.22750000000000004,
      "relative_delta": 0.30847457627118646
    },
    "overall_quality": {
      "target_mean": 0.4467110466179222,
      "baseline_mean": 0.2434033475853778,
      "absolute_delta": 0.20330769903254442,
      "relative_delta": 0.8352707596235127
    }
  },
  "controlled_vs_candidate_no_context": {
    "context_relevance": {
      "target_mean": 0.2883006594650265,
      "baseline_mean": 0.038879874204359274,
      "absolute_delta": 0.2494207852606672,
      "relative_delta": 6.4151644099893135
    },
    "persona_consistency": {
      "target_mean": 0.39529761904761906,
      "baseline_mean": 0.1635714285714286,
      "absolute_delta": 0.23172619047619047,
      "relative_delta": 1.4166666666666665
    },
    "naturalness": {
      "target_mean": 0.8717520330655498,
      "baseline_mean": 0.8130089870732944,
      "absolute_delta": 0.05874304599225544,
      "relative_delta": 0.0722538704076584
    },
    "context_keyword_coverage": {
      "target_mean": 0.36818181818181817,
      "baseline_mean": 0.04090909090909091,
      "absolute_delta": 0.32727272727272727,
      "relative_delta": 8.0
    },
    "context_overlap": {
      "target_mean": 0.10191128912584575,
      "baseline_mean": 0.034145035226652146,
      "absolute_delta": 0.06776625389919361,
      "relative_delta": 1.9846590712051215
    },
    "persona_keyword_coverage": {
      "target_mean": 0.34214285714285714,
      "baseline_mean": 0.06071428571428571,
      "absolute_delta": 0.2814285714285714,
      "relative_delta": 4.635294117647059
    },
    "persona_style": {
      "target_mean": 0.6079166666666667,
      "baseline_mean": 0.575,
      "absolute_delta": 0.032916666666666705,
      "relative_delta": 0.05724637681159427
    },
    "distinct1": {
      "target_mean": 0.9263376298336858,
      "baseline_mean": 0.9433558010165694,
      "absolute_delta": -0.017018171182883512,
      "relative_delta": -0.018040034485975034
    },
    "length_score": {
      "target_mean": 0.525,
      "baseline_mean": 0.31833333333333336,
      "absolute_delta": 0.20666666666666667,
      "relative_delta": 0.6492146596858638
    },
    "sentence_score": {
      "target_mean": 0.9650000000000001,
      "baseline_mean": 0.72,
      "absolute_delta": 0.2450000000000001,
      "relative_delta": 0.34027777777777796
    },
    "overall_quality": {
      "target_mean": 0.4467110466179222,
      "baseline_mean": 0.23258556511524126,
      "absolute_delta": 0.21412548150268096,
      "relative_delta": 0.9206310004517533
    }
  },
  "controlled_alt_vs_controlled_default": {
    "context_relevance": {
      "target_mean": 0.25279873302869105,
      "baseline_mean": 0.2883006594650265,
      "absolute_delta": -0.03550192643633543,
      "relative_delta": -0.12314202299159895
    },
    "persona_consistency": {
      "target_mean": 0.3766607142857143,
      "baseline_mean": 0.39529761904761906,
      "absolute_delta": -0.01863690476190477,
      "relative_delta": -0.04714651407920496
    },
    "naturalness": {
      "target_mean": 0.9049744618240894,
      "baseline_mean": 0.8717520330655498,
      "absolute_delta": 0.033222428758539535,
      "relative_delta": 0.038109952714089554
    },
    "context_keyword_coverage": {
      "target_mean": 0.3181818181818182,
      "baseline_mean": 0.36818181818181817,
      "absolute_delta": -0.04999999999999999,
      "relative_delta": -0.13580246913580243
    },
    "context_overlap": {
      "target_mean": 0.10023820100472766,
      "baseline_mean": 0.10191128912584575,
      "absolute_delta": -0.001673088121118091,
      "relative_delta": -0.01641710290851162
    },
    "persona_keyword_coverage": {
      "target_mean": 0.32285714285714284,
      "baseline_mean": 0.34214285714285714,