{
  "proposed_contextual_controlled": {
    "sample_count": 20,
    "context_relevance": {
      "n": 20,
      "mean": 0.2883006594650265,
      "median": 0.28204545454545454,
      "p95": 0.4826614601614602,
      "ci95_low": 0.24448484445864363,
      "ci95_high": 0.3377218371348473
    },
    "persona_consistency": {
      "n": 20,
      "mean": 0.39529761904761906,
      "median": 0.2783928571428571,
      "p95": 0.9,
      "ci95_low": 0.3050647321428571,
      "ci95_high": 0.4924535714285714
    },
    "naturalness": {
      "n": 20,
      "mean": 0.8717520330655498,
      "median": 0.8810481852315395,
      "p95": 0.9582857142857144,
      "ci95_low": 0.8403969716571723,
      "ci95_high": 0.9020020930919358
    },
    "context_keyword_coverage": {
      "n": 20,
      "mean": 0.36818181818181817,
      "median": 0.36363636363636365,
      "p95": 0.640909090909091,
      "ci95_low": 0.3136363636363636,
      "ci95_high": 0.43636363636363634
    },
    "context_overlap": {
      "n": 20,
      "mean": 0.10191128912584575,
      "median": 0.09487179487179487,
      "p95": 0.17926267281105995,
      "ci95_low": 0.08489572513427295,
      "ci95_high": 0.12001526447143918
    },
    "persona_keyword_coverage": {
      "n": 20,
      "mean": 0.34214285714285714,
      "median": 0.2,
      "p95": 1.0,
      "ci95_low": 0.23927976190476188,
      "ci95_high": 0.4709583333333333
    },
    "persona_style": {
      "n": 20,
      "mean": 0.6079166666666667,
      "median": 0.5,
      "p95": 1.0,
      "ci95_low": 0.5039583333333333,
      "ci95_high": 0.7281354166666667
    },
    "distinct1": {
      "n": 20,
      "mean": 0.9263376298336858,
      "median": 0.9344086021505376,
      "p95": 0.9712121212121213,
      "ci95_low": 0.913096883347541,
      "ci95_high": 0.9411457659561181
    },
    "length_score": {
      "n": 20,
      "mean": 0.525,
      "median": 0.6166666666666667,
      "p95": 0.9,
      "ci95_low": 0.38666666666666666,
      "ci95_high": 0.6583333333333334
    },
    "sentence_score": {
      "n": 20,
      "mean": 0.9650000000000001,
      "median": 1.0,
      "p95": 1.0,
      "ci95_low": 0.9125,
      "ci95_high": 1.0
    },
    "overall_quality": {
      "n": 20,
      "mean": 0.4467110466179222,
      "median": 0.43269473151889204,
      "p95": 0.5541063407583554,
      "ci95_low": 0.41764556715137413,
      "ci95_high": 0.4783979057373645
    },
    "metrics": [
      "context_relevance",
      "persona_consistency",
      "naturalness",
      "context_keyword_coverage",
      "context_overlap",
      "persona_keyword_coverage",
      "persona_style",
      "distinct1",
      "length_score",
      "sentence_score",
      "overall_quality"
    ]
  },
  "proposed_contextual_controlled_tuned": {
    "sample_count": 20,
    "context_relevance": {
      "n": 20,
      "mean": 0.25279873302869105,
      "median": 0.2339771795063017,
      "p95": 0.3048925061425062,
      "ci95_low": 0.23586606251856448,
      "ci95_high": 0.2718049156530183
    },
    "persona_consistency": {
      "n": 20,
      "mean": 0.3766607142857143,
      "median": 0.24666666666666667,
      "p95": 0.7456607142857146,
      "ci95_low": 0.29023690476190483,
      "ci95_high": 0.4718580357142857
    },
    "naturalness": {
      "n": 20,
      "mean": 0.9049744618240894,
      "median": 0.9339784946236559,
      "p95": 0.9430303030303031,
      "ci95_low": 0.8822843961841386,
      "ci95_high": 0.9257063452805518
    },
    "context_keyword_coverage": {
      "n": 20,
      "mean": 0.3181818181818182,
      "median": 0.2727272727272727,
      "p95": 0.3681818181818182,
      "ci95_low": 0.29545454545454547,
      "ci95_high": 0.34090909090909094
    },
    "context_overlap": {
      "n": 20,
      "mean": 0.10023820100472766,
      "median": 0.08771929824561403,
      "p95": 0.15983201581027667,
      "ci95_low": 0.08687815589243836,
      "ci95_high": 0.11437282102825
    },
    "persona_keyword_coverage": {
      "n": 20,
      "mean": 0.32285714285714284,
      "median": 0.2,
      "p95": 0.8028571428571429,
      "ci95_low": 0.22809523809523807,
      "ci95_high": 0.42404761904761906
    },
    "persona_style": {
      "n": 20,
      "mean": 0.591875,
      "median": 0.5,
      "p95": 1.0,
      "ci95_low": 0.475,
      "ci95_high": 0.716875
    },
    "distinct1": {
      "n": 20,
      "mean": 0.9375162827653515,
      "median": 0.9393939393939394,
      "p95": 0.9703349282296652,
      "ci95_low": 0.9220036405032151,
      "ci95_high": 0.9490023103551243
    },
    "length_score": {
      "n": 20,
      "mean": 0.675,
      "median": 0.7666666666666666,
      "p95": 0.8333333333333334,
      "ci95_low": 0.5683333333333334,
      "ci95_high": 0.7666666666666667
    },
    "sentence_score": {
      "n": 20,
      "mean": 0.9650000000000001,
      "median": 1.0,
      "p95": 1.0,
      "ci95_low": 0.9125,
      "ci95_high": 1.0
    },
    "overall_quality": {
      "n": 20,
      "mean": 0.42982662456683507,
      "median": 0.40808499585520874,
      "p95": 0.5480163424358736,
      "ci95_low": 0.3985454457893762,
      "ci95_high": 0.4635478615415275
    },
    "metrics": [
      "context_relevance",
      "persona_consistency",
      "naturalness",
      "context_keyword_coverage",
      "context_overlap",
      "persona_keyword_coverage",
      "persona_style",
      "distinct1",
      "length_score",
      "sentence_score",
      "overall_quality"
    ]
  },
  "proposed_contextual": {
    "sample_count": 20,
    "context_relevance": {
      "n": 20,
      "mean": 0.0731802692566369,
      "median": 0.014634146341463414,
      "p95": 0.34558476849237724,
      "ci95_low": 0.030025306893852074,
      "ci95_high": 0.124754159793768
    },
    "persona_consistency": {
      "n": 20,
      "mean": 0.14547619047619048,
      "median": 0.1,
      "p95": 0.3142857142857143,
      "ci95_low": 0.10404761904761906,
      "ci95_high": 0.18881547619047617
    },
    "naturalness": {
      "n": 20,
      "mean": 0.8229221233948124,
      "median": 0.7834848484848485,
      "p95": 0.9535,
      "ci95_low": 0.7880298758139618,
      "ci95_high": 0.8571961261777438
    },
    "context_keyword_coverage": {
      "n": 20,
      "mean": 0.08181818181818182,
      "median": 0.0,
      "p95": 0.45454545454545453,
      "ci95_low": 0.022727272727272728,
      "ci95_high": 0.15454545454545454
    },
    "context_overlap": {
      "n": 20,
      "mean": 0.05302513994636545,
      "median": 0.045818815331010454,
      "p95": 0.1015217391304348,
      "ci95_low": 0.04057372630940238,
      "ci95_high": 0.06731817209414749
    },
    "persona_keyword_coverage": {
      "n": 20,
      "mean": 0.03809523809523809,
      "median": 0.0,
      "p95": 0.16666666666666666,
      "ci95_low": 0.014285714285714285,
      "ci95_high": 0.06904761904761905
    },
    "persona_style": {
      "n": 20,
      "mean": 0.575,
      "median": 0.5,
      "p95": 1.0,
      "ci95_low": 0.425,
      "ci95_high": 0.7
    },
    "distinct1": {
      "n": 20,
      "mean": 0.9437636418203645,
      "median": 0.9170454545454545,
      "p95": 1.0,
      "ci95_low": 0.9272702205882354,
      "ci95_high": 0.9619454600021828
    },
    "length_score": {
      "n": 20,
      "mean": 0.35833333333333334,
      "median": 0.18333333333333335,
      "p95": 0.87,
      "ci95_low": 0.236625,
      "ci95_high": 0.4883333333333333
    },
    "sentence_score": {
      "n": 20,
      "mean": 0.7375,
      "median": 0.65,
      "p95": 1.0,
      "ci95_low": 0.6675,
      "ci95_high": 0.8074999999999999
    },
    "overall_quality": {
      "n": 20,
      "mean": 0.2434033475853778,
      "median": 0.21239434589800446,
      "p95": 0.38490034349708285,
      "ci95_low": 0.20908150778721507,
      "ci95_high": 0.2781883484011828
    },