{
  "proposed_contextual_controlled": {
    "sample_count": 112,
    "context_relevance": {
      "n": 112,
      "mean": 0.2685075220740684,
      "median": 0.22542989797088156,
      "p95": 0.45933333333333315,
      "ci95_low": 0.25206931641841246,
      "ci95_high": 0.2858138497275735
    },
    "persona_consistency": {
      "n": 112,
      "mean": 0.352241573386996,
      "median": 0.33333333333333337,
      "p95": 0.624,
      "ci95_low": 0.32410553614383136,
      "ci95_high": 0.38169374429873604
    },
    "naturalness": {
      "n": 112,
      "mean": 0.8822108993618549,
      "median": 0.9237500000000001,
      "p95": 0.9717117117117117,
      "ci95_low": 0.8671543368392943,
      "ci95_high": 0.896924825706985
    },
    "context_keyword_coverage": {
      "n": 112,
      "mean": 0.34017857142857144,
      "median": 0.2727272727272727,
      "p95": 0.5908333333333331,
      "ci95_low": 0.31823559253246747,
      "ci95_high": 0.36312263257575755
    },
    "context_overlap": {
      "n": 112,
      "mean": 0.10127507358022823,
      "median": 0.1,
      "p95": 0.15130906768837796,
      "ci95_low": 0.0960745865393994,
      "ci95_high": 0.10640895809692337
    },
    "persona_keyword_coverage": {
      "n": 112,
      "mean": 0.2907312925170068,
      "median": 0.2,
      "p95": 0.6880952380952375,
      "ci95_low": 0.2578624574829932,
      "ci95_high": 0.3271258503401361
    },
    "persona_style": {
      "n": 112,
      "mean": 0.5982826968669529,
      "median": 0.5,
      "p95": 1.0,
      "ci95_low": 0.5386145378663242,
      "ci95_high": 0.6551530469162615
    },
    "distinct1": {
      "n": 112,
      "mean": 0.9331352635934715,
      "median": 0.9375,
      "p95": 0.9738851351351352,
      "ci95_low": 0.9270601709707786,
      "ci95_high": 0.9386701941002078
    },
    "length_score": {
      "n": 112,
      "mean": 0.5729166666666667,
      "median": 0.7666666666666666,
      "p95": 0.9666666666666666,
      "ci95_low": 0.5050595238095238,
      "ci95_high": 0.6357291666666667
    },
    "sentence_score": {
      "n": 112,
      "mean": 0.9441964285714286,
      "median": 1.0,
      "p95": 1.0,
      "ci95_low": 0.9187276785714287,
      "ci95_high": 0.9660714285714286
    },
    "bertscore_f1": {
      "n": 112,
      "mean": 0.08263744353981954,
      "median": 0.07111763581633568,
      "p95": 0.1676852747797965,
      "ci95_low": 0.07366034614616572,
      "ci95_high": 0.09239417400115468
    },
    "overall_quality": {
      "n": 112,
      "mean": 0.3861227868867578,
      "median": 0.38639151118907755,
      "p95": 0.4674103529095803,
      "ci95_low": 0.3760535740447916,
      "ci95_high": 0.39624218113118087
    },
    "metrics": [
      "context_relevance",
      "persona_consistency",
      "naturalness",
      "context_keyword_coverage",
      "context_overlap",
      "persona_keyword_coverage",
      "persona_style",
      "distinct1",
      "length_score",
      "sentence_score",
      "bertscore_f1",
      "overall_quality"
    ]
  },
  "proposed_contextual": {
    "sample_count": 112,
    "context_relevance": {
      "n": 112,
      "mean": 0.0959895873968576,
      "median": 0.015587044534412953,
      "p95": 0.3635984848484848,
      "ci95_low": 0.07307724556027169,
      "ci95_high": 0.12140409984245049
    },
    "persona_consistency": {
      "n": 112,
      "mean": 0.16781966803809562,
      "median": 0.1,
      "p95": 0.5032142857142856,
      "ci95_low": 0.14152928377041174,
      "ci95_high": 0.19541859362254785
    },
    "naturalness": {
      "n": 112,
      "mean": 0.8005004909022155,
      "median": 0.7486363636363635,
      "p95": 0.9445873015873016,
      "ci95_low": 0.7879558642379425,
      "ci95_high": 0.8135176423256324
    },
    "context_keyword_coverage": {
      "n": 112,
      "mean": 0.11185064935064935,
      "median": 0.0,
      "p95": 0.45454545454545453,
      "ci95_low": 0.08216416396103896,
      "ci95_high": 0.14647084686147185
    },
    "context_overlap": {
      "n": 112,
      "mean": 0.05898044283801022,
      "median": 0.04878048780487805,
      "p95": 0.125158227848101,
      "ci95_low": 0.050344597394572234,
      "ci95_high": 0.0692774687787928
    },
    "persona_keyword_coverage": {
      "n": 112,
      "mean": 0.08073979591836734,
      "median": 0.0,
      "p95": 0.5714285714285714,
      "ci95_low": 0.04867878401360544,
      "ci95_high": 0.11352147108843536
    },
    "persona_style": {
      "n": 112,
      "mean": 0.5161391565170086,
      "median": 0.5,
      "p95": 1.0,
      "ci95_low": 0.4521397211862769,
      "ci95_high": 0.5818382160216545
    },
    "distinct1": {
      "n": 112,
      "mean": 0.9356232978574451,
      "median": 0.9090909090909091,
      "p95": 1.0,
      "ci95_low": 0.9287541090061149,
      "ci95_high": 0.9427226515015593
    },
    "length_score": {
      "n": 112,
      "mean": 0.2523809523809524,
      "median": 0.09999999999999998,
      "p95": 0.8483333333333329,
      "ci95_low": 0.20714285714285713,
      "ci95_high": 0.3011979166666666
    },
    "sentence_score": {
      "n": 112,
      "mean": 0.7598214285714286,
      "median": 0.65,
      "p95": 1.0,
      "ci95_low": 0.7312500000000001,
      "ci95_high": 0.790625
    },
    "bertscore_f1": {
      "n": 112,
      "mean": 0.0720760966063868,
      "median": 0.0604615043848753,
      "p95": 0.17635373771190632,
      "ci95_low": 0.06093369199412076,
      "ci95_high": 0.08332399503945322
    },
    "overall_quality": {
      "n": 112,
      "mean": 0.23983244828847863,
      "median": 0.20081916035382025,
      "p95": 0.4387992711077171,
      "ci95_low": 0.22253165331469602,
      "ci95_high": 0.257634488760291
    },
    "metrics": [
      "context_relevance",
      "persona_consistency",
      "naturalness",
      "context_keyword_coverage",
      "context_overlap",
      "persona_keyword_coverage",
      "persona_style",
      "distinct1",
      "length_score",
      "sentence_score",
      "bertscore_f1",
      "overall_quality"
    ]
  },
  "candidate_no_context": {
    "sample_count": 112,
    "context_relevance": {
      "n": 112,
      "mean": 0.02519916218256697,
      "median": 0.013953488372093023,
      "p95": 0.08212681912681913,
      "ci95_low": 0.019798881067908825,
      "ci95_high": 0.031383767090978065
    },
    "persona_consistency": {
      "n": 112,
      "mean": 0.17124959254036543,
      "median": 0.1,
      "p95": 0.4720892857142853,
      "ci95_low": 0.1451911024801667,
      "ci95_high": 0.19849819880105152
    },
    "naturalness": {
      "n": 112,
      "mean": 0.815916440699487,
      "median": 0.7655789473684211,
      "p95": 0.9733333333333332,
      "ci95_low": 0.8015701393738641,
      "ci95_high": 0.8321201395186612
    },
    "context_keyword_coverage": {
      "n": 112,
      "mean": 0.01939935064935065,
      "median": 0.0,
      "p95": 0.1,
      "ci95_low": 0.012053233225108225,
      "ci95_high": 0.02765286796536796
    },
    "context_overlap": {
      "n": 112,
      "mean": 0.03873205576007173,
      "median": 0.03636363636363636,
      "p95": 0.06395253682487724,
      "ci95_low": 0.035928336456084224,
      "ci95_high": 0.04170432517816502
    },
    "persona_keyword_coverage": {
      "n": 112,
      "mean": 0.08320578231292516,
      "median": 0.0,
      "p95": 0.5714285714285714,
      "ci95_low": 0.04995429421768707,
      "ci95_high": 0.11866602891156461
    },
    "persona_style": {
      "n": 112,
      "mean": 0.5234248334501265,
      "median": 0.5,
      "p95": 1.0,
      "ci95_low": 0.45609601698035673,
      "ci95_high": 0.5888641530924571
    },
    "distinct1": {
      "n": 112,
      "mean": 0.9389726493677649,
      "median": 0.9090909090909091,
      "p95": 1.0,
      "ci95_low": 0.9323484605472144,
      "ci95_high": 0.9458960896086803
    },
    "length_score": {
      "n": 112,
      "mean": 0.31726190476190474,
      "median": 0.09999999999999998,
      "p95": 0.9,
      "ci95_low": 0.2595163690476191,