{
  "keyword_overlap": {
    "hit@5": {
      "method_mean": 0.9,
      "baseline_mean": 1.0,
      "absolute_delta": -0.09999999999999998,
      "relative_delta": -0.09999999999999998
    },
    "mrr": {
      "method_mean": 0.8333333333333334,
      "baseline_mean": 0.85,
      "absolute_delta": -0.016666666666666607,
      "relative_delta": -0.019607843137254832
    },
    "ndcg@5": {
      "method_mean": 0.85,
      "baseline_mean": 0.8892789260714373,
      "absolute_delta": -0.03927892607143735,
      "relative_delta": -0.04416941065382
    }
  },
  "random": {
    "hit@5": {
      "method_mean": 0.4,
      "baseline_mean": 1.0,
      "absolute_delta": -0.6,
      "relative_delta": -0.6
    },
    "mrr": {
      "method_mean": 0.16499999999999998,
      "baseline_mean": 0.85,
      "absolute_delta": -0.685,
      "relative_delta": -0.8058823529411766
    },
    "ndcg@5": {
      "method_mean": 0.22043821725424761,
      "baseline_mean": 0.8892789260714373,
      "absolute_delta": -0.6688407088171897,
      "relative_delta": -0.7521157751617074
    }
  },
  "reranker": {
    "hit@5": {
      "method_mean": 0.7,
      "baseline_mean": 1.0,
      "absolute_delta": -0.30000000000000004,
      "relative_delta": -0.30000000000000004
    },
    "mrr": {
      "method_mean": 0.31666666666666665,
      "baseline_mean": 0.85,
      "absolute_delta": -0.5333333333333333,
      "relative_delta": -0.6274509803921569
    },
    "ndcg@5": {
      "method_mean": 0.41232126232897015,
      "baseline_mean": 0.8892789260714373,
      "absolute_delta": -0.4769576637424672,
      "relative_delta": -0.536342029209576
    }
  }
}