{
  "ttft_ms": {
    "candidate_mean": 669.8293374993227,
    "baseline_mean": 936.7473749971396,
    "absolute_delta": -266.91803749781684,
    "relative_delta": -0.28494132422696344,
    "candidate_better": true,
    "lower_is_better": true
  },
  "total_time_ms": {
    "candidate_mean": 4544.447600002968,
    "baseline_mean": 4445.8253374959895,
    "absolute_delta": 98.62226250697859,
    "relative_delta": 0.022183116748919637,
    "candidate_better": false,
    "lower_is_better": true
  },
  "tokens_per_s": {
    "candidate_mean": 16.4955654867437,
    "baseline_mean": 16.79711842894203,
    "absolute_delta": -0.30155294219833095,
    "relative_delta": -0.01795265917032201,
    "candidate_better": false,
    "lower_is_better": false
  }
}