{
  "elara-npc:latest": {
    "total_requests": 8,
    "ok_requests": 8,
    "error_requests": 0,
    "error_rate": 0.0,
    "ttft_ms": {
      "n": 8,
      "mean": 669.8293374993227,
      "median": 607.4623000022257,
      "p95": 961.0860499909902,
      "ci95_low": 588.672203756596,
      "ci95_high": 799.7265318710561
    },
    "total_time_ms": {
      "n": 8,
      "mean": 4544.447600002968,
      "median": 4505.3896000026725,
      "p95": 4877.556534997711,
      "ci95_low": 4420.79473219228,
      "ci95_high": 4694.938162501785
    },
    "tokens_per_s": {
      "n": 8,
      "mean": 16.4955654867437,
      "median": 16.49714961146079,
      "p95": 16.653412046102247,
      "ci95_low": 16.425614761857986,
      "ci95_high": 16.56915440337179
    }
  },
  "phi3:mini": {
    "total_requests": 8,
    "ok_requests": 8,
    "error_requests": 0,
    "error_rate": 0.0,
    "ttft_ms": {
      "n": 8,
      "mean": 936.7473749971396,
      "median": 956.2770999982604,
      "p95": 969.8195299970394,
      "ci95_low": 892.8383049944841,
      "ci95_high": 963.1549487482516
    },
    "total_time_ms": {
      "n": 8,
      "mean": 4445.8253374959895,
      "median": 4824.237499997253,
      "p95": 4866.754819998459,
      "ci95_low": 3734.669690615874,
      "ci95_high": 4838.7106565580325
    },
    "tokens_per_s": {
      "n": 8,
      "mean": 16.79711842894203,
      "median": 16.73299081343287,
      "p95": 17.317060775967626,
      "ci95_low": 16.610578955750213,
      "ci95_high": 17.024037916991063
    }
  }
}