{
  "proposed_contextual_controlled": {
    "sample_count": 6,
    "context_relevance": {
      "n": 6,
      "mean": 0.2705484302356044,
      "median": 0.27564474532559635,
      "p95": 0.3369766746411483,
      "ci95_low": 0.2370342579623577,
      "ci95_high": 0.30777848944842223
    },
    "persona_consistency": {
      "n": 6,
      "mean": 0.4629166666666667,
      "median": 0.48571428571428577,
      "p95": 0.5428571428571429,
      "ci95_low": 0.3867261904761905,
      "ci95_high": 0.5238095238095238
    },
    "naturalness": {
      "n": 6,
      "mean": 0.9129159239453357,
      "median": 0.9341666666666668,
      "p95": 0.9424242424242425,
      "ci95_low": 0.8755674390968508,
      "ci95_high": 0.9396717171717173
    },
    "context_keyword_coverage": {
      "n": 6,
      "mean": 0.34848484848484845,
      "median": 0.36363636363636365,
      "p95": 0.43181818181818177,
      "ci95_low": 0.30303030303030304,
      "ci95_high": 0.393939393939394
    },
    "context_overlap": {
      "n": 6,
      "mean": 0.08869678765403495,
      "median": 0.08696309739866909,
      "p95": 0.11689814814814814,
      "ci95_low": 0.07176208979828447,
      "ci95_high": 0.10567668176923108
    },
    "persona_keyword_coverage": {
      "n": 6,
      "mean": 0.3333333333333333,
      "median": 0.3571428571428571,
      "p95": 0.42857142857142855,
      "ci95_low": 0.23809523809523805,
      "ci95_high": 0.4047619047619047
    },
    "persona_style": {
      "n": 6,
      "mean": 0.9812500000000001,
      "median": 1.0,
      "p95": 1.0,
      "ci95_low": 0.94375,
      "ci95_high": 1.0
    },
    "distinct1": {
      "n": 6,
      "mean": 0.9572898098633393,
      "median": 0.9500891265597149,
      "p95": 0.9916666666666667,
      "ci95_low": 0.9423276886512181,
      "ci95_high": 0.9765185866013072
    },
    "length_score": {
      "n": 6,
      "mean": 0.65,
      "median": 0.7666666666666667,
      "p95": 0.8333333333333334,
      "ci95_low": 0.4222222222222222,
      "ci95_high": 0.8111111111111112
    },
    "sentence_score": {
      "n": 6,
      "mean": 1.0,
      "median": 1.0,
      "p95": 1.0,
      "ci95_low": 1.0,
      "ci95_high": 1.0
    },
    "bertscore_f1": {
      "n": 6,
      "mean": 0.11750875785946846,
      "median": 0.12632868438959122,
      "p95": 0.1444469504058361,
      "ci95_low": 0.09787024433414142,
      "ci95_high": 0.1370635313913226
    },
    "overall_quality": {
      "n": 6,
      "mean": 0.4291234008694325,
      "median": 0.43974856830825376,
      "p95": 0.46115716816217434,
      "ci95_low": 0.407459832986643,
      "ci95_high": 0.4499142454261176
    },
    "metrics": [
      "context_relevance",
      "persona_consistency",
      "naturalness",
      "context_keyword_coverage",
      "context_overlap",
      "persona_keyword_coverage",
      "persona_style",
      "distinct1",
      "length_score",
      "sentence_score",
      "bertscore_f1",
      "overall_quality"
    ]
  },
  "proposed_contextual_controlled_runtime": {
    "sample_count": 6,
    "context_relevance": {
      "n": 6,
      "mean": 0.23869666365239803,
      "median": 0.22334415584415582,
      "p95": 0.27953341795421716,
      "ci95_low": 0.21832733430362739,
      "ci95_high": 0.2619605018737481
    },
    "persona_consistency": {
      "n": 6,
      "mean": 0.43553571428571436,
      "median": 0.44946428571428576,
      "p95": 0.5428571428571429,
      "ci95_low": 0.3523809523809524,
      "ci95_high": 0.5117261904761906
    },
    "naturalness": {
      "n": 6,
      "mean": 0.8786906297012681,
      "median": 0.9138749194068343,
      "p95": 0.9393939393939394,
      "ci95_low": 0.8215151515151514,
      "ci95_high": 0.9288673973780357
    },
    "context_keyword_coverage": {
      "n": 6,
      "mean": 0.30303030303030304,
      "median": 0.2727272727272727,
      "p95": 0.36363636363636365,
      "ci95_low": 0.2727272727272727,
      "ci95_high": 0.3333333333333333
    },
    "context_overlap": {
      "n": 6,
      "mean": 0.08858483843728643,
      "median": 0.08787956767884714,
      "p95": 0.1086038961038961,
      "ci95_low": 0.07512050426399704,
      "ci95_high": 0.10146290491118078
    },
    "persona_keyword_coverage": {
      "n": 6,
      "mean": 0.3095238095238095,
      "median": 0.3571428571428571,
      "p95": 0.42857142857142855,
      "ci95_low": 0.21428571428571427,
      "ci95_high": 0.4047619047619047
    },
    "persona_style": {
      "n": 6,
      "mean": 0.9395833333333333,
      "median": 1.0,
      "p95": 1.0,
      "ci95_low": 0.81875,
      "ci95_high": 1.0
    },
    "distinct1": {
      "n": 6,
      "mean": 0.92797657425317,
      "median": 0.9128787878787878,
      "p95": 0.9848484848484849,
      "ci95_low": 0.9051955727487643,
      "ci95_high": 0.9582796045562003
    },
    "length_score": {
      "n": 6,
      "mean": 0.5666666666666667,
      "median": 0.7666666666666666,
      "p95": 0.8333333333333334,
      "ci95_low": 0.2888888888888889,
      "ci95_high": 0.8111111111111112
    },
    "sentence_score": {
      "n": 6,
      "mean": 0.9416666666666668,
      "median": 1.0,
      "p95": 1.0,
      "ci95_low": 0.8250000000000001,
      "ci95_high": 1.0
    },
    "bertscore_f1": {
      "n": 6,
      "mean": 0.12382994530101617,
      "median": 0.12871676683425903,
      "p95": 0.18858036398887634,
      "ci95_low": 0.08628829879065354,
      "ci95_high": 0.16021180525422096
    },
    "overall_quality": {
      "n": 6,
      "mean": 0.4019461634538271,
      "median": 0.4085510766166308,
      "p95": 0.44081972507006695,
      "ci95_low": 0.3690584811204048,
      "ci95_high": 0.4298722587437773
    },
    "metrics": [
      "context_relevance",
      "persona_consistency",
      "naturalness",
      "context_keyword_coverage",
      "context_overlap",
      "persona_keyword_coverage",
      "persona_style",
      "distinct1",
      "length_score",
      "sentence_score",
      "bertscore_f1",
      "overall_quality"
    ]
  },
  "proposed_contextual": {
    "sample_count": 6,
    "context_relevance": {
      "n": 6,
      "mean": 0.17794086850924973,
      "median": 0.17784090909090908,
      "p95": 0.34469747441099874,
      "ci95_low": 0.06684753254875206,
      "ci95_high": 0.28899090000605654
    },
    "persona_consistency": {
      "n": 6,
      "mean": 0.2563095238095238,
      "median": 0.2,
      "p95": 0.4533928571428571,
      "ci95_low": 0.20000000000000004,
      "ci95_high": 0.36892857142857144
    },
    "naturalness": {
      "n": 6,
      "mean": 0.8689284552261299,
      "median": 0.8826278462112729,
      "p95": 0.9824974200206399,
      "ci95_low": 0.7855236576289207,
      "ci95_high": 0.9430647227162609
    },
    "context_keyword_coverage": {
      "n": 6,
      "mean": 0.22727272727272727,
      "median": 0.22727272727272727,
      "p95": 0.45454545454545453,
      "ci95_low": 0.0909090909090909,
      "ci95_high": 0.37878787878787873
    },
    "context_overlap": {
      "n": 6,
      "mean": 0.06283319806113553,
      "median": 0.0625,
      "p95": 0.08838552076393515,
      "ci95_low": 0.04443863441625096,
      "ci95_high": 0.07990506329113924
    },
    "persona_keyword_coverage": {
      "n": 6,
      "mean": 0.07142857142857142,
      "median": 0.0,
      "p95": 0.3214285714285714,
      "ci95_low": 0.0,
      "ci95_high": 0.21428571428571427
    },
    "persona_style": {
      "n": 6,
      "mean": 0.9958333333333332,
      "median": 1.0,
      "p95": 1.0,
      "ci95_low": 0.9874999999999999,
      "ci95_high": 1.0
    },
    "distinct1": {
      "n": 6,
      "mean": 0.9403766936208804,
      "median": 0.9399029488615155,
      "p95": 0.9729102167182663,
      "ci95_low": 0.91839447102605,
      "ci95_high": 0.9624031925539566
    },
    "length_score": {
      "n": 6,
      "mean": 0.5222222222222223,
      "median": 0.5333333333333333,
      "p95": 0.9666666666666667,
      "ci95_low": 0.24416666666666667,
      "ci95_high": 0.7999999999999999
    },