{
  "arm": "proposed_contextual_controlled_tuned",
  "root": "artifacts\\proposal",
  "run_count": 8,
  "overall": {
    "avg_response_time_ms": 7476.435131944444,
    "p95_response_time_ms": 12380.238718125,
    "timeout_rate": 0.0,
    "fallback_rate": 0.19035218253968253,
    "retry_rate": 0.7718253968253969,
    "dropped_interaction_rate": 0.19035218253968253,
    "first_pass_accept_rate": 0.22197420634920634,
    "estimated_model_memory_mb": 2040.6766918945314,
    "host_ram_gb": 15.73
  },
  "by_hardware_tier": {
    "dev_workstation": {
      "run_count": 8,
      "avg_response_time_ms": 7476.435131944444,
      "p95_response_time_ms": 12380.238718125,
      "timeout_rate": 0.0,
      "fallback_rate": 0.19035218253968253,
      "retry_rate": 0.7718253968253969,
      "dropped_interaction_rate": 0.19035218253968253,
      "first_pass_accept_rate": 0.22197420634920634,
      "estimated_model_memory_mb": 2040.6766918945314,
      "host_ram_gb": 15.73
    }
  },
  "per_run": [
    {
      "interaction_count": 144,
      "ok_count": 144,
      "dropped_interaction_rate": 0.25,
      "avg_response_time_ms": 1760.0548111111111,
      "p95_response_time_ms": 3618.954385,
      "timeout_rate": 0.0,
      "fallback_rate": 0.25,
      "retry_rate": 0.8402777777777778,
      "first_pass_accept_rate": 0.1597222222222222,
      "run_dir": "artifacts\\proposal\\20260313T015415Z",
      "hardware_tier": "dev_workstation",
      "model_name": "elara-npc:latest",
      "estimated_model_memory_mb": 2040.6766918945314,
      "host_ram_gb": 15.73
    },
    {
      "interaction_count": 144,
      "ok_count": 144,
      "dropped_interaction_rate": 0.2013888888888889,
      "avg_response_time_ms": 3985.8353444444447,
      "p95_response_time_ms": 10294.540944999999,
      "timeout_rate": 0.0,
      "fallback_rate": 0.2013888888888889,
      "retry_rate": 0.7986111111111112,
      "first_pass_accept_rate": 0.1875,
      "run_dir": "artifacts\\proposal\\20260313T095814Z",
      "hardware_tier": "dev_workstation",
      "model_name": "elara-npc:latest",
      "estimated_model_memory_mb": 2040.6766918945314,
      "host_ram_gb": 15.73
    },
    {
      "interaction_count": 28,
      "ok_count": 28,
      "dropped_interaction_rate": 0.21428571428571427,
      "avg_response_time_ms": 5294.242128571429,
      "p95_response_time_ms": 11577.941329999998,
      "timeout_rate": 0.0,
      "fallback_rate": 0.21428571428571427,
      "retry_rate": 0.75,
      "first_pass_accept_rate": 0.25,
      "run_dir": "artifacts\\proposal\\20260313T085443Z_batch_tmp\\runs\\20260313T085444Z",
      "hardware_tier": "dev_workstation",
      "model_name": "elara-npc:latest",
      "estimated_model_memory_mb": 2040.6766918945314,
      "host_ram_gb": 15.73
    },
    {
      "interaction_count": 28,
      "ok_count": 28,
      "dropped_interaction_rate": 0.17857142857142858,
      "avg_response_time_ms": 6774.353667857143,
      "p95_response_time_ms": 12493.171615,
      "timeout_rate": 0.0,
      "fallback_rate": 0.17857142857142858,
      "retry_rate": 0.5714285714285714,
      "first_pass_accept_rate": 0.42857142857142855,
      "run_dir": "artifacts\\proposal\\20260313T085443Z_batch_tmp\\runs\\20260313T091837Z",
      "hardware_tier": "dev_workstation",
      "model_name": "elara-npc:latest",
      "estimated_model_memory_mb": 2040.6766918945314,
      "host_ram_gb": 15.73
    },
    {
      "interaction_count": 28,
      "ok_count": 28,
      "dropped_interaction_rate": 0.21428571428571427,
      "avg_response_time_ms": 7116.060039285714,
      "p95_response_time_ms": 11307.978014999999,
      "timeout_rate": 0.0,
      "fallback_rate": 0.21428571428571427,
      "retry_rate": 0.6071428571428571,
      "first_pass_accept_rate": 0.35714285714285715,
      "run_dir": "artifacts\\proposal\\20260313T085443Z_batch_tmp\\runs\\20260313T094304Z",
      "hardware_tier": "dev_workstation",
      "model_name": "elara-npc:latest",
      "estimated_model_memory_mb": 2040.6766918945314,
      "host_ram_gb": 15.73
    },
    {
      "interaction_count": 28,
      "ok_count": 28,
      "dropped_interaction_rate": 0.17857142857142858,
      "avg_response_time_ms": 13151.050739285714,
      "p95_response_time_ms": 21319.703195000002,
      "timeout_rate": 0.0,
      "fallback_rate": 0.17857142857142858,
      "retry_rate": 0.6428571428571429,
      "first_pass_accept_rate": 0.35714285714285715,
      "run_dir": "artifacts\\proposal\\20260313T085443Z_batch_tmp\\runs\\20260313T101306Z",
      "hardware_tier": "dev_workstation",
      "model_name": "elara-npc:latest",
      "estimated_model_memory_mb": 2040.6766918945314,
      "host_ram_gb": 15.73
    },
    {
      "interaction_count": 28,
      "ok_count": 28,
      "dropped_interaction_rate": 0.03571428571428571,
      "avg_response_time_ms": 8778.1986,
      "p95_response_time_ms": 10645.425775,
      "timeout_rate": 0.0,
      "fallback_rate": 0.03571428571428571,
      "retry_rate": 0.9642857142857143,
      "first_pass_accept_rate": 0.03571428571428571,
      "run_dir": "artifacts\\proposal\\20260313T085443Z_batch_tmp\\runs\\20260313T114150Z",
      "hardware_tier": "dev_workstation",
      "model_name": "elara-npc:latest",
      "estimated_model_memory_mb": 2040.6766918945314,
      "host_ram_gb": 15.73
    },
    {
      "interaction_count": 4,
      "ok_count": 4,
      "dropped_interaction_rate": 0.25,
      "avg_response_time_ms": 12951.685725,
      "p95_response_time_ms": 17784.194485,
      "timeout_rate": 0.0,
      "fallback_rate": 0.25,
      "retry_rate": 1.0,
      "first_pass_accept_rate": 0.0,
      "run_dir": "artifacts\\proposal\\20260313T085443Z_batch_tmp\\runs\\20260313T124340Z",
      "hardware_tier": "dev_workstation",
      "model_name": "elara-npc:latest",
      "estimated_model_memory_mb": 2040.6766918945314,
      "host_ram_gb": 15.73
    }
  ]
}