{
  "arm": "proposed_contextual_controlled_tuned",
  "root": "artifacts\\proposal",
  "run_count": 3,
  "overall": {
    "avg_response_time_ms": 4700.0098847222225,
    "p95_response_time_ms": 10103.614103333333,
    "timeout_rate": 0.0,
    "fallback_rate": 0.20601851851851852,
    "retry_rate": 0.7847222222222222,
    "dropped_interaction_rate": 0.20601851851851852,
    "first_pass_accept_rate": 0.20833333333333334,
    "estimated_model_memory_mb": 2040.6766918945314,
    "host_ram_gb": 15.73
  },
  "by_hardware_tier": {
    "dev_workstation": {
      "run_count": 3,
      "avg_response_time_ms": 4700.0098847222225,
      "p95_response_time_ms": 10103.614103333333,
      "timeout_rate": 0.0,
      "fallback_rate": 0.20601851851851852,
      "retry_rate": 0.7847222222222222,
      "dropped_interaction_rate": 0.20601851851851852,
      "first_pass_accept_rate": 0.20833333333333334,
      "estimated_model_memory_mb": 2040.6766918945314,
      "host_ram_gb": 15.73
    }
  },
  "per_run": [
    {
      "interaction_count": 144,
      "ok_count": 144,
      "dropped_interaction_rate": 0.25,
      "avg_response_time_ms": 1760.0548111111111,
      "p95_response_time_ms": 3618.954385,
      "timeout_rate": 0.0,
      "fallback_rate": 0.25,
      "retry_rate": 0.8402777777777778,
      "first_pass_accept_rate": 0.1597222222222222,
      "run_dir": "artifacts\\proposal\\20260313T015415Z",
      "hardware_tier": "dev_workstation",
      "model_name": "elara-npc:latest",
      "estimated_model_memory_mb": 2040.6766918945314,
      "host_ram_gb": 15.73
    },
    {
      "interaction_count": 144,
      "ok_count": 144,
      "dropped_interaction_rate": 0.2013888888888889,
      "avg_response_time_ms": 3985.8353444444447,
      "p95_response_time_ms": 10294.540944999999,
      "timeout_rate": 0.0,
      "fallback_rate": 0.2013888888888889,
      "retry_rate": 0.7986111111111112,
      "first_pass_accept_rate": 0.1875,
      "run_dir": "artifacts\\proposal\\20260313T095814Z",
      "hardware_tier": "dev_workstation",
      "model_name": "elara-npc:latest",
      "estimated_model_memory_mb": 2040.6766918945314,
      "host_ram_gb": 15.73
    },
    {
      "interaction_count": 144,
      "ok_count": 144,
      "dropped_interaction_rate": 0.16666666666666666,
      "avg_response_time_ms": 8354.139498611112,
      "p95_response_time_ms": 16397.346980000002,
      "timeout_rate": 0.0,
      "fallback_rate": 0.16666666666666666,
      "retry_rate": 0.7152777777777778,
      "first_pass_accept_rate": 0.2777777777777778,
      "run_dir": "artifacts\\proposal\\20260313T125304Z",
      "hardware_tier": "dev_workstation",
      "model_name": "elara-npc:latest",
      "estimated_model_memory_mb": 2040.6766918945314,
      "host_ram_gb": 15.73
    }
  ]
}