{
  "proposed_vs_candidate_no_context": {
    "context_relevance": {
      "target_mean": 0.06692646718124565,
      "baseline_mean": 0.027982750399089963,
      "absolute_delta": 0.038943716782155684,
      "relative_delta": 1.3917043974141365
    },
    "persona_consistency": {
      "target_mean": 0.1376011904761905,
      "baseline_mean": 0.18336962991718428,
      "absolute_delta": -0.04576843944099379,
      "relative_delta": -0.24959661783504888
    },
    "naturalness": {
      "target_mean": 0.7988516403769725,
      "baseline_mean": 0.7932363648611821,
      "absolute_delta": 0.005615275515790441,
      "relative_delta": 0.0070789436346291625
    },
    "context_keyword_coverage": {
      "target_mean": 0.0728030303030303,
      "baseline_mean": 0.022765151515151516,
      "absolute_delta": 0.050037878787878784,
      "relative_delta": 2.1980033277870215
    },
    "context_overlap": {
      "target_mean": 0.05321448656374813,
      "baseline_mean": 0.04015714779494635,
      "absolute_delta": 0.01305733876880178,
      "relative_delta": 0.3251560303903109
    },
    "persona_keyword_coverage": {
      "target_mean": 0.04726190476190476,
      "baseline_mean": 0.10714285714285714,
      "absolute_delta": -0.059880952380952375,
      "relative_delta": -0.5588888888888889
    },
    "persona_style": {
      "target_mean": 0.4989583333333333,
      "baseline_mean": 0.48827672101449276,
      "absolute_delta": 0.010681612318840517,
      "relative_delta": 0.021876144938155817
    },
    "distinct1": {
      "target_mean": 0.9294207676090982,
      "baseline_mean": 0.9272575788196219,
      "absolute_delta": 0.0021631887894763002,
      "relative_delta": 0.002332888766711393
    },
    "length_score": {
      "target_mean": 0.26666666666666666,
      "baseline_mean": 0.2341666666666667,
      "absolute_delta": 0.03249999999999997,
      "relative_delta": 0.1387900355871885
    },
    "sentence_score": {
      "target_mean": 0.7375,
      "baseline_mean": 0.755,
      "absolute_delta": -0.01749999999999996,
      "relative_delta": -0.023178807947019816
    },
    "bertscore_f1": {
      "target_mean": 0.0614042971865274,
      "baseline_mean": 0.04058622083975934,
      "absolute_delta": 0.020818076346768064,
      "relative_delta": 0.5129345850888911
    },
    "overall_quality": {
      "target_mean": 0.21657941017552113,
      "baseline_mean": 0.2127358723515056,
      "absolute_delta": 0.0038435378240155305,
      "relative_delta": 0.018067182471533594
    }
  },
  "proposed_vs_baseline_no_context": {
    "context_relevance": {
      "target_mean": 0.06692646718124565,
      "baseline_mean": 0.03942990852592387,
      "absolute_delta": 0.02749655865532178,
      "relative_delta": 0.6973528390826395
    },
    "persona_consistency": {
      "target_mean": 0.1376011904761905,
      "baseline_mean": 0.17845032175032177,
      "absolute_delta": -0.040849131274131284,
      "relative_delta": -0.22891038174358252
    },
    "naturalness": {
      "target_mean": 0.7988516403769725,
      "baseline_mean": 0.8895354240466802,
      "absolute_delta": -0.09068378366970764,
      "relative_delta": -0.10194510664585835
    },
    "context_keyword_coverage": {
      "target_mean": 0.0728030303030303,
      "baseline_mean": 0.03829545454545454,
      "absolute_delta": 0.03450757575757576,
      "relative_delta": 0.9010880316518299
    },
    "context_overlap": {
      "target_mean": 0.05321448656374813,
      "baseline_mean": 0.04207696781368563,
      "absolute_delta": 0.011137518750062497,
      "relative_delta": 0.26469394846555444
    },
    "persona_keyword_coverage": {
      "target_mean": 0.04726190476190476,
      "baseline_mean": 0.0813095238095238,
      "absolute_delta": -0.03404761904761904,
      "relative_delta": -0.4187408491947291
    },
    "persona_style": {
      "target_mean": 0.4989583333333333,
      "baseline_mean": 0.5670135135135135,
      "absolute_delta": -0.0680551801801802,
      "relative_delta": -0.12002391223178185
    },
    "distinct1": {
      "target_mean": 0.9294207676090982,
      "baseline_mean": 0.9804010601167004,
      "absolute_delta": -0.050980292507602165,
      "relative_delta": -0.05199942613437588
    },
    "length_score": {
      "target_mean": 0.26666666666666666,
      "baseline_mean": 0.5525,
      "absolute_delta": -0.28583333333333333,
      "relative_delta": -0.5173453996983409
    },
    "sentence_score": {
      "target_mean": 0.7375,
      "baseline_mean": 0.86875,
      "absolute_delta": -0.13124999999999998,
      "relative_delta": -0.15107913669064746
    },
    "bertscore_f1": {
      "target_mean": 0.0614042971865274,
      "baseline_mean": 0.053709648991934957,
      "absolute_delta": 0.007694648194592445,
      "relative_delta": 0.1432637959661191
    },
    "overall_quality": {
      "target_mean": 0.21657941017552113,
      "baseline_mean": 0.2337012061919112,
      "absolute_delta": -0.01712179601639008,
      "relative_delta": -0.07326361851264888
    }
  },
  "controlled_vs_proposed_raw": {
    "context_relevance": {
      "target_mean": 0.2537166170697064,
      "baseline_mean": 0.06692646718124565,
      "absolute_delta": 0.18679014988846074,
      "relative_delta": 2.7909757941145843
    },
    "persona_consistency": {
      "target_mean": 0.4296547619047619,
      "baseline_mean": 0.1376011904761905,
      "absolute_delta": 0.29205357142857136,
      "relative_delta": 2.1224639875416353
    },
    "naturalness": {
      "target_mean": 0.9012205596761478,
      "baseline_mean": 0.7988516403769725,
      "absolute_delta": 0.10236891929917524,
      "relative_delta": 0.12814509494011686
    },
    "context_keyword_coverage": {
      "target_mean": 0.3203030303030303,
      "baseline_mean": 0.0728030303030303,
      "absolute_delta": 0.2475,
      "relative_delta": 3.3995837669094695
    },
    "context_overlap": {
      "target_mean": 0.0983483195252841,
      "baseline_mean": 0.05321448656374813,
      "absolute_delta": 0.04513383296153597,
      "relative_delta": 0.8481493645056226
    },
    "persona_keyword_coverage": {
      "target_mean": 0.3907142857142857,
      "baseline_mean": 0.04726190476190476,
      "absolute_delta": 0.3434523809523809,
      "relative_delta": 7.267002518891687
    },
    "persona_style": {
      "target_mean": 0.5854166666666667,
      "baseline_mean": 0.4989583333333333,
      "absolute_delta": 0.08645833333333341,
      "relative_delta": 0.17327766179540727
    },
    "distinct1": {
      "target_mean": 0.9359680658570358,
      "baseline_mean": 0.9294207676090982,
      "absolute_delta": 0.00654729824793765,
      "relative_delta": 0.007044493168342193
    },
    "length_score": {
      "target_mean": 0.6466666666666667,
      "baseline_mean": 0.26666666666666666,
      "absolute_delta": 0.38000000000000006,
      "relative_delta": 1.4250000000000003
    },
    "sentence_score": {
      "target_mean": 0.975,
      "baseline_mean": 0.7375,
      "absolute_delta": 0.23749999999999993,
      "relative_delta": 0.3220338983050846
    },
    "bertscore_f1": {
      "target_mean": 0.06736976790271001,
      "baseline_mean": 0.0614042971865274,
      "absolute_delta": 0.005965470716182614,
      "relative_delta": 0.09715070425871572
    },
    "overall_quality": {
      "target_mean": 0.4075858004351861,
      "baseline_mean": 0.21657941017552113,
      "absolute_delta": 0.19100639025966498,
      "relative_delta": 0.8819231251247237
    }
  },
  "controlled_vs_candidate_no_context": {
    "context_relevance": {
      "target_mean": 0.2537166170697064,
      "baseline_mean": 0.027982750399089963,
      "absolute_delta": 0.22573386667061643,
      "relative_delta": 8.0668934772744
    },
    "persona_consistency": {
      "target_mean": 0.4296547619047619,
      "baseline_mean": 0.18336962991718428,
      "absolute_delta": 0.2462851319875776,
      "relative_delta": 1.3431075369395031
    },
    "naturalness": {
      "target_mean": 0.9012205596761478,