{
  "proposed_contextual_controlled": {
    "sample_count": 40,
    "context_relevance": {
      "n": 40,
      "mean": 0.2537166170697064,
      "median": 0.23405896965753828,
      "p95": 0.34987263943785674,
      "ci95_low": 0.23345343579107014,
      "ci95_high": 0.27376710735328147
    },
    "persona_consistency": {
      "n": 40,
      "mean": 0.4296547619047619,
      "median": 0.37976190476190474,
      "p95": 0.7778571428571427,
      "ci95_low": 0.3680139880952381,
      "ci95_high": 0.49267857142857135
    },
    "naturalness": {
      "n": 40,
      "mean": 0.9012205596761478,
      "median": 0.935,
      "p95": 0.9717117117117117,
      "ci95_low": 0.8766534306455047,
      "ci95_high": 0.9231200363481722
    },
    "context_keyword_coverage": {
      "n": 40,
      "mean": 0.3203030303030303,
      "median": 0.2863636363636364,
      "p95": 0.45454545454545453,
      "ci95_low": 0.2914261363636364,
      "ci95_high": 0.3469829545454545
    },
    "context_overlap": {
      "n": 40,
      "mean": 0.0983483195252841,
      "median": 0.09938271604938272,
      "p95": 0.1324337234296632,
      "ci95_low": 0.09175675026867953,
      "ci95_high": 0.10561316782942684
    },
    "persona_keyword_coverage": {
      "n": 40,
      "mean": 0.3907142857142857,
      "median": 0.3333333333333333,
      "p95": 0.8416666666666662,
      "ci95_low": 0.3203541666666667,
      "ci95_high": 0.4673928571428571
    },
    "persona_style": {
      "n": 40,
      "mean": 0.5854166666666667,
      "median": 0.5,
      "p95": 1.0,
      "ci95_low": 0.4854166666666667,
      "ci95_high": 0.6875
    },
    "distinct1": {
      "n": 40,
      "mean": 0.9359680658570358,
      "median": 0.9384469696969697,
      "p95": 0.9778472222222222,
      "ci95_low": 0.9279696297026275,
      "ci95_high": 0.9441359768515502
    },
    "length_score": {
      "n": 40,
      "mean": 0.6466666666666667,
      "median": 0.7833333333333333,
      "p95": 0.9666666666666667,
      "ci95_low": 0.5391666666666667,
      "ci95_high": 0.7408333333333333
    },
    "sentence_score": {
      "n": 40,
      "mean": 0.975,
      "median": 1.0,
      "p95": 1.0,
      "ci95_low": 0.9337500000000001,
      "ci95_high": 1.0
    },
    "bertscore_f1": {
      "n": 40,
      "mean": 0.06736976790271001,
      "median": 0.06540930643677711,
      "p95": 0.1427524775266647,
      "ci95_low": 0.05065210619148275,
      "ci95_high": 0.08410255426046205
    },
    "overall_quality": {
      "n": 40,
      "mean": 0.4075858004351861,
      "median": 0.38797800821598016,
      "p95": 0.5123324804888206,
      "ci95_low": 0.3880324951620656,
      "ci95_high": 0.4270283667119317
    },
    "metrics": [
      "context_relevance",
      "persona_consistency",
      "naturalness",
      "context_keyword_coverage",
      "context_overlap",
      "persona_keyword_coverage",
      "persona_style",
      "distinct1",
      "length_score",
      "sentence_score",
      "bertscore_f1",
      "overall_quality"
    ]
  },
  "proposed_contextual": {
    "sample_count": 40,
    "context_relevance": {
      "n": 40,
      "mean": 0.06692646718124565,
      "median": 0.014634146341463414,
      "p95": 0.2882103235747302,
      "ci95_low": 0.04012276836698559,
      "ci95_high": 0.09718395623737525
    },
    "persona_consistency": {
      "n": 40,
      "mean": 0.1376011904761905,
      "median": 0.1,
      "p95": 0.23999999999999963,
      "ci95_low": 0.10864453125,
      "ci95_high": 0.17119110863095235
    },
    "naturalness": {
      "n": 40,
      "mean": 0.7988516403769725,
      "median": 0.7486363636363635,
      "p95": 0.9143255813953488,
      "ci95_low": 0.7795069925644676,
      "ci95_high": 0.8207630789833551
    },
    "context_keyword_coverage": {
      "n": 40,
      "mean": 0.0728030303030303,
      "median": 0.0,
      "p95": 0.36818181818181794,
      "ci95_low": 0.034540719696969695,
      "ci95_high": 0.11359943181818181
    },
    "context_overlap": {
      "n": 40,
      "mean": 0.05321448656374813,
      "median": 0.04878048780487805,
      "p95": 0.10764277715565503,
      "ci95_low": 0.04444702109544576,
      "ci95_high": 0.0629498731922021
    },
    "persona_keyword_coverage": {
      "n": 40,
      "mean": 0.04726190476190476,
      "median": 0.0,
      "p95": 0.28809523809523796,
      "ci95_low": 0.014145833333333333,
      "ci95_high": 0.08500892857142851
    },
    "persona_style": {
      "n": 40,
      "mean": 0.4989583333333333,
      "median": 0.5,
      "p95": 1.0,
      "ci95_low": 0.39890625,
      "ci95_high": 0.5968880208333333
    },
    "distinct1": {
      "n": 40,
      "mean": 0.9294207676090982,
      "median": 0.9090909090909091,
      "p95": 1.0,
      "ci95_low": 0.9203080560427945,
      "ci95_high": 0.9399304946103638
    },
    "length_score": {
      "n": 40,
      "mean": 0.26666666666666666,
      "median": 0.09999999999999998,
      "p95": 0.835,
      "ci95_low": 0.19166666666666665,
      "ci95_high": 0.3433333333333333
    },
    "sentence_score": {
      "n": 40,
      "mean": 0.7375,
      "median": 0.65,
      "p95": 1.0,
      "ci95_low": 0.69375,
      "ci95_high": 0.79
    },
    "bertscore_f1": {
      "n": 40,
      "mean": 0.0614042971865274,
      "median": 0.05141826346516609,
      "p95": 0.15788782015442845,
      "ci95_low": 0.047372231879271566,
      "ci95_high": 0.07574362923274748
    },
    "overall_quality": {
      "n": 40,
      "mean": 0.21657941017552113,
      "median": 0.17822721929069102,
      "p95": 0.35833675902249856,
      "ci95_low": 0.1957744305760136,
      "ci95_high": 0.23941794683041331
    },
    "metrics": [
      "context_relevance",
      "persona_consistency",
      "naturalness",
      "context_keyword_coverage",
      "context_overlap",
      "persona_keyword_coverage",
      "persona_style",
      "distinct1",
      "length_score",
      "sentence_score",
      "bertscore_f1",
      "overall_quality"
    ]
  },
  "candidate_no_context": {
    "sample_count": 40,
    "context_relevance": {
      "n": 40,
      "mean": 0.027982750399089963,
      "median": 0.014285714285714284,
      "p95": 0.08337732160312787,
      "ci95_low": 0.018291647072750033,
      "ci95_high": 0.03970084444308293
    },
    "persona_consistency": {
      "n": 40,
      "mean": 0.18336962991718428,
      "median": 0.1,
      "p95": 0.5592857142857142,
      "ci95_low": 0.1338312370600414,
      "ci95_high": 0.24225728843167707
    },
    "naturalness": {
      "n": 40,
      "mean": 0.7932363648611821,
      "median": 0.7486363636363635,
      "p95": 0.9205833333333332,
      "ci95_low": 0.7747857742708943,
      "ci95_high": 0.8152166491030084
    },
    "context_keyword_coverage": {
      "n": 40,
      "mean": 0.022765151515151516,
      "median": 0.0,
      "p95": 0.10409090909090887,
      "ci95_low": 0.00909090909090909,
      "ci95_high": 0.038675189393939394
    },
    "context_overlap": {
      "n": 40,
      "mean": 0.04015714779494635,
      "median": 0.04286589099816289,
      "p95": 0.05412912912912913,
      "ci95_low": 0.0366472395080041,
      "ci95_high": 0.04354608722124289
    },
    "persona_keyword_coverage": {
      "n": 40,
      "mean": 0.10714285714285714,
      "median": 0.0,
      "p95": 0.5714285714285714,
      "ci95_low": 0.04464285714285714,
      "ci95_high": 0.17561011904761897
    },
    "persona_style": {
      "n": 40,
      "mean": 0.48827672101449276,
      "median": 0.5,
      "p95": 1.0,
      "ci95_low": 0.3992043138586957,
      "ci95_high": 0.5761105638586955
    },
    "distinct1": {
      "n": 40,
      "mean": 0.9272575788196219,
      "median": 0.9090909090909091,
      "p95": 1.0,
      "ci95_low": 0.9181654364262453,
      "ci95_high": 0.9378207425634637
    },
    "length_score": {
      "n": 40,
      "mean": 0.2341666666666667,
      "median": 0.09999999999999998,
      "p95": 0.6433333333333328,
      "ci95_low": 0.16414583333333332,
      "ci95_high": 0.3125
    },