{
  "proposed_contextual_controlled": {
    "sample_count": 112,
    "context_relevance": {
      "n": 112,
      "mean": 0.27637091269254627,
      "median": 0.2776223776223776,
      "p95": 0.4241420198991413,
      "ci95_low": 0.2631884460498978,
      "ci95_high": 0.28965738407702285
    },
    "persona_consistency": {
      "n": 112,
      "mean": 0.30838460461604894,
      "median": 0.32513661202185795,
      "p95": 0.5196874999999995,
      "ci95_low": 0.2846366785286551,
      "ci95_high": 0.33168360941167274
    },
    "naturalness": {
      "n": 112,
      "mean": 0.9062424268223881,
      "median": 0.9124137931034483,
      "p95": 0.9755555555555555,
      "ci95_low": 0.8946833788898949,
      "ci95_high": 0.9167871696245496
    },
    "context_keyword_coverage": {
      "n": 112,
      "mean": 0.3476055194805195,
      "median": 0.36363636363636365,
      "p95": 0.5454545454545454,
      "ci95_low": 0.33137141504329004,
      "ci95_high": 0.36589725378787874
    },
    "context_overlap": {
      "n": 112,
      "mean": 0.1101568301872754,
      "median": 0.10859950859950859,
      "p95": 0.16499999999999995,
      "ci95_low": 0.10506920971354222,
      "ci95_high": 0.1156439710206682
    },
    "persona_keyword_coverage": {
      "n": 112,
      "mean": 0.24026360544217687,
      "median": 0.2,
      "p95": 0.5,
      "ci95_low": 0.21190263605442178,
      "ci95_high": 0.26875318877551013
    },
    "persona_style": {
      "n": 112,
      "mean": 0.580868601311537,
      "median": 0.5,
      "p95": 1.0,
      "ci95_low": 0.5154680187469111,
      "ci95_high": 0.6502303275806238
    },
    "distinct1": {
      "n": 112,
      "mean": 0.9356358289607322,
      "median": 0.9333333333333333,
      "p95": 0.9767027863777089,
      "ci95_low": 0.9305633172950765,
      "ci95_high": 0.9407883360447035
    },
    "length_score": {
      "n": 112,
      "mean": 0.6851190476190476,
      "median": 0.7333333333333334,
      "p95": 0.9666666666666666,
      "ci95_low": 0.6342187499999999,
      "ci95_high": 0.7345238095238095
    },
    "sentence_score": {
      "n": 112,
      "mean": 0.9500000000000001,
      "median": 1.0,
      "p95": 1.0,
      "ci95_low": 0.9249999999999999,
      "ci95_high": 0.9718749999999999
    },
    "bertscore_f1": {
      "n": 112,
      "mean": 0.09998328706465795,
      "median": 0.09135540574789047,
      "p95": 0.2049764476716518,
      "ci95_low": 0.08956147299177246,
      "ci95_high": 0.11086932519236663
    },
    "overall_quality": {
      "n": 112,
      "mean": 0.3811183701604363,
      "median": 0.3787895954039115,
      "p95": 0.4776413266105556,
      "ci95_low": 0.37087264896887134,
      "ci95_high": 0.3912661051608174
    },
    "metrics": [
      "context_relevance",
      "persona_consistency",
      "naturalness",
      "context_keyword_coverage",
      "context_overlap",
      "persona_keyword_coverage",
      "persona_style",
      "distinct1",
      "length_score",
      "sentence_score",
      "bertscore_f1",
      "overall_quality"
    ]
  },
  "proposed_contextual_controlled_alt": {
    "sample_count": 112,
    "context_relevance": {
      "n": 112,
      "mean": 0.2505258616596218,
      "median": 0.2345,
      "p95": 0.41228167648594216,
      "ci95_low": 0.23176273810227582,
      "ci95_high": 0.26987040169974447
    },
    "persona_consistency": {
      "n": 112,
      "mean": 0.31218233060698813,
      "median": 0.3142857142857143,
      "p95": 0.5032142857142856,
      "ci95_low": 0.28958948487741604,
      "ci95_high": 0.33620101345826786
    },
    "naturalness": {
      "n": 112,
      "mean": 0.8976393558489908,
      "median": 0.9124137931034483,
      "p95": 0.9755555555555555,
      "ci95_low": 0.8853571018907431,
      "ci95_high": 0.9102790025436266
    },
    "context_keyword_coverage": {
      "n": 112,
      "mean": 0.3133387445887446,
      "median": 0.3,
      "p95": 0.520454545454545,
      "ci95_low": 0.28982582521645023,
      "ci95_high": 0.3372984307359307
    },
    "context_overlap": {
      "n": 112,
      "mean": 0.1039624681583355,
      "median": 0.10310374149659865,
      "p95": 0.15132032146957514,
      "ci95_low": 0.09712381045895505,
      "ci95_high": 0.1110833483180632
    },
    "persona_keyword_coverage": {
      "n": 112,
      "mean": 0.24302721088435372,
      "median": 0.2,
      "p95": 0.5714285714285714,
      "ci95_low": 0.214624787414966,
      "ci95_high": 0.27130314625850344
    },
    "persona_style": {
      "n": 112,
      "mean": 0.5888028094975258,
      "median": 0.5,
      "p95": 1.0,
      "ci95_low": 0.5230603823540085,
      "ci95_high": 0.6516780175557008
    },
    "distinct1": {
      "n": 112,
      "mean": 0.93740823615145,
      "median": 0.9375,
      "p95": 0.9777777777777777,
      "ci95_low": 0.931929162458445,
      "ci95_high": 0.9428792490272129
    },
    "length_score": {
      "n": 112,
      "mean": 0.6461309523809523,
      "median": 0.7333333333333334,
      "p95": 0.9666666666666666,
      "ci95_low": 0.5916443452380952,
      "ci95_high": 0.6979613095238094
    },
    "sentence_score": {
      "n": 112,
      "mean": 0.9348214285714286,
      "median": 1.0,
      "p95": 1.0,
      "ci95_low": 0.9066964285714285,
      "ci95_high": 0.959375
    },
    "bertscore_f1": {
      "n": 112,
      "mean": 0.09534966934006661,
      "median": 0.0857786275446415,
      "p95": 0.20381524413824081,
      "ci95_low": 0.08616348334003955,
      "ci95_high": 0.10489053012206567
    },
    "overall_quality": {
      "n": 112,
      "mean": 0.36968249224671695,
      "median": 0.3689339369772514,
      "p95": 0.456957629361313,
      "ci95_low": 0.3606160363527867,
      "ci95_high": 0.3787692232203904
    },
    "metrics": [
      "context_relevance",
      "persona_consistency",
      "naturalness",
      "context_keyword_coverage",
      "context_overlap",
      "persona_keyword_coverage",
      "persona_style",
      "distinct1",
      "length_score",
      "sentence_score",
      "bertscore_f1",
      "overall_quality"
    ]
  },
  "proposed_contextual": {
    "sample_count": 112,
    "context_relevance": {
      "n": 112,
      "mean": 0.09209765489252875,
      "median": 0.016216216216216217,
      "p95": 0.3493079545454545,
      "ci95_low": 0.07138202063385761,
      "ci95_high": 0.11313427168594863
    },
    "persona_consistency": {
      "n": 112,
      "mean": 0.1574839292060108,
      "median": 0.1,
      "p95": 0.4764285714285709,
      "ci95_low": 0.1326835737209996,
      "ci95_high": 0.1834440191421718
    },
    "naturalness": {
      "n": 112,
      "mean": 0.8094942003176243,
      "median": 0.7707967707967708,
      "p95": 0.9423055555555555,
      "ci95_low": 0.7963067263775854,
      "ci95_high": 0.8221602197288124
    },
    "context_keyword_coverage": {
      "n": 112,
      "mean": 0.10332792207792207,
      "median": 0.0,
      "p95": 0.36363636363636365,
      "ci95_low": 0.07613501082251083,
      "ci95_high": 0.1311431277056277
    },
    "context_overlap": {
      "n": 112,
      "mean": 0.06589369812661099,
      "median": 0.05,
      "p95": 0.14102990033222587,
      "ci95_low": 0.056060490921868725,
      "ci95_high": 0.07741958227318006
    },
    "persona_keyword_coverage": {
      "n": 112,
      "mean": 0.06938775510204082,
      "median": 0.0,
      "p95": 0.5714285714285714,
      "ci95_low": 0.038432185374149656,
      "ci95_high": 0.1038265306122449
    },
    "persona_style": {
      "n": 112,
      "mean": 0.5098686256218905,
      "median": 0.5,
      "p95": 1.0,
      "ci95_low": 0.4452566964285714,
      "ci95_high": 0.5726678549218194
    },
    "distinct1": {
      "n": 112,
      "mean": 0.9367225137810736,
      "median": 0.9090909090909091,
      "p95": 1.0,
      "ci95_low": 0.9304086068672174,
      "ci95_high": 0.9433789259384269
    },
    "length_score": {
      "n": 112,
      "mean": 0.29464285714285715,
      "median": 0.09999999999999998,