{
  "proposed_contextual_controlled": {
    "sample_count": 4,
    "context_relevance": {
      "n": 4,
      "mean": 0.28833097455796386,
      "median": 0.25303339517625234,
      "p95": 0.4602164869029275,
      "ci95_low": 0.1881662515566625,
      "ci95_high": 0.4237932769409767
    },
    "persona_consistency": {
      "n": 4,
      "mean": 0.2995238095238095,
      "median": 0.27380952380952384,
      "p95": 0.43571428571428567,
      "ci95_low": 0.21333333333333335,
      "ci95_high": 0.4011904761904762
    },
    "naturalness": {
      "n": 4,
      "mean": 0.9050835738335739,
      "median": 0.9067676767676769,
      "p95": 0.9444112554112555,
      "ci95_low": 0.8665740740740742,
      "ci95_high": 0.9435930735930737
    },
    "context_keyword_coverage": {
      "n": 4,
      "mean": 0.36363636363636365,
      "median": 0.3181818181818182,
      "p95": 0.5954545454545453,
      "ci95_low": 0.22727272727272727,
      "ci95_high": 0.5454545454545454
    },
    "context_overlap": {
      "n": 4,
      "mean": 0.11261840004169767,
      "median": 0.10102040816326531,
      "p95": 0.14496713939813213,
      "ci95_low": 0.09742801230081073,
      "ci95_high": 0.13940677966101694
    },
    "persona_keyword_coverage": {
      "n": 4,
      "mean": 0.2702380952380952,
      "median": 0.18333333333333335,
      "p95": 0.5157142857142856,
      "ci95_low": 0.15476190476190477,
      "ci95_high": 0.47023809523809523
    },
    "persona_style": {
      "n": 4,
      "mean": 0.4166666666666667,
      "median": 0.3333333333333333,
      "p95": 0.9249999999999998,
      "ci95_low": 0.08333333333333333,
      "ci95_high": 0.7916666666666666
    },
    "distinct1": {
      "n": 4,
      "mean": 0.9345839345839346,
      "median": 0.933982683982684,
      "p95": 0.9436868686868687,
      "ci95_low": 0.9272486772486772,
      "ci95_high": 0.9419191919191919
    },
    "length_score": {
      "n": 4,
      "mean": 0.7,
      "median": 0.7333333333333334,
      "p95": 0.8616666666666667,
      "ci95_low": 0.55,
      "ci95_high": 0.8500000000000001
    },
    "sentence_score": {
      "n": 4,
      "mean": 0.9125,
      "median": 1.0,
      "p95": 1.0,
      "ci95_low": 0.7375,
      "ci95_high": 1.0
    },
    "overall_quality": {
      "n": 4,
      "mean": 0.4199782032699195,
      "median": 0.40819135780505655,
      "p95": 0.4761503209815493,
      "ci95_low": 0.3867154583294506,
      "ci95_high": 0.46502779367525143
    },
    "metrics": [
      "context_relevance",
      "persona_consistency",
      "naturalness",
      "context_keyword_coverage",
      "context_overlap",
      "persona_keyword_coverage",
      "persona_style",
      "distinct1",
      "length_score",
      "sentence_score",
      "overall_quality"
    ]
  },
  "proposed_contextual_controlled_alt": {
    "sample_count": 4,
    "context_relevance": {
      "n": 4,
      "mean": 0.2718563778893792,
      "median": 0.2567315100154083,
      "p95": 0.3442613636363636,
      "ci95_low": 0.22095206059159267,
      "ci95_high": 0.32276069518716577
    },
    "persona_consistency": {
      "n": 4,
      "mean": 0.27154761904761904,
      "median": 0.2692857142857143,
      "p95": 0.3089285714285714,
      "ci95_low": 0.24464285714285716,
      "ci95_high": 0.3007142857142857
    },
    "naturalness": {
      "n": 4,
      "mean": 0.9096947331947332,
      "median": 0.9038333333333333,
      "p95": 0.942144144144144,
      "ci95_low": 0.8897948717948718,
      "ci95_high": 0.934641891891892
    },
    "context_keyword_coverage": {
      "n": 4,
      "mean": 0.3409090909090909,
      "median": 0.3181818181818182,
      "p95": 0.44090909090909086,
      "ci95_low": 0.2727272727272727,
      "ci95_high": 0.40909090909090906
    },
    "context_overlap": {
      "n": 4,
      "mean": 0.11073338084338534,
      "median": 0.10967098703888335,
      "p95": 0.12389705882352942,
      "ci95_low": 0.10014323227500596,
      "ci95_high": 0.1213235294117647
    },
    "persona_keyword_coverage": {
      "n": 4,
      "mean": 0.1988095238095238,
      "median": 0.18333333333333335,
      "p95": 0.2728571428571428,
      "ci95_low": 0.15476190476190477,
      "ci95_high": 0.25595238095238093
    },
    "persona_style": {
      "n": 4,
      "mean": 0.5625,
      "median": 0.5,
      "p95": 0.9249999999999998,
      "ci95_low": 0.3125,
      "ci95_high": 0.875
    },
    "distinct1": {
      "n": 4,
      "mean": 0.9638201663201663,
      "median": 0.9576403326403327,
      "p95": 0.9959459459459459,
      "ci95_low": 0.9411538461538461,
      "ci95_high": 0.9864864864864865
    },
    "length_score": {
      "n": 4,
      "mean": 0.7083333333333334,
      "median": 0.6666666666666667,
      "p95": 0.9316666666666666,
      "ci95_low": 0.5666666666666667,
      "ci95_high": 0.875
    },
    "sentence_score": {
      "n": 4,
      "mean": 0.825,
      "median": 0.825,
      "p95": 1.0,
      "ci95_low": 0.65,
      "ci95_high": 1.0
    },
    "overall_quality": {
      "n": 4,
      "mean": 0.40047282709470766,
      "median": 0.39522537940758284,
      "p95": 0.43648396103896114,
      "ci95_low": 0.37507361945566176,
      "ci95_high": 0.43111948242087833
    },
    "metrics": [
      "context_relevance",
      "persona_consistency",
      "naturalness",
      "context_keyword_coverage",
      "context_overlap",
      "persona_keyword_coverage",
      "persona_style",
      "distinct1",
      "length_score",
      "sentence_score",
      "overall_quality"
    ]
  },
  "proposed_contextual": {
    "sample_count": 1,
    "context_relevance": {
      "n": 1,
      "mean": 0.00909090909090909,
      "median": 0.00909090909090909,
      "p95": 0.00909090909090909,
      "ci95_low": 0.00909090909090909,
      "ci95_high": 0.00909090909090909
    },
    "persona_consistency": {
      "n": 1,
      "mean": 0.1,
      "median": 0.1,
      "p95": 0.1,
      "ci95_low": 0.1,
      "ci95_high": 0.1
    },
    "naturalness": {
      "n": 1,
      "mean": 0.7486363636363635,
      "median": 0.7486363636363635,
      "p95": 0.7486363636363635,
      "ci95_low": 0.7486363636363635,
      "ci95_high": 0.7486363636363635
    },
    "context_keyword_coverage": {
      "n": 1,
      "mean": 0.0,
      "median": 0.0,
      "p95": 0.0,
      "ci95_low": 0.0,
      "ci95_high": 0.0
    },
    "context_overlap": {
      "n": 1,
      "mean": 0.030303030303030304,
      "median": 0.030303030303030304,
      "p95": 0.030303030303030304,
      "ci95_low": 0.030303030303030304,
      "ci95_high": 0.030303030303030304
    },
    "persona_keyword_coverage": {
      "n": 1,
      "mean": 0.0,
      "median": 0.0,
      "p95": 0.0,
      "ci95_low": 0.0,
      "ci95_high": 0.0
    },
    "persona_style": {
      "n": 1,
      "mean": 0.5,
      "median": 0.5,
      "p95": 0.5,
      "ci95_low": 0.5,
      "ci95_high": 0.5
    },
    "distinct1": {
      "n": 1,
      "mean": 0.9090909090909091,
      "median": 0.9090909090909091,
      "p95": 0.9090909090909091,
      "ci95_low": 0.9090909090909091,
      "ci95_high": 0.9090909090909091
    },
    "length_score": {
      "n": 1,
      "mean": 0.09999999999999998,
      "median": 0.09999999999999998,
      "p95": 0.09999999999999998,
      "ci95_low": 0.09999999999999998,
      "ci95_high": 0.09999999999999998
    },
    "sentence_score": {
      "n": 1,
      "mean": 0.65,
      "median": 0.65,
      "p95": 0.65,
      "ci95_low": 0.65,
      "ci95_high": 0.65
    },
    "overall_quality": {
      "n": 1,
      "mean": 0.18300000000000002,
      "median": 0.18300000000000002,
      "p95": 0.18300000000000002,
      "ci95_low": 0.18300000000000002,
      "ci95_high": 0.18300000000000002
    },