{
  "proposed_contextual_controlled": {
    "sample_count": 24,
    "context_relevance": {
      "n": 24,
      "mean": 0.11542133285834022,
      "median": 0.07718607479477044,
      "p95": 0.30012913530781304,
      "ci95_low": 0.07157787550714566,
      "ci95_high": 0.16051937183874151
    },
    "persona_consistency": {
      "n": 24,
      "mean": 0.2929191468253968,
      "median": 0.2583333333333333,
      "p95": 0.6032142857142856,
      "ci95_low": 0.2265460689484127,
      "ci95_high": 0.3644931175595238
    },
    "naturalness": {
      "n": 24,
      "mean": 0.8813369535016627,
      "median": 0.8751666666666666,
      "p95": 0.9747416267942584,
      "ci95_low": 0.8619758655942517,
      "ci95_high": 0.9023056736194498
    },
    "quest_state_correctness": {
      "n": 24,
      "mean": 0.197070605347928,
      "median": 0.16315646041721993,
      "p95": 0.35279417249417244,
      "ci95_low": 0.1584424960922502,
      "ci95_high": 0.23872126285539125
    },
    "lore_consistency": {
      "n": 24,
      "mean": 0.04674662114498023,
      "median": 0.0,
      "p95": 0.24494017628957385,
      "ci95_low": 0.01649363788999437,
      "ci95_high": 0.08208407008325745
    },
    "multi_turn_contradiction_safety": {
      "n": 24,
      "mean": 1.0,
      "median": 1.0,
      "p95": 1.0,
      "ci95_low": 1.0,
      "ci95_high": 1.0
    },
    "objective_completion_support": {
      "n": 24,
      "mean": 0.08881944444444445,
      "median": 0.12083333333333333,
      "p95": 0.16333333333333333,
      "ci95_low": 0.06381944444444444,
      "ci95_high": 0.11298784722222222
    },
    "gameplay_usefulness": {
      "n": 24,
      "mean": 0.31203536390066783,
      "median": 0.30963107546048724,
      "p95": 0.3794133846473892,
      "ci95_low": 0.2978140991702439,
      "ci95_high": 0.32683090460667114
    },
    "time_pressure_acceptability": {
      "n": 24,
      "mean": 0.29258583152958156,
      "median": 0.30475,
      "p95": 0.3512666666666666,
      "ci95_low": 0.2770740634018759,
      "ci95_high": 0.3079102831890332
    },
    "context_keyword_coverage": {
      "n": 24,
      "mean": 0.14053030303030303,
      "median": 0.09545454545454546,
      "p95": 0.36363636363636365,
      "ci95_low": 0.08333333333333333,
      "ci95_high": 0.20075757575757577
    },
    "context_overlap": {
      "n": 24,
      "mean": 0.05683373579042703,
      "median": 0.04257246376811594,
      "p95": 0.11643835616438354,
      "ci95_low": 0.04239326958696636,
      "ci95_high": 0.07294850012662087
    },
    "persona_keyword_coverage": {
      "n": 24,
      "mean": 0.24603174603174602,
      "median": 0.16666666666666666,
      "p95": 0.6928571428571426,
      "ci95_low": 0.15873015873015872,
      "ci95_high": 0.33829365079365076
    },
    "persona_style": {
      "n": 24,
      "mean": 0.48046875,
      "median": 0.5,
      "p95": 0.7765624999999999,
      "ci95_low": 0.37630208333333337,
      "ci95_high": 0.57421875
    },
    "distinct1": {
      "n": 24,
      "mean": 0.9354604393097125,
      "median": 0.9486842105263158,
      "p95": 0.9969999999999999,
      "ci95_low": 0.917039408597457,
      "ci95_high": 0.9518177276384819
    },
    "length_score": {
      "n": 24,
      "mean": 0.5430555555555555,
      "median": 0.5166666666666666,
      "p95": 0.9466666666666664,
      "ci95_low": 0.45555555555555555,
      "ci95_high": 0.6277777777777778
    },
    "sentence_score": {
      "n": 24,
      "mean": 0.9854166666666666,
      "median": 1.0,
      "p95": 1.0,
      "ci95_low": 0.9562499999999999,
      "ci95_high": 1.0
    },
    "overall_quality": {
      "n": 24,
      "mean": 0.33169914358128316,
      "median": 0.3175072957839262,
      "p95": 0.4990669030732861,
      "ci95_low": 0.2906710646478276,
      "ci95_high": 0.3722145725185774
    },
    "metrics": [
      "context_relevance",
      "persona_consistency",
      "naturalness",
      "quest_state_correctness",
      "lore_consistency",
      "multi_turn_contradiction_safety",
      "objective_completion_support",
      "gameplay_usefulness",
      "time_pressure_acceptability",
      "context_keyword_coverage",
      "context_overlap",
      "persona_keyword_coverage",
      "persona_style",
      "distinct1",
      "length_score",
      "sentence_score",
      "overall_quality"
    ]
  },
  "proposed_contextual_controlled_tuned": {
    "sample_count": 24,
    "context_relevance": {
      "n": 24,
      "mean": 0.11870454636406463,
      "median": 0.018545140885566417,
      "p95": 0.39468181818181786,
      "ci95_low": 0.06699994249751198,
      "ci95_high": 0.17697340207788143
    },
    "persona_consistency": {
      "n": 24,
      "mean": 0.28415178571428573,
      "median": 0.23333333333333334,
      "p95": 0.631547619047619,
      "ci95_low": 0.22192274305555557,
      "ci95_high": 0.35322947668650795
    },
    "naturalness": {
      "n": 24,
      "mean": 0.8786146352257976,
      "median": 0.8692753623188405,
      "p95": 0.9712311827956988,
      "ci95_low": 0.8587365593804865,
      "ci95_high": 0.8992360285509606
    },
    "quest_state_correctness": {
      "n": 24,
      "mean": 0.19858055366298025,
      "median": 0.11288562475518998,
      "p95": 0.4138354545454544,
      "ci95_low": 0.15601827435670165,
      "ci95_high": 0.24956189544586538
    },
    "lore_consistency": {
      "n": 24,
      "mean": 0.059038373372249715,
      "median": 0.0,
      "p95": 0.2404807754969044,
      "ci95_low": 0.02786090851591891,
      "ci95_high": 0.09459862816690007
    },
    "multi_turn_contradiction_safety": {
      "n": 24,
      "mean": 1.0,
      "median": 1.0,
      "p95": 1.0,
      "ci95_low": 1.0,
      "ci95_high": 1.0
    },
    "objective_completion_support": {
      "n": 24,
      "mean": 0.06326388888888888,
      "median": 0.041666666666666664,
      "p95": 0.15908333333333327,
      "ci95_low": 0.04227777777777778,
      "ci95_high": 0.08618055555555555
    },
    "gameplay_usefulness": {
      "n": 24,
      "mean": 0.30313520002709765,
      "median": 0.29940482282782055,
      "p95": 0.37976227753570707,
      "ci95_low": 0.2866998108039645,
      "ci95_high": 0.3193389126231135
    },
    "time_pressure_acceptability": {
      "n": 24,
      "mean": 0.2806514880952381,
      "median": 0.276358658008658,
      "p95": 0.32231428571428566,
      "ci95_low": 0.2657476990891054,
      "ci95_high": 0.295989411525974
    },
    "context_keyword_coverage": {
      "n": 24,
      "mean": 0.14431818181818182,
      "median": 0.0,
      "p95": 0.5181818181818177,
      "ci95_low": 0.07575757575757576,
      "ci95_high": 0.2196969696969697
    },
    "context_overlap": {
      "n": 24,
      "mean": 0.058939396971124595,
      "median": 0.04210992907801418,
      "p95": 0.10863636363636363,
      "ci95_low": 0.045150881594064406,
      "ci95_high": 0.07382597925041083
    },
    "persona_keyword_coverage": {
      "n": 24,
      "mean": 0.23214285714285712,
      "median": 0.16666666666666666,
      "p95": 0.6666666666666666,
      "ci95_low": 0.15275297619047618,
      "ci95_high": 0.32242063492063494
    },
    "persona_style": {
      "n": 24,
      "mean": 0.4921875,
      "median": 0.5,
      "p95": 0.7765624999999999,
      "ci95_low": 0.4114583333333333,
      "ci95_high": 0.5677083333333334
    },
    "distinct1": {
      "n": 24,
      "mean": 0.9326476991756051,
      "median": 0.9464114832535885,
      "p95": 0.99625,
      "ci95_low": 0.9152452019474147,
      "ci95_high": 0.9494474036486037
    },
    "length_score": {
      "n": 24,
      "mean": 0.5277777777777778,
      "median": 0.5166666666666666,
      "p95": 0.908333333333333,
      "ci95_low": 0.4361111111111111,
      "ci95_high": 0.6124999999999999
    },
    "sentence_score": {
      "n": 24,
      "mean": 1.0,
      "median": 1.0,
      "p95": 1.0,
      "ci95_low": 1.0,
      "ci95_high": 1.0
    },
    "overall_quality": {
      "n": 24,
      "mean": 0.32917612542453456,