{
  "generated_utc": "2026-03-10T12:11:36.155552+00:00",
  "proposal_root": "artifacts\\proposal",
  "target_arm": "proposed_contextual_controlled",
  "runs": [
    {
      "run_id": "20260310T003216Z",
      "run_dir": "artifacts\\proposal\\20260310T003216Z",
      "metrics": {
        "overall_quality": 0.4078626745079952,
        "context_relevance": 0.27063958378837644,
        "persona_consistency": 0.29719095719095723,
        "naturalness": 0.9002793054630815,
        "quest_state_correctness": 0.32406616286222817,
        "lore_consistency": 0.1896505439722781,
        "multi_turn_contradiction_safety": 1.0,
        "objective_completion_support": 0.05938657407407408,
        "gameplay_usefulness": 0.35579466677558397,
        "time_pressure_acceptability": 0.28862271073833573
      },
      "operational": {
        "fallback_rate": 0.013888888888888888,
        "retry_rate": 0.16666666666666666,
        "first_pass_accept_rate": 0.4375,
        "timeout_rate": 0.0,
        "error_rate": 0.0
      }
    },
    {
      "run_id": "20260309T115334Z",
      "run_dir": "artifacts\\proposal\\20260309T115334Z",
      "metrics": {
        "overall_quality": 0.37652381497812537,
        "context_relevance": 0.206932688958551,
        "persona_consistency": 0.2994505494505495,
        "naturalness": 0.8974903846153846,
        "quest_state_correctness": 0.2663291013584117,
        "lore_consistency": 0.12514718111772177,
        "multi_turn_contradiction_safety": 1.0,
        "objective_completion_support": 0.08625,
        "gameplay_usefulness": 0.3542892298314712,
        "time_pressure_acceptability": 0.2944162878787879
      },
      "operational": {
        "fallback_rate": 0.0,
        "retry_rate": 0.0,
        "first_pass_accept_rate": 0.75,
        "timeout_rate": 0.0,
        "error_rate": 0.0
      }
    }
  ],
  "metrics": {
    "overall_quality": {
      "count": 2,
      "mean": 0.3921932447430603,
      "std": 0.0221599200882236,
      "min": 0.37652381497812537,
      "max": 0.4078626745079952,
      "ci95_low": 0.36148116240378786,
      "ci95_high": 0.4229053270823327
    },
    "context_relevance": {
      "count": 2,
      "mean": 0.23878613637346371,
      "std": 0.04504757734250778,
      "min": 0.206932688958551,
      "max": 0.27063958378837644,
      "ci95_low": 0.17635337944023477,
      "ci95_high": 0.30121889330669266
    },
    "persona_consistency": {
      "count": 2,
      "mean": 0.29832075332075336,
      "std": 0.0015977730094743272,
      "min": 0.29719095719095723,
      "max": 0.2994505494505495,
      "ci95_low": 0.29610635290635295,
      "ci95_high": 0.30053515373515377
    },
    "naturalness": {
      "count": 2,
      "mean": 0.898884845039233,
      "std": 0.0019720648435990807,
      "min": 0.8974903846153846,
      "max": 0.9002793054630815,
      "ci95_low": 0.89615170260849,
      "ci95_high": 0.9016179874699761
    },
    "quest_state_correctness": {
      "count": 2,
      "mean": 0.2951976321103199,
      "std": 0.04082626771513339,
      "min": 0.2663291013584117,
      "max": 0.32406616286222817,
      "ci95_low": 0.23861531183657977,
      "ci95_high": 0.35177995238406
    },
    "lore_consistency": {
      "count": 2,
      "mean": 0.15739886254499993,
      "std": 0.045610765283793236,
      "min": 0.12514718111772177,
      "max": 0.1896505439722781,
      "ci95_low": 0.09418556694753474,
      "ci95_high": 0.22061215814246513
    },
    "multi_turn_contradiction_safety": {
      "count": 2,
      "mean": 1.0,
      "std": 0.0,
      "min": 1.0,
      "max": 1.0,
      "ci95_low": 1.0,
      "ci95_high": 1.0
    },
    "objective_completion_support": {
      "count": 2,
      "mean": 0.07281828703703704,
      "std": 0.018995310638124725,
      "min": 0.05938657407407408,
      "max": 0.08625,
      "ci95_low": 0.04649212962962964,
      "ci95_high": 0.09914444444444442
    },
    "gameplay_usefulness": {
      "count": 2,
      "mean": 0.3550419483035276,
      "std": 0.0010645046718308856,
      "min": 0.3542892298314712,
      "max": 0.35579466677558397,
      "ci95_low": 0.3535666200982971,
      "ci95_high": 0.3565172765087581
    },
    "time_pressure_acceptability": {
      "count": 2,
      "mean": 0.2915194993085618,
      "std": 0.004096677683341078,
      "min": 0.28862271073833573,
      "max": 0.2944162878787879,
      "ci95_low": 0.2858417937109187,
      "ci95_high": 0.2971972049062049
    }
  },
  "operational": {
    "fallback_rate": {
      "count": 2,
      "mean": 0.006944444444444444,
      "std": 0.009820927516479826,
      "min": 0.0,
      "max": 0.013888888888888888,
      "ci95_low": -0.0066666666666666645,
      "ci95_high": 0.020555555555555553
    },
    "retry_rate": {
      "count": 2,
      "mean": 0.08333333333333333,
      "std": 0.11785113019775792,
      "min": 0.0,
      "max": 0.16666666666666666,
      "ci95_low": -0.08,
      "ci95_high": 0.24666666666666665
    },
    "first_pass_accept_rate": {
      "count": 2,
      "mean": 0.59375,
      "std": 0.2209708691207961,
      "min": 0.4375,
      "max": 0.75,
      "ci95_low": 0.2875,
      "ci95_high": 0.9
    },
    "timeout_rate": {
      "count": 2,
      "mean": 0.0,
      "std": 0.0,
      "min": 0.0,
      "max": 0.0,
      "ci95_low": 0.0,
      "ci95_high": 0.0
    },
    "error_rate": {
      "count": 2,
      "mean": 0.0,
      "std": 0.0,
      "min": 0.0,
      "max": 0.0,
      "ci95_low": 0.0,
      "ci95_high": 0.0
    }
  }
}