{
  "proposed_vs_candidate_no_context": {
    "context_relevance": {
      "target_mean": 0.06093758004939855,
      "baseline_mean": 0.009714634938679545,
      "absolute_delta": 0.05122294511071901,
      "relative_delta": 5.272760678506922
    },
    "persona_consistency": {
      "target_mean": 0.15396825396825398,
      "baseline_mean": 0.16666666666666666,
      "absolute_delta": -0.012698412698412681,
      "relative_delta": -0.07619047619047609
    },
    "naturalness": {
      "target_mean": 0.7952012774806891,
      "baseline_mean": 0.8369132110579479,
      "absolute_delta": -0.041711933577258775,
      "relative_delta": -0.049840214046245515
    },
    "context_keyword_coverage": {
      "target_mean": 0.06818181818181818,
      "baseline_mean": 0.0,
      "absolute_delta": 0.06818181818181818,
      "relative_delta": NaN
    },
    "context_overlap": {
      "target_mean": 0.04403435774041944,
      "baseline_mean": 0.03238211646226515,
      "absolute_delta": 0.011652241278154285,
      "relative_delta": 0.35983569176933294
    },
    "persona_keyword_coverage": {
      "target_mean": 0.025793650793650796,
      "baseline_mean": 0.041666666666666664,
      "absolute_delta": -0.01587301587301587,
      "relative_delta": -0.3809523809523809
    },
    "persona_style": {
      "target_mean": 0.6666666666666666,
      "baseline_mean": 0.6666666666666666,
      "absolute_delta": 0.0,
      "relative_delta": 0.0
    },
    "distinct1": {
      "target_mean": 0.9404337492572786,
      "baseline_mean": 0.9523524720893142,
      "absolute_delta": -0.011918722832035544,
      "relative_delta": -0.012515033227023298
    },
    "length_score": {
      "target_mean": 0.25555555555555554,
      "baseline_mean": 0.41111111111111115,
      "absolute_delta": -0.1555555555555556,
      "relative_delta": -0.3783783783783785
    },
    "sentence_score": {
      "target_mean": 0.6791666666666667,
      "baseline_mean": 0.7374999999999999,
      "absolute_delta": -0.05833333333333324,
      "relative_delta": -0.07909604519774
    },
    "overall_quality": {
      "target_mean": 0.23417042500656204,
      "baseline_mean": 0.22337991078951425,
      "absolute_delta": 0.010790514217047797,
      "relative_delta": 0.04830566087572419
    }
  },
  "controlled_vs_proposed_raw": {
    "context_relevance": {
      "target_mean": 0.2477575325620991,
      "baseline_mean": 0.06093758004939855,
      "absolute_delta": 0.18681995251270053,
      "relative_delta": 3.065759296008415
    },
    "persona_consistency": {
      "target_mean": 0.33789682539682536,
      "baseline_mean": 0.15396825396825398,
      "absolute_delta": 0.18392857142857139,
      "relative_delta": 1.1945876288659791
    },
    "naturalness": {
      "target_mean": 0.8966628801734626,
      "baseline_mean": 0.7952012774806891,
      "absolute_delta": 0.10146160269277349,
      "relative_delta": 0.12759235374246164
    },
    "context_keyword_coverage": {
      "target_mean": 0.3106060606060606,
      "baseline_mean": 0.06818181818181818,
      "absolute_delta": 0.24242424242424243,
      "relative_delta": 3.555555555555556
    },
    "context_overlap": {
      "target_mean": 0.101110967126189,
      "baseline_mean": 0.04403435774041944,
      "absolute_delta": 0.05707660938576956,
      "relative_delta": 1.2961835329184002
    },
    "persona_keyword_coverage": {
      "target_mean": 0.2567460317460317,
      "baseline_mean": 0.025793650793650796,
      "absolute_delta": 0.23095238095238094,
      "relative_delta": 8.953846153846152
    },
    "persona_style": {
      "target_mean": 0.6625,
      "baseline_mean": 0.6666666666666666,
      "absolute_delta": -0.004166666666666652,
      "relative_delta": -0.006249999999999978
    },
    "distinct1": {
      "target_mean": 0.920038048386873,
      "baseline_mean": 0.9404337492572786,
      "absolute_delta": -0.020395700870405653,
      "relative_delta": -0.0216875467160908
    },
    "length_score": {
      "target_mean": 0.7111111111111111,
      "baseline_mean": 0.25555555555555554,
      "absolute_delta": 0.4555555555555556,
      "relative_delta": 1.7826086956521743
    },
    "sentence_score": {
      "target_mean": 0.9125,
      "baseline_mean": 0.6791666666666667,
      "absolute_delta": 0.23333333333333328,
      "relative_delta": 0.34355828220858886
    },
    "overall_quality": {
      "target_mean": 0.4101475821293427,
      "baseline_mean": 0.23417042500656204,
      "absolute_delta": 0.17597715712278067,
      "relative_delta": 0.7514918125030065
    }
  },
  "controlled_vs_candidate_no_context": {
    "context_relevance": {
      "target_mean": 0.2477575325620991,
      "baseline_mean": 0.009714634938679545,
      "absolute_delta": 0.23804289762341954,
      "relative_delta": 24.50353504027557
    },
    "persona_consistency": {
      "target_mean": 0.33789682539682536,
      "baseline_mean": 0.16666666666666666,
      "absolute_delta": 0.1712301587301587,
      "relative_delta": 1.0273809523809523
    },
    "naturalness": {
      "target_mean": 0.8966628801734626,
      "baseline_mean": 0.8369132110579479,
      "absolute_delta": 0.059749669115514714,
      "relative_delta": 0.07139290947502756
    },
    "context_keyword_coverage": {
      "target_mean": 0.3106060606060606,
      "baseline_mean": 0.0,
      "absolute_delta": 0.3106060606060606,
      "relative_delta": NaN
    },
    "context_overlap": {
      "target_mean": 0.101110967126189,
      "baseline_mean": 0.03238211646226515,
      "absolute_delta": 0.06872885066392384,
      "relative_delta": 2.122432322915443
    },
    "persona_keyword_coverage": {
      "target_mean": 0.2567460317460317,
      "baseline_mean": 0.041666666666666664,
      "absolute_delta": 0.21507936507936506,
      "relative_delta": 5.161904761904762
    },
    "persona_style": {
      "target_mean": 0.6625,
      "baseline_mean": 0.6666666666666666,
      "absolute_delta": -0.004166666666666652,
      "relative_delta": -0.006249999999999978
    },
    "distinct1": {
      "target_mean": 0.920038048386873,
      "baseline_mean": 0.9523524720893142,
      "absolute_delta": -0.0323144237024412,
      "relative_delta": -0.033931159575349604
    },
    "length_score": {
      "target_mean": 0.7111111111111111,
      "baseline_mean": 0.41111111111111115,
      "absolute_delta": 0.3,
      "relative_delta": 0.7297297297297296
    },
    "sentence_score": {
      "target_mean": 0.9125,
      "baseline_mean": 0.7374999999999999,
      "absolute_delta": 0.17500000000000004,
      "relative_delta": 0.23728813559322043
    },
    "overall_quality": {
      "target_mean": 0.4101475821293427,
      "baseline_mean": 0.22337991078951425,
      "absolute_delta": 0.18676767133982847,
      "relative_delta": 0.8360987820243843
    }
  },
  "controlled_alt_vs_controlled_default": {
    "context_relevance": {
      "target_mean": 0.2620235275822233,
      "baseline_mean": 0.2477575325620991,
      "absolute_delta": 0.014265995020124211,
      "relative_delta": 0.057580469391171854
    },
    "persona_consistency": {
      "target_mean": 0.3537896825396825,
      "baseline_mean": 0.33789682539682536,
      "absolute_delta": 0.015892857142857153,
      "relative_delta": 0.04703464474456844
    },
    "naturalness": {
      "target_mean": 0.8876912333752279,
      "baseline_mean": 0.8966628801734626,
      "absolute_delta": -0.0089716467982347,
      "relative_delta": -0.01000559630225699
    },
    "context_keyword_coverage": {
      "target_mean": 0.32575757575757575,
      "baseline_mean": 0.3106060606060606,
      "absolute_delta": 0.015151515151515138,
      "relative_delta": 0.048780487804878
    },
    "context_overlap": {
      "target_mean": 0.11331074850640101,
      "baseline_mean": 0.101110967126189,
      "absolute_delta": 0.012199781380212008,
      "relative_delta": 0.1206573503049019
    },
    "persona_keyword_coverage": {
      "target_mean": 0.27817460317460313,
      "baseline_mean": 0.2567460317460317,