{
  "proposed_contextual_controlled": {
    "sample_count": 12,
    "context_relevance": {
      "n": 12,
      "mean": 0.2477575325620991,
      "median": 0.22364718614718612,
      "p95": 0.3522951293539528,
      "ci95_low": 0.21460602938011994,
      "ci95_high": 0.2854152209746733
    },
    "persona_consistency": {
      "n": 12,
      "mean": 0.33789682539682536,
      "median": 0.24666666666666667,
      "p95": 0.6516428571428572,
      "ci95_low": 0.24666269841269842,
      "ci95_high": 0.4395555555555553
    },
    "naturalness": {
      "n": 12,
      "mean": 0.8966628801734626,
      "median": 0.9275268817204301,
      "p95": 0.9424242424242426,
      "ci95_low": 0.8436699509618419,
      "ci95_high": 0.9333008892323409
    },
    "context_keyword_coverage": {
      "n": 12,
      "mean": 0.3106060606060606,
      "median": 0.2727272727272727,
      "p95": 0.4454545454545453,
      "ci95_low": 0.2727272727272727,
      "ci95_high": 0.3636363636363636
    },
    "context_overlap": {
      "n": 12,
      "mean": 0.101110967126189,
      "median": 0.09972527472527473,
      "p95": 0.14188453159041392,
      "ci95_low": 0.0886820913959072,
      "ci95_high": 0.11555358752098303
    },
    "persona_keyword_coverage": {
      "n": 12,
      "mean": 0.2567460317460317,
      "median": 0.16666666666666666,
      "p95": 0.5714285714285714,
      "ci95_low": 0.16468253968253968,
      "ci95_high": 0.3627281746031744
    },
    "persona_style": {
      "n": 12,
      "mean": 0.6625,
      "median": 0.5,
      "p95": 1.0,
      "ci95_low": 0.5416666666666666,
      "ci95_high": 0.7875
    },
    "distinct1": {
      "n": 12,
      "mean": 0.920038048386873,
      "median": 0.9354838709677419,
      "p95": 1.0,
      "ci95_low": 0.8767934160737605,
      "ci95_high": 0.9548801000413903
    },
    "length_score": {
      "n": 12,
      "mean": 0.7111111111111111,
      "median": 0.7666666666666666,
      "p95": 0.9666666666666668,
      "ci95_low": 0.5777083333333333,
      "ci95_high": 0.8277777777777778
    },
    "sentence_score": {
      "n": 12,
      "mean": 0.9125,
      "median": 1.0,
      "p95": 1.0,
      "ci95_low": 0.8250000000000001,
      "ci95_high": 1.0
    },
    "overall_quality": {
      "n": 12,
      "mean": 0.4101475821293427,
      "median": 0.4015220592867653,
      "p95": 0.5048818031299656,
      "ci95_low": 0.37787081693672003,
      "ci95_high": 0.44519798676439853
    },
    "metrics": [
      "context_relevance",
      "persona_consistency",
      "naturalness",
      "context_keyword_coverage",
      "context_overlap",
      "persona_keyword_coverage",
      "persona_style",
      "distinct1",
      "length_score",
      "sentence_score",
      "overall_quality"
    ]
  },
  "proposed_contextual_controlled_tuned": {
    "sample_count": 12,
    "context_relevance": {
      "n": 12,
      "mean": 0.2620235275822233,
      "median": 0.26181675467389753,
      "p95": 0.3839530502392344,
      "ci95_low": 0.21536987116852138,
      "ci95_high": 0.30678022855907217
    },
    "persona_consistency": {
      "n": 12,
      "mean": 0.3537896825396825,
      "median": 0.31333333333333335,
      "p95": 0.5428571428571429,
      "ci95_low": 0.28370882936507935,
      "ci95_high": 0.42746031746031754
    },
    "naturalness": {
      "n": 12,
      "mean": 0.8876912333752279,
      "median": 0.9010673822301729,
      "p95": 0.9443333333333335,
      "ci95_low": 0.8507786013765837,
      "ci95_high": 0.919897783389661
    },
    "context_keyword_coverage": {
      "n": 12,
      "mean": 0.32575757575757575,
      "median": 0.3181818181818182,
      "p95": 0.49545454545454537,
      "ci95_low": 0.26515151515151514,
      "ci95_high": 0.3863636363636363
    },
    "context_overlap": {
      "n": 12,
      "mean": 0.11331074850640101,
      "median": 0.10912698412698413,
      "p95": 0.17202806122448977,
      "ci95_low": 0.08821053393422204,
      "ci95_high": 0.13654303283158123
    },
    "persona_keyword_coverage": {
      "n": 12,
      "mean": 0.27817460317460313,
      "median": 0.24285714285714285,
      "p95": 0.42857142857142855,
      "ci95_low": 0.21664682539682542,
      "ci95_high": 0.34088293650793644
    },
    "persona_style": {
      "n": 12,
      "mean": 0.65625,
      "median": 0.5,
      "p95": 1.0,
      "ci95_low": 0.5416666666666666,
      "ci95_high": 0.78125
    },
    "distinct1": {
      "n": 12,
      "mean": 0.9358947501047364,
      "median": 0.9393939393939394,
      "p95": 1.0,
      "ci95_low": 0.9090725356115232,
      "ci95_high": 0.9615421139318199
    },
    "length_score": {
      "n": 12,
      "mean": 0.625,
      "median": 0.7000000000000001,
      "p95": 0.8483333333333334,
      "ci95_low": 0.4666666666666666,
      "ci95_high": 0.7666666666666667
    },
    "sentence_score": {
      "n": 12,
      "mean": 0.8833333333333333,
      "median": 1.0,
      "p95": 1.0,
      "ci95_low": 0.7958333333333334,
      "ci95_high": 0.9708333333333333
    },
    "overall_quality": {
      "n": 12,
      "mean": 0.4207547036176331,
      "median": 0.4147607834786248,
      "p95": 0.48567432611248407,
      "ci95_low": 0.3966619008488313,
      "ci95_high": 0.4454769585303018
    },
    "metrics": [
      "context_relevance",
      "persona_consistency",
      "naturalness",
      "context_keyword_coverage",
      "context_overlap",
      "persona_keyword_coverage",
      "persona_style",
      "distinct1",
      "length_score",
      "sentence_score",
      "overall_quality"
    ]
  },
  "proposed_contextual": {
    "sample_count": 12,
    "context_relevance": {
      "n": 12,
      "mean": 0.06093758004939855,
      "median": 0.011363636363636364,
      "p95": 0.24358957219251332,
      "ci95_low": 0.010754101687118187,
      "ci95_high": 0.11688083112132609
    },
    "persona_consistency": {
      "n": 12,
      "mean": 0.15396825396825398,
      "median": 0.1,
      "p95": 0.2697619047619047,
      "ci95_low": 0.11666666666666668,
      "ci95_high": 0.198015873015873
    },
    "naturalness": {
      "n": 12,
      "mean": 0.7952012774806891,
      "median": 0.7486363636363635,
      "p95": 0.8953284313725489,
      "ci95_low": 0.7630303030303031,
      "ci95_high": 0.8312113784907903
    },
    "context_keyword_coverage": {
      "n": 12,
      "mean": 0.06818181818181818,
      "median": 0.0,
      "p95": 0.3136363636363636,
      "ci95_low": 0.0,
      "ci95_high": 0.14393939393939395
    },
    "context_overlap": {
      "n": 12,
      "mean": 0.04403435774041944,
      "median": 0.03787878787878788,
      "p95": 0.0801470588235294,
      "ci95_low": 0.032583546877955956,
      "ci95_high": 0.055600037194818396
    },
    "persona_keyword_coverage": {
      "n": 12,
      "mean": 0.025793650793650796,
      "median": 0.0,
      "p95": 0.15357142857142853,
      "ci95_low": 0.0,
      "ci95_high": 0.06547619047619048
    },
    "persona_style": {
      "n": 12,
      "mean": 0.6666666666666666,
      "median": 0.5,
      "p95": 1.0,
      "ci95_low": 0.5416666666666666,
      "ci95_high": 0.7916666666666666
    },
    "distinct1": {
      "n": 12,
      "mean": 0.9404337492572786,
      "median": 0.9090909090909091,
      "p95": 1.0,
      "ci95_low": 0.9177064765300059,
      "ci95_high": 0.9631610219845514
    },
    "length_score": {
      "n": 12,
      "mean": 0.25555555555555554,
      "median": 0.09999999999999998,
      "p95": 0.6416666666666666,
      "ci95_low": 0.14444444444444443,
      "ci95_high": 0.38611111111111107
    },
    "sentence_score": {
      "n": 12,
      "mean": 0.6791666666666667,
      "median": 0.65,
      "p95": 0.8074999999999998,
      "ci95_low": 0.65,
      "ci95_high": 0.7374999999999999
    },
    "overall_quality": {
      "n": 12,
      "mean": 0.23417042500656204,
      "median": 0.21239434589800446,
      "p95": 0.33769371339444876,
      "ci95_low": 0.20474748579623267,
      "ci95_high": 0.2682983298186088
    },