{
  "proposed_contextual_controlled": {
    "sample_count": 24,
    "context_relevance": {
      "n": 24,
      "mean": 0.2707684332759856,
      "median": 0.27916206600417126,
      "p95": 0.4252477722461615,
      "ci95_low": 0.23567267035465259,
      "ci95_high": 0.3090566058872949
    },
    "persona_consistency": {
      "n": 24,
      "mean": 0.3459359026096314,
      "median": 0.33333333333333337,
      "p95": 0.5787142857142856,
      "ci95_low": 0.29253461292709176,
      "ci95_high": 0.4003460367904224
    },
    "naturalness": {
      "n": 24,
      "mean": 0.8903401099411822,
      "median": 0.9062585034013606,
      "p95": 0.9661578947368421,
      "ci95_low": 0.8631813237060059,
      "ci95_high": 0.9159187046130158
    },
    "context_keyword_coverage": {
      "n": 24,
      "mean": 0.34261363636363634,
      "median": 0.36363636363636365,
      "p95": 0.5454545454545454,
      "ci95_low": 0.293113952020202,
      "ci95_high": 0.3917376893939393
    },
    "context_overlap": {
      "n": 24,
      "mean": 0.10312962607146713,
      "median": 0.09878048780487805,
      "p95": 0.15685203574975173,
      "ci95_low": 0.09159322025222168,
      "ci95_high": 0.11652225143403762
    },
    "persona_keyword_coverage": {
      "n": 24,
      "mean": 0.28174603174603174,
      "median": 0.2,
      "p95": 0.6,
      "ci95_low": 0.2148809523809524,
      "ci95_high": 0.3525843253968254
    },
    "persona_style": {
      "n": 24,
      "mean": 0.6026953860640302,
      "median": 0.5,
      "p95": 1.0,
      "ci95_low": 0.4776953860640301,
      "ci95_high": 0.7222222222222222
    },
    "distinct1": {
      "n": 24,
      "mean": 0.9263711081862889,
      "median": 0.9369727047146401,
      "p95": 0.9623960695389266,
      "ci95_low": 0.915830028610365,
      "ci95_high": 0.9367343405841997
    },
    "length_score": {
      "n": 24,
      "mean": 0.6124999999999999,
      "median": 0.65,
      "p95": 0.9616666666666667,
      "ci95_low": 0.4957986111111112,
      "ci95_high": 0.725
    },
    "sentence_score": {
      "n": 24,
      "mean": 0.9729166666666668,
      "median": 1.0,
      "p95": 1.0,
      "ci95_low": 0.9187500000000001,
      "ci95_high": 1.0
    },
    "overall_quality": {
      "n": 24,
      "mean": 0.42363928156433356,
      "median": 0.42071426752519203,
      "p95": 0.5171103768563463,
      "ci95_low": 0.3982837961053026,
      "ci95_high": 0.4488328875974712
    },
    "metrics": [
      "context_relevance",
      "persona_consistency",
      "naturalness",
      "context_keyword_coverage",
      "context_overlap",
      "persona_keyword_coverage",
      "persona_style",
      "distinct1",
      "length_score",
      "sentence_score",
      "overall_quality"
    ]
  },
  "proposed_contextual_controlled_alt": {
    "sample_count": 24,
    "context_relevance": {
      "n": 24,
      "mean": 0.27128934832418333,
      "median": 0.2780839160839161,
      "p95": 0.42391014536416355,
      "ci95_low": 0.2267732314358594,
      "ci95_high": 0.3147492374803489
    },
    "persona_consistency": {
      "n": 24,
      "mean": 0.3530615421455939,
      "median": 0.32298850574712645,
      "p95": 0.7393392857142854,
      "ci95_low": 0.28380177972769566,
      "ci95_high": 0.42710600540503546
    },
    "naturalness": {
      "n": 24,
      "mean": 0.8668692772549315,
      "median": 0.8809338061465721,
      "p95": 0.9567142857142859,
      "ci95_low": 0.8384013793527361,
      "ci95_high": 0.8935217973289593
    },
    "context_keyword_coverage": {
      "n": 24,
      "mean": 0.33914141414141413,
      "median": 0.36363636363636365,
      "p95": 0.5454545454545454,
      "ci95_low": 0.2821953914141414,
      "ci95_high": 0.3975378787878788
    },
    "context_overlap": {
      "n": 24,
      "mean": 0.11296786141731147,
      "median": 0.11506935687263556,
      "p95": 0.16183783783783784,
      "ci95_low": 0.10045904854646732,
      "ci95_high": 0.12556605785872602
    },
    "persona_keyword_coverage": {
      "n": 24,
      "mean": 0.29583333333333334,
      "median": 0.2,
      "p95": 0.697142857142857,
      "ci95_low": 0.2130704365079365,
      "ci95_high": 0.39087797619047615
    },
    "persona_style": {
      "n": 24,
      "mean": 0.5819743773946361,
      "median": 0.5,
      "p95": 1.0,
      "ci95_low": 0.4586639427681992,
      "ci95_high": 0.7026507124042144
    },
    "distinct1": {
      "n": 24,
      "mean": 0.9310620820262173,
      "median": 0.9384469696969697,
      "p95": 0.9784545454545454,
      "ci95_low": 0.9153230618115503,
      "ci95_high": 0.9451508279582514
    },
    "length_score": {
      "n": 24,
      "mean": 0.5305555555555556,
      "median": 0.5833333333333333,
      "p95": 0.895,
      "ci95_low": 0.4027430555555555,
      "ci95_high": 0.6555902777777777
    },
    "sentence_score": {
      "n": 24,
      "mean": 0.8833333333333333,
      "median": 1.0,
      "p95": 1.0,
      "ci95_low": 0.8104166666666667,
      "ci95_high": 0.9416666666666668
    },
    "overall_quality": {
      "n": 24,
      "mean": 0.42183779662268367,
      "median": 0.4275656474833258,
      "p95": 0.5299740164300414,
      "ci95_low": 0.39096941157836557,
      "ci95_high": 0.4551155685107338
    },
    "metrics": [
      "context_relevance",
      "persona_consistency",
      "naturalness",
      "context_keyword_coverage",
      "context_overlap",
      "persona_keyword_coverage",
      "persona_style",
      "distinct1",
      "length_score",
      "sentence_score",
      "overall_quality"
    ]
  },
  "proposed_contextual": {
    "sample_count": 24,
    "context_relevance": {
      "n": 24,
      "mean": 0.039935626176749124,
      "median": 0.014634146341463414,
      "p95": 0.14636245980076867,
      "ci95_low": 0.019921536876051978,
      "ci95_high": 0.06471252285125242
    },
    "persona_consistency": {
      "n": 24,
      "mean": 0.10120892615176152,
      "median": 0.1,
      "p95": 0.2,
      "ci95_low": 0.0695290798611111,
      "ci95_high": 0.13531932799796748
    },
    "naturalness": {
      "n": 24,
      "mean": 0.7988645382395382,
      "median": 0.7486363636363635,
      "p95": 0.9633214285714286,
      "ci95_low": 0.7686666666666666,
      "ci95_high": 0.8343499503968254
    },
    "context_keyword_coverage": {
      "n": 24,
      "mean": 0.03756313131313131,
      "median": 0.0,
      "p95": 0.18181818181818182,
      "ci95_low": 0.011047979797979798,
      "ci95_high": 0.07134627525252521
    },
    "context_overlap": {
      "n": 24,
      "mean": 0.04547144752519069,
      "median": 0.047619047619047616,
      "p95": 0.07027582159624413,
      "ci95_low": 0.03909632070285572,
      "ci95_high": 0.05250073383033354
    },
    "persona_keyword_coverage": {
      "n": 24,
      "mean": 0.013888888888888888,
      "median": 0.0,
      "p95": 0.0,
      "ci95_low": 0.0,
      "ci95_high": 0.041666666666666664
    },
    "persona_style": {
      "n": 24,
      "mean": 0.45048907520325204,
      "median": 0.5,
      "p95": 1.0,
      "ci95_low": 0.3203125,
      "ci95_high": 0.582065389989837
    },
    "distinct1": {
      "n": 24,
      "mean": 0.9317099567099567,
      "median": 0.9090909090909091,
      "p95": 1.0,
      "ci95_low": 0.9177489177489178,
      "ci95_high": 0.9470806277056276
    },
    "length_score": {
      "n": 24,
      "mean": 0.26944444444444443,
      "median": 0.09999999999999998,
      "p95": 0.9,
      "ci95_low": 0.1611111111111111,
      "ci95_high": 0.39166666666666666
    },
    "sentence_score": {
      "n": 24,
      "mean": 0.7229166666666668,
      "median": 0.65,
      "p95": 1.0,
      "ci95_low": 0.6791666666666667,
      "ci95_high": 0.78125
    },
    "overall_quality": {
      "n": 24,
      "mean": 0.20835079475544968,
      "median": 0.18487012987012988,
      "p95": 0.33285348897579264,
      "ci95_low": 0.18592722818873425,
      "ci95_high": 0.23382690511927592
    },