{
  "proposed_vs_candidate_no_context": {
    "context_relevance": {
      "target_mean": 0.08728202513399394,
      "baseline_mean": 0.021741947414718375,
      "absolute_delta": 0.06554007771927556,
      "relative_delta": 3.014452959025543
    },
    "persona_consistency": {
      "target_mean": 0.14876488095238097,
      "baseline_mean": 0.17256187343358395,
      "absolute_delta": -0.023796992481202983,
      "relative_delta": -0.1379041152468829
    },
    "naturalness": {
      "target_mean": 0.8198916770535964,
      "baseline_mean": 0.8268356413572382,
      "absolute_delta": -0.0069439643036417475,
      "relative_delta": -0.008398240177749637
    },
    "context_keyword_coverage": {
      "target_mean": 0.09734848484848485,
      "baseline_mean": 0.013636363636363636,
      "absolute_delta": 0.08371212121212121,
      "relative_delta": 6.138888888888889
    },
    "context_overlap": {
      "target_mean": 0.06379361913351515,
      "baseline_mean": 0.040654976230879436,
      "absolute_delta": 0.023138642902635717,
      "relative_delta": 0.5691466346267543
    },
    "persona_keyword_coverage": {
      "target_mean": 0.055952380952380955,
      "baseline_mean": 0.09047619047619046,
      "absolute_delta": -0.034523809523809505,
      "relative_delta": -0.3815789473684209
    },
    "persona_style": {
      "target_mean": 0.5200148809523809,
      "baseline_mean": 0.5009046052631578,
      "absolute_delta": 0.019110275689223077,
      "relative_delta": 0.038151527233779785
    },
    "distinct1": {
      "target_mean": 0.9326458593006581,
      "baseline_mean": 0.9347974367264291,
      "absolute_delta": -0.0021515774257709896,
      "relative_delta": -0.002301650968690722
    },
    "length_score": {
      "target_mean": 0.35666666666666663,
      "baseline_mean": 0.3783333333333333,
      "absolute_delta": -0.021666666666666667,
      "relative_delta": -0.05726872246696036
    },
    "sentence_score": {
      "target_mean": 0.755,
      "baseline_mean": 0.7725000000000001,
      "absolute_delta": -0.01750000000000007,
      "relative_delta": -0.022653721682847985
    },
    "overall_quality": {
      "target_mean": 0.2511743503896931,
      "baseline_mean": 0.23148227189030202,
      "absolute_delta": 0.019692078499391086,
      "relative_delta": 0.08506948864197703
    }
  },
  "controlled_vs_proposed_raw": {
    "context_relevance": {
      "target_mean": 0.2795849939595175,
      "baseline_mean": 0.08728202513399394,
      "absolute_delta": 0.19230296882552358,
      "relative_delta": 2.2032367893653158
    },
    "persona_consistency": {
      "target_mean": 0.2531798319327731,
      "baseline_mean": 0.14876488095238097,
      "absolute_delta": 0.10441495098039213,
      "relative_delta": 0.7018790342985246
    },
    "naturalness": {
      "target_mean": 0.9137101911725127,
      "baseline_mean": 0.8198916770535964,
      "absolute_delta": 0.09381851411891629,
      "relative_delta": 0.11442793815893725
    },
    "context_keyword_coverage": {
      "target_mean": 0.34833333333333333,
      "baseline_mean": 0.09734848484848485,
      "absolute_delta": 0.2509848484848485,
      "relative_delta": 2.5782101167315172
    },
    "context_overlap": {
      "target_mean": 0.11917220208728078,
      "baseline_mean": 0.06379361913351515,
      "absolute_delta": 0.05537858295376563,
      "relative_delta": 0.8680896883724766
    },
    "persona_keyword_coverage": {
      "target_mean": 0.16452380952380952,
      "baseline_mean": 0.055952380952380955,
      "absolute_delta": 0.10857142857142857,
      "relative_delta": 1.9404255319148935
    },
    "persona_style": {
      "target_mean": 0.6078039215686275,
      "baseline_mean": 0.5200148809523809,
      "absolute_delta": 0.0877890406162466,
      "relative_delta": 0.16882024694267483
    },
    "distinct1": {
      "target_mean": 0.9346921445979485,
      "baseline_mean": 0.9326458593006581,
      "absolute_delta": 0.00204628529729034,
      "relative_delta": 0.0021940646354498814
    },
    "length_score": {
      "target_mean": 0.7516666666666667,
      "baseline_mean": 0.35666666666666663,
      "absolute_delta": 0.3950000000000001,
      "relative_delta": 1.107476635514019
    },
    "sentence_score": {
      "target_mean": 0.8949999999999999,
      "baseline_mean": 0.755,
      "absolute_delta": 0.1399999999999999,
      "relative_delta": 0.1854304635761588
    },
    "overall_quality": {
      "target_mean": 0.39708468087785614,
      "baseline_mean": 0.2511743503896931,
      "absolute_delta": 0.14591033048816304,
      "relative_delta": 0.5809125424701425
    }
  },
  "controlled_vs_candidate_no_context": {
    "context_relevance": {
      "target_mean": 0.2795849939595175,
      "baseline_mean": 0.021741947414718375,
      "absolute_delta": 0.25784304654479917,
      "relative_delta": 11.859243407527073
    },
    "persona_consistency": {
      "target_mean": 0.2531798319327731,
      "baseline_mean": 0.17256187343358395,
      "absolute_delta": 0.08061795849918915,
      "relative_delta": 0.4671829118163671
    },
    "naturalness": {
      "target_mean": 0.9137101911725127,
      "baseline_mean": 0.8268356413572382,
      "absolute_delta": 0.08687454981527454,
      "relative_delta": 0.10506870467348417
    },
    "context_keyword_coverage": {
      "target_mean": 0.34833333333333333,
      "baseline_mean": 0.013636363636363636,
      "absolute_delta": 0.3346969696969697,
      "relative_delta": 24.544444444444448
    },
    "context_overlap": {
      "target_mean": 0.11917220208728078,
      "baseline_mean": 0.040654976230879436,
      "absolute_delta": 0.07851722585640135,
      "relative_delta": 1.9313066476906138
    },
    "persona_keyword_coverage": {
      "target_mean": 0.16452380952380952,
      "baseline_mean": 0.09047619047619046,
      "absolute_delta": 0.07404761904761906,
      "relative_delta": 0.8184210526315792
    },
    "persona_style": {
      "target_mean": 0.6078039215686275,
      "baseline_mean": 0.5009046052631578,
      "absolute_delta": 0.10689931630546967,
      "relative_delta": 0.21341252442530148
    },
    "distinct1": {
      "target_mean": 0.9346921445979485,
      "baseline_mean": 0.9347974367264291,
      "absolute_delta": -0.00010529212848064962,
      "relative_delta": -0.00011263630423439386
    },
    "length_score": {
      "target_mean": 0.7516666666666667,
      "baseline_mean": 0.3783333333333333,
      "absolute_delta": 0.3733333333333334,
      "relative_delta": 0.9867841409691632
    },
    "sentence_score": {
      "target_mean": 0.8949999999999999,
      "baseline_mean": 0.7725000000000001,
      "absolute_delta": 0.12249999999999983,
      "relative_delta": 0.15857605177993503
    },
    "overall_quality": {
      "target_mean": 0.39708468087785614,
      "baseline_mean": 0.23148227189030202,
      "absolute_delta": 0.16560240898755413,
      "relative_delta": 0.7153999640457653
    }
  },
  "controlled_alt_vs_controlled_default": {
    "context_relevance": {
      "target_mean": 0.2548354848985648,
      "baseline_mean": 0.2795849939595175,
      "absolute_delta": -0.024749509060952746,
      "relative_delta": -0.08852230840592377
    },
    "persona_consistency": {
      "target_mean": 0.2758809523809524,
      "baseline_mean": 0.2531798319327731,
      "absolute_delta": 0.02270112044817929,
      "relative_delta": 0.08966401579019581
    },
    "naturalness": {
      "target_mean": 0.907149485218411,
      "baseline_mean": 0.9137101911725127,
      "absolute_delta": -0.006560705954101742,
      "relative_delta": -0.0071802919760397535
    },
    "context_keyword_coverage": {
      "target_mean": 0.32106060606060605,
      "baseline_mean": 0.34833333333333333,
      "absolute_delta": -0.027272727272727282,
      "relative_delta": -0.07829491083079602
    },
    "context_overlap": {
      "target_mean": 0.10031020218713523,
      "baseline_mean": 0.11917220208728078,
      "absolute_delta": -0.01886199990014556,