{
  "proposed_contextual_controlled": {
    "sample_count": 20,
    "context_relevance": {
      "n": 20,
      "mean": 0.2795849939595175,
      "median": 0.2793540931457825,
      "p95": 0.37122281639928706,
      "ci95_low": 0.2563692000648201,
      "ci95_high": 0.30504991408504717
    },
    "persona_consistency": {
      "n": 20,
      "mean": 0.2531798319327731,
      "median": 0.23333333333333334,
      "p95": 0.4285714285714286,
      "ci95_low": 0.2097230952380953,
      "ci95_high": 0.29740271708683474
    },
    "naturalness": {
      "n": 20,
      "mean": 0.9137101911725127,
      "median": 0.9210714285714285,
      "p95": 0.9717117117117117,
      "ci95_low": 0.8924900735873318,
      "ci95_high": 0.9321690985366797
    },
    "context_keyword_coverage": {
      "n": 20,
      "mean": 0.34833333333333333,
      "median": 0.36363636363636365,
      "p95": 0.45909090909090916,
      "ci95_low": 0.31923863636363636,
      "ci95_high": 0.3818181818181818
    },
    "context_overlap": {
      "n": 20,
      "mean": 0.11917220208728078,
      "median": 0.1016949152542373,
      "p95": 0.18653594771241844,
      "ci95_low": 0.09840169288640058,
      "ci95_high": 0.15147586599136767
    },
    "persona_keyword_coverage": {
      "n": 20,
      "mean": 0.16452380952380952,
      "median": 0.16666666666666666,
      "p95": 0.28809523809523807,
      "ci95_low": 0.12023809523809523,
      "ci95_high": 0.20476190476190476
    },
    "persona_style": {
      "n": 20,
      "mean": 0.6078039215686275,
      "median": 0.5,
      "p95": 1.0,
      "ci95_low": 0.47591764705882356,
      "ci95_high": 0.7480367647058822
    },
    "distinct1": {
      "n": 20,
      "mean": 0.9346921445979485,
      "median": 0.937741935483871,
      "p95": 0.9708960328317373,
      "ci95_low": 0.9239911082278492,
      "ci95_high": 0.9447191030907223
    },
    "length_score": {
      "n": 20,
      "mean": 0.7516666666666667,
      "median": 0.7666666666666666,
      "p95": 0.9666666666666667,
      "ci95_low": 0.6532916666666666,
      "ci95_high": 0.8333333333333334
    },
    "sentence_score": {
      "n": 20,
      "mean": 0.8949999999999999,
      "median": 1.0,
      "p95": 1.0,
      "ci95_low": 0.825,
      "ci95_high": 0.9650000000000001
    },
    "overall_quality": {
      "n": 20,
      "mean": 0.39708468087785614,
      "median": 0.39832025778143443,
      "p95": 0.4652718504211291,
      "ci95_low": 0.37377871781374916,
      "ci95_high": 0.41852444558178237
    },
    "metrics": [
      "context_relevance",
      "persona_consistency",
      "naturalness",
      "context_keyword_coverage",
      "context_overlap",
      "persona_keyword_coverage",
      "persona_style",
      "distinct1",
      "length_score",
      "sentence_score",
      "overall_quality"
    ]
  },
  "proposed_contextual_controlled_alt": {
    "sample_count": 20,
    "context_relevance": {
      "n": 20,
      "mean": 0.2548354848985648,
      "median": 0.25906542609932437,
      "p95": 0.32893155467720686,
      "ci95_low": 0.2338273667848672,
      "ci95_high": 0.27558131469249253
    },
    "persona_consistency": {
      "n": 20,
      "mean": 0.2758809523809524,
      "median": 0.2895238095238095,
      "p95": 0.4382142857142859,
      "ci95_low": 0.21832500000000005,
      "ci95_high": 0.3344321428571429
    },
    "naturalness": {
      "n": 20,
      "mean": 0.907149485218411,
      "median": 0.92,
      "p95": 0.9717117117117117,
      "ci95_low": 0.8818485273805561,
      "ci95_high": 0.9292145999166276
    },
    "context_keyword_coverage": {
      "n": 20,
      "mean": 0.32106060606060605,
      "median": 0.3318181818181818,
      "p95": 0.4185606060606061,
      "ci95_low": 0.2913636363636364,
      "ci95_high": 0.3488636363636364
    },
    "context_overlap": {
      "n": 20,
      "mean": 0.10031020218713523,
      "median": 0.10084745762711865,
      "p95": 0.14126050420168068,
      "ci95_low": 0.0916192391138682,
      "ci95_high": 0.10959653043789003
    },
    "persona_keyword_coverage": {
      "n": 20,
      "mean": 0.18428571428571427,
      "median": 0.16666666666666666,
      "p95": 0.3523809523809527,
      "ci95_low": 0.12190476190476189,
      "ci95_high": 0.25643452380952375
    },
    "persona_style": {
      "n": 20,
      "mean": 0.6422619047619047,
      "median": 0.5,
      "p95": 1.0,
      "ci95_low": 0.5291666666666667,
      "ci95_high": 0.7655357142857141
    },
    "distinct1": {
      "n": 20,
      "mean": 0.9343320463793605,
      "median": 0.9354838709677419,
      "p95": 0.97625,
      "ci95_low": 0.9212567977693019,
      "ci95_high": 0.9467777998187041
    },
    "length_score": {
      "n": 20,
      "mean": 0.6933333333333334,
      "median": 0.75,
      "p95": 0.9666666666666667,
      "ci95_low": 0.571625,
      "ci95_high": 0.7966666666666666
    },
    "sentence_score": {
      "n": 20,
      "mean": 0.9475,
      "median": 1.0,
      "p95": 1.0,
      "ci95_low": 0.8949999999999999,
      "ci95_high": 1.0
    },
    "overall_quality": {
      "n": 20,
      "mean": 0.39267694866344266,
      "median": 0.3979177286217895,
      "p95": 0.4637021335218942,
      "ci95_low": 0.367740669779426,
      "ci95_high": 0.41681906308351074
    },
    "metrics": [
      "context_relevance",
      "persona_consistency",
      "naturalness",
      "context_keyword_coverage",
      "context_overlap",
      "persona_keyword_coverage",
      "persona_style",
      "distinct1",
      "length_score",
      "sentence_score",
      "overall_quality"
    ]
  },
  "proposed_contextual": {
    "sample_count": 20,
    "context_relevance": {
      "n": 20,
      "mean": 0.08728202513399394,
      "median": 0.01600284495021337,
      "p95": 0.3574247542997543,
      "ci95_low": 0.04169695939626417,
      "ci95_high": 0.1401603232986421
    },
    "persona_consistency": {
      "n": 20,
      "mean": 0.14876488095238097,
      "median": 0.1,
      "p95": 0.3350000000000001,
      "ci95_low": 0.10806287202380954,
      "ci95_high": 0.19355952380952382
    },
    "naturalness": {
      "n": 20,
      "mean": 0.8198916770535964,
      "median": 0.7486363636363635,
      "p95": 0.952311004784689,
      "ci95_low": 0.7839101731601731,
      "ci95_high": 0.8580566238792167
    },
    "context_keyword_coverage": {
      "n": 20,
      "mean": 0.09734848484848485,
      "median": 0.0,
      "p95": 0.45681818181818185,
      "ci95_low": 0.03598484848484849,
      "ci95_high": 0.1696969696969697
    },
    "context_overlap": {
      "n": 20,
      "mean": 0.06379361913351515,
      "median": 0.05195681511470985,
      "p95": 0.12550675675675677,
      "ci95_low": 0.05229761859579329,
      "ci95_high": 0.07661160843426817
    },
    "persona_keyword_coverage": {
      "n": 20,
      "mean": 0.055952380952380955,
      "median": 0.0,
      "p95": 0.28809523809523807,
      "ci95_low": 0.016666666666666666,
      "ci95_high": 0.10595238095238095
    },
    "persona_style": {
      "n": 20,
      "mean": 0.5200148809523809,
      "median": 0.5,
      "p95": 1.0,
      "ci95_low": 0.4057087053571429,
      "ci95_high": 0.639516369047619
    },
    "distinct1": {
      "n": 20,
      "mean": 0.9326458593006581,
      "median": 0.9090909090909091,
      "p95": 1.0,
      "ci95_low": 0.9196843760470695,
      "ci95_high": 0.9464559687990028
    },
    "length_score": {
      "n": 20,
      "mean": 0.35666666666666663,
      "median": 0.09999999999999998,
      "p95": 0.8733333333333334,
      "ci95_low": 0.21999999999999997,
      "ci95_high": 0.4916666666666667
    },
    "sentence_score": {
      "n": 20,
      "mean": 0.755,
      "median": 0.65,
      "p95": 1.0,
      "ci95_low": 0.685,
      "ci95_high": 0.825
    },
    "overall_quality": {
      "n": 20,
      "mean": 0.2511743503896931,
      "median": 0.21384650349650353,
      "p95": 0.46872806450835874,
      "ci95_low": 0.21438408280399104,
      "ci95_high": 0.29522230076678985
    },