{
  "proposed_vs_candidate_no_context": {
    "context_relevance": {
      "target_mean": 0.08294964043775302,
      "baseline_mean": 0.02039932216020264,
      "absolute_delta": 0.06255031827755038,
      "relative_delta": 3.0662939575306467
    },
    "persona_consistency": {
      "target_mean": 0.16729910714285715,
      "baseline_mean": 0.266796875,
      "absolute_delta": -0.09949776785714284,
      "relative_delta": -0.3729345325245764
    },
    "naturalness": {
      "target_mean": 0.8116913997223647,
      "baseline_mean": 0.8663447105943004,
      "absolute_delta": -0.0546533108719357,
      "relative_delta": -0.06308494783149803
    },
    "context_keyword_coverage": {
      "target_mean": 0.09659090909090909,
      "baseline_mean": 0.011363636363636364,
      "absolute_delta": 0.08522727272727272,
      "relative_delta": 7.499999999999999
    },
    "context_overlap": {
      "target_mean": 0.05112001358038889,
      "baseline_mean": 0.041482589018857284,
      "absolute_delta": 0.009637424561531605,
      "relative_delta": 0.23232456771564075
    },
    "persona_keyword_coverage": {
      "target_mean": 0.07142857142857142,
      "baseline_mean": 0.1875,
      "absolute_delta": -0.11607142857142858,
      "relative_delta": -0.6190476190476191
    },
    "persona_style": {
      "target_mean": 0.55078125,
      "baseline_mean": 0.583984375,
      "absolute_delta": -0.033203125,
      "relative_delta": -0.056856187290969896
    },
    "distinct1": {
      "target_mean": 0.9466764159725786,
      "baseline_mean": 0.9564867764857511,
      "absolute_delta": -0.009810360513172522,
      "relative_delta": -0.010256660891033938
    },
    "length_score": {
      "target_mean": 0.28541666666666665,
      "baseline_mean": 0.50625,
      "absolute_delta": -0.22083333333333333,
      "relative_delta": -0.43621399176954734
    },
    "sentence_score": {
      "target_mean": 0.759375,
      "baseline_mean": 0.825,
      "absolute_delta": -0.06562499999999993,
      "relative_delta": -0.07954545454545447
    },
    "overall_quality": {
      "target_mean": 0.25440286965790826,
      "baseline_mean": 0.272810851505624,
      "absolute_delta": -0.01840798184771575,
      "relative_delta": -0.06747525527713939
    }
  },
  "controlled_vs_proposed_raw": {
    "context_relevance": {
      "target_mean": 0.2463323635600472,
      "baseline_mean": 0.08294964043775302,
      "absolute_delta": 0.16338272312229418,
      "relative_delta": 1.9696616195087628
    },
    "persona_consistency": {
      "target_mean": 0.4055654761904762,
      "baseline_mean": 0.16729910714285715,
      "absolute_delta": 0.23826636904761908,
      "relative_delta": 1.424193907049144
    },
    "naturalness": {
      "target_mean": 0.8902562707279306,
      "baseline_mean": 0.8116913997223647,
      "absolute_delta": 0.07856487100556586,
      "relative_delta": 0.09679155283946413
    },
    "context_keyword_coverage": {
      "target_mean": 0.3090909090909091,
      "baseline_mean": 0.09659090909090909,
      "absolute_delta": 0.2125,
      "relative_delta": 2.2
    },
    "context_overlap": {
      "target_mean": 0.0998957573213695,
      "baseline_mean": 0.05112001358038889,
      "absolute_delta": 0.048775743740980614,
      "relative_delta": 0.9541418384851994
    },
    "persona_keyword_coverage": {
      "target_mean": 0.33898809523809526,
      "baseline_mean": 0.07142857142857142,
      "absolute_delta": 0.26755952380952386,
      "relative_delta": 3.745833333333334
    },
    "persona_style": {
      "target_mean": 0.671875,
      "baseline_mean": 0.55078125,
      "absolute_delta": 0.12109375,
      "relative_delta": 0.2198581560283688
    },
    "distinct1": {
      "target_mean": 0.9509010934864932,
      "baseline_mean": 0.9466764159725786,
      "absolute_delta": 0.004224677513914643,
      "relative_delta": 0.0044626415559052175
    },
    "length_score": {
      "target_mean": 0.6041666666666666,
      "baseline_mean": 0.28541666666666665,
      "absolute_delta": 0.31875,
      "relative_delta": 1.1167883211678833
    },
    "sentence_score": {
      "target_mean": 0.890625,
      "baseline_mean": 0.759375,
      "absolute_delta": 0.13124999999999998,
      "relative_delta": 0.17283950617283947
    },
    "overall_quality": {
      "target_mean": 0.4334671063259045,
      "baseline_mean": 0.25440286965790826,
      "absolute_delta": 0.17906423666799626,
      "relative_delta": 0.7038609152042241
    }
  },
  "controlled_vs_candidate_no_context": {
    "context_relevance": {
      "target_mean": 0.2463323635600472,
      "baseline_mean": 0.02039932216020264,
      "absolute_delta": 0.22593304139984455,
      "relative_delta": 11.075517099319157
    },
    "persona_consistency": {
      "target_mean": 0.4055654761904762,
      "baseline_mean": 0.266796875,
      "absolute_delta": 0.13876860119047624,
      "relative_delta": 0.520128285574845
    },
    "naturalness": {
      "target_mean": 0.8902562707279306,
      "baseline_mean": 0.8663447105943004,
      "absolute_delta": 0.02391156013363016,
      "relative_delta": 0.027600514946558817
    },
    "context_keyword_coverage": {
      "target_mean": 0.3090909090909091,
      "baseline_mean": 0.011363636363636364,
      "absolute_delta": 0.29772727272727273,
      "relative_delta": 26.2
    },
    "context_overlap": {
      "target_mean": 0.0998957573213695,
      "baseline_mean": 0.041482589018857284,
      "absolute_delta": 0.05841316830251222,
      "relative_delta": 1.4081369963663208
    },
    "persona_keyword_coverage": {
      "target_mean": 0.33898809523809526,
      "baseline_mean": 0.1875,
      "absolute_delta": 0.15148809523809526,
      "relative_delta": 0.8079365079365081
    },
    "persona_style": {
      "target_mean": 0.671875,
      "baseline_mean": 0.583984375,
      "absolute_delta": 0.087890625,
      "relative_delta": 0.1505016722408027
    },
    "distinct1": {
      "target_mean": 0.9509010934864932,
      "baseline_mean": 0.9564867764857511,
      "absolute_delta": -0.005585682999257879,
      "relative_delta": -0.005839791136245876
    },
    "length_score": {
      "target_mean": 0.6041666666666666,
      "baseline_mean": 0.50625,
      "absolute_delta": 0.09791666666666665,
      "relative_delta": 0.19341563786008228
    },
    "sentence_score": {
      "target_mean": 0.890625,
      "baseline_mean": 0.825,
      "absolute_delta": 0.06562500000000004,
      "relative_delta": 0.0795454545454546
    },
    "overall_quality": {
      "target_mean": 0.4334671063259045,
      "baseline_mean": 0.272810851505624,
      "absolute_delta": 0.1606562548202805,
      "relative_delta": 0.5888924649940788
    }
  },
  "controlled_alt_vs_controlled_default": {
    "context_relevance": {
      "target_mean": 0.22344498547528843,
      "baseline_mean": 0.2463323635600472,
      "absolute_delta": -0.02288737808475877,
      "relative_delta": -0.09291259075334463
    },
    "persona_consistency": {
      "target_mean": 0.29333333333333333,
      "baseline_mean": 0.4055654761904762,
      "absolute_delta": -0.11223214285714289,
      "relative_delta": -0.2767300212812799
    },
    "naturalness": {
      "target_mean": 0.9150687274121105,
      "baseline_mean": 0.8902562707279306,
      "absolute_delta": 0.024812456684179973,
      "relative_delta": 0.027871139468516992
    },
    "context_keyword_coverage": {
      "target_mean": 0.2806818181818182,
      "baseline_mean": 0.3090909090909091,
      "absolute_delta": -0.028409090909090884,
      "relative_delta": -0.09191176470588228
    },
    "context_overlap": {
      "target_mean": 0.0898923758267191,
      "baseline_mean": 0.0998957573213695,
      "absolute_delta": -0.010003381494650396,
      "relative_delta": -0.10013820169027832
    },
    "persona_keyword_coverage": {
      "target_mean": 0.21041666666666667,
      "baseline_mean": 0.33898809523809526,
      "absolute_delta": -0.1285714285714286,
      "relative_delta": -0.37928007023705007
    },