{
  "proposed_contextual_controlled": {
    "sample_count": 16,
    "context_relevance": {
      "n": 16,
      "mean": 0.2463323635600472,
      "median": 0.21962959907606003,
      "p95": 0.394385162601626,
      "ci95_low": 0.20468041766509226,
      "ci95_high": 0.29816551494689086
    },
    "persona_consistency": {
      "n": 16,
      "mean": 0.4055654761904762,
      "median": 0.4064285714285715,
      "p95": 0.630357142857143,
      "ci95_low": 0.3296726190476191,
      "ci95_high": 0.47247023809523814
    },
    "naturalness": {
      "n": 16,
      "mean": 0.8902562707279306,
      "median": 0.9185772357723577,
      "p95": 0.9683333333333334,
      "ci95_low": 0.8499461181208856,
      "ci95_high": 0.9235160806543483
    },
    "context_keyword_coverage": {
      "n": 16,
      "mean": 0.3090909090909091,
      "median": 0.2727272727272727,
      "p95": 0.5,
      "ci95_low": 0.2534090909090909,
      "ci95_high": 0.3693181818181818
    },
    "context_overlap": {
      "n": 16,
      "mean": 0.0998957573213695,
      "median": 0.09129621936019942,
      "p95": 0.16220238095238096,
      "ci95_low": 0.08003912630555332,
      "ci95_high": 0.12104000696617723
    },
    "persona_keyword_coverage": {
      "n": 16,
      "mean": 0.33898809523809526,
      "median": 0.3666666666666667,
      "p95": 0.6285714285714286,
      "ci95_low": 0.24523065476190475,
      "ci95_high": 0.4446428571428571
    },
    "persona_style": {
      "n": 16,
      "mean": 0.671875,
      "median": 0.5,
      "p95": 1.0,
      "ci95_low": 0.515625,
      "ci95_high": 0.8125
    },
    "distinct1": {
      "n": 16,
      "mean": 0.9509010934864932,
      "median": 0.9478319783197832,
      "p95": 1.0,
      "ci95_low": 0.9307523676679718,
      "ci95_high": 0.9692610465590851
    },
    "length_score": {
      "n": 16,
      "mean": 0.6041666666666666,
      "median": 0.7166666666666667,
      "p95": 0.9333333333333333,
      "ci95_low": 0.4416145833333333,
      "ci95_high": 0.75
    },
    "sentence_score": {
      "n": 16,
      "mean": 0.890625,
      "median": 1.0,
      "p95": 1.0,
      "ci95_low": 0.803125,
      "ci95_high": 0.95625
    },
    "overall_quality": {
      "n": 16,
      "mean": 0.4334671063259045,
      "median": 0.43595303521371054,
      "p95": 0.5320901099066273,
      "ci95_low": 0.4013562984762414,
      "ci95_high": 0.4673259069880772
    },
    "metrics": [
      "context_relevance",
      "persona_consistency",
      "naturalness",
      "context_keyword_coverage",
      "context_overlap",
      "persona_keyword_coverage",
      "persona_style",
      "distinct1",
      "length_score",
      "sentence_score",
      "overall_quality"
    ]
  },
  "proposed_contextual_controlled_tuned": {
    "sample_count": 16,
    "context_relevance": {
      "n": 16,
      "mean": 0.22344498547528843,
      "median": 0.2187728679988742,
      "p95": 0.31004362432933863,
      "ci95_low": 0.18896577582719465,
      "ci95_high": 0.25683815469052657
    },
    "persona_consistency": {
      "n": 16,
      "mean": 0.29333333333333333,
      "median": 0.3238095238095238,
      "p95": 0.45952380952380956,
      "ci95_low": 0.23958184523809525,
      "ci95_high": 0.34482142857142856
    },
    "naturalness": {
      "n": 16,
      "mean": 0.9150687274121105,
      "median": 0.9175000000000001,
      "p95": 0.97,
      "ci95_low": 0.8957030143311021,
      "ci95_high": 0.9328427049341852
    },
    "context_keyword_coverage": {
      "n": 16,
      "mean": 0.2806818181818182,
      "median": 0.2727272727272727,
      "p95": 0.38636363636363635,
      "ci95_low": 0.2340909090909091,
      "ci95_high": 0.325
    },
    "context_overlap": {
      "n": 16,
      "mean": 0.0898923758267191,
      "median": 0.08696309739866909,
      "p95": 0.1256205184776613,
      "ci95_low": 0.07841907703503437,
      "ci95_high": 0.10177416407423649
    },
    "persona_keyword_coverage": {
      "n": 16,
      "mean": 0.21041666666666667,
      "median": 0.16666666666666666,
      "p95": 0.46428571428571425,
      "ci95_low": 0.1383705357142857,
      "ci95_high": 0.294657738095238
    },
    "persona_style": {
      "n": 16,
      "mean": 0.625,
      "median": 0.5,
      "p95": 1.0,
      "ci95_low": 0.4375,
      "ci95_high": 0.8125
    },
    "distinct1": {
      "n": 16,
      "mean": 0.9491301518636095,
      "median": 0.9419191919191919,
      "p95": 1.0,
      "ci95_low": 0.9351004694536468,
      "ci95_high": 0.962504119907572
    },
    "length_score": {
      "n": 16,
      "mean": 0.7208333333333333,
      "median": 0.7666666666666666,
      "p95": 0.9333333333333333,
      "ci95_low": 0.6375,
      "ci95_high": 0.7958333333333334
    },
    "sentence_score": {
      "n": 16,
      "mean": 0.9125,
      "median": 1.0,
      "p95": 1.0,
      "ci95_low": 0.846328125,
      "ci95_high": 0.978125
    },
    "overall_quality": {
      "n": 16,
      "mean": 0.3865334857080715,
      "median": 0.3796116950334375,
      "p95": 0.4645738794159848,
      "ci95_low": 0.36496066458442394,
      "ci95_high": 0.4095928271854769
    },
    "metrics": [
      "context_relevance",
      "persona_consistency",
      "naturalness",
      "context_keyword_coverage",
      "context_overlap",
      "persona_keyword_coverage",
      "persona_style",
      "distinct1",
      "length_score",
      "sentence_score",
      "overall_quality"
    ]
  },
  "proposed_contextual": {
    "sample_count": 16,
    "context_relevance": {
      "n": 16,
      "mean": 0.08294964043775302,
      "median": 0.01714285714285714,
      "p95": 0.2813934845642162,
      "ci95_low": 0.03442752779559375,
      "ci95_high": 0.15034590737193396
    },
    "persona_consistency": {
      "n": 16,
      "mean": 0.16729910714285715,
      "median": 0.1,
      "p95": 0.46964285714285714,
      "ci95_low": 0.11255440848214288,
      "ci95_high": 0.23382672991071426
    },
    "naturalness": {
      "n": 16,
      "mean": 0.8116913997223647,
      "median": 0.7634848484848484,
      "p95": 0.9222108843537415,
      "ci95_low": 0.7780012038604125,
      "ci95_high": 0.8461167100060527
    },
    "context_keyword_coverage": {
      "n": 16,
      "mean": 0.09659090909090909,
      "median": 0.0,
      "p95": 0.36363636363636365,
      "ci95_low": 0.03409090909090909,
      "ci95_high": 0.1876420454545447
    },
    "context_overlap": {
      "n": 16,
      "mean": 0.05112001358038889,
      "median": 0.04878048780487805,
      "p95": 0.09799566630552546,
      "ci95_low": 0.038283649500663014,
      "ci95_high": 0.06601414723668761
    },
    "persona_keyword_coverage": {
      "n": 16,
      "mean": 0.07142857142857142,
      "median": 0.0,
      "p95": 0.5714285714285714,
      "ci95_low": 0.0,
      "ci95_high": 0.17857142857142855
    },
    "persona_style": {
      "n": 16,
      "mean": 0.55078125,
      "median": 0.5,
      "p95": 1.0,
      "ci95_low": 0.396484375,
      "ci95_high": 0.712890625
    },
    "distinct1": {
      "n": 16,
      "mean": 0.9466764159725786,
      "median": 0.9226305609284333,
      "p95": 1.0,
      "ci95_low": 0.9278288201160542,
      "ci95_high": 0.9669673773462479
    },
    "length_score": {
      "n": 16,
      "mean": 0.28541666666666665,
      "median": 0.09999999999999998,
      "p95": 0.675,
      "ci95_low": 0.17291666666666666,
      "ci95_high": 0.4125520833333331
    },
    "sentence_score": {
      "n": 16,
      "mean": 0.759375,
      "median": 0.65,
      "p95": 1.0,
      "ci95_low": 0.69375,
      "ci95_high": 0.846875
    },
    "overall_quality": {
      "n": 16,
      "mean": 0.25440286965790826,
      "median": 0.21401404286770145,
      "p95": 0.44320297057940605,
      "ci95_low": 0.2109486015081523,
      "ci95_high": 0.30886564575913555
    },