{
  "run_dir": "artifacts\\proposal\\20260225T080711Z",
  "scenario_count": 112,
  "metrics": [
    "distinct1",
    "distinct2",
    "content_distinct1",
    "mtld",
    "repetition_penalty",
    "lexical_richness"
  ],
  "summary": {
    "proposed_contextual_controlled": {
      "distinct1": {
        "n": 112,
        "mean": 0.9403931894818766,
        "ci95_low": 0.935255151937392,
        "ci95_high": 0.9452758663167787
      },
      "distinct2": {
        "n": 112,
        "mean": 0.9979494190020505,
        "ci95_low": 0.9940048986101617,
        "ci95_high": 1.0
      },
      "content_distinct1": {
        "n": 112,
        "mean": 0.9910195720318653,
        "ci95_low": 0.9862262106026252,
        "ci95_high": 0.9949006032975509
      },
      "mtld": {
        "n": 112,
        "mean": 213.69889880952383,
        "ci95_low": 183.64092470238097,
        "ci95_high": 248.02339107142848
      },
      "repetition_penalty": {
        "n": 112,
        "mean": 0.059606810518123395,
        "ci95_low": 0.054913719418488605,
        "ci95_high": 0.0651142174135671
      },
      "lexical_richness": {
        "n": 112,
        "mean": 0.9264049801008204,
        "ci95_low": 0.9140874556571753,
        "ci95_high": 0.9378865135086991
      }
    },
    "proposed_contextual": {
      "distinct1": {
        "n": 112,
        "mean": 0.947830622246996,
        "ci95_low": 0.9403470766787928,
        "ci95_high": 0.9552341225772657
      },
      "distinct2": {
        "n": 112,
        "mean": 1.0,
        "ci95_low": 1.0,
        "ci95_high": 1.0
      },
      "content_distinct1": {
        "n": 112,
        "mean": 0.9991496598639455,
        "ci95_low": 0.9978741496598639,
        "ci95_high": 1.0
      },
      "mtld": {
        "n": 112,
        "mean": 66.10214285714287,
        "ci95_low": 49.72928571428572,
        "ci95_high": 84.41707589285717
      },
      "repetition_penalty": {
        "n": 112,
        "mean": 0.052169377753004016,
        "ci95_low": 0.044314922265988814,
        "ci95_high": 0.05972122533567971
      },
      "lexical_richness": {
        "n": 112,
        "mean": 0.7792138668465103,
        "ci95_low": 0.7642107870933492,
        "ci95_high": 0.7949106663974347
      }
    },
    "candidate_no_context": {
      "distinct1": {
        "n": 112,
        "mean": 0.9352926797117929,
        "ci95_low": 0.9285242988344667,
        "ci95_high": 0.9421803422405713
      },
      "distinct2": {
        "n": 112,
        "mean": 1.0,
        "ci95_low": 1.0,
        "ci95_high": 1.0
      },
      "content_distinct1": {
        "n": 112,
        "mean": 0.9984919971333015,
        "ci95_low": 0.9965510033444815,
        "ci95_high": 1.0
      },
      "mtld": {
        "n": 112,
        "mean": 77.50014285714288,
        "ci95_low": 59.8190080357143,
        "ci95_high": 96.54469732142861
      },
      "repetition_penalty": {
        "n": 112,
        "mean": 0.06470732028820718,
        "ci95_low": 0.05777113651859232,
        "ci95_high": 0.07176063109362697
      },
      "lexical_richness": {
        "n": 112,
        "mean": 0.7904554733332125,
        "ci95_low": 0.7740239059245296,
        "ci95_high": 0.8080888187538213
      }
    },
    "baseline_no_context": {
      "distinct1": {
        "n": 112,
        "mean": 0.9849416791997496,
        "ci95_low": 0.9806452460567131,
        "ci95_high": 0.9888763314888515
      },
      "distinct2": {
        "n": 112,
        "mean": 1.0,
        "ci95_low": 1.0,
        "ci95_high": 1.0
      },
      "content_distinct1": {
        "n": 112,
        "mean": 0.9986966226708074,
        "ci95_low": 0.9970050465838509,
        "ci95_high": 1.0
      },
      "mtld": {
        "n": 112,
        "mean": 97.03369047619049,
        "ci95_low": 76.43708482142858,
        "ci95_high": 119.45095982142857
      },
      "repetition_penalty": {
        "n": 112,
        "mean": 0.015058320800250366,
        "ci95_low": 0.011094111017936717,
        "ci95_high": 0.019131477405581954
      },
      "lexical_richness": {
        "n": 112,
        "mean": 0.8158279760553847,
        "ci95_low": 0.796423677777729,
        "ci95_high": 0.8371554124751296
      }
    },
    "baseline_no_context_phi3_latest": {
      "distinct1": {
        "n": 112,
        "mean": 0.9817777152196433,
        "ci95_low": 0.9772914018622405,
        "ci95_high": 0.9861262051981431
      },
      "distinct2": {
        "n": 112,
        "mean": 1.0,
        "ci95_low": 1.0,
        "ci95_high": 1.0
      },
      "content_distinct1": {
        "n": 112,
        "mean": 0.9984425835551612,
        "ci95_low": 0.9967943101153505,
        "ci95_high": 0.999702380952381
      },
      "mtld": {
        "n": 112,
        "mean": 106.04982142857146,
        "ci95_low": 84.81075892857143,
        "ci95_high": 129.4261071428572
      },
      "repetition_penalty": {
        "n": 112,
        "mean": 0.018222284780356725,
        "ci95_low": 0.01388211525499386,
        "ci95_high": 0.022666798586678055
      },
      "lexical_richness": {
        "n": 112,
        "mean": 0.8302104956725566,
        "ci95_low": 0.8081803680274565,
        "ci95_high": 0.8523602818439421
      }
    }
  },
  "paired_deltas": {
    "proposed_vs_candidate_no_context": {
      "distinct1": {
        "n": 112,
        "mean_delta": 0.012537942535203168,
        "ci95_low": 0.0063101534446456465,
        "ci95_high": 0.018922475657768778,
        "p_delta_le_0": 0.0
      },
      "distinct2": {
        "n": 112,
        "mean_delta": 0.0,
        "ci95_low": 0.0,
        "ci95_high": 0.0,
        "p_delta_le_0": 1.0
      },
      "content_distinct1": {
        "n": 112,
        "mean_delta": 0.0006576627306440962,
        "ci95_low": -0.0013124815143448706,
        "ci95_high": 0.002979034423133802,
        "p_delta_le_0": 0.30366666666666664
      },
      "mtld": {
        "n": 112,
        "mean_delta": -11.398000000000012,
        "ci95_low": -34.019565178571426,
        "ci95_high": 11.544080357142862,
        "p_delta_le_0": 0.839
      },
      "repetition_penalty": {
        "n": 112,
        "mean_delta": -0.012537942535203166,
        "ci95_low": -0.018679025869503776,
        "ci95_high": -0.006490412449978037,
        "p_delta_le_0": 1.0
      },
      "lexical_richness": {
        "n": 112,
        "mean_delta": -0.011241606486702296,
        "ci95_low": -0.032648582141521,
        "ci95_high": 0.009820151223973554,
        "p_delta_le_0": 0.856
      }
    },
    "proposed_vs_baseline_no_context": {
      "distinct1": {
        "n": 112,
        "mean_delta": -0.037111056952753664,
        "ci95_low": -0.04609221307730273,
        "ci95_high": -0.02815630333576807,
        "p_delta_le_0": 1.0
      },
      "distinct2": {
        "n": 112,
        "mean_delta": 0.0,
        "ci95_low": 0.0,
        "ci95_high": 0.0,
        "p_delta_le_0": 1.0
      },
      "content_distinct1": {
        "n": 112,
        "mean_delta": 0.0004530371931381239,
        "ci95_low": -0.0013805087252292247,
        "ci95_high": 0.0025154909790002953,
        "p_delta_le_0": 0.3393333333333333
      },
      "mtld": {
        "n": 112,
        "mean_delta": -30.93154761904762,
        "ci95_low": -57.94307886904761,
        "ci95_high": -3.2493110119047572,
        "p_delta_le_0": 0.9853333333333333
      },
      "repetition_penalty": {
        "n": 112,
        "mean_delta": 0.03711105695275364,
        "ci95_low": 0.027859417515880155,
        "ci95_high": 0.04627016945397516,
        "p_delta_le_0": 0.0
      },
      "lexical_richness": {
        "n": 112,
        "mean_delta": -0.0366141092088744,
        "ci95_low": -0.06185103916898165,
        "ci95_high": -0.01262609223430129,
        "p_delta_le_0": 0.999
      }
    },
    "proposed_vs_baseline_no_context_phi3_latest": {
      "distinct1": {
        "n": 112,
        "mean_delta": -0.03394709297264731,
        "ci95_low": -0.043505404933275225,