{
  "proposed_contextual_controlled": {
    "sample_count": 112,
    "context_relevance": {
      "n": 112,
      "mean": 0.2855020814634843,
      "median": 0.2731041280148423,
      "p95": 0.44173484848484845,
      "ci95_low": 0.2701417179777309,
      "ci95_high": 0.3014502146984847
    },
    "persona_consistency": {
      "n": 112,
      "mean": 0.241203231292517,
      "median": 0.2,
      "p95": 0.5071428571428571,
      "ci95_low": 0.2115614105017007,
      "ci95_high": 0.27007772640306116
    },
    "naturalness": {
      "n": 112,
      "mean": 0.8891334662689411,
      "median": 0.9124137931034483,
      "p95": 0.9424242424242425,
      "ci95_low": 0.8786638640569979,
      "ci95_high": 0.8993728747111401
    },
    "context_keyword_coverage": {
      "n": 112,
      "mean": 0.3652867965367966,
      "median": 0.36363636363636365,
      "p95": 0.5624999999999996,
      "ci95_low": 0.3453023538961039,
      "ci95_high": 0.3856530708874459
    },
    "context_overlap": {
      "n": 112,
      "mean": 0.09933774629242252,
      "median": 0.09302325581395349,
      "p95": 0.16405063291139238,
      "ci95_low": 0.09364042604194008,
      "ci95_high": 0.1050520342494251
    },
    "persona_keyword_coverage": {
      "n": 112,
      "mean": 0.15191326530612242,
      "median": 0.14285714285714285,
      "p95": 0.5714285714285714,
      "ci95_low": 0.12001488095238094,
      "ci95_high": 0.1860150935374149
    },
    "persona_style": {
      "n": 112,
      "mean": 0.5983630952380953,
      "median": 0.5,
      "p95": 1.0,
      "ci95_low": 0.5359691220238094,
      "ci95_high": 0.6638448660714285
    },
    "distinct1": {
      "n": 112,
      "mean": 0.9403931894818766,
      "median": 0.9310344827586207,
      "p95": 0.9801764705882352,
      "ci95_low": 0.9351897320369414,
      "ci95_high": 0.9451383450095955
    },
    "length_score": {
      "n": 112,
      "mean": 0.5738095238095238,
      "median": 0.6833333333333333,
      "p95": 0.8483333333333329,
      "ci95_low": 0.5226190476190476,
      "ci95_high": 0.6205431547619047
    },
    "sentence_score": {
      "n": 112,
      "mean": 0.9874999999999999,
      "median": 1.0,
      "p95": 1.0,
      "ci95_low": 0.9718749999999999,
      "ci95_high": 0.9968750000000001
    },
    "bertscore_f1": {
      "n": 112,
      "mean": 0.10831201858153301,
      "median": 0.09485329687595367,
      "p95": 0.19798293337225914,
      "ci95_low": 0.09838666202683402,
      "ci95_high": 0.11809657826005214
    },
    "overall_quality": {
      "n": 112,
      "mean": 0.36063557003446806,
      "median": 0.3387973091958899,
      "p95": 0.4888651991650931,
      "ci95_low": 0.3469428048761931,
      "ci95_high": 0.37421636201772224
    },
    "metrics": [
      "context_relevance",
      "persona_consistency",
      "naturalness",
      "context_keyword_coverage",
      "context_overlap",
      "persona_keyword_coverage",
      "persona_style",
      "distinct1",
      "length_score",
      "sentence_score",
      "bertscore_f1",
      "overall_quality"
    ]
  },
  "proposed_contextual": {
    "sample_count": 112,
    "context_relevance": {
      "n": 112,
      "mean": 0.062441537676034796,
      "median": 0.015450928381962863,
      "p95": 0.2194221628045157,
      "ci95_low": 0.048005683522886755,
      "ci95_high": 0.07955346236501747
    },
    "persona_consistency": {
      "n": 112,
      "mean": 0.14633702271231072,
      "median": 0.1,
      "p95": 0.3666666666666667,
      "ci95_low": 0.1238149777300033,
      "ci95_high": 0.16874627547591617
    },
    "naturalness": {
      "n": 112,
      "mean": 0.8252780822321316,
      "median": 0.7486363636363635,
      "p95": 0.9733333333333332,
      "ci95_low": 0.8091279040348156,
      "ci95_high": 0.8417609157871715
    },
    "context_keyword_coverage": {
      "n": 112,
      "mean": 0.06760010822510823,
      "median": 0.0,
      "p95": 0.2727272727272727,
      "ci95_low": 0.048318452380952386,
      "ci95_high": 0.08908380681818182
    },
    "context_overlap": {
      "n": 112,
      "mean": 0.05040487306153015,
      "median": 0.04724702380952381,
      "p95": 0.10789473684210518,
      "ci95_low": 0.044826611332374006,
      "ci95_high": 0.05737150612073595
    },
    "persona_keyword_coverage": {
      "n": 112,
      "mean": 0.05952380952380952,
      "median": 0.0,
      "p95": 0.3761904761904751,
      "ci95_low": 0.03507121598639455,
      "ci95_high": 0.0852519132653061
    },
    "persona_style": {
      "n": 112,
      "mean": 0.49358987546631555,
      "median": 0.5,
      "p95": 1.0,
      "ci95_low": 0.4296941539972844,
      "ci95_high": 0.5611350947889236
    },
    "distinct1": {
      "n": 112,
      "mean": 0.947830622246996,
      "median": 0.9090909090909091,
      "p95": 1.0,
      "ci95_low": 0.9402564674744417,
      "ci95_high": 0.9552560959616461
    },
    "length_score": {
      "n": 112,
      "mean": 0.35416666666666663,
      "median": 0.09999999999999998,
      "p95": 0.9149999999999996,
      "ci95_low": 0.2964211309523809,
      "ci95_high": 0.41398809523809527
    },
    "sentence_score": {
      "n": 112,
      "mean": 0.753125,
      "median": 0.65,
      "p95": 1.0,
      "ci95_low": 0.721875,
      "ci95_high": 0.78125
    },
    "bertscore_f1": {
      "n": 112,
      "mean": 0.06326611561027155,
      "median": 0.05252895690500736,
      "p95": 0.19944991618394842,
      "ci95_low": 0.05197780675163293,
      "ci95_high": 0.07533171809747208
    },
    "overall_quality": {
      "n": 112,
      "mean": 0.22276964524434975,
      "median": 0.19815796443490258,
      "p95": 0.3756339262620041,
      "ci95_low": 0.20866532463095316,
      "ci95_high": 0.2382626610217852
    },
    "metrics": [
      "context_relevance",
      "persona_consistency",
      "naturalness",
      "context_keyword_coverage",
      "context_overlap",
      "persona_keyword_coverage",
      "persona_style",
      "distinct1",
      "length_score",
      "sentence_score",
      "bertscore_f1",
      "overall_quality"
    ]
  },
  "candidate_no_context": {
    "sample_count": 112,
    "context_relevance": {
      "n": 112,
      "mean": 0.021272785745083407,
      "median": 0.013899821109123436,
      "p95": 0.08124053030303027,
      "ci95_low": 0.016113215722181152,
      "ci95_high": 0.027292242617573417
    },
    "persona_consistency": {
      "n": 112,
      "mean": 0.13782864006403375,
      "median": 0.1,
      "p95": 0.3666666666666667,
      "ci95_low": 0.11652622756312839,
      "ci95_high": 0.16161120611235658
    },
    "naturalness": {
      "n": 112,
      "mean": 0.8169742147418599,
      "median": 0.7486363636363635,
      "p95": 0.98,
      "ci95_low": 0.7995717165618599,
      "ci95_high": 0.8351096144357104
    },
    "context_keyword_coverage": {
      "n": 112,
      "mean": 0.013528138528138528,
      "median": 0.0,
      "p95": 0.09090909090909091,
      "ci95_low": 0.007169913419913419,
      "ci95_high": 0.020698051948051948
    },
    "context_overlap": {
      "n": 112,
      "mean": 0.03934362925128814,
      "median": 0.0392156862745098,
      "p95": 0.06112499999999997,
      "ci95_low": 0.03648561783902573,
      "ci95_high": 0.04220792704220227
    },
    "persona_keyword_coverage": {
      "n": 112,
      "mean": 0.050807823129251695,
      "median": 0.0,
      "p95": 0.3333333333333333,
      "ci95_low": 0.02657312925170068,
      "ci95_high": 0.07780612244897958
    },
    "persona_style": {
      "n": 112,
      "mean": 0.48591190780316185,
      "median": 0.5,
      "p95": 1.0,
      "ci95_low": 0.424733226805956,
      "ci95_high": 0.5489362151123056
    },
    "distinct1": {
      "n": 112,
      "mean": 0.9352926797117929,
      "median": 0.9090909090909091,
      "p95": 1.0,
      "ci95_low": 0.9284845902508025,
      "ci95_high": 0.9423769684674158
    },
    "length_score": {
      "n": 112,
      "mean": 0.3392857142857143,
      "median": 0.09999999999999998,