{
  "proposed_vs_candidate_no_context": {
    "context_relevance": {
      "target_mean": 0.06149020985987298,
      "baseline_mean": 0.024390399672689068,
      "absolute_delta": 0.03709981018718392,
      "relative_delta": 1.5210825031590647
    },
    "persona_consistency": {
      "target_mean": 0.15460714285714286,
      "baseline_mean": 0.17490295031055902,
      "absolute_delta": -0.020295807453416165,
      "relative_delta": -0.11604039507268901
    },
    "naturalness": {
      "target_mean": 0.7827463317369331,
      "baseline_mean": 0.7766828309150705,
      "absolute_delta": 0.0060635008218625774,
      "relative_delta": 0.007806920123004
    },
    "context_keyword_coverage": {
      "target_mean": 0.06742424242424241,
      "baseline_mean": 0.017424242424242425,
      "absolute_delta": 0.04999999999999999,
      "relative_delta": 2.8695652173913033
    },
    "context_overlap": {
      "target_mean": 0.047644133876344266,
      "baseline_mean": 0.04064476658573123,
      "absolute_delta": 0.006999367290613033,
      "relative_delta": 0.17220832787535884
    },
    "persona_keyword_coverage": {
      "target_mean": 0.06357142857142857,
      "baseline_mean": 0.08571428571428572,
      "absolute_delta": -0.022142857142857145,
      "relative_delta": -0.25833333333333336
    },
    "persona_style": {
      "target_mean": 0.51875,
      "baseline_mean": 0.5316576086956522,
      "absolute_delta": -0.012907608695652106,
      "relative_delta": -0.024278047533861362
    },
    "distinct1": {
      "target_mean": 0.9383241626756661,
      "baseline_mean": 0.9262904106210097,
      "absolute_delta": 0.0120337520546564,
      "relative_delta": 0.012991338263545935
    },
    "length_score": {
      "target_mean": 0.1683333333333333,
      "baseline_mean": 0.15333333333333332,
      "absolute_delta": 0.014999999999999986,
      "relative_delta": 0.09782608695652165
    },
    "sentence_score": {
      "target_mean": 0.7375,
      "baseline_mean": 0.755,
      "absolute_delta": -0.01749999999999996,
      "relative_delta": -0.023178807947019816
    },
    "bertscore_f1": {
      "target_mean": 0.05224423902109265,
      "baseline_mean": 0.038501434534555304,
      "absolute_delta": 0.01374280448653735,
      "relative_delta": 0.3569426607780831
    },
    "overall_quality": {
      "target_mean": 0.21592715074708035,
      "baseline_mean": 0.2046436518741707,
      "absolute_delta": 0.011283498872909664,
      "relative_delta": 0.05513730218148938
    }
  },
  "proposed_vs_baseline_no_context": {
    "context_relevance": {
      "target_mean": 0.06149020985987298,
      "baseline_mean": 0.03908938278257895,
      "absolute_delta": 0.02240082707729403,
      "relative_delta": 0.5730667890534576
    },
    "persona_consistency": {
      "target_mean": 0.15460714285714286,
      "baseline_mean": 0.1931904761904762,
      "absolute_delta": -0.03858333333333333,
      "relative_delta": -0.1997165393147646
    },
    "naturalness": {
      "target_mean": 0.7827463317369331,
      "baseline_mean": 0.8735888138349438,
      "absolute_delta": -0.09084248209801071,
      "relative_delta": -0.10398768924160529
    },
    "context_keyword_coverage": {
      "target_mean": 0.06742424242424241,
      "baseline_mean": 0.03522727272727273,
      "absolute_delta": 0.03219696969696968,
      "relative_delta": 0.9139784946236553
    },
    "context_overlap": {
      "target_mean": 0.047644133876344266,
      "baseline_mean": 0.04810097291162683,
      "absolute_delta": -0.00045683903528256214,
      "relative_delta": -0.009497500936662682
    },
    "persona_keyword_coverage": {
      "target_mean": 0.06357142857142857,
      "baseline_mean": 0.08523809523809524,
      "absolute_delta": -0.021666666666666667,
      "relative_delta": -0.25418994413407825
    },
    "persona_style": {
      "target_mean": 0.51875,
      "baseline_mean": 0.625,
      "absolute_delta": -0.10624999999999996,
      "relative_delta": -0.16999999999999993
    },
    "distinct1": {
      "target_mean": 0.9383241626756661,
      "baseline_mean": 0.9783470345873596,
      "absolute_delta": -0.040022871911693514,
      "relative_delta": -0.040908665838164555
    },
    "length_score": {
      "target_mean": 0.1683333333333333,
      "baseline_mean": 0.49000000000000005,
      "absolute_delta": -0.32166666666666677,
      "relative_delta": -0.6564625850340138
    },
    "sentence_score": {
      "target_mean": 0.7375,
      "baseline_mean": 0.8425,
      "absolute_delta": -0.10499999999999998,
      "relative_delta": -0.12462908011869434
    },
    "bertscore_f1": {
      "target_mean": 0.05224423902109265,
      "baseline_mean": 0.06011568931862712,
      "absolute_delta": -0.007871450297534464,
      "relative_delta": -0.13093836878113382
    },
    "overall_quality": {
      "target_mean": 0.21592715074708035,
      "baseline_mean": 0.235428199194814,
      "absolute_delta": -0.01950104844773365,
      "relative_delta": -0.08283225422625251
    }
  },
  "controlled_vs_proposed_raw": {
    "context_relevance": {
      "target_mean": 0.3009109399906785,
      "baseline_mean": 0.06149020985987298,
      "absolute_delta": 0.23942073013080556,
      "relative_delta": 3.8936398278101456
    },
    "persona_consistency": {
      "target_mean": 0.29633333333333334,
      "baseline_mean": 0.15460714285714286,
      "absolute_delta": 0.14172619047619048,
      "relative_delta": 0.9166859166859167
    },
    "naturalness": {
      "target_mean": 0.8915475239130904,
      "baseline_mean": 0.7827463317369331,
      "absolute_delta": 0.10880119217615736,
      "relative_delta": 0.13899929998359095
    },
    "context_keyword_coverage": {
      "target_mean": 0.38007575757575757,
      "baseline_mean": 0.06742424242424241,
      "absolute_delta": 0.3126515151515151,
      "relative_delta": 4.6370786516853935
    },
    "context_overlap": {
      "target_mean": 0.11619303229216069,
      "baseline_mean": 0.047644133876344266,
      "absolute_delta": 0.06854889841581642,
      "relative_delta": 1.438768906865396
    },
    "persona_keyword_coverage": {
      "target_mean": 0.21595238095238095,
      "baseline_mean": 0.06357142857142857,
      "absolute_delta": 0.1523809523809524,
      "relative_delta": 2.397003745318352
    },
    "persona_style": {
      "target_mean": 0.6178571428571429,
      "baseline_mean": 0.51875,
      "absolute_delta": 0.09910714285714284,
      "relative_delta": 0.19104991394148016
    },
    "distinct1": {
      "target_mean": 0.9417854764493926,
      "baseline_mean": 0.9383241626756661,
      "absolute_delta": 0.003461313773726493,
      "relative_delta": 0.0036888251538321564
    },
    "length_score": {
      "target_mean": 0.5916666666666667,
      "baseline_mean": 0.1683333333333333,
      "absolute_delta": 0.42333333333333334,
      "relative_delta": 2.5148514851485153
    },
    "sentence_score": {
      "target_mean": 0.9650000000000001,
      "baseline_mean": 0.7375,
      "absolute_delta": 0.22750000000000004,
      "relative_delta": 0.30847457627118646
    },
    "bertscore_f1": {
      "target_mean": 0.08813320957124234,
      "baseline_mean": 0.05224423902109265,
      "absolute_delta": 0.03588897055014968,
      "relative_delta": 0.6869459910337706
    },
    "overall_quality": {
      "target_mean": 0.3825415011037886,
      "baseline_mean": 0.21592715074708035,
      "absolute_delta": 0.16661435035670824,
      "relative_delta": 0.7716229746015908
    }
  },
  "controlled_vs_candidate_no_context": {
    "context_relevance": {
      "target_mean": 0.3009109399906785,
      "baseline_mean": 0.024390399672689068,
      "absolute_delta": 0.27652054031798945,
      "relative_delta": 11.337269746654494
    },
    "persona_consistency": {
      "target_mean": 0.29633333333333334,
      "baseline_mean": 0.17490295031055902,
      "absolute_delta": 0.12143038302277431,
      "relative_delta": 0.6942729256834238
    },