{
  "proposed_contextual_controlled": {
    "sample_count": 20,
    "context_relevance": {
      "n": 20,
      "mean": 0.3009109399906785,
      "median": 0.2843700159489633,
      "p95": 0.4612565773144702,
      "ci95_low": 0.2578955529639283,
      "ci95_high": 0.3478490610843144
    },
    "persona_consistency": {
      "n": 20,
      "mean": 0.29633333333333334,
      "median": 0.2823809523809524,
      "p95": 0.5428571428571429,
      "ci95_low": 0.2467619047619048,
      "ci95_high": 0.3459595238095238
    },
    "naturalness": {
      "n": 20,
      "mean": 0.8915475239130904,
      "median": 0.9137634408602151,
      "p95": 0.9736666666666667,
      "ci95_low": 0.8594926245345078,
      "ci95_high": 0.9217719328921107
    },
    "context_keyword_coverage": {
      "n": 20,
      "mean": 0.38007575757575757,
      "median": 0.36363636363636365,
      "p95": 0.5891666666666667,
      "ci95_low": 0.3223484848484849,
      "ci95_high": 0.44287878787878787
    },
    "context_overlap": {
      "n": 20,
      "mean": 0.11619303229216069,
      "median": 0.11010101010101009,
      "p95": 0.1678991596638656,
      "ci95_low": 0.10155709588770793,
      "ci95_high": 0.13414102296431057
    },
    "persona_keyword_coverage": {
      "n": 20,
      "mean": 0.21595238095238095,
      "median": 0.16666666666666666,
      "p95": 0.42857142857142855,
      "ci95_low": 0.16642857142857143,
      "ci95_high": 0.2681011904761904
    },
    "persona_style": {
      "n": 20,
      "mean": 0.6178571428571429,
      "median": 0.5,
      "p95": 1.0,
      "ci95_low": 0.4916666666666667,
      "ci95_high": 0.7523809523809524
    },
    "distinct1": {
      "n": 20,
      "mean": 0.9417854764493926,
      "median": 0.9384469696969697,
      "p95": 1.0,
      "ci95_low": 0.9291739142820692,
      "ci95_high": 0.9558049355202479
    },
    "length_score": {
      "n": 20,
      "mean": 0.5916666666666667,
      "median": 0.7333333333333333,
      "p95": 0.9666666666666667,
      "ci95_low": 0.45166666666666666,
      "ci95_high": 0.7267083333333332
    },
    "sentence_score": {
      "n": 20,
      "mean": 0.9650000000000001,
      "median": 1.0,
      "p95": 1.0,
      "ci95_low": 0.9125,
      "ci95_high": 1.0
    },
    "bertscore_f1": {
      "n": 20,
      "mean": 0.08813320957124234,
      "median": 0.07977840304374695,
      "p95": 0.17190361171960833,
      "ci95_low": 0.06932171759195627,
      "ci95_high": 0.10593220122158527
    },
    "overall_quality": {
      "n": 20,
      "mean": 0.3825415011037886,
      "median": 0.3731947556495835,
      "p95": 0.45877198975486233,
      "ci95_low": 0.361097394867411,
      "ci95_high": 0.4039632461037685
    },
    "metrics": [
      "context_relevance",
      "persona_consistency",
      "naturalness",
      "context_keyword_coverage",
      "context_overlap",
      "persona_keyword_coverage",
      "persona_style",
      "distinct1",
      "length_score",
      "sentence_score",
      "bertscore_f1",
      "overall_quality"
    ]
  },
  "proposed_contextual": {
    "sample_count": 20,
    "context_relevance": {
      "n": 20,
      "mean": 0.06149020985987298,
      "median": 0.014459930313588849,
      "p95": 0.23847303150621382,
      "ci95_low": 0.020690420003735496,
      "ci95_high": 0.12133797384237224
    },
    "persona_consistency": {
      "n": 20,
      "mean": 0.15460714285714286,
      "median": 0.1,
      "p95": 0.3711904761904763,
      "ci95_low": 0.10862291666666668,
      "ci95_high": 0.20536436011904757
    },
    "naturalness": {
      "n": 20,
      "mean": 0.7827463317369331,
      "median": 0.754028326745718,
      "p95": 0.8917499999999999,
      "ci95_low": 0.7631451486467316,
      "ci95_high": 0.8069791213509169
    },
    "context_keyword_coverage": {
      "n": 20,
      "mean": 0.06742424242424241,
      "median": 0.0,
      "p95": 0.29545454545454575,
      "ci95_low": 0.013257575757575756,
      "ci95_high": 0.15378787878787878
    },
    "context_overlap": {
      "n": 20,
      "mean": 0.047644133876344266,
      "median": 0.047619047619047616,
      "p95": 0.10551616562677256,
      "ci95_low": 0.03637970302162451,
      "ci95_high": 0.05969534694055704
    },
    "persona_keyword_coverage": {
      "n": 20,
      "mean": 0.06357142857142857,
      "median": 0.0,
      "p95": 0.3452380952380954,
      "ci95_low": 0.008333333333333333,
      "ci95_high": 0.13238095238095238
    },
    "persona_style": {
      "n": 20,
      "mean": 0.51875,
      "median": 0.5,
      "p95": 1.0,
      "ci95_low": 0.384375,
      "ci95_high": 0.659375
    },
    "distinct1": {
      "n": 20,
      "mean": 0.9383241626756661,
      "median": 0.9090909090909091,
      "p95": 1.0,
      "ci95_low": 0.9220277473827407,
      "ci95_high": 0.9559846875804522
    },
    "length_score": {
      "n": 20,
      "mean": 0.1683333333333333,
      "median": 0.09999999999999998,
      "p95": 0.5066666666666667,
      "ci95_low": 0.09333333333333331,
      "ci95_high": 0.24833333333333335
    },
    "sentence_score": {
      "n": 20,
      "mean": 0.7375,
      "median": 0.65,
      "p95": 1.0,
      "ci95_low": 0.6675,
      "ci95_high": 0.8074999999999999
    },
    "bertscore_f1": {
      "n": 20,
      "mean": 0.05224423902109265,
      "median": 0.03747684136033058,
      "p95": 0.13804492130875592,
      "ci95_low": 0.03324158989824355,
      "ci95_high": 0.0734483216027729
    },
    "overall_quality": {
      "n": 20,
      "mean": 0.21592715074708035,
      "median": 0.18175474481869563,
      "p95": 0.31397106610977116,
      "ci95_low": 0.18551529383223284,
      "ci95_high": 0.25328732961804745
    },
    "metrics": [
      "context_relevance",
      "persona_consistency",
      "naturalness",
      "context_keyword_coverage",
      "context_overlap",
      "persona_keyword_coverage",
      "persona_style",
      "distinct1",
      "length_score",
      "sentence_score",
      "bertscore_f1",
      "overall_quality"
    ]
  },
  "candidate_no_context": {
    "sample_count": 20,
    "context_relevance": {
      "n": 20,
      "mean": 0.024390399672689068,
      "median": 0.014459930313588849,
      "p95": 0.07449535301468296,
      "ci95_low": 0.013066437410931204,
      "ci95_high": 0.03964948629167571
    },
    "persona_consistency": {
      "n": 20,
      "mean": 0.17490295031055902,
      "median": 0.1,
      "p95": 0.47440476190476205,
      "ci95_low": 0.11410948822463768,
      "ci95_high": 0.24921805447722561
    },
    "naturalness": {
      "n": 20,
      "mean": 0.7766828309150705,
      "median": 0.7486363636363635,
      "p95": 0.9001088435374149,
      "ci95_low": 0.7572599491885206,
      "ci95_high": 0.7997513562938937
    },
    "context_keyword_coverage": {
      "n": 20,
      "mean": 0.017424242424242425,
      "median": 0.0,
      "p95": 0.09469696969696975,
      "ci95_low": 0.0,
      "ci95_high": 0.038636363636363635
    },
    "context_overlap": {
      "n": 20,
      "mean": 0.04064476658573123,
      "median": 0.047619047619047616,
      "p95": 0.05949060036385689,
      "ci95_low": 0.03409871849098363,
      "ci95_high": 0.04761639719142557
    },
    "persona_keyword_coverage": {
      "n": 20,
      "mean": 0.08571428571428572,
      "median": 0.0,
      "p95": 0.3523809523809527,
      "ci95_low": 0.016666666666666666,
      "ci95_high": 0.17386904761904728
    },
    "persona_style": {
      "n": 20,
      "mean": 0.5316576086956522,
      "median": 0.5,
      "p95": 1.0,
      "ci95_low": 0.4109375,
      "ci95_high": 0.6567255434782605
    },
    "distinct1": {
      "n": 20,
      "mean": 0.9262904106210097,
      "median": 0.9090909090909091,
      "p95": 1.0,
      "ci95_low": 0.9144920168500538,
      "ci95_high": 0.9393032039786308
    },
    "length_score": {
      "n": 20,
      "mean": 0.15333333333333332,
      "median": 0.09999999999999998,
      "p95": 0.5066666666666667,
      "ci95_low": 0.09,
      "ci95_high": 0.22666666666666666
    },