{
  "proposed_contextual_controlled": {
    "sample_count": 40,
    "context_relevance": {
      "n": 40,
      "mean": 0.2846043221611324,
      "median": 0.25407705502045125,
      "p95": 0.4866421254801536,
      "ci95_low": 0.2555872996971502,
      "ci95_high": 0.318978811394014
    },
    "persona_consistency": {
      "n": 40,
      "mean": 0.3146201298701299,
      "median": 0.3238095238095238,
      "p95": 0.5428571428571429,
      "ci95_low": 0.26702951839826844,
      "ci95_high": 0.3646857683982684
    },
    "naturalness": {
      "n": 40,
      "mean": 0.8988438959995895,
      "median": 0.935,
      "p95": 0.9825502425502426,
      "ci95_low": 0.8731231329504617,
      "ci95_high": 0.9234891706614362
    },
    "context_keyword_coverage": {
      "n": 40,
      "mean": 0.3563636363636363,
      "median": 0.3181818181818182,
      "p95": 0.6363636363636364,
      "ci95_low": 0.3166969696969697,
      "ci95_high": 0.39694128787878785
    },
    "context_overlap": {
      "n": 40,
      "mean": 0.11716592235528982,
      "median": 0.11215932914046121,
      "p95": 0.15894308943089427,
      "ci95_low": 0.10401775544470143,
      "ci95_high": 0.13658613587895208
    },
    "persona_keyword_coverage": {
      "n": 40,
      "mean": 0.2479761904761905,
      "median": 0.18333333333333335,
      "p95": 0.5714285714285714,
      "ci95_low": 0.19249404761904762,
      "ci95_high": 0.30917261904761906
    },
    "persona_style": {
      "n": 40,
      "mean": 0.5811958874458875,
      "median": 0.5,
      "p95": 1.0,
      "ci95_low": 0.4875,
      "ci95_high": 0.6771313582251078
    },
    "distinct1": {
      "n": 40,
      "mean": 0.9315582694107384,
      "median": 0.9393939393939394,
      "p95": 1.0,
      "ci95_low": 0.9180444025446242,
      "ci95_high": 0.9431862424201163
    },
    "length_score": {
      "n": 40,
      "mean": 0.6525000000000001,
      "median": 0.8166666666666667,
      "p95": 0.9666666666666667,
      "ci95_low": 0.55,
      "ci95_high": 0.7516666666666667
    },
    "sentence_score": {
      "n": 40,
      "mean": 0.9737500000000001,
      "median": 1.0,
      "p95": 1.0,
      "ci95_low": 0.93875,
      "ci95_high": 1.0
    },
    "bertscore_f1": {
      "n": 40,
      "mean": 0.0927971463999711,
      "median": 0.0874093510210514,
      "p95": 0.1766896329820155,
      "ci95_low": 0.07554219285288127,
      "ci95_high": 0.11178304609638871
    },
    "overall_quality": {
      "n": 40,
      "mean": 0.3841641909940979,
      "median": 0.3875299656017142,
      "p95": 0.4861039857516697,
      "ci95_low": 0.3646232009129071,
      "ci95_high": 0.4049949291282904
    },
    "metrics": [
      "context_relevance",
      "persona_consistency",
      "naturalness",
      "context_keyword_coverage",
      "context_overlap",
      "persona_keyword_coverage",
      "persona_style",
      "distinct1",
      "length_score",
      "sentence_score",
      "bertscore_f1",
      "overall_quality"
    ]
  },
  "proposed_contextual": {
    "sample_count": 40,
    "context_relevance": {
      "n": 40,
      "mean": 0.07647036688852031,
      "median": 0.0150093808630394,
      "p95": 0.2978577142215609,
      "ci95_low": 0.042915193984461364,
      "ci95_high": 0.11591981560441489
    },
    "persona_consistency": {
      "n": 40,
      "mean": 0.12116627668308703,
      "median": 0.1,
      "p95": 0.36976190476190457,
      "ci95_low": 0.09109834821428571,
      "ci95_high": 0.15346419258004929
    },
    "naturalness": {
      "n": 40,
      "mean": 0.7933277066901752,
      "median": 0.7486363636363635,
      "p95": 0.9127916666666668,
      "ci95_low": 0.7727080077076893,
      "ci95_high": 0.8154415380543057
    },
    "context_keyword_coverage": {
      "n": 40,
      "mean": 0.08185606060606061,
      "median": 0.0,
      "p95": 0.36818181818181794,
      "ci95_low": 0.03673295454545455,
      "ci95_high": 0.1318295454545454
    },
    "context_overlap": {
      "n": 40,
      "mean": 0.06390374821425966,
      "median": 0.04878048780487805,
      "p95": 0.13507791327913274,
      "ci95_low": 0.048049525554643355,
      "ci95_high": 0.08592009457208474
    },
    "persona_keyword_coverage": {
      "n": 40,
      "mean": 0.03892857142857143,
      "median": 0.0,
      "p95": 0.2857142857142857,
      "ci95_low": 0.012142857142857143,
      "ci95_high": 0.07155059523809523
    },
    "persona_style": {
      "n": 40,
      "mean": 0.4501170977011494,
      "median": 0.5,
      "p95": 1.0,
      "ci95_low": 0.35963385416666666,
      "ci95_high": 0.5420386853448276
    },
    "distinct1": {
      "n": 40,
      "mean": 0.9296734333921046,
      "median": 0.9090909090909091,
      "p95": 1.0,
      "ci95_low": 0.9194769763325314,
      "ci95_high": 0.9406971826531088
    },
    "length_score": {
      "n": 40,
      "mean": 0.25166666666666665,
      "median": 0.09999999999999998,
      "p95": 0.8016666666666666,
      "ci95_low": 0.1791458333333333,
      "ci95_high": 0.3308333333333333
    },
    "sentence_score": {
      "n": 40,
      "mean": 0.7112499999999999,
      "median": 0.65,
      "p95": 1.0,
      "ci95_low": 0.67625,
      "ci95_high": 0.755
    },
    "bertscore_f1": {
      "n": 40,
      "mean": 0.0695287701440975,
      "median": 0.05141826346516609,
      "p95": 0.19394720941781993,
      "ci95_low": 0.05159284593304619,
      "ci95_high": 0.08947306958318221
    },
    "overall_quality": {
      "n": 40,
      "mean": 0.21529335781242623,
      "median": 0.17090838630894598,
      "p95": 0.354843221307651,
      "ci95_low": 0.19116069231276742,
      "ci95_high": 0.2431660064492612
    },
    "metrics": [
      "context_relevance",
      "persona_consistency",
      "naturalness",
      "context_keyword_coverage",
      "context_overlap",
      "persona_keyword_coverage",
      "persona_style",
      "distinct1",
      "length_score",
      "sentence_score",
      "bertscore_f1",
      "overall_quality"
    ]
  },
  "candidate_no_context": {
    "sample_count": 40,
    "context_relevance": {
      "n": 40,
      "mean": 0.026699389208690805,
      "median": 0.014459930313588849,
      "p95": 0.08493880320106315,
      "ci95_low": 0.016026803804654266,
      "ci95_high": 0.039859054486189205
    },
    "persona_consistency": {
      "n": 40,
      "mean": 0.18164752668308703,
      "median": 0.1,
      "p95": 0.5071428571428571,
      "ci95_low": 0.1336303199404762,
      "ci95_high": 0.23458932804802948
    },
    "naturalness": {
      "n": 40,
      "mean": 0.8052418207219656,
      "median": 0.7486363636363635,
      "p95": 0.9617967479674796,
      "ci95_low": 0.7801465485150991,
      "ci95_high": 0.8312830952937208
    },
    "context_keyword_coverage": {
      "n": 40,
      "mean": 0.020681818181818183,
      "median": 0.0,
      "p95": 0.10409090909090887,
      "ci95_low": 0.006818181818181818,
      "ci95_high": 0.03931818181818182
    },
    "context_overlap": {
      "n": 40,
      "mean": 0.040740388271393604,
      "median": 0.04511533242876527,
      "p95": 0.05894357743097239,
      "ci95_low": 0.03692227935792095,
      "ci95_high": 0.0447447854865388
    },
    "persona_keyword_coverage": {
      "n": 40,
      "mean": 0.1055952380952381,
      "median": 0.0,
      "p95": 0.5714285714285714,
      "ci95_low": 0.04820535714285713,
      "ci95_high": 0.17405357142857142
    },
    "persona_style": {
      "n": 40,
      "mean": 0.48585668103448276,
      "median": 0.5,
      "p95": 1.0,
      "ci95_low": 0.39375,
      "ci95_high": 0.5785870150862069
    },
    "distinct1": {
      "n": 40,
      "mean": 0.9314378851382475,
      "median": 0.9090909090909091,
      "p95": 1.0,
      "ci95_low": 0.9213051941360766,
      "ci95_high": 0.942499920846994
    },
    "length_score": {
      "n": 40,
      "mean": 0.28583333333333333,
      "median": 0.09999999999999998,
      "p95": 0.9016666666666665,
      "ci95_low": 0.19747916666666665,
      "ci95_high": 0.3783541666666665
    },