{
  "ttft_ms": {
    "candidate_mean": 1760.6786374890362,
    "baseline_mean": 913.0738624953665,
    "absolute_delta": 847.6047749936697,
    "relative_delta": 0.9282981473998452,
    "candidate_better": false,
    "lower_is_better": true
  },
  "total_time_ms": {
    "candidate_mean": 10527.152312490216,
    "baseline_mean": 8885.021212496213,
    "absolute_delta": 1642.1310999940033,
    "relative_delta": 0.1848201665162545,
    "candidate_better": false,
    "lower_is_better": true
  },
  "tokens_per_s": {
    "candidate_mean": 7.385748325823159,
    "baseline_mean": 8.119287273709222,
    "absolute_delta": -0.7335389478860632,
    "relative_delta": -0.09034523883165334,
    "candidate_better": false,
    "lower_is_better": false
  }
}