{
  "elara-npc:latest": {
    "total_requests": 8,
    "ok_requests": 8,
    "error_requests": 0,
    "error_rate": 0.0,
    "ttft_ms": {
      "n": 8,
      "mean": 1760.6786374890362,
      "median": 1796.480849996442,
      "p95": 2484.072319974075,
      "ci95_low": 1280.2938206234103,
      "ci95_high": 2135.1621312252973
    },
    "total_time_ms": {
      "n": 8,
      "mean": 10527.152312490216,
      "median": 10294.953649980016,
      "p95": 12207.990089969826,
      "ci95_low": 9762.066437513568,
      "ci95_high": 11276.408499352874
    },
    "tokens_per_s": {
      "n": 8,
      "mean": 7.385748325823159,
      "median": 7.5466334788543765,
      "p95": 8.02638322293893,
      "ci95_low": 6.968395917730153,
      "ci95_high": 7.769906340124467
    }
  },
  "phi3:mini": {
    "total_requests": 8,
    "ok_requests": 8,
    "error_requests": 0,
    "error_rate": 0.0,
    "ttft_ms": {
      "n": 8,
      "mean": 913.0738624953665,
      "median": 759.5184000092559,
      "p95": 1813.271269996767,
      "ci95_low": 379.61428061917104,
      "ci95_high": 1404.6425609356447
    },
    "total_time_ms": {
      "n": 8,
      "mean": 8885.021212496213,
      "median": 8681.867249979405,
      "p95": 10289.508545029094,
      "ci95_low": 8352.68816937023,
      "ci95_high": 9503.750083447994
    },
    "tokens_per_s": {
      "n": 8,
      "mean": 8.119287273709222,
      "median": 7.881121237086086,
      "p95": 9.023034009480936,
      "ci95_low": 7.686053875893507,
      "ci95_high": 8.60251591115139
    }
  }
}