{
  "proposed_vs_candidate_no_context": {
    "context_relevance": {
      "target_mean": 0.055825837385327516,
      "baseline_mean": 0.022563858821813394,
      "absolute_delta": 0.03326197856351412,
      "relative_delta": 1.474126337440049
    },
    "persona_consistency": {
      "target_mean": 0.13282738095238095,
      "baseline_mean": 0.18058960746460748,
      "absolute_delta": -0.04776222651222653,
      "relative_delta": -0.26447937499164853
    },
    "naturalness": {
      "target_mean": 0.7926334142796903,
      "baseline_mean": 0.8008797541306079,
      "absolute_delta": -0.008246339850917606,
      "relative_delta": -0.010296601716283101
    },
    "context_keyword_coverage": {
      "target_mean": 0.05893939393939394,
      "baseline_mean": 0.016136363636363636,
      "absolute_delta": 0.0428030303030303,
      "relative_delta": 2.652582159624413
    },
    "context_overlap": {
      "target_mean": 0.04856087209250586,
      "baseline_mean": 0.037561347587862844,
      "absolute_delta": 0.010999524504643018,
      "relative_delta": 0.292841583463243
    },
    "persona_keyword_coverage": {
      "target_mean": 0.04285714285714286,
      "baseline_mean": 0.10595238095238095,
      "absolute_delta": -0.0630952380952381,
      "relative_delta": -0.5955056179775281
    },
    "persona_style": {
      "target_mean": 0.4927083333333333,
      "baseline_mean": 0.4791385135135135,
      "absolute_delta": 0.013569819819819806,
      "relative_delta": 0.028321287972266265
    },
    "distinct1": {
      "target_mean": 0.9280418690325594,
      "baseline_mean": 0.9339702186598533,
      "absolute_delta": -0.0059283496272939384,
      "relative_delta": -0.006347471802474047
    },
    "length_score": {
      "target_mean": 0.23833333333333334,
      "baseline_mean": 0.2633333333333333,
      "absolute_delta": -0.024999999999999967,
      "relative_delta": -0.09493670886075938
    },
    "sentence_score": {
      "target_mean": 0.7375,
      "baseline_mean": 0.7462500000000001,
      "absolute_delta": -0.008750000000000036,
      "relative_delta": -0.011725293132328354
    },
    "bertscore_f1": {
      "target_mean": 0.06013441521208733,
      "baseline_mean": 0.0353376597573515,
      "absolute_delta": 0.02479675545473583,
      "relative_delta": 0.7017090442605559
    },
    "overall_quality": {
      "target_mean": 0.2093592971265445,
      "baseline_mean": 0.21051575471490777,
      "absolute_delta": -0.0011564575883632744,
      "relative_delta": -0.0054934491241732195
    }
  },
  "proposed_vs_baseline_no_context": {
    "context_relevance": {
      "target_mean": 0.055825837385327516,
      "baseline_mean": 0.038280566951676906,
      "absolute_delta": 0.01754527043365061,
      "relative_delta": 0.4583336097346392
    },
    "persona_consistency": {
      "target_mean": 0.13282738095238095,
      "baseline_mean": 0.19882758620689656,
      "absolute_delta": -0.06600020525451561,
      "relative_delta": -0.3319469220223643
    },
    "naturalness": {
      "target_mean": 0.7926334142796903,
      "baseline_mean": 0.8808806833579572,
      "absolute_delta": -0.08824726907826697,
      "relative_delta": -0.10018072906521729
    },
    "context_keyword_coverage": {
      "target_mean": 0.05893939393939394,
      "baseline_mean": 0.03643939393939394,
      "absolute_delta": 0.0225,
      "relative_delta": 0.6174636174636174
    },
    "context_overlap": {
      "target_mean": 0.04856087209250586,
      "baseline_mean": 0.04257663731367051,
      "absolute_delta": 0.005984234778835355,
      "relative_delta": 0.14055207635934971
    },
    "persona_keyword_coverage": {
      "target_mean": 0.04285714285714286,
      "baseline_mean": 0.10500000000000001,
      "absolute_delta": -0.06214285714285715,
      "relative_delta": -0.5918367346938775
    },
    "persona_style": {
      "target_mean": 0.4927083333333333,
      "baseline_mean": 0.5741379310344827,
      "absolute_delta": -0.08142959770114944,
      "relative_delta": -0.14182932932932935
    },
    "distinct1": {
      "target_mean": 0.9280418690325594,
      "baseline_mean": 0.9757433750615598,
      "absolute_delta": -0.04770150602900047,
      "relative_delta": -0.048887348096000115
    },
    "length_score": {
      "target_mean": 0.23833333333333334,
      "baseline_mean": 0.5141666666666667,
      "absolute_delta": -0.2758333333333333,
      "relative_delta": -0.5364667747163695
    },
    "sentence_score": {
      "target_mean": 0.7375,
      "baseline_mean": 0.8775000000000001,
      "absolute_delta": -0.14,
      "relative_delta": -0.15954415954415954
    },
    "bertscore_f1": {
      "target_mean": 0.06013441521208733,
      "baseline_mean": 0.04690743981336709,
      "absolute_delta": 0.01322697539872024,
      "relative_delta": 0.2819803308674924
    },
    "overall_quality": {
      "target_mean": 0.2093592971265445,
      "baseline_mean": 0.237520185658553,
      "absolute_delta": -0.028160888532008516,
      "relative_delta": -0.1185620853820449
    }
  },
  "controlled_vs_proposed_raw": {
    "context_relevance": {
      "target_mean": 0.27000864362138655,
      "baseline_mean": 0.055825837385327516,
      "absolute_delta": 0.21418280623605904,
      "relative_delta": 3.83662505154561
    },
    "persona_consistency": {
      "target_mean": 0.3585729166666667,
      "baseline_mean": 0.13282738095238095,
      "absolute_delta": 0.22574553571428574,
      "relative_delta": 1.6995406677123015
    },
    "naturalness": {
      "target_mean": 0.8776613799410174,
      "baseline_mean": 0.7926334142796903,
      "absolute_delta": 0.0850279656613272,
      "relative_delta": 0.10727274945707002
    },
    "context_keyword_coverage": {
      "target_mean": 0.3403409090909091,
      "baseline_mean": 0.05893939393939394,
      "absolute_delta": 0.2814015151515151,
      "relative_delta": 4.774421593830334
    },
    "context_overlap": {
      "target_mean": 0.10590002419250055,
      "baseline_mean": 0.04856087209250586,
      "absolute_delta": 0.05733915209999469,
      "relative_delta": 1.1807685823839134
    },
    "persona_keyword_coverage": {
      "target_mean": 0.2975,
      "baseline_mean": 0.04285714285714286,
      "absolute_delta": 0.2546428571428571,
      "relative_delta": 5.9416666666666655
    },
    "persona_style": {
      "target_mean": 0.6028645833333333,
      "baseline_mean": 0.4927083333333333,
      "absolute_delta": 0.11015624999999996,
      "relative_delta": 0.22357293868921768
    },
    "distinct1": {
      "target_mean": 0.9387367831858772,
      "baseline_mean": 0.9280418690325594,
      "absolute_delta": 0.010694914153317803,
      "relative_delta": 0.011524172033818642
    },
    "length_score": {
      "target_mean": 0.5633333333333334,
      "baseline_mean": 0.23833333333333334,
      "absolute_delta": 0.325,
      "relative_delta": 1.3636363636363635
    },
    "sentence_score": {
      "target_mean": 0.8949999999999999,
      "baseline_mean": 0.7375,
      "absolute_delta": 0.15749999999999986,
      "relative_delta": 0.2135593220338981
    },
    "bertscore_f1": {
      "target_mean": 0.08279569711303339,
      "baseline_mean": 0.06013441521208733,
      "absolute_delta": 0.02266128190094606,
      "relative_delta": 0.3768438060139483
    },
    "overall_quality": {
      "target_mean": 0.3878340853566359,
      "baseline_mean": 0.2093592971265445,
      "absolute_delta": 0.17847478823009139,
      "relative_delta": 0.8524808340477692
    }
  },
  "controlled_vs_candidate_no_context": {
    "context_relevance": {
      "target_mean": 0.27000864362138655,
      "baseline_mean": 0.022563858821813394,
      "absolute_delta": 0.24744478479957316,
      "relative_delta": 10.96642142435133
    },
    "persona_consistency": {
      "target_mean": 0.3585729166666667,
      "baseline_mean": 0.18058960746460748,
      "absolute_delta": 0.1779833092020592,
      "relative_delta": 0.9855678391512144
    },