{
  "proposed_contextual_controlled": {
    "sample_count": 40,
    "context_relevance": {
      "n": 40,
      "mean": 0.27000864362138655,
      "median": 0.2674096736596736,
      "p95": 0.42290411007990814,
      "ci95_low": 0.24638842617322396,
      "ci95_high": 0.2951751898208002
    },
    "persona_consistency": {
      "n": 40,
      "mean": 0.3585729166666667,
      "median": 0.3238095238095238,
      "p95": 0.661285714285714,
      "ci95_low": 0.3040223214285715,
      "ci95_high": 0.4153497023809524
    },
    "naturalness": {
      "n": 40,
      "mean": 0.8776613799410174,
      "median": 0.8991194968553458,
      "p95": 0.9722522522522522,
      "ci95_low": 0.8530419920295832,
      "ci95_high": 0.9016656440498665
    },
    "context_keyword_coverage": {
      "n": 40,
      "mean": 0.3403409090909091,
      "median": 0.3484848484848485,
      "p95": 0.5454545454545454,
      "ci95_low": 0.30793750000000003,
      "ci95_high": 0.37488825757575756
    },
    "context_overlap": {
      "n": 40,
      "mean": 0.10590002419250055,
      "median": 0.10668563300142248,
      "p95": 0.16283298097251586,
      "ci95_low": 0.09653206904893898,
      "ci95_high": 0.11558389805172997
    },
    "persona_keyword_coverage": {
      "n": 40,
      "mean": 0.2975,
      "median": 0.2,
      "p95": 0.7185714285714283,
      "ci95_low": 0.23273511904761907,
      "ci95_high": 0.3725029761904761
    },
    "persona_style": {
      "n": 40,
      "mean": 0.6028645833333333,
      "median": 0.5,
      "p95": 1.0,
      "ci95_low": 0.5145833333333333,
      "ci95_high": 0.69453125
    },
    "distinct1": {
      "n": 40,
      "mean": 0.9387367831858772,
      "median": 0.9393939393939394,
      "p95": 1.0,
      "ci95_low": 0.9262216823734662,
      "ci95_high": 0.9506629078364838
    },
    "length_score": {
      "n": 40,
      "mean": 0.5633333333333334,
      "median": 0.7166666666666667,
      "p95": 0.9683333333333333,
      "ci95_low": 0.45499999999999996,
      "ci95_high": 0.6650208333333333
    },
    "sentence_score": {
      "n": 40,
      "mean": 0.8949999999999999,
      "median": 1.0,
      "p95": 1.0,
      "ci95_low": 0.8425,
      "ci95_high": 0.93875
    },
    "bertscore_f1": {
      "n": 40,
      "mean": 0.08279569711303339,
      "median": 0.06347662769258022,
      "p95": 0.2159591391682624,
      "ci95_low": 0.06464820408145897,
      "ci95_high": 0.1022982771444367
    },
    "overall_quality": {
      "n": 40,
      "mean": 0.3878340853566359,
      "median": 0.3833975130937338,
      "p95": 0.48188793881792585,
      "ci95_low": 0.36968132199730774,
      "ci95_high": 0.40793518024240716
    },
    "metrics": [
      "context_relevance",
      "persona_consistency",
      "naturalness",
      "context_keyword_coverage",
      "context_overlap",
      "persona_keyword_coverage",
      "persona_style",
      "distinct1",
      "length_score",
      "sentence_score",
      "bertscore_f1",
      "overall_quality"
    ]
  },
  "proposed_contextual": {
    "sample_count": 40,
    "context_relevance": {
      "n": 40,
      "mean": 0.055825837385327516,
      "median": 0.014634146341463414,
      "p95": 0.2899157427937914,
      "ci95_low": 0.03023034549520425,
      "ci95_high": 0.08535222152947125
    },
    "persona_consistency": {
      "n": 40,
      "mean": 0.13282738095238095,
      "median": 0.1,
      "p95": 0.37333333333333296,
      "ci95_low": 0.09661067708333333,
      "ci95_high": 0.1724129464285714
    },
    "naturalness": {
      "n": 40,
      "mean": 0.7926334142796903,
      "median": 0.7486363636363635,
      "p95": 0.9358686868686868,
      "ci95_low": 0.7728294742482771,
      "ci95_high": 0.8153268362458619
    },
    "context_keyword_coverage": {
      "n": 40,
      "mean": 0.05893939393939394,
      "median": 0.0,
      "p95": 0.36818181818181794,
      "ci95_low": 0.02484753787878788,
      "ci95_high": 0.10234848484848484
    },
    "context_overlap": {
      "n": 40,
      "mean": 0.04856087209250586,
      "median": 0.047619047619047616,
      "p95": 0.10415584415584414,
      "ci95_low": 0.04027565955159488,
      "ci95_high": 0.05707134993397808
    },
    "persona_keyword_coverage": {
      "n": 40,
      "mean": 0.04285714285714286,
      "median": 0.0,
      "p95": 0.3416666666666662,
      "ci95_low": 0.008333333333333333,
      "ci95_high": 0.08869047619047618
    },
    "persona_style": {
      "n": 40,
      "mean": 0.4927083333333333,
      "median": 0.5,
      "p95": 1.0,
      "ci95_low": 0.3960677083333334,
      "ci95_high": 0.5903645833333333
    },
    "distinct1": {
      "n": 40,
      "mean": 0.9280418690325594,
      "median": 0.9090909090909091,
      "p95": 1.0,
      "ci95_low": 0.9183701952967772,
      "ci95_high": 0.9388258724494198
    },
    "length_score": {
      "n": 40,
      "mean": 0.23833333333333334,
      "median": 0.09999999999999998,
      "p95": 0.8,
      "ci95_low": 0.16666666666666666,
      "ci95_high": 0.3158333333333333
    },
    "sentence_score": {
      "n": 40,
      "mean": 0.7375,
      "median": 0.65,
      "p95": 1.0,
      "ci95_low": 0.69375,
      "ci95_high": 0.79
    },
    "bertscore_f1": {
      "n": 40,
      "mean": 0.06013441521208733,
      "median": 0.04046653397381306,
      "p95": 0.14271202459931367,
      "ci95_low": 0.044286090434179644,
      "ci95_high": 0.0773101026297081
    },
    "overall_quality": {
      "n": 40,
      "mean": 0.2093592971265445,
      "median": 0.17249818747142728,
      "p95": 0.33633068449188097,
      "ci95_low": 0.18935054112275948,
      "ci95_high": 0.23216430561219262
    },
    "metrics": [
      "context_relevance",
      "persona_consistency",
      "naturalness",
      "context_keyword_coverage",
      "context_overlap",
      "persona_keyword_coverage",
      "persona_style",
      "distinct1",
      "length_score",
      "sentence_score",
      "bertscore_f1",
      "overall_quality"
    ]
  },
  "candidate_no_context": {
    "sample_count": 40,
    "context_relevance": {
      "n": 40,
      "mean": 0.022563858821813394,
      "median": 0.014285714285714284,
      "p95": 0.07628722570532913,
      "ci95_low": 0.015294303793664352,
      "ci95_high": 0.030448680353753445
    },
    "persona_consistency": {
      "n": 40,
      "mean": 0.18058960746460748,
      "median": 0.1,
      "p95": 0.5442857142857143,
      "ci95_low": 0.13202231640122267,
      "ci95_high": 0.23669052143661515
    },
    "naturalness": {
      "n": 40,
      "mean": 0.8008797541306079,
      "median": 0.7486363636363635,
      "p95": 0.9648078078078077,
      "ci95_low": 0.7782601485830986,
      "ci95_high": 0.8265136241161528
    },
    "context_keyword_coverage": {
      "n": 40,
      "mean": 0.016136363636363636,
      "median": 0.0,
      "p95": 0.09090909090909091,
      "ci95_low": 0.006818181818181818,
      "ci95_high": 0.02772727272727273
    },
    "context_overlap": {
      "n": 40,
      "mean": 0.037561347587862844,
      "median": 0.037059630928778405,
      "p95": 0.05429252782193957,
      "ci95_low": 0.033300607462723106,
      "ci95_high": 0.04180487795410623
    },
    "persona_keyword_coverage": {
      "n": 40,
      "mean": 0.10595238095238095,
      "median": 0.0,
      "p95": 0.44285714285714206,
      "ci95_low": 0.051175595238095235,
      "ci95_high": 0.16727678571428564
    },
    "persona_style": {
      "n": 40,
      "mean": 0.4791385135135135,
      "median": 0.5,
      "p95": 1.0,
      "ci95_low": 0.38124208192567566,
      "ci95_high": 0.5783709881756756
    },
    "distinct1": {
      "n": 40,
      "mean": 0.9339702186598533,
      "median": 0.9090909090909091,
      "p95": 1.0,
      "ci95_low": 0.9234125963983207,
      "ci95_high": 0.9451708292043906
    },
    "length_score": {
      "n": 40,
      "mean": 0.2633333333333333,
      "median": 0.09999999999999998,
      "p95": 0.9333333333333333,
      "ci95_low": 0.1791458333333333,
      "ci95_high": 0.3583333333333333
    },