{
  "proposed_contextual_controlled": {
    "sample_count": 8,
    "context_relevance": {
      "n": 8,
      "mean": 0.2841516394230182,
      "median": 0.25370288248337025,
      "p95": 0.4121391215526047,
      "ci95_low": 0.23558059015693714,
      "ci95_high": 0.3425752031203104
    },
    "persona_consistency": {
      "n": 8,
      "mean": 0.25583333333333336,
      "median": 0.24666666666666667,
      "p95": 0.3666666666666667,
      "ci95_low": 0.19664583333333335,
      "ci95_high": 0.31500000000000006
    },
    "naturalness": {
      "n": 8,
      "mean": 0.8514051287163551,
      "median": 0.8798118279569893,
      "p95": 0.9564313725490196,
      "ci95_low": 0.7846557301571687,
      "ci95_high": 0.9130068625930521
    },
    "context_keyword_coverage": {
      "n": 8,
      "mean": 0.3579545454545454,
      "median": 0.3181818181818182,
      "p95": 0.5295454545454545,
      "ci95_low": 0.2954545454545454,
      "ci95_high": 0.4375
    },
    "context_overlap": {
      "n": 8,
      "mean": 0.11194485868278803,
      "median": 0.1171993911719939,
      "p95": 0.13819101123595506,
      "ci95_low": 0.09508492673631645,
      "ci95_high": 0.1276324886114779
    },
    "persona_keyword_coverage": {
      "n": 8,
      "mean": 0.2,
      "median": 0.2,
      "p95": 0.3333333333333333,
      "ci95_low": 0.12916666666666665,
      "ci95_high": 0.2625
    },
    "persona_style": {
      "n": 8,
      "mean": 0.4791666666666667,
      "median": 0.5,
      "p95": 0.8249999999999997,
      "ci95_low": 0.3333333333333333,
      "ci95_high": 0.6458333333333334
    },
    "distinct1": {
      "n": 8,
      "mean": 0.9384086551242211,
      "median": 0.922201138519924,
      "p95": 1.0,
      "ci95_low": 0.9043762556459722,
      "ci95_high": 0.9751660628019324
    },
    "length_score": {
      "n": 8,
      "mean": 0.4458333333333333,
      "median": 0.5166666666666666,
      "p95": 0.8433333333333333,
      "ci95_low": 0.20833333333333331,
      "ci95_high": 0.6875
    },
    "sentence_score": {
      "n": 8,
      "mean": 0.86875,
      "median": 1.0,
      "p95": 1.0,
      "ci95_low": 0.7375,
      "ci95_high": 0.95625
    },
    "bertscore_f1": {
      "n": 8,
      "mean": 0.06303265644237399,
      "median": 0.07103800028562546,
      "p95": 0.11054841801524162,
      "ci95_low": 0.032910866755992176,
      "ci95_high": 0.08947166299913077
    },
    "overall_quality": {
      "n": 8,
      "mean": 0.3537736974052979,
      "median": 0.3541268586823036,
      "p95": 0.42032451632458,
      "ci95_low": 0.323170598748645,
      "ci95_high": 0.38541697236593864
    },
    "metrics": [
      "context_relevance",
      "persona_consistency",
      "naturalness",
      "context_keyword_coverage",
      "context_overlap",
      "persona_keyword_coverage",
      "persona_style",
      "distinct1",
      "length_score",
      "sentence_score",
      "bertscore_f1",
      "overall_quality"
    ]
  },
  "proposed_contextual": {
    "sample_count": 8,
    "context_relevance": {
      "n": 8,
      "mean": 0.06059284594200466,
      "median": 0.018226164079822617,
      "p95": 0.19942582102178302,
      "ci95_low": 0.01934407004726348,
      "ci95_high": 0.12363099241662504
    },
    "persona_consistency": {
      "n": 8,
      "mean": 0.1716666666666667,
      "median": 0.1,
      "p95": 0.5589999999999997,
      "ci95_low": 0.05997916666666667,
      "ci95_high": 0.35583333333333333
    },
    "naturalness": {
      "n": 8,
      "mean": 0.825200845665962,
      "median": 0.8125,
      "p95": 0.924077519379845,
      "ci95_low": 0.7778977272727272,
      "ci95_high": 0.8757161733615222
    },
    "context_keyword_coverage": {
      "n": 8,
      "mean": 0.05587121212121212,
      "median": 0.0,
      "p95": 0.209090909090909,
      "ci95_low": 0.010156250000000014,
      "ci95_high": 0.12405303030303029
    },
    "context_overlap": {
      "n": 8,
      "mean": 0.07160999152385392,
      "median": 0.04819976771196283,
      "p95": 0.18306081754735784,
      "ci95_low": 0.0374341810979327,
      "ci95_high": 0.12395033201829915
    },
    "persona_keyword_coverage": {
      "n": 8,
      "mean": 0.10416666666666667,
      "median": 0.0,
      "p95": 0.5416666666666663,
      "ci95_low": 0.0,
      "ci95_high": 0.3125
    },
    "persona_style": {
      "n": 8,
      "mean": 0.44166666666666665,
      "median": 0.5,
      "p95": 0.7383333333333332,
      "ci95_low": 0.2708333333333333,
      "ci95_high": 0.5958333333333333
    },
    "distinct1": {
      "n": 8,
      "mean": 0.9390437808315715,
      "median": 0.9212121212121211,
      "p95": 1.0,
      "ci95_low": 0.9106747159090909,
      "ci95_high": 0.9701043868921776
    },
    "length_score": {
      "n": 8,
      "mean": 0.37916666666666665,
      "median": 0.21666666666666667,
      "p95": 0.8216666666666668,
      "ci95_low": 0.19166666666666665,
      "ci95_high": 0.6042708333333329
    },
    "sentence_score": {
      "n": 8,
      "mean": 0.7375,
      "median": 0.65,
      "p95": 1.0,
      "ci95_low": 0.65,
      "ci95_high": 0.86875
    },
    "bertscore_f1": {
      "n": 8,
      "mean": 0.0634510200470686,
      "median": 0.049089688807725906,
      "p95": 0.12632295861840248,
      "ci95_low": 0.036628467595437544,
      "ci95_high": 0.0943668291380163
    },
    "overall_quality": {
      "n": 8,
      "mean": 0.2303561587111531,
      "median": 0.20162909905631005,
      "p95": 0.3881189065171115,
      "ci95_low": 0.1783755818893205,
      "ci95_high": 0.3002168983490412
    },
    "metrics": [
      "context_relevance",
      "persona_consistency",
      "naturalness",
      "context_keyword_coverage",
      "context_overlap",
      "persona_keyword_coverage",
      "persona_style",
      "distinct1",
      "length_score",
      "sentence_score",
      "bertscore_f1",
      "overall_quality"
    ]
  },
  "candidate_no_context": {
    "sample_count": 8,
    "context_relevance": {
      "n": 8,
      "mean": 0.04457824342355492,
      "median": 0.014459930313588849,
      "p95": 0.1158918521675463,
      "ci95_low": 0.019710280659471956,
      "ci95_high": 0.07664934791737892
    },
    "persona_consistency": {
      "n": 8,
      "mean": 0.14916666666666667,
      "median": 0.1,
      "p95": 0.3176666666666666,
      "ci95_low": 0.08750000000000001,
      "ci95_high": 0.22833333333333336
    },
    "naturalness": {
      "n": 8,
      "mean": 0.8101262881854987,
      "median": 0.7914974937343358,
      "p95": 0.9286666666666665,
      "ci95_low": 0.765159632034632,
      "ci95_high": 0.864198926073926
    },
    "context_keyword_coverage": {
      "n": 8,
      "mean": 0.043560606060606064,
      "median": 0.0,
      "p95": 0.1401515151515151,
      "ci95_low": 0.0,
      "ci95_high": 0.0946969696969697
    },
    "context_overlap": {
      "n": 8,
      "mean": 0.04695273060376893,
      "median": 0.047619047619047616,
      "p95": 0.05928597187161917,
      "ci95_low": 0.03977821485753482,
      "ci95_high": 0.0532990609553343
    },
    "persona_keyword_coverage": {
      "n": 8,
      "mean": 0.06666666666666667,
      "median": 0.0,
      "p95": 0.28666666666666657,
      "ci95_low": 0.0,
      "ci95_high": 0.15833333333333333
    },
    "persona_style": {
      "n": 8,
      "mean": 0.4791666666666667,
      "median": 0.5,
      "p95": 0.8249999999999997,
      "ci95_low": 0.3125,
      "ci95_high": 0.6458333333333334
    },
    "distinct1": {
      "n": 8,
      "mean": 0.9362532204637467,
      "median": 0.9308270676691729,
      "p95": 0.9833333333333333,
      "ci95_low": 0.9158008658008657,
      "ci95_high": 0.9583311425416688
    },
    "length_score": {
      "n": 8,
      "mean": 0.2875,
      "median": 0.16666666666666663,
      "p95": 0.7799999999999998,
      "ci95_low": 0.11666666666666665,
      "ci95_high": 0.5166666666666667
    },
    "sentence_score": {
      "n": 8,
      "mean": 0.78125,
      "median": 0.65,
      "p95": 1.0,
      "ci95_low": 0.65,