{
  "proposed_vs_candidate_no_context": {
    "context_relevance": {
      "target_mean": 0.07183061015628532,
      "baseline_mean": 0.03336828284103501,
      "absolute_delta": 0.03846232731525031,
      "relative_delta": 1.152661271138317
    },
    "persona_consistency": {
      "target_mean": 0.14452380952380955,
      "baseline_mean": 0.15119047619047618,
      "absolute_delta": -0.006666666666666626,
      "relative_delta": -0.044094488188976114
    },
    "naturalness": {
      "target_mean": 0.8029694394764302,
      "baseline_mean": 0.8137319768250364,
      "absolute_delta": -0.010762537348606216,
      "relative_delta": -0.013226145285083604
    },
    "context_keyword_coverage": {
      "target_mean": 0.08181818181818182,
      "baseline_mean": 0.031818181818181815,
      "absolute_delta": 0.05,
      "relative_delta": 1.5714285714285716
    },
    "context_overlap": {
      "target_mean": 0.048526276278526854,
      "baseline_mean": 0.03698518522769248,
      "absolute_delta": 0.011541091050834375,
      "relative_delta": 0.3120463228664065
    },
    "persona_keyword_coverage": {
      "target_mean": 0.0369047619047619,
      "baseline_mean": 0.04523809523809523,
      "absolute_delta": -0.008333333333333331,
      "relative_delta": -0.18421052631578946
    },
    "persona_style": {
      "target_mean": 0.575,
      "baseline_mean": 0.575,
      "absolute_delta": 0.0,
      "relative_delta": 0.0
    },
    "distinct1": {
      "target_mean": 0.9340902653577425,
      "baseline_mean": 0.9357882753959246,
      "absolute_delta": -0.0016980100381820407,
      "relative_delta": -0.0018145237366471879
    },
    "length_score": {
      "target_mean": 0.2866666666666666,
      "baseline_mean": 0.3283333333333333,
      "absolute_delta": -0.041666666666666685,
      "relative_delta": -0.12690355329949246
    },
    "sentence_score": {
      "target_mean": 0.72,
      "baseline_mean": 0.7375,
      "absolute_delta": -0.01750000000000007,
      "relative_delta": -0.023728813559322128
    },
    "overall_quality": {
      "target_mean": 0.23856979066843195,
      "baseline_mean": 0.22537586030466303,
      "absolute_delta": 0.013193930363768924,
      "relative_delta": 0.058541896838167906
    }
  },
  "controlled_vs_proposed_raw": {
    "context_relevance": {
      "target_mean": 0.26229838933314065,
      "baseline_mean": 0.07183061015628532,
      "absolute_delta": 0.1904677791768553,
      "relative_delta": 2.6516241301924817
    },
    "persona_consistency": {
      "target_mean": 0.2967142857142857,
      "baseline_mean": 0.14452380952380955,
      "absolute_delta": 0.15219047619047615,
      "relative_delta": 1.0530477759472812
    },
    "naturalness": {
      "target_mean": 0.9050953162257322,
      "baseline_mean": 0.8029694394764302,
      "absolute_delta": 0.10212587674930207,
      "relative_delta": 0.12718525977264145
    },
    "context_keyword_coverage": {
      "target_mean": 0.3318181818181818,
      "baseline_mean": 0.08181818181818182,
      "absolute_delta": 0.24999999999999997,
      "relative_delta": 3.0555555555555554
    },
    "context_overlap": {
      "target_mean": 0.10008554020137797,
      "baseline_mean": 0.048526276278526854,
      "absolute_delta": 0.051559263922851116,
      "relative_delta": 1.0625019654695074
    },
    "persona_keyword_coverage": {
      "target_mean": 0.22214285714285714,
      "baseline_mean": 0.0369047619047619,
      "absolute_delta": 0.18523809523809526,
      "relative_delta": 5.0193548387096785
    },
    "persona_style": {
      "target_mean": 0.595,
      "baseline_mean": 0.575,
      "absolute_delta": 0.020000000000000018,
      "relative_delta": 0.03478260869565221
    },
    "distinct1": {
      "target_mean": 0.9412799572309968,
      "baseline_mean": 0.9340902653577425,
      "absolute_delta": 0.007189691873254245,
      "relative_delta": 0.007696999037347532
    },
    "length_score": {
      "target_mean": 0.6866666666666668,
      "baseline_mean": 0.2866666666666666,
      "absolute_delta": 0.40000000000000013,
      "relative_delta": 1.395348837209303
    },
    "sentence_score": {
      "target_mean": 0.9125,
      "baseline_mean": 0.72,
      "absolute_delta": 0.1925,
      "relative_delta": 0.2673611111111111
    },
    "overall_quality": {
      "target_mean": 0.40433479509338877,
      "baseline_mean": 0.23856979066843195,
      "absolute_delta": 0.1657650044249568,
      "relative_delta": 0.6948281421571083
    }
  },
  "controlled_vs_candidate_no_context": {
    "context_relevance": {
      "target_mean": 0.26229838933314065,
      "baseline_mean": 0.03336828284103501,
      "absolute_delta": 0.22893010649210563,
      "relative_delta": 6.860709841819499
    },
    "persona_consistency": {
      "target_mean": 0.2967142857142857,
      "baseline_mean": 0.15119047619047618,
      "absolute_delta": 0.14552380952380953,
      "relative_delta": 0.9625196850393701
    },
    "naturalness": {
      "target_mean": 0.9050953162257322,
      "baseline_mean": 0.8137319768250364,
      "absolute_delta": 0.09136333940069585,
      "relative_delta": 0.11227694376368379
    },
    "context_keyword_coverage": {
      "target_mean": 0.3318181818181818,
      "baseline_mean": 0.031818181818181815,
      "absolute_delta": 0.3,
      "relative_delta": 9.428571428571429
    },
    "context_overlap": {
      "target_mean": 0.10008554020137797,
      "baseline_mean": 0.03698518522769248,
      "absolute_delta": 0.06310035497368549,
      "relative_delta": 1.7060981196990033
    },
    "persona_keyword_coverage": {
      "target_mean": 0.22214285714285714,
      "baseline_mean": 0.04523809523809523,
      "absolute_delta": 0.1769047619047619,
      "relative_delta": 3.910526315789474
    },
    "persona_style": {
      "target_mean": 0.595,
      "baseline_mean": 0.575,
      "absolute_delta": 0.020000000000000018,
      "relative_delta": 0.03478260869565221
    },
    "distinct1": {
      "target_mean": 0.9412799572309968,
      "baseline_mean": 0.9357882753959246,
      "absolute_delta": 0.005491681835072204,
      "relative_delta": 0.005868508913246126
    },
    "length_score": {
      "target_mean": 0.6866666666666668,
      "baseline_mean": 0.3283333333333333,
      "absolute_delta": 0.35833333333333345,
      "relative_delta": 1.091370558375635
    },
    "sentence_score": {
      "target_mean": 0.9125,
      "baseline_mean": 0.7375,
      "absolute_delta": 0.17499999999999993,
      "relative_delta": 0.23728813559322023
    },
    "overall_quality": {
      "target_mean": 0.40433479509338877,
      "baseline_mean": 0.22537586030466303,
      "absolute_delta": 0.17895893478872574,
      "relative_delta": 0.7940465964136936
    }
  },
  "controlled_alt_vs_controlled_default": {
    "context_relevance": {
      "target_mean": 0.23986577605123133,
      "baseline_mean": 0.26229838933314065,
      "absolute_delta": -0.02243261328190932,
      "relative_delta": -0.08552325974605221
    },
    "persona_consistency": {
      "target_mean": 0.29500000000000004,
      "baseline_mean": 0.2967142857142857,
      "absolute_delta": -0.0017142857142856682,
      "relative_delta": -0.005777563793933403
    },
    "naturalness": {
      "target_mean": 0.9278489960416596,
      "baseline_mean": 0.9050953162257322,
      "absolute_delta": 0.022753679815927352,
      "relative_delta": 0.025139539900405967
    },
    "context_keyword_coverage": {
      "target_mean": 0.3,
      "baseline_mean": 0.3318181818181818,
      "absolute_delta": -0.0318181818181818,
      "relative_delta": -0.09589041095890406
    },
    "context_overlap": {
      "target_mean": 0.09955258683743776,
      "baseline_mean": 0.10008554020137797,
      "absolute_delta": -0.000532953363940214,
      "relative_delta": -0.005324978641948483
    },
    "persona_keyword_coverage": {
      "target_mean": 0.21666666666666665,
      "baseline_mean": 0.22214285714285714,
      "absolute_delta": -0.005476190476190496,