{
  "proposed_contextual_controlled": {
    "sample_count": 20,
    "context_relevance": {
      "n": 20,
      "mean": 0.26229838933314065,
      "median": 0.22168640183346064,
      "p95": 0.4865216376089664,
      "ci95_low": 0.22274869485799076,
      "ci95_high": 0.30912397721330714
    },
    "persona_consistency": {
      "n": 20,
      "mean": 0.2967142857142857,
      "median": 0.23333333333333334,
      "p95": 0.5485714285714287,
      "ci95_low": 0.2342845238095238,
      "ci95_high": 0.3643380952380952
    },
    "naturalness": {
      "n": 20,
      "mean": 0.9050953162257322,
      "median": 0.9275268817204301,
      "p95": 0.9550404040404042,
      "ci95_low": 0.8800305183651903,
      "ci95_high": 0.9275137120907534
    },
    "context_keyword_coverage": {
      "n": 20,
      "mean": 0.3318181818181818,
      "median": 0.2727272727272727,
      "p95": 0.640909090909091,
      "ci95_low": 0.2818181818181818,
      "ci95_high": 0.39545454545454545
    },
    "context_overlap": {
      "n": 20,
      "mean": 0.10008554020137797,
      "median": 0.09901960784313726,
      "p95": 0.15077780357557463,
      "ci95_low": 0.08669793823370303,
      "ci95_high": 0.11235499737003549
    },
    "persona_keyword_coverage": {
      "n": 20,
      "mean": 0.22214285714285714,
      "median": 0.18333333333333335,
      "p95": 0.4357142857142858,
      "ci95_low": 0.16475595238095236,
      "ci95_high": 0.28286309523809516
    },
    "persona_style": {
      "n": 20,
      "mean": 0.595,
      "median": 0.5,
      "p95": 1.0,
      "ci95_low": 0.475,
      "ci95_high": 0.725
    },
    "distinct1": {
      "n": 20,
      "mean": 0.9412799572309968,
      "median": 0.937950937950938,
      "p95": 0.9820754716981133,
      "ci95_low": 0.9315181013229907,
      "ci95_high": 0.9524746261633815
    },
    "length_score": {
      "n": 20,
      "mean": 0.6866666666666668,
      "median": 0.8,
      "p95": 0.8383333333333334,
      "ci95_low": 0.5766249999999999,
      "ci95_high": 0.7833333333333333
    },
    "sentence_score": {
      "n": 20,
      "mean": 0.9125,
      "median": 1.0,
      "p95": 1.0,
      "ci95_low": 0.8425,
      "ci95_high": 0.9824999999999999
    },
    "overall_quality": {
      "n": 20,
      "mean": 0.40433479509338877,
      "median": 0.3894488412492555,
      "p95": 0.4938015438138727,
      "ci95_low": 0.37900537213171814,
      "ci95_high": 0.4316484719458976
    },
    "metrics": [
      "context_relevance",
      "persona_consistency",
      "naturalness",
      "context_keyword_coverage",
      "context_overlap",
      "persona_keyword_coverage",
      "persona_style",
      "distinct1",
      "length_score",
      "sentence_score",
      "overall_quality"
    ]
  },
  "proposed_contextual_controlled_tuned": {
    "sample_count": 20,
    "context_relevance": {
      "n": 20,
      "mean": 0.23986577605123133,
      "median": 0.22503308012741974,
      "p95": 0.28751732954545456,
      "ci95_low": 0.22513092985677752,
      "ci95_high": 0.2548407855418105
    },
    "persona_consistency": {
      "n": 20,
      "mean": 0.29500000000000004,
      "median": 0.23333333333333334,
      "p95": 0.5485714285714287,
      "ci95_low": 0.24142380952380954,
      "ci95_high": 0.3575714285714286
    },
    "naturalness": {
      "n": 20,
      "mean": 0.9278489960416596,
      "median": 0.9402317290552585,
      "p95": 0.9588294573643411,
      "ci95_low": 0.9133002952460704,
      "ci95_high": 0.9403302317312273
    },
    "context_keyword_coverage": {
      "n": 20,
      "mean": 0.3,
      "median": 0.2727272727272727,
      "p95": 0.36363636363636365,
      "ci95_low": 0.2772727272727272,
      "ci95_high": 0.3227272727272727
    },
    "context_overlap": {
      "n": 20,
      "mean": 0.09955258683743776,
      "median": 0.10072463768115943,
      "p95": 0.12233333333333336,
      "ci95_low": 0.08960936635519964,
      "ci95_high": 0.11050957123652204
    },
    "persona_keyword_coverage": {
      "n": 20,
      "mean": 0.21666666666666665,
      "median": 0.16666666666666666,
      "p95": 0.4357142857142858,
      "ci95_low": 0.16832738095238095,
      "ci95_high": 0.27142857142857146
    },
    "persona_style": {
      "n": 20,
      "mean": 0.6083333333333333,
      "median": 0.5,
      "p95": 1.0,
      "ci95_low": 0.4916666666666667,
      "ci95_high": 0.7333333333333333
    },
    "distinct1": {
      "n": 20,
      "mean": 0.9477474901041492,
      "median": 0.9393939393939394,
      "p95": 1.0,
      "ci95_low": 0.9361961030541022,
      "ci95_high": 0.9589111131695424
    },
    "length_score": {
      "n": 20,
      "mean": 0.77,
      "median": 0.8333333333333334,
      "p95": 0.87,
      "ci95_low": 0.7216250000000001,
      "ci95_high": 0.8150000000000001
    },
    "sentence_score": {
      "n": 20,
      "mean": 0.9475,
      "median": 1.0,
      "p95": 1.0,
      "ci95_low": 0.8949999999999999,
      "ci95_high": 1.0
    },
    "overall_quality": {
      "n": 20,
      "mean": 0.3974214785867753,
      "median": 0.3889227895976051,
      "p95": 0.47916798775936725,
      "ci95_low": 0.37693984217698884,
      "ci95_high": 0.42073304606918627
    },
    "metrics": [
      "context_relevance",
      "persona_consistency",
      "naturalness",
      "context_keyword_coverage",
      "context_overlap",
      "persona_keyword_coverage",
      "persona_style",
      "distinct1",
      "length_score",
      "sentence_score",
      "overall_quality"
    ]
  },
  "proposed_contextual": {
    "sample_count": 20,
    "context_relevance": {
      "n": 20,
      "mean": 0.07183061015628532,
      "median": 0.012489486963835155,
      "p95": 0.30734510281385286,
      "ci95_low": 0.029481179166924283,
      "ci95_high": 0.12372930289498904
    },
    "persona_consistency": {
      "n": 20,
      "mean": 0.14452380952380955,
      "median": 0.1,
      "p95": 0.32571428571428584,
      "ci95_low": 0.09830952380952382,
      "ci95_high": 0.2014642857142855
    },
    "naturalness": {
      "n": 20,
      "mean": 0.8029694394764302,
      "median": 0.7486363636363635,
      "p95": 0.9423939393939395,
      "ci95_low": 0.7716678582777404,
      "ci95_high": 0.8358191824563481
    },
    "context_keyword_coverage": {
      "n": 20,
      "mean": 0.08181818181818182,
      "median": 0.0,
      "p95": 0.37272727272727285,
      "ci95_low": 0.02727272727272727,
      "ci95_high": 0.15
    },
    "context_overlap": {
      "n": 20,
      "mean": 0.048526276278526854,
      "median": 0.0375116495806151,
      "p95": 0.12844742063492065,
      "ci95_low": 0.03460153959675471,
      "ci95_high": 0.06553969824447235
    },
    "persona_keyword_coverage": {
      "n": 20,
      "mean": 0.0369047619047619,
      "median": 0.0,
      "p95": 0.17976190476190496,
      "ci95_low": 0.0,
      "ci95_high": 0.09285714285714285
    },
    "persona_style": {
      "n": 20,
      "mean": 0.575,
      "median": 0.5,
      "p95": 1.0,
      "ci95_low": 0.425,
      "ci95_high": 0.7
    },
    "distinct1": {
      "n": 20,
      "mean": 0.9340902653577425,
      "median": 0.9090909090909091,
      "p95": 1.0,
      "ci95_low": 0.9202219907751822,
      "ci95_high": 0.9491852402916233
    },
    "length_score": {
      "n": 20,
      "mean": 0.2866666666666666,
      "median": 0.09999999999999998,
      "p95": 0.7683333333333333,
      "ci95_low": 0.18,
      "ci95_high": 0.4033333333333333
    },
    "sentence_score": {
      "n": 20,
      "mean": 0.72,
      "median": 0.65,
      "p95": 1.0,
      "ci95_low": 0.6675,
      "ci95_high": 0.79
    },
    "overall_quality": {
      "n": 20,
      "mean": 0.23856979066843195,
      "median": 0.21236141906873618,
      "p95": 0.41696026228673294,
      "ci95_low": 0.20463307638637293,
      "ci95_high": 0.2754933081247103
    },