{
  "run_dir": "artifacts\\proposal\\20260312T125446Z",
  "scenario_count": 144,
  "metrics": [
    "distinct1",
    "distinct2",
    "content_distinct1",
    "mtld",
    "repetition_penalty",
    "lexical_richness"
  ],
  "summary": {
    "proposed_contextual_controlled": {
      "distinct1": {
        "n": 144,
        "mean": 0.9333067101498825,
        "ci95_low": 0.9263193605680806,
        "ci95_high": 0.9404665349659124
      },
      "distinct2": {
        "n": 144,
        "mean": 0.9902354161839884,
        "ci95_low": 0.9869352184835064,
        "ci95_high": 0.9932373853744821
      },
      "content_distinct1": {
        "n": 144,
        "mean": 0.9668654828265577,
        "ci95_low": 0.9578321596003002,
        "ci95_high": 0.9754965667900503
      },
      "mtld": {
        "n": 144,
        "mean": 173.96533785886223,
        "ci95_low": 145.8852601520298,
        "ci95_high": 206.37696652019477
      },
      "repetition_penalty": {
        "n": 144,
        "mean": 0.06669328985011751,
        "ci95_low": 0.05976732760628349,
        "ci95_high": 0.07375802415407545
      },
      "lexical_richness": {
        "n": 144,
        "mean": 0.8672315757677199,
        "ci95_low": 0.8466540946634901,
        "ci95_high": 0.8864285158771186
      }
    },
    "proposed_contextual": {
      "distinct1": {
        "n": 144,
        "mean": 0.9379126834296354,
        "ci95_low": 0.9298713580003437,
        "ci95_high": 0.9459824346520376
      },
      "distinct2": {
        "n": 144,
        "mean": 0.991128265542328,
        "ci95_low": 0.9879147807126322,
        "ci95_high": 0.9940443309583935
      },
      "content_distinct1": {
        "n": 144,
        "mean": 0.9678244596771413,
        "ci95_low": 0.9587077110512563,
        "ci95_high": 0.9763143216024219
      },
      "mtld": {
        "n": 144,
        "mean": 125.73441254292369,
        "ci95_low": 103.2867080198369,
        "ci95_high": 151.91825428164088
      },
      "repetition_penalty": {
        "n": 144,
        "mean": 0.06208731657036464,
        "ci95_low": 0.054269157938085955,
        "ci95_high": 0.06987070191319561
      },
      "lexical_richness": {
        "n": 144,
        "mean": 0.825738308603443,
        "ci95_low": 0.8075347579546617,
        "ci95_high": 0.8443177098705675
      }
    },
    "candidate_no_context": {
      "distinct1": {
        "n": 144,
        "mean": 0.9423798098753884,
        "ci95_low": 0.9346713277856634,
        "ci95_high": 0.9502412933308908
      },
      "distinct2": {
        "n": 144,
        "mean": 0.9917695517202095,
        "ci95_low": 0.9889103816200855,
        "ci95_high": 0.9945917844643174
      },
      "content_distinct1": {
        "n": 144,
        "mean": 0.9697240398778918,
        "ci95_low": 0.9613743727473938,
        "ci95_high": 0.9776600293742241
      },
      "mtld": {
        "n": 144,
        "mean": 160.36768800588663,
        "ci95_low": 131.18335332812111,
        "ci95_high": 190.89954981604114
      },
      "repetition_penalty": {
        "n": 144,
        "mean": 0.05762019012461163,
        "ci95_low": 0.05028309027423869,
        "ci95_high": 0.06550864424695463
      },
      "lexical_richness": {
        "n": 144,
        "mean": 0.8422604298529923,
        "ci95_low": 0.8237237207652001,
        "ci95_high": 0.8615184734718312
      }
    },
    "baseline_no_context": {
      "distinct1": {
        "n": 144,
        "mean": 0.978803703681381,
        "ci95_low": 0.9739470346078398,
        "ci95_high": 0.983413863488949
      },
      "distinct2": {
        "n": 144,
        "mean": 0.9997434086629001,
        "ci95_low": 0.9993479284369116,
        "ci95_high": 1.0
      },
      "content_distinct1": {
        "n": 144,
        "mean": 0.9971404326131391,
        "ci95_low": 0.9950226384422246,
        "ci95_high": 0.9989158503075143
      },
      "mtld": {
        "n": 144,
        "mean": 143.53365277777772,
        "ci95_low": 114.73777951388882,
        "ci95_high": 174.34358981481472
      },
      "repetition_penalty": {
        "n": 144,
        "mean": 0.021196296318618975,
        "ci95_low": 0.016828503721836446,
        "ci95_high": 0.025967698185188504
      },
      "lexical_richness": {
        "n": 144,
        "mean": 0.8384281279130176,
        "ci95_low": 0.8196424832624983,
        "ci95_high": 0.8576599376502935
      }
    },
    "baseline_no_context_phi3_latest": {
      "distinct1": {
        "n": 144,
        "mean": 0.9828103609903138,
        "ci95_low": 0.9785483580096136,
        "ci95_high": 0.9865752890365506
      },
      "distinct2": {
        "n": 144,
        "mean": 0.9998861566484517,
        "ci95_low": 0.9996584699453552,
        "ci95_high": 1.0
      },
      "content_distinct1": {
        "n": 144,
        "mean": 0.9978593124200132,
        "ci95_low": 0.9962540766865936,
        "ci95_high": 0.9991978660403276
      },
      "mtld": {
        "n": 144,
        "mean": 157.7002268518518,
        "ci95_low": 125.32708449074072,
        "ci95_high": 194.08879374999995
      },
      "repetition_penalty": {
        "n": 144,
        "mean": 0.017189639009686255,
        "ci95_low": 0.01326661757415551,
        "ci95_high": 0.02116260197388535
      },
      "lexical_richness": {
        "n": 144,
        "mean": 0.8368022788002318,
        "ci95_low": 0.8180632052546885,
        "ci95_high": 0.8564222187881029
      }
    }
  },
  "paired_deltas": {
    "proposed_vs_candidate_no_context": {
      "distinct1": {
        "n": 144,
        "mean_delta": -0.0044671264457530144,
        "ci95_low": -0.012538703483323727,
        "ci95_high": 0.003507027916315865,
        "p_delta_le_0": 0.859
      },
      "distinct2": {
        "n": 144,
        "mean_delta": -0.0006412861778815723,
        "ci95_low": -0.002797565276235096,
        "ci95_high": 0.0014182950372300742,
        "p_delta_le_0": 0.726
      },
      "content_distinct1": {
        "n": 144,
        "mean_delta": -0.0018995802007504628,
        "ci95_low": -0.00914109149434792,
        "ci95_high": 0.005007737906929844,
        "p_delta_le_0": 0.7153333333333334
      },
      "mtld": {
        "n": 144,
        "mean_delta": -34.633275462962935,
        "ci95_low": -72.73492285879624,
        "ci95_high": 3.7041058985620925,
        "p_delta_le_0": 0.963
      },
      "repetition_penalty": {
        "n": 144,
        "mean_delta": 0.004467126445753012,
        "ci95_low": -0.003505248201218646,
        "ci95_high": 0.012837013682904656,
        "p_delta_le_0": 0.15
      },
      "lexical_richness": {
        "n": 144,
        "mean_delta": -0.016522121249549382,
        "ci95_low": -0.03862648501058364,
        "ci95_high": 0.005811236835335363,
        "p_delta_le_0": 0.9226666666666666
      }
    },
    "proposed_vs_baseline_no_context": {
      "distinct1": {
        "n": 144,
        "mean_delta": -0.040891020251745666,
        "ci95_low": -0.050312456051961066,
        "ci95_high": -0.03116776798302987,
        "p_delta_le_0": 1.0
      },
      "distinct2": {
        "n": 144,
        "mean_delta": -0.008615143120572148,
        "ci95_low": -0.011751201370673038,
        "ci95_high": -0.0057231240981241,
        "p_delta_le_0": 1.0
      },
      "content_distinct1": {
        "n": 144,
        "mean_delta": -0.029315972935997817,
        "ci95_low": -0.038832023629334474,
        "ci95_high": -0.020661754592031078,
        "p_delta_le_0": 1.0
      },
      "mtld": {
        "n": 144,
        "mean_delta": -17.799240234854025,
        "ci95_low": -50.34701393641153,
        "ci95_high": 14.87142138750922,
        "p_delta_le_0": 0.8593333333333333
      },
      "repetition_penalty": {
        "n": 144,
        "mean_delta": 0.040891020251745666,
        "ci95_low": 0.031144541278783616,
        "ci95_high": 0.050040108720357884,
        "p_delta_le_0": 0.0
      },
      "lexical_richness": {
        "n": 144,
        "mean_delta": -0.012689819309574652,