{
  "num_samples": 50,
  "bertscore": {
    "precision": 0.6486172676086426,
    "recall": 0.6756202578544617,
    "f1": 0.6617350578308105
  },
  "context_relevance": 0.5,
  "persona_consistency": 0.07
}