{
  "proposed_contextual_controlled": {
    "sample_count": 20,
    "context_relevance": {
      "n": 20,
      "mean": 0.262911253177866,
      "median": 0.2740101486563751,
      "p95": 0.40871518886043534,
      "ci95_low": 0.23111239922882063,
      "ci95_high": 0.29674198687248765
    },
    "persona_consistency": {
      "n": 20,
      "mean": 0.3493809523809524,
      "median": 0.33333333333333337,
      "p95": 0.5960000000000002,
      "ci95_low": 0.2768083333333333,
      "ci95_high": 0.43534404761904755
    },
    "naturalness": {
      "n": 20,
      "mean": 0.8797494094886884,
      "median": 0.9114784946236559,
      "p95": 0.9685855855855856,
      "ci95_low": 0.8437315775556496,
      "ci95_high": 0.9143666206408534
    },
    "context_keyword_coverage": {
      "n": 20,
      "mean": 0.3300757575757576,
      "median": 0.3484848484848485,
      "p95": 0.5454545454545454,
      "ci95_low": 0.28765151515151516,
      "ci95_high": 0.3755359848484848
    },
    "context_overlap": {
      "n": 20,
      "mean": 0.10619407624945236,
      "median": 0.09600614439324116,
      "p95": 0.18210227272727272,
      "ci95_low": 0.09312994400664593,
      "ci95_high": 0.1218180817797217
    },
    "persona_keyword_coverage": {
      "n": 20,
      "mean": 0.28047619047619043,
      "median": 0.16666666666666666,
      "p95": 0.6200000000000002,
      "ci95_low": 0.19642857142857142,
      "ci95_high": 0.38836309523809504
    },
    "persona_style": {
      "n": 20,
      "mean": 0.625,
      "median": 0.5,
      "p95": 1.0,
      "ci95_low": 0.4916666666666667,
      "ci95_high": 0.7666666666666667
    },
    "distinct1": {
      "n": 20,
      "mean": 0.9314151903883877,
      "median": 0.9213106295149638,
      "p95": 1.0,
      "ci95_low": 0.9163903864693489,
      "ci95_high": 0.9465708449290924
    },
    "length_score": {
      "n": 20,
      "mean": 0.5816666666666667,
      "median": 0.7333333333333333,
      "p95": 0.9683333333333334,
      "ci95_low": 0.40499999999999997,
      "ci95_high": 0.7433333333333334
    },
    "sentence_score": {
      "n": 20,
      "mean": 0.9125,
      "median": 1.0,
      "p95": 1.0,
      "ci95_low": 0.8425,
      "ci95_high": 0.9650000000000001
    },
    "bertscore_f1": {
      "n": 20,
      "mean": 0.06798086953349411,
      "median": 0.07774118706583977,
      "p95": 0.1549149364233017,
      "ci95_low": 0.043396147489547725,
      "ci95_high": 0.09173237368930129
    },
    "overall_quality": {
      "n": 20,
      "mean": 0.3801487012780703,
      "median": 0.3709077250487698,
      "p95": 0.4521688383274302,
      "ci95_low": 0.3571268235199752,
      "ci95_high": 0.4063242051434497
    },
    "metrics": [
      "context_relevance",
      "persona_consistency",
      "naturalness",
      "context_keyword_coverage",
      "context_overlap",
      "persona_keyword_coverage",
      "persona_style",
      "distinct1",
      "length_score",
      "sentence_score",
      "bertscore_f1",
      "overall_quality"
    ]
  },
  "proposed_contextual": {
    "sample_count": 20,
    "context_relevance": {
      "n": 20,
      "mean": 0.077196700225606,
      "median": 0.01591148577449947,
      "p95": 0.22119383490073163,
      "ci95_low": 0.035763615503384104,
      "ci95_high": 0.12782375311297658
    },
    "persona_consistency": {
      "n": 20,
      "mean": 0.1709732142857143,
      "median": 0.1,
      "p95": 0.38190476190476214,
      "ci95_low": 0.11229761904761906,
      "ci95_high": 0.2431173363095238
    },
    "naturalness": {
      "n": 20,
      "mean": 0.7902155614969503,
      "median": 0.76010402057036,
      "p95": 0.9006736842105263,
      "ci95_low": 0.7652917982314691,
      "ci95_high": 0.8212773874361176
    },
    "context_keyword_coverage": {
      "n": 20,
      "mean": 0.08522727272727273,
      "median": 0.0,
      "p95": 0.2909090909090911,
      "ci95_low": 0.030303030303030304,
      "ci95_high": 0.16325757575757577
    },
    "context_overlap": {
      "n": 20,
      "mean": 0.058458697721716954,
      "median": 0.05128205128205128,
      "p95": 0.11130268199233716,
      "ci95_low": 0.04825907525544406,
      "ci95_high": 0.06995087459939904
    },
    "persona_keyword_coverage": {
      "n": 20,
      "mean": 0.06785714285714287,
      "median": 0.0,
      "p95": 0.3523809523809527,
      "ci95_low": 0.007142857142857143,
      "ci95_high": 0.14761904761904765
    },
    "persona_style": {
      "n": 20,
      "mean": 0.5834374999999999,
      "median": 0.5,
      "p95": 1.0,
      "ci95_low": 0.45841406249999994,
      "ci95_high": 0.7162499999999999
    },
    "distinct1": {
      "n": 20,
      "mean": 0.9378305704090423,
      "median": 0.9315100514258999,
      "p95": 1.0,
      "ci95_low": 0.923909576791654,
      "ci95_high": 0.9526410982843047
    },
    "length_score": {
      "n": 20,
      "mean": 0.19666666666666666,
      "median": 0.09999999999999998,
      "p95": 0.6200000000000002,
      "ci95_low": 0.10666666666666665,
      "ci95_high": 0.3067083333333331
    },
    "sentence_score": {
      "n": 20,
      "mean": 0.7575000000000001,
      "median": 0.65,
      "p95": 1.0,
      "ci95_low": 0.6725000000000001,
      "ci95_high": 0.8425
    },
    "bertscore_f1": {
      "n": 20,
      "mean": 0.061986917280592024,
      "median": 0.05084967240691185,
      "p95": 0.1783739522099495,
      "ci95_low": 0.04216795559390448,
      "ci95_high": 0.0839802013983717
    },
    "overall_quality": {
      "n": 20,
      "mean": 0.22921004802898567,
      "median": 0.18005232572597046,
      "p95": 0.3848853380812196,
      "ci95_low": 0.19593282807756596,
      "ci95_high": 0.2651877832473333
    },
    "metrics": [
      "context_relevance",
      "persona_consistency",
      "naturalness",
      "context_keyword_coverage",
      "context_overlap",
      "persona_keyword_coverage",
      "persona_style",
      "distinct1",
      "length_score",
      "sentence_score",
      "bertscore_f1",
      "overall_quality"
    ]
  },
  "candidate_no_context": {
    "sample_count": 20,
    "context_relevance": {
      "n": 20,
      "mean": 0.029543102713655105,
      "median": 0.015384615384615384,
      "p95": 0.079111038961039,
      "ci95_low": 0.01648951949624074,
      "ci95_high": 0.04713903798110806
    },
    "persona_consistency": {
      "n": 20,
      "mean": 0.20715548780487808,
      "median": 0.1,
      "p95": 0.5060714285714286,
      "ci95_low": 0.13109739764808365,
      "ci95_high": 0.29137613603368173
    },
    "naturalness": {
      "n": 20,
      "mean": 0.7898801488261296,
      "median": 0.7486363636363635,
      "p95": 0.8891725724804418,
      "ci95_low": 0.7650140528067744,
      "ci95_high": 0.8169213392415406
    },
    "context_keyword_coverage": {
      "n": 20,
      "mean": 0.022727272727272728,
      "median": 0.0,
      "p95": 0.09545454545454551,
      "ci95_low": 0.004545454545454545,
      "ci95_high": 0.05
    },
    "context_overlap": {
      "n": 20,
      "mean": 0.04544670601521399,
      "median": 0.04819976771196283,
      "p95": 0.059918405564472976,
      "ci95_low": 0.040403181550390785,
      "ci95_high": 0.05054737531982515
    },
    "persona_keyword_coverage": {
      "n": 20,
      "mean": 0.125,
      "median": 0.0,
      "p95": 0.5107142857142859,
      "ci95_low": 0.039285714285714285,
      "ci95_high": 0.22738095238095235
    },
    "persona_style": {
      "n": 20,
      "mean": 0.5357774390243902,
      "median": 0.5,
      "p95": 1.0,
      "ci95_low": 0.411546875,
      "ci95_high": 0.6621798780487805
    },
    "distinct1": {
      "n": 20,
      "mean": 0.928242038731991,
      "median": 0.9090909090909091,
      "p95": 0.9768292682926829,
      "ci95_low": 0.9166791849646816,
      "ci95_high": 0.9410838045574995
    },
    "length_score": {
      "n": 20,
      "mean": 0.20666666666666664,
      "median": 0.09999999999999998,
      "p95": 0.5200000000000002,
      "ci95_low": 0.12499999999999997,