{
  "proposed_contextual_controlled": {
    "sample_count": 112,
    "context_relevance": {
      "n": 112,
      "mean": 0.27690333565481967,
      "median": 0.27428422152560084,
      "p95": 0.4442047731033882,
      "ci95_low": 0.2604419355408996,
      "ci95_high": 0.2938310724852259
    },
    "persona_consistency": {
      "n": 112,
      "mean": 0.3593223304607233,
      "median": 0.33333333333333337,
      "p95": 0.6571428571428571,
      "ci95_low": 0.3285847132426373,
      "ci95_high": 0.3895979617480734
    },
    "naturalness": {
      "n": 112,
      "mean": 0.8728179959666192,
      "median": 0.9146236559139785,
      "p95": 0.9677147147147146,
      "ci95_low": 0.8583981911841159,
      "ci95_high": 0.8876129606618195
    },
    "context_keyword_coverage": {
      "n": 112,
      "mean": 0.35062229437229436,
      "median": 0.3333333333333333,
      "p95": 0.5833333333333334,
      "ci95_low": 0.3288142586580087,
      "ci95_high": 0.3737696158008657
    },
    "context_overlap": {
      "n": 112,
      "mean": 0.10489243198071212,
      "median": 0.1039136302294197,
      "p95": 0.16999999999999987,
      "ci95_low": 0.09813978494054913,
      "ci95_high": 0.11144177800509841
    },
    "persona_keyword_coverage": {
      "n": 112,
      "mean": 0.29902210884353736,
      "median": 0.2,
      "p95": 0.7142857142857143,
      "ci95_low": 0.26156356292517,
      "ci95_high": 0.33813988095238096
    },
    "persona_style": {
      "n": 112,
      "mean": 0.600523216929467,
      "median": 0.5,
      "p95": 1.0,
      "ci95_low": 0.5404940078572891,
      "ci95_high": 0.6570414143851644
    },
    "distinct1": {
      "n": 112,
      "mean": 0.93478272530231,
      "median": 0.9393939393939394,
      "p95": 1.0,
      "ci95_low": 0.9289786764354896,
      "ci95_high": 0.9406372083417511
    },
    "length_score": {
      "n": 112,
      "mean": 0.5261904761904762,
      "median": 0.7,
      "p95": 0.9666666666666666,
      "ci95_low": 0.4586086309523809,
      "ci95_high": 0.5907738095238095
    },
    "sentence_score": {
      "n": 112,
      "mean": 0.9375,
      "median": 1.0,
      "p95": 1.0,
      "ci95_low": 0.9125,
      "ci95_high": 0.959375
    },
    "bertscore_f1": {
      "n": 112,
      "mean": 0.07702001197113921,
      "median": 0.07862833514809608,
      "p95": 0.17133371531963343,
      "ci95_low": 0.06461913346678816,
      "ci95_high": 0.0886007365817412
    },
    "overall_quality": {
      "n": 112,
      "mean": 0.3894385596233298,
      "median": 0.38030974387197514,
      "p95": 0.4965472382210101,
      "ci95_low": 0.37793378600705013,
      "ci95_high": 0.40115947965609106
    },
    "metrics": [
      "context_relevance",
      "persona_consistency",
      "naturalness",
      "context_keyword_coverage",
      "context_overlap",
      "persona_keyword_coverage",
      "persona_style",
      "distinct1",
      "length_score",
      "sentence_score",
      "bertscore_f1",
      "overall_quality"
    ]
  },
  "proposed_contextual": {
    "sample_count": 112,
    "context_relevance": {
      "n": 112,
      "mean": 0.08842313798543648,
      "median": 0.016216216216216217,
      "p95": 0.34434789979656144,
      "ci95_low": 0.06890591944268293,
      "ci95_high": 0.11137075112353483
    },
    "persona_consistency": {
      "n": 112,
      "mean": 0.16183675691561814,
      "median": 0.1,
      "p95": 0.4816666666666663,
      "ci95_low": 0.1364425526726964,
      "ci95_high": 0.1864156852647407
    },
    "naturalness": {
      "n": 112,
      "mean": 0.7997256554717745,
      "median": 0.7496606475716063,
      "p95": 0.9381340579710145,
      "ci95_low": 0.7870299072940711,
      "ci95_high": 0.8124614166806736
    },
    "context_keyword_coverage": {
      "n": 112,
      "mean": 0.1011228354978355,
      "median": 0.0,
      "p95": 0.45454545454545453,
      "ci95_low": 0.07399891774891774,
      "ci95_high": 0.13034699675324674
    },
    "context_overlap": {
      "n": 112,
      "mean": 0.05879051045650551,
      "median": 0.050893550893550896,
      "p95": 0.12971830985915483,
      "ci95_low": 0.052577295023523866,
      "ci95_high": 0.06548855977437422
    },
    "persona_keyword_coverage": {
      "n": 112,
      "mean": 0.07423469387755101,
      "median": 0.0,
      "p95": 0.46071428571428485,
      "ci95_low": 0.046122448979591835,
      "ci95_high": 0.10680590986394556
    },
    "persona_style": {
      "n": 112,
      "mean": 0.5122450090678867,
      "median": 0.5,
      "p95": 1.0,
      "ci95_low": 0.448459811048097,
      "ci95_high": 0.5752328383024509
    },
    "distinct1": {
      "n": 112,
      "mean": 0.9377814005841983,
      "median": 0.9090909090909091,
      "p95": 1.0,
      "ci95_low": 0.9306670817051446,
      "ci95_high": 0.9449610041385028
    },
    "length_score": {
      "n": 112,
      "mean": 0.24494047619047618,
      "median": 0.09999999999999998,
      "p95": 0.8333333333333334,
      "ci95_low": 0.19851190476190475,
      "ci95_high": 0.29375744047619046
    },
    "sentence_score": {
      "n": 112,
      "mean": 0.75625,
      "median": 0.65,
      "p95": 1.0,
      "ci95_low": 0.728125,
      "ci95_high": 0.7875
    },
    "bertscore_f1": {
      "n": 112,
      "mean": 0.07971654105391021,
      "median": 0.06755511462688446,
      "p95": 0.19763273745775212,
      "ci95_low": 0.06839150250047428,
      "ci95_high": 0.09093563269993216
    },
    "overall_quality": {
      "n": 112,
      "mean": 0.23554103020794087,
      "median": 0.2008192023750948,
      "p95": 0.4154735935700431,
      "ci95_low": 0.21940106653551864,
      "ci95_high": 0.25171794155129007
    },
    "metrics": [
      "context_relevance",
      "persona_consistency",
      "naturalness",
      "context_keyword_coverage",
      "context_overlap",
      "persona_keyword_coverage",
      "persona_style",
      "distinct1",
      "length_score",
      "sentence_score",
      "bertscore_f1",
      "overall_quality"
    ]
  },
  "candidate_no_context": {
    "sample_count": 112,
    "context_relevance": {
      "n": 112,
      "mean": 0.0257378417744672,
      "median": 0.013953488372093023,
      "p95": 0.08555970149253726,
      "ci95_low": 0.019734466837889514,
      "ci95_high": 0.032423752920486715
    },
    "persona_consistency": {
      "n": 112,
      "mean": 0.1677271557546464,
      "median": 0.1,
      "p95": 0.4764285714285709,
      "ci95_low": 0.13910892567254174,
      "ci95_high": 0.1966305417053185
    },
    "naturalness": {
      "n": 112,
      "mean": 0.8101819457100404,
      "median": 0.7486363636363635,
      "p95": 0.9704835164835165,
      "ci95_low": 0.795786262006372,
      "ci95_high": 0.8257995408061686
    },
    "context_keyword_coverage": {
      "n": 112,
      "mean": 0.019318181818181818,
      "median": 0.0,
      "p95": 0.0949999999999999,
      "ci95_low": 0.011309185606060606,
      "ci95_high": 0.028274147727272724
    },
    "context_overlap": {
      "n": 112,
      "mean": 0.040717048339133095,
      "median": 0.04014500537056928,
      "p95": 0.06734848484848482,
      "ci95_low": 0.03774511357603623,
      "ci95_high": 0.04375577581109449
    },
    "persona_keyword_coverage": {
      "n": 112,
      "mean": 0.08758503401360543,
      "median": 0.0,
      "p95": 0.5714285714285714,
      "ci95_low": 0.05420386904761905,
      "ci95_high": 0.12436755952380951
    },
    "persona_style": {
      "n": 112,
      "mean": 0.48829564271881004,
      "median": 0.5,
      "p95": 1.0,
      "ci95_low": 0.42443493448515773,
      "ci95_high": 0.5511430199509527
    },
    "distinct1": {
      "n": 112,
      "mean": 0.9350902809417682,
      "median": 0.9090909090909091,
      "p95": 1.0,
      "ci95_low": 0.9286077596641297,
      "ci95_high": 0.9416514747258826
    },
    "length_score": {
      "n": 112,
      "mean": 0.30416666666666664,
      "median": 0.09999999999999998,
      "p95": 0.9149999999999996,
      "ci95_low": 0.24880208333333334,