{
  "ttft_ms": {
    "candidate_mean": 284.8492500052089,
    "baseline_mean": 153.44407501106616,
    "absolute_delta": 131.40517499414273,
    "relative_delta": 0.8563717757408749,
    "candidate_better": false,
    "lower_is_better": true
  },
  "total_time_ms": {
    "candidate_mean": 1837.895374992513,
    "baseline_mean": 1753.1516249873675,
    "absolute_delta": 84.74375000514556,
    "relative_delta": 0.0483379468137881,
    "candidate_better": false,
    "lower_is_better": true
  },
  "tokens_per_s": {
    "candidate_mean": 39.2835530906722,
    "baseline_mean": 40.26593942991964,
    "absolute_delta": -0.9823863392474408,
    "relative_delta": -0.02439745236683781,
    "candidate_better": false,
    "lower_is_better": false
  }
}