{
  "candidate_model": "elara-npc:latest",
  "baseline_model": "phi3:mini",
  "candidate_mean": -0.010698334430344403,
  "baseline_mean": 0.14242770383134484,
  "absolute_delta": -0.15312603826168925,
  "relative_delta": -1.0751141396129842,
  "candidate_better": false
}