{
  "elara-npc:latest": {
    "total_requests": 8,
    "ok_requests": 8,
    "error_requests": 0,
    "error_rate": 0.0,
    "ttft_ms": {
      "n": 8,
      "mean": 284.8492500052089,
      "median": 267.04020000761375,
      "p95": 356.59193000756204,
      "ci95_low": 262.31586249923566,
      "ci95_high": 314.7873090629218
    },
    "total_time_ms": {
      "n": 8,
      "mean": 1837.895374992513,
      "median": 1914.199249993544,
      "p95": 2031.8898899888154,
      "ci95_low": 1609.014548124469,
      "ci95_high": 1979.2568999910145
    },
    "tokens_per_s": {
      "n": 8,
      "mean": 39.2835530906722,
      "median": 39.192422642268205,
      "p95": 40.562722113118234,
      "ci95_low": 38.697368046391375,
      "ci95_high": 39.88920363395243
    }
  },
  "phi3:mini": {
    "total_requests": 8,
    "ok_requests": 8,
    "error_requests": 0,
    "error_rate": 0.0,
    "ttft_ms": {
      "n": 8,
      "mean": 153.44407501106616,
      "median": 140.03695000428706,
      "p95": 226.54156502394466,
      "ci95_low": 131.7875865755923,
      "ci95_high": 187.92144251456193
    },
    "total_time_ms": {
      "n": 8,
      "mean": 1753.1516249873675,
      "median": 1754.909499984933,
      "p95": 1843.0385999992723,
      "ci95_low": 1707.0290718555043,
      "ci95_high": 1797.6897249973263
    },
    "tokens_per_s": {
      "n": 8,
      "mean": 40.26593942991964,
      "median": 40.44592089042851,
      "p95": 40.78103504951047,
      "ci95_low": 39.94872537972311,
      "ci95_high": 40.54793035596166
    }
  }
}