{
  "proposed_contextual_controlled": {
    "sample_count": 8,
    "context_relevance": {
      "n": 8,
      "mean": 0.2834760608621653,
      "median": 0.2802731052731052,
      "p95": 0.4171607538802659,
      "ci95_low": 0.23036303445306935,
      "ci95_high": 0.3505853350073855
    },
    "persona_consistency": {
      "n": 8,
      "mean": 0.27986607142857145,
      "median": 0.23333333333333334,
      "p95": 0.4579761904761904,
      "ci95_low": 0.21807254464285716,
      "ci95_high": 0.36020089285714274
    },
    "naturalness": {
      "n": 8,
      "mean": 0.8826300292844411,
      "median": 0.9239572192513369,
      "p95": 0.9625151515151515,
      "ci95_low": 0.8219227543290043,
      "ci95_high": 0.9358062770562772
    },
    "context_keyword_coverage": {
      "n": 8,
      "mean": 0.36363636363636365,
      "median": 0.36363636363636365,
      "p95": 0.5409090909090908,
      "ci95_low": 0.29545454545454547,
      "ci95_high": 0.45454545454545453
    },
    "context_overlap": {
      "n": 8,
      "mean": 0.09643535438903592,
      "median": 0.0972972972972973,
      "p95": 0.12951612903225806,
      "ci95_low": 0.08186869143980681,
      "ci95_high": 0.11239732386024676
    },
    "persona_keyword_coverage": {
      "n": 8,
      "mean": 0.23928571428571427,
      "median": 0.16666666666666666,
      "p95": 0.4880952380952379,
      "ci95_low": 0.16488095238095238,
      "ci95_high": 0.34345238095238095
    },
    "persona_style": {
      "n": 8,
      "mean": 0.4421875,
      "median": 0.5,
      "p95": 0.6868749999999998,
      "ci95_low": 0.28125,
      "ci95_high": 0.5765625
    },
    "distinct1": {
      "n": 8,
      "mean": 0.9466792398777693,
      "median": 0.9393939393939394,
      "p95": 0.9931372549019608,
      "ci95_low": 0.9289096320346321,
      "ci95_high": 0.9674688057040999
    },
    "length_score": {
      "n": 8,
      "mean": 0.5416666666666667,
      "median": 0.7,
      "p95": 0.855,
      "ci95_low": 0.2791666666666667,
      "ci95_high": 0.7667708333333328
    },
    "sentence_score": {
      "n": 8,
      "mean": 0.95625,
      "median": 1.0,
      "p95": 1.0,
      "ci95_low": 0.86875,
      "ci95_high": 1.0
    },
    "bertscore_f1": {
      "n": 8,
      "mean": 0.08945623366162181,
      "median": 0.10006826370954514,
      "p95": 0.12845459580421448,
      "ci95_low": 0.06772102226968855,
      "ci95_high": 0.10899105186108497
    },
    "overall_quality": {
      "n": 8,
      "mean": 0.37127000566015267,
      "median": 0.360279510289396,
      "p95": 0.43632806889240416,
      "ci95_low": 0.3432429997550955,
      "ci95_high": 0.401939348482708
    },
    "metrics": [
      "context_relevance",
      "persona_consistency",
      "naturalness",
      "context_keyword_coverage",
      "context_overlap",
      "persona_keyword_coverage",
      "persona_style",
      "distinct1",
      "length_score",
      "sentence_score",
      "bertscore_f1",
      "overall_quality"
    ]
  },
  "proposed_contextual_controlled_alt": {
    "sample_count": 8,
    "context_relevance": {
      "n": 8,
      "mean": 0.31144913310069433,
      "median": 0.28947542653425,
      "p95": 0.43363636363636354,
      "ci95_low": 0.27070255736400217,
      "ci95_high": 0.36695171780283514
    },
    "persona_consistency": {
      "n": 8,
      "mean": 0.2607738095238095,
      "median": 0.23333333333333334,
      "p95": 0.34833333333333333,
      "ci95_low": 0.22844940476190478,
      "ci95_high": 0.29912351190476183
    },
    "naturalness": {
      "n": 8,
      "mean": 0.8418498338856327,
      "median": 0.8401464000943022,
      "p95": 0.9625151515151515,
      "ci95_low": 0.7793154253899545,
      "ci95_high": 0.9050188781327952
    },
    "context_keyword_coverage": {
      "n": 8,
      "mean": 0.3977272727272727,
      "median": 0.36363636363636365,
      "p95": 0.5727272727272726,
      "ci95_low": 0.34090909090909094,
      "ci95_high": 0.4772727272727273
    },
    "context_overlap": {
      "n": 8,
      "mean": 0.11013347397201155,
      "median": 0.11544117647058824,
      "p95": 0.14962765957446808,
      "ci95_low": 0.08824573544858501,
      "ci95_high": 0.13080141990757715
    },
    "persona_keyword_coverage": {
      "n": 8,
      "mean": 0.20357142857142857,
      "median": 0.16666666666666666,
      "p95": 0.31666666666666665,
      "ci95_low": 0.1636904761904762,
      "ci95_high": 0.2511904761904762
    },
    "persona_style": {
      "n": 8,
      "mean": 0.4895833333333333,
      "median": 0.5,
      "p95": 0.8249999999999997,
      "ci95_low": 0.34375,
      "ci95_high": 0.65625
    },
    "distinct1": {
      "n": 8,
      "mean": 0.9170766630030245,
      "median": 0.9356060606060606,
      "p95": 0.9887096774193549,
      "ci95_low": 0.8718525237789265,
      "ci95_high": 0.9573987036213537
    },
    "length_score": {
      "n": 8,
      "mean": 0.4791666666666667,
      "median": 0.55,
      "p95": 0.855,
      "ci95_low": 0.23333333333333334,
      "ci95_high": 0.725
    },
    "sentence_score": {
      "n": 8,
      "mean": 0.825,
      "median": 0.825,
      "p95": 1.0,
      "ci95_low": 0.69375,
      "ci95_high": 0.95625
    },
    "bertscore_f1": {
      "n": 8,
      "mean": 0.07211147894850001,
      "median": 0.05434703454375267,
      "p95": 0.13769142180681226,
      "ci95_low": 0.04159106033621356,
      "ci95_high": 0.10452280690660698
    },
    "overall_quality": {
      "n": 8,
      "mean": 0.36602676932162403,
      "median": 0.35672948445459585,
      "p95": 0.40861335832744605,
      "ci95_low": 0.3455911903396663,
      "ci95_high": 0.3880591238547719
    },
    "metrics": [
      "context_relevance",
      "persona_consistency",
      "naturalness",
      "context_keyword_coverage",
      "context_overlap",
      "persona_keyword_coverage",
      "persona_style",
      "distinct1",
      "length_score",
      "sentence_score",
      "bertscore_f1",
      "overall_quality"
    ]
  },
  "proposed_contextual": {
    "sample_count": 8,
    "context_relevance": {
      "n": 8,
      "mean": 0.07391908424060376,
      "median": 0.0093841642228739,
      "p95": 0.26649184149184135,
      "ci95_low": 0.009083360665226114,
      "ci95_high": 0.16401131762973867
    },
    "persona_consistency": {
      "n": 8,
      "mean": 0.1351190476190476,
      "median": 0.1,
      "p95": 0.2859523809523809,
      "ci95_low": 0.06428571428571428,
      "ci95_high": 0.20773809523809525
    },
    "naturalness": {
      "n": 8,
      "mean": 0.8141866028708133,
      "median": 0.7659848484848484,
      "p95": 0.963048245614035,
      "ci95_low": 0.7616477272727272,
      "ci95_high": 0.8823893540669856
    },
    "context_keyword_coverage": {
      "n": 8,
      "mean": 0.09090909090909091,
      "median": 0.0,
      "p95": 0.3590909090909089,
      "ci95_low": 0.011363636363636364,
      "ci95_high": 0.2159090909090909
    },
    "context_overlap": {
      "n": 8,
      "mean": 0.0342757353474671,
      "median": 0.030303030303030304,
      "p95": 0.055555555555555546,
      "ci95_low": 0.027284070008231725,
      "ci95_high": 0.04353191602422289
    },
    "persona_keyword_coverage": {
      "n": 8,
      "mean": 0.05952380952380952,
      "median": 0.0,
      "p95": 0.16666666666666666,
      "ci95_low": 0.0,
      "ci95_high": 0.11607142857142856
    },
    "persona_style": {
      "n": 8,
      "mean": 0.4375,
      "median": 0.5,
      "p95": 0.8249999999999997,
      "ci95_low": 0.25,
      "ci95_high": 0.625
    },
    "distinct1": {
      "n": 8,
      "mean": 0.9427581738437001,
      "median": 0.9282296650717703,
      "p95": 1.0,
      "ci95_low": 0.9186602870813396,
      "ci95_high": 0.9706937799043062
    },
    "length_score": {
      "n": 8,
      "mean": 0.31666666666666665,
      "median": 0.09999999999999998,
      "p95": 0.9533333333333333,
      "ci95_low": 0.08749999999999998,
      "ci95_high": 0.6125
    },
    "sentence_score": {
      "n": 8,
      "mean": 0.7375,