{
  "proposed_vs_candidate_no_context": {
    "context_relevance": {
      "target_mean": 0.03803827751196172,
      "baseline_mean": 0.0074912821344578695,
      "absolute_delta": 0.030546995377503848,
      "relative_delta": 4.0776725304465495
    },
    "persona_consistency": {
      "target_mean": 0.10357142857142856,
      "baseline_mean": 0.07500000000000001,
      "absolute_delta": 0.028571428571428553,
      "relative_delta": 0.38095238095238065
    },
    "naturalness": {
      "target_mean": 0.7933589931573801,
      "baseline_mean": 0.7983522727272727,
      "absolute_delta": -0.004993279569892595,
      "relative_delta": -0.006254481562174199
    },
    "context_keyword_coverage": {
      "target_mean": 0.045454545454545456,
      "baseline_mean": 0.0,
      "absolute_delta": 0.045454545454545456,
      "relative_delta": NaN
    },
    "context_overlap": {
      "target_mean": 0.02073365231259968,
      "baseline_mean": 0.0249709404481929,
      "absolute_delta": -0.0042372881355932195,
      "relative_delta": -0.16968876860622462
    },
    "persona_keyword_coverage": {
      "target_mean": 0.03571428571428571,
      "baseline_mean": 0.0,
      "absolute_delta": 0.03571428571428571,
      "relative_delta": NaN
    },
    "persona_style": {
      "target_mean": 0.375,
      "baseline_mean": 0.375,
      "absolute_delta": 0.0,
      "relative_delta": 0.0
    },
    "distinct1": {
      "target_mean": 0.9156891495601173,
      "baseline_mean": 0.9240056818181818,
      "absolute_delta": -0.008316532258064502,
      "relative_delta": -0.009000520691279646
    },
    "length_score": {
      "target_mean": 0.2666666666666666,
      "baseline_mean": 0.275,
      "absolute_delta": -0.008333333333333415,
      "relative_delta": -0.030303030303030595
    },
    "sentence_score": {
      "target_mean": 0.7375,
      "baseline_mean": 0.7375,
      "absolute_delta": 0.0,
      "relative_delta": 0.0
    },
    "overall_quality": {
      "target_mean": 0.20921622788643163,
      "baseline_mean": 0.1848673161138594,
      "absolute_delta": 0.02434891177257223,
      "relative_delta": 0.13171020321177696
    }
  },
  "controlled_vs_proposed_raw": {
    "context_relevance": {
      "target_mean": 0.2713835630700037,
      "baseline_mean": 0.03803827751196172,
      "absolute_delta": 0.23334528555804201,
      "relative_delta": 6.134486123475571
    },
    "persona_consistency": {
      "target_mean": 0.5505952380952381,
      "baseline_mean": 0.10357142857142856,
      "absolute_delta": 0.4470238095238096,
      "relative_delta": 4.31609195402299
    },
    "naturalness": {
      "target_mean": 0.9031674473067917,
      "baseline_mean": 0.7933589931573801,
      "absolute_delta": 0.10980845414941154,
      "relative_delta": 0.1384095410734553
    },
    "context_keyword_coverage": {
      "target_mean": 0.34090909090909094,
      "baseline_mean": 0.045454545454545456,
      "absolute_delta": 0.29545454545454547,
      "relative_delta": 6.5
    },
    "context_overlap": {
      "target_mean": 0.10915733144546705,
      "baseline_mean": 0.02073365231259968,
      "absolute_delta": 0.08842367913286736,
      "relative_delta": 4.2647420627929105
    },
    "persona_keyword_coverage": {
      "target_mean": 0.5476190476190477,
      "baseline_mean": 0.03571428571428571,
      "absolute_delta": 0.511904761904762,
      "relative_delta": 14.333333333333336
    },
    "persona_style": {
      "target_mean": 0.5625,
      "baseline_mean": 0.375,
      "absolute_delta": 0.1875,
      "relative_delta": 0.5
    },
    "distinct1": {
      "target_mean": 0.9475019516003123,
      "baseline_mean": 0.9156891495601173,
      "absolute_delta": 0.03181280204019499,
      "relative_delta": 0.03474192312476058
    },
    "length_score": {
      "target_mean": 0.7083333333333334,
      "baseline_mean": 0.2666666666666666,
      "absolute_delta": 0.44166666666666676,
      "relative_delta": 1.6562500000000007
    },
    "sentence_score": {
      "target_mean": 0.825,
      "baseline_mean": 0.7375,
      "absolute_delta": 0.08749999999999991,
      "relative_delta": 0.11864406779661005
    },
    "overall_quality": {
      "target_mean": 0.5036400137250013,
      "baseline_mean": 0.20921622788643163,
      "absolute_delta": 0.2944237858385697,
      "relative_delta": 1.4072703098269752
    }
  },
  "controlled_vs_candidate_no_context": {
    "context_relevance": {
      "target_mean": 0.2713835630700037,
      "baseline_mean": 0.0074912821344578695,
      "absolute_delta": 0.26389228093554584,
      "relative_delta": 35.22658420802399
    },
    "persona_consistency": {
      "target_mean": 0.5505952380952381,
      "baseline_mean": 0.07500000000000001,
      "absolute_delta": 0.4755952380952381,
      "relative_delta": 6.341269841269841
    },
    "naturalness": {
      "target_mean": 0.9031674473067917,
      "baseline_mean": 0.7983522727272727,
      "absolute_delta": 0.10481517457951894,
      "relative_delta": 0.13128937958860817
    },
    "context_keyword_coverage": {
      "target_mean": 0.34090909090909094,
      "baseline_mean": 0.0,
      "absolute_delta": 0.34090909090909094,
      "relative_delta": NaN
    },
    "context_overlap": {
      "target_mean": 0.10915733144546705,
      "baseline_mean": 0.0249709404481929,
      "absolute_delta": 0.08418639099727415,
      "relative_delta": 3.371374465128187
    },
    "persona_keyword_coverage": {
      "target_mean": 0.5476190476190477,
      "baseline_mean": 0.0,
      "absolute_delta": 0.5476190476190477,
      "relative_delta": NaN
    },
    "persona_style": {
      "target_mean": 0.5625,
      "baseline_mean": 0.375,
      "absolute_delta": 0.1875,
      "relative_delta": 0.5
    },
    "distinct1": {
      "target_mean": 0.9475019516003123,
      "baseline_mean": 0.9240056818181818,
      "absolute_delta": 0.023496269782130486,
      "relative_delta": 0.02542870703554168
    },
    "length_score": {
      "target_mean": 0.7083333333333334,
      "baseline_mean": 0.275,
      "absolute_delta": 0.43333333333333335,
      "relative_delta": 1.5757575757575757
    },
    "sentence_score": {
      "target_mean": 0.825,
      "baseline_mean": 0.7375,
      "absolute_delta": 0.08749999999999991,
      "relative_delta": 0.11864406779661005
    },
    "overall_quality": {
      "target_mean": 0.5036400137250013,
      "baseline_mean": 0.1848673161138594,
      "absolute_delta": 0.3187726976111419,
      "relative_delta": 1.7243323715199634
    }
  },
  "controlled_alt_vs_controlled_default": {
    "context_relevance": {
      "target_mean": 0.28992374401913873,
      "baseline_mean": 0.2713835630700037,
      "absolute_delta": 0.01854018094913501,
      "relative_delta": 0.06831725819869403
    },
    "persona_consistency": {
      "target_mean": 0.2507142857142857,
      "baseline_mean": 0.5505952380952381,
      "absolute_delta": -0.2998809523809524,
      "relative_delta": -0.5446486486486487
    },
    "naturalness": {
      "target_mean": 0.9052304737516006,
      "baseline_mean": 0.9031674473067917,
      "absolute_delta": 0.0020630264448089353,
      "relative_delta": 0.0022842125798054344
    },
    "context_keyword_coverage": {
      "target_mean": 0.36363636363636365,
      "baseline_mean": 0.34090909090909094,
      "absolute_delta": 0.022727272727272707,
      "relative_delta": 0.0666666666666666
    },
    "context_overlap": {
      "target_mean": 0.11792763157894737,
      "baseline_mean": 0.10915733144546705,
      "absolute_delta": 0.008770300133480319,
      "relative_delta": 0.080345497799768
    },
    "persona_keyword_coverage": {
      "target_mean": 0.1988095238095238,
      "baseline_mean": 0.5476190476190477,
      "absolute_delta": -0.3488095238095239,
      "relative_delta": -0.6369565217391305
    },
    "persona_style": {
      "target_mean": 0.4583333333333333,
      "baseline_mean": 0.5625,
      "absolute_delta": -0.10416666666666669,
      "relative_delta": -0.18518518518518523
    },