{
  "proposed_contextual_controlled": {
    "sample_count": 4,
    "context_relevance": {
      "n": 4,
      "mean": 0.2713835630700037,
      "median": 0.29678869778869776,
      "p95": 0.3460906009244992,
      "ci95_low": 0.17927272727272725,
      "ci95_high": 0.3380892641485862
    },
    "persona_consistency": {
      "n": 4,
      "mean": 0.5505952380952381,
      "median": 0.4940476190476191,
      "p95": 0.8582142857142856,
      "ci95_low": 0.3404761904761905,
      "ci95_high": 0.7666666666666667
    },
    "naturalness": {
      "n": 4,
      "mean": 0.9031674473067917,
      "median": 0.9267857142857143,
      "p95": 0.9546190476190475,
      "ci95_low": 0.8339666276346605,
      "ci95_high": 0.94875
    },
    "context_keyword_coverage": {
      "n": 4,
      "mean": 0.34090909090909094,
      "median": 0.36363636363636365,
      "p95": 0.44090909090909086,
      "ci95_low": 0.2272727272727273,
      "ci95_high": 0.4318181818181818
    },
    "context_overlap": {
      "n": 4,
      "mean": 0.10915733144546705,
      "median": 0.1201328447091159,
      "p95": 0.15424324324324323,
      "ci95_low": 0.05767813267813268,
      "ci95_high": 0.14966101694915254
    },
    "persona_keyword_coverage": {
      "n": 4,
      "mean": 0.5476190476190477,
      "median": 0.5238095238095238,
      "p95": 0.9571428571428571,
      "ci95_low": 0.23809523809523808,
      "ci95_high": 0.8571428571428572
    },
    "persona_style": {
      "n": 4,
      "mean": 0.5625,
      "median": 0.5,
      "p95": 0.9249999999999998,
      "ci95_low": 0.3125,
      "ci95_high": 0.875
    },
    "distinct1": {
      "n": 4,
      "mean": 0.9475019516003123,
      "median": 0.9523809523809523,
      "p95": 0.9957142857142857,
      "ci95_low": 0.906791569086651,
      "ci95_high": 0.9857142857142858
    },
    "length_score": {
      "n": 4,
      "mean": 0.7083333333333334,
      "median": 0.8166666666666667,
      "p95": 0.9566666666666667,
      "ci95_low": 0.39999999999999997,
      "ci95_high": 0.9333333333333333
    },
    "sentence_score": {
      "n": 4,
      "mean": 0.825,
      "median": 0.825,
      "p95": 1.0,
      "ci95_low": 0.65,
      "ci95_high": 1.0
    },
    "overall_quality": {
      "n": 4,
      "mean": 0.5036400137250013,
      "median": 0.48901134302708094,
      "p95": 0.6610760885050134,
      "ci95_low": 0.3941863208641898,
      "ci95_high": 0.6277223772837335
    },
    "metrics": [
      "context_relevance",
      "persona_consistency",
      "naturalness",
      "context_keyword_coverage",
      "context_overlap",
      "persona_keyword_coverage",
      "persona_style",
      "distinct1",
      "length_score",
      "sentence_score",
      "overall_quality"
    ]
  },
  "proposed_contextual_controlled_alt": {
    "sample_count": 4,
    "context_relevance": {
      "n": 4,
      "mean": 0.28992374401913873,
      "median": 0.32636363636363636,
      "p95": 0.4275852272727272,
      "ci95_low": 0.1437200956937799,
      "ci95_high": 0.40312499999999996
    },
    "persona_consistency": {
      "n": 4,
      "mean": 0.2507142857142857,
      "median": 0.23095238095238096,
      "p95": 0.3021428571428571,
      "ci95_low": 0.2276190476190476,
      "ci95_high": 0.29285714285714287
    },
    "naturalness": {
      "n": 4,
      "mean": 0.9052304737516006,
      "median": 0.937878787878788,
      "p95": 0.9686969696969696,
      "ci95_low": 0.8144793000426803,
      "ci95_high": 0.9633333333333334
    },
    "context_keyword_coverage": {
      "n": 4,
      "mean": 0.36363636363636365,
      "median": 0.40909090909090906,
      "p95": 0.5318181818181817,
      "ci95_low": 0.18181818181818182,
      "ci95_high": 0.5
    },
    "context_overlap": {
      "n": 4,
      "mean": 0.11792763157894737,
      "median": 0.13333333333333333,
      "p95": 0.18437499999999998,
      "ci95_low": 0.05482456140350877,
      "ci95_high": 0.17708333333333331
    },
    "persona_keyword_coverage": {
      "n": 4,
      "mean": 0.1988095238095238,
      "median": 0.18333333333333335,
      "p95": 0.2728571428571428,
      "ci95_low": 0.15476190476190477,
      "ci95_high": 0.25595238095238093
    },
    "persona_style": {
      "n": 4,
      "mean": 0.4583333333333333,
      "median": 0.41666666666666663,
      "p95": 0.9249999999999998,
      "ci95_low": 0.125,
      "ci95_high": 0.8333333333333334
    },
    "distinct1": {
      "n": 4,
      "mean": 0.9589095177123346,
      "median": 0.9530303030303031,
      "p95": 0.995,
      "ci95_low": 0.934485702091336,
      "ci95_high": 0.9848484848484849
    },
    "length_score": {
      "n": 4,
      "mean": 0.6083333333333334,
      "median": 0.7833333333333334,
      "p95": 0.8616666666666667,
      "ci95_low": 0.18333333333333335,
      "ci95_high": 0.8500000000000001
    },
    "sentence_score": {
      "n": 4,
      "mean": 1.0,
      "median": 1.0,
      "p95": 1.0,
      "ci95_low": 1.0,
      "ci95_high": 1.0
    },
    "overall_quality": {
      "n": 4,
      "mean": 0.40165240883097636,
      "median": 0.4207167566002074,
      "p95": 0.4432526027376381,
      "ci95_low": 0.3515556214078731,
      "ci95_high": 0.4424985747820256
    },
    "metrics": [
      "context_relevance",
      "persona_consistency",
      "naturalness",
      "context_keyword_coverage",
      "context_overlap",
      "persona_keyword_coverage",
      "persona_style",
      "distinct1",
      "length_score",
      "sentence_score",
      "overall_quality"
    ]
  },
  "proposed_contextual": {
    "sample_count": 4,
    "context_relevance": {
      "n": 4,
      "mean": 0.03803827751196172,
      "median": 0.008492822966507177,
      "p95": 0.1095454545454545,
      "ci95_low": 0.007894736842105262,
      "ci95_high": 0.09742822966507177
    },
    "persona_consistency": {
      "n": 4,
      "mean": 0.10357142857142856,
      "median": 0.05,
      "p95": 0.28214285714285703,
      "ci95_low": 0.0,
      "ci95_high": 0.2357142857142857
    },
    "naturalness": {
      "n": 4,
      "mean": 0.7933589931573801,
      "median": 0.7486363636363635,
      "p95": 0.90069330400782,
      "ci95_low": 0.7486363636363635,
      "ci95_high": 0.8828042521994135
    },
    "context_keyword_coverage": {
      "n": 4,
      "mean": 0.045454545454545456,
      "median": 0.0,
      "p95": 0.15454545454545449,
      "ci95_low": 0.0,
      "ci95_high": 0.13636363636363635
    },
    "context_overlap": {
      "n": 4,
      "mean": 0.02073365231259968,
      "median": 0.02631578947368421,
      "p95": 0.029704944178628387,
      "ci95_low": 0.006578947368421052,
      "ci95_high": 0.02930622009569378
    },
    "persona_keyword_coverage": {
      "n": 4,
      "mean": 0.03571428571428571,
      "median": 0.0,
      "p95": 0.12142857142857137,
      "ci95_low": 0.0,
      "ci95_high": 0.10714285714285714
    },
    "persona_style": {
      "n": 4,
      "mean": 0.375,
      "median": 0.25,
      "p95": 0.9249999999999998,
      "ci95_low": 0.0,
      "ci95_high": 0.75
    },
    "distinct1": {
      "n": 4,
      "mean": 0.9156891495601173,
      "median": 0.9090909090909091,
      "p95": 0.931524926686217,
      "ci95_low": 0.9090909090909091,
      "ci95_high": 0.9288856304985337
    },
    "length_score": {
      "n": 4,
      "mean": 0.2666666666666666,
      "median": 0.09999999999999998,
      "p95": 0.6666666666666664,
      "ci95_low": 0.09999999999999998,
      "ci95_high": 0.6
    },
    "sentence_score": {
      "n": 4,
      "mean": 0.7375,
      "median": 0.65,
      "p95": 0.9474999999999999,
      "ci95_low": 0.65,
      "ci95_high": 0.9125
    },
    "overall_quality": {
      "n": 4,
      "mean": 0.20921622788643163,
      "median": 0.16778468899521531,
      "p95": 0.3238672322301354,
      "ci95_low": 0.15256937799043063,
      "ci95_high": 0.2996869611712566
    },