{
  "proposed_contextual_controlled": {
    "sample_count": 20,
    "context_relevance": {
      "n": 20,
      "mean": 0.28517175579084014,
      "median": 0.2807180624253795,
      "p95": 0.4509394341290893,
      "ci95_low": 0.24362117200195246,
      "ci95_high": 0.3288312624116992
    },
    "persona_consistency": {
      "n": 20,
      "mean": 0.40052307566862366,
      "median": 0.33333333333333337,
      "p95": 0.9,
      "ci95_low": 0.3118025297619048,
      "ci95_high": 0.5022097011578603
    },
    "naturalness": {
      "n": 20,
      "mean": 0.8567271333064903,
      "median": 0.8420402298850574,
      "p95": 0.9717117117117117,
      "ci95_low": 0.8218606967286933,
      "ci95_high": 0.891230115591935
    },
    "context_keyword_coverage": {
      "n": 20,
      "mean": 0.35924242424242425,
      "median": 0.36363636363636365,
      "p95": 0.5833333333333334,
      "ci95_low": 0.30469318181818184,
      "ci95_high": 0.4185606060606061
    },
    "context_overlap": {
      "n": 20,
      "mean": 0.11234019607047727,
      "median": 0.10626959247648902,
      "p95": 0.16248894783377543,
      "ci95_low": 0.09988896687595712,
      "ci95_high": 0.1266853473015486
    },
    "persona_keyword_coverage": {
      "n": 20,
      "mean": 0.3504761904761905,
      "median": 0.2,
      "p95": 1.0,
      "ci95_low": 0.24,
      "ci95_high": 0.47790476190476167
    },
    "persona_style": {
      "n": 20,
      "mean": 0.6007106164383561,
      "median": 0.5,
      "p95": 1.0,
      "ci95_low": 0.4771324914383561,
      "ci95_high": 0.7257106164383561
    },
    "distinct1": {
      "n": 20,
      "mean": 0.932442833266226,
      "median": 0.9342672413793103,
      "p95": 0.9660714285714286,
      "ci95_low": 0.9211641146173616,
      "ci95_high": 0.943933754503937
    },
    "length_score": {
      "n": 20,
      "mean": 0.445,
      "median": 0.4,
      "p95": 0.9666666666666667,
      "ci95_low": 0.2966666666666667,
      "ci95_high": 0.5983333333333334
    },
    "sentence_score": {
      "n": 20,
      "mean": 0.9475,
      "median": 1.0,
      "p95": 1.0,
      "ci95_low": 0.8775000000000001,
      "ci95_high": 1.0
    },
    "bertscore_f1": {
      "n": 20,
      "mean": 0.08829126809723675,
      "median": 0.08376454189419746,
      "p95": 0.1637102991342545,
      "ci95_low": 0.06653109305421821,
      "ci95_high": 0.11249990643700583
    },
    "overall_quality": {
      "n": 20,
      "mean": 0.4047617967978206,
      "median": 0.40711057908520487,
      "p95": 0.502768007255393,
      "ci95_low": 0.3760420040987892,
      "ci95_high": 0.43572594648800134
    },
    "metrics": [
      "context_relevance",
      "persona_consistency",
      "naturalness",
      "context_keyword_coverage",
      "context_overlap",
      "persona_keyword_coverage",
      "persona_style",
      "distinct1",
      "length_score",
      "sentence_score",
      "bertscore_f1",
      "overall_quality"
    ]
  },
  "proposed_contextual": {
    "sample_count": 20,
    "context_relevance": {
      "n": 20,
      "mean": 0.06595192675727551,
      "median": 0.015384615384615384,
      "p95": 0.27308963619939225,
      "ci95_low": 0.03505303638582071,
      "ci95_high": 0.10577370151268922
    },
    "persona_consistency": {
      "n": 20,
      "mean": 0.16871428571428573,
      "median": 0.1,
      "p95": 0.5206607142857144,
      "ci95_low": 0.10364583333333335,
      "ci95_high": 0.2444618303571428
    },
    "naturalness": {
      "n": 20,
      "mean": 0.7913692426192426,
      "median": 0.7486363636363635,
      "p95": 0.9069722222222223,
      "ci95_low": 0.7681322686322686,
      "ci95_high": 0.8182724652412152
    },
    "context_keyword_coverage": {
      "n": 20,
      "mean": 0.07083333333333333,
      "median": 0.0,
      "p95": 0.3348484848484849,
      "ci95_low": 0.026893939393939394,
      "ci95_high": 0.1268939393939394
    },
    "context_overlap": {
      "n": 20,
      "mean": 0.0545619780798073,
      "median": 0.04939024390243903,
      "p95": 0.08931601272534467,
      "ci95_low": 0.04557611159566971,
      "ci95_high": 0.06583913583393783
    },
    "persona_keyword_coverage": {
      "n": 20,
      "mean": 0.07380952380952381,
      "median": 0.0,
      "p95": 0.44285714285714306,
      "ci95_low": 0.0,
      "ci95_high": 0.16434523809523777
    },
    "persona_style": {
      "n": 20,
      "mean": 0.5483333333333333,
      "median": 0.5,
      "p95": 1.0,
      "ci95_low": 0.4289583333333334,
      "ci95_high": 0.6775
    },
    "distinct1": {
      "n": 20,
      "mean": 0.9390481065481066,
      "median": 0.9090909090909091,
      "p95": 1.0,
      "ci95_low": 0.9230523648648649,
      "ci95_high": 0.956903938028938
    },
    "length_score": {
      "n": 20,
      "mean": 0.20999999999999996,
      "median": 0.09999999999999998,
      "p95": 0.7033333333333334,
      "ci95_low": 0.12666666666666665,
      "ci95_high": 0.31166666666666665
    },
    "sentence_score": {
      "n": 20,
      "mean": 0.7375,
      "median": 0.65,
      "p95": 1.0,
      "ci95_low": 0.685,
      "ci95_high": 0.8074999999999999
    },
    "bertscore_f1": {
      "n": 20,
      "mean": 0.06886769575066864,
      "median": 0.055540723726153374,
      "p95": 0.19841580092906955,
      "ci95_low": 0.036947393307928,
      "ci95_high": 0.10284986571874469
    },
    "overall_quality": {
      "n": 20,
      "mean": 0.22540616518872655,
      "median": 0.21473431865889708,
      "p95": 0.3345985973979625,
      "ci95_low": 0.19716878432174578,
      "ci95_high": 0.25469503583794234
    },
    "metrics": [
      "context_relevance",
      "persona_consistency",
      "naturalness",
      "context_keyword_coverage",
      "context_overlap",
      "persona_keyword_coverage",
      "persona_style",
      "distinct1",
      "length_score",
      "sentence_score",
      "bertscore_f1",
      "overall_quality"
    ]
  },
  "candidate_no_context": {
    "sample_count": 20,
    "context_relevance": {
      "n": 20,
      "mean": 0.026051673326667663,
      "median": 0.014459930313588849,
      "p95": 0.08587121212121215,
      "ci95_low": 0.01384173004110353,
      "ci95_high": 0.041835087384410136
    },
    "persona_consistency": {
      "n": 20,
      "mean": 0.17678936466538925,
      "median": 0.1,
      "p95": 0.37369047619047635,
      "ci95_low": 0.11995369318181819,
      "ci95_high": 0.23825582164590872
    },
    "naturalness": {
      "n": 20,
      "mean": 0.7948649269378061,
      "median": 0.7486363636363635,
      "p95": 0.9546863988724456,
      "ci95_low": 0.7660633921011647,
      "ci95_high": 0.8268904852106976
    },
    "context_keyword_coverage": {
      "n": 20,
      "mean": 0.017424242424242425,
      "median": 0.0,
      "p95": 0.09469696969696975,
      "ci95_low": 0.0,
      "ci95_high": 0.03939393939393939
    },
    "context_overlap": {
      "n": 20,
      "mean": 0.046182345432326556,
      "median": 0.047619047619047616,
      "p95": 0.06620370370370371,
      "ci95_low": 0.04044578216967876,
      "ci95_high": 0.051691356520903245
    },
    "persona_keyword_coverage": {
      "n": 20,
      "mean": 0.09690476190476191,
      "median": 0.0,
      "p95": 0.3452380952380954,
      "ci95_low": 0.03333333333333333,
      "ci95_high": 0.17738095238095236
    },
    "persona_style": {
      "n": 20,
      "mean": 0.49632777570789866,
      "median": 0.5,
      "p95": 1.0,
      "ci95_low": 0.38467242222429215,
      "ci95_high": 0.6090080104321907
    },
    "distinct1": {
      "n": 20,
      "mean": 0.9265373173445152,
      "median": 0.9090909090909091,
      "p95": 0.977906976744186,
      "ci95_low": 0.9130286628104621,
      "ci95_high": 0.9410888963726249
    },
    "length_score": {
      "n": 20,
      "mean": 0.23500000000000001,
      "median": 0.09999999999999998,
      "p95": 0.8333333333333334,
      "ci95_low": 0.13833333333333334,
      "ci95_high": 0.3433333333333334
    },
    "sentence_score": {
      "n": 20,