{
  "proposed_vs_candidate_no_context": {
    "context_relevance": {
      "target_mean": 0.0803286087839055,
      "baseline_mean": 0.02641302815673193,
      "absolute_delta": 0.053915580627173575,
      "relative_delta": 2.0412495041176117
    },
    "persona_consistency": {
      "target_mean": 0.12976190476190477,
      "baseline_mean": 0.13404761904761905,
      "absolute_delta": -0.004285714285714282,
      "relative_delta": -0.031971580817051475
    },
    "naturalness": {
      "target_mean": 0.845707546073094,
      "baseline_mean": 0.7966455862977602,
      "absolute_delta": 0.049061959775333785,
      "relative_delta": 0.0615856795282564
    },
    "context_keyword_coverage": {
      "target_mean": 0.09090909090909091,
      "baseline_mean": 0.022727272727272728,
      "absolute_delta": 0.06818181818181818,
      "relative_delta": 2.9999999999999996
    },
    "context_overlap": {
      "target_mean": 0.05564081715847293,
      "baseline_mean": 0.03501312415880341,
      "absolute_delta": 0.020627692999669524,
      "relative_delta": 0.5891417431392814
    },
    "persona_keyword_coverage": {
      "target_mean": 0.014285714285714285,
      "baseline_mean": 0.023809523809523808,
      "absolute_delta": -0.009523809523809523,
      "relative_delta": -0.39999999999999997
    },
    "persona_style": {
      "target_mean": 0.5916666666666667,
      "baseline_mean": 0.575,
      "absolute_delta": 0.01666666666666672,
      "relative_delta": 0.028985507246376906
    },
    "distinct1": {
      "target_mean": 0.9503105318494016,
      "baseline_mean": 0.9332806324110672,
      "absolute_delta": 0.01702989943833444,
      "relative_delta": 0.018247351168467783
    },
    "length_score": {
      "target_mean": 0.4416666666666667,
      "baseline_mean": 0.25666666666666665,
      "absolute_delta": 0.18500000000000005,
      "relative_delta": 0.7207792207792211
    },
    "sentence_score": {
      "target_mean": 0.7725000000000001,
      "baseline_mean": 0.72,
      "absolute_delta": 0.0525000000000001,
      "relative_delta": 0.07291666666666681
    },
    "overall_quality": {
      "target_mean": 0.24511824993526637,
      "baseline_mean": 0.21229884635701451,
      "absolute_delta": 0.03281940357825186,
      "relative_delta": 0.15459058841544893
    }
  },
  "controlled_vs_proposed_raw": {
    "context_relevance": {
      "target_mean": 0.2689619832613247,
      "baseline_mean": 0.0803286087839055,
      "absolute_delta": 0.18863337447741918,
      "relative_delta": 2.3482713983615437
    },
    "persona_consistency": {
      "target_mean": 0.3893809523809524,
      "baseline_mean": 0.12976190476190477,
      "absolute_delta": 0.25961904761904764,
      "relative_delta": 2.0007339449541286
    },
    "naturalness": {
      "target_mean": 0.9001584833570808,
      "baseline_mean": 0.845707546073094,
      "absolute_delta": 0.05445093728398687,
      "relative_delta": 0.06438506731649844
    },
    "context_keyword_coverage": {
      "target_mean": 0.33636363636363636,
      "baseline_mean": 0.09090909090909091,
      "absolute_delta": 0.24545454545454545,
      "relative_delta": 2.6999999999999997
    },
    "context_overlap": {
      "target_mean": 0.1116914593559309,
      "baseline_mean": 0.05564081715847293,
      "absolute_delta": 0.05605064219745797,
      "relative_delta": 1.0073655467319576
    },
    "persona_keyword_coverage": {
      "target_mean": 0.3304761904761905,
      "baseline_mean": 0.014285714285714285,
      "absolute_delta": 0.3161904761904762,
      "relative_delta": 22.133333333333333
    },
    "persona_style": {
      "target_mean": 0.625,
      "baseline_mean": 0.5916666666666667,
      "absolute_delta": 0.033333333333333326,
      "relative_delta": 0.05633802816901407
    },
    "distinct1": {
      "target_mean": 0.9472712083927022,
      "baseline_mean": 0.9503105318494016,
      "absolute_delta": -0.0030393234566994387,
      "relative_delta": -0.0031982424216477996
    },
    "length_score": {
      "target_mean": 0.65,
      "baseline_mean": 0.4416666666666667,
      "absolute_delta": 0.20833333333333331,
      "relative_delta": 0.47169811320754707
    },
    "sentence_score": {
      "target_mean": 0.9125,
      "baseline_mean": 0.7725000000000001,
      "absolute_delta": 0.1399999999999999,
      "relative_delta": 0.18122977346278302
    },
    "overall_quality": {
      "target_mean": 0.44040995869744126,
      "baseline_mean": 0.24511824993526637,
      "absolute_delta": 0.1952917087621749,
      "relative_delta": 0.796724474059968
    }
  },
  "controlled_vs_candidate_no_context": {
    "context_relevance": {
      "target_mean": 0.2689619832613247,
      "baseline_mean": 0.02641302815673193,
      "absolute_delta": 0.24254895510459276,
      "relative_delta": 9.18292872991823
    },
    "persona_consistency": {
      "target_mean": 0.3893809523809524,
      "baseline_mean": 0.13404761904761905,
      "absolute_delta": 0.2553333333333333,
      "relative_delta": 1.9047957371225575
    },
    "naturalness": {
      "target_mean": 0.9001584833570808,
      "baseline_mean": 0.7966455862977602,
      "absolute_delta": 0.10351289705932065,
      "relative_delta": 0.12993594496691394
    },
    "context_keyword_coverage": {
      "target_mean": 0.33636363636363636,
      "baseline_mean": 0.022727272727272728,
      "absolute_delta": 0.31363636363636366,
      "relative_delta": 13.8
    },
    "context_overlap": {
      "target_mean": 0.1116914593559309,
      "baseline_mean": 0.03501312415880341,
      "absolute_delta": 0.0766783351971275,
      "relative_delta": 2.1899883840513596
    },
    "persona_keyword_coverage": {
      "target_mean": 0.3304761904761905,
      "baseline_mean": 0.023809523809523808,
      "absolute_delta": 0.30666666666666664,
      "relative_delta": 12.879999999999999
    },
    "persona_style": {
      "target_mean": 0.625,
      "baseline_mean": 0.575,
      "absolute_delta": 0.050000000000000044,
      "relative_delta": 0.08695652173913052
    },
    "distinct1": {
      "target_mean": 0.9472712083927022,
      "baseline_mean": 0.9332806324110672,
      "absolute_delta": 0.013990575981635,
      "relative_delta": 0.014990749294230287
    },
    "length_score": {
      "target_mean": 0.65,
      "baseline_mean": 0.25666666666666665,
      "absolute_delta": 0.39333333333333337,
      "relative_delta": 1.5324675324675328
    },
    "sentence_score": {
      "target_mean": 0.9125,
      "baseline_mean": 0.72,
      "absolute_delta": 0.1925,
      "relative_delta": 0.2673611111111111
    },
    "overall_quality": {
      "target_mean": 0.44040995869744126,
      "baseline_mean": 0.21229884635701451,
      "absolute_delta": 0.22811111234042675,
      "relative_delta": 1.0744811677253365
    }
  },
  "controlled_alt_vs_controlled_default": {
    "context_relevance": {
      "target_mean": 0.3230166613004629,
      "baseline_mean": 0.2689619832613247,
      "absolute_delta": 0.054054678039138215,
      "relative_delta": 0.20097516155886774
    },
    "persona_consistency": {
      "target_mean": 0.3402857142857143,
      "baseline_mean": 0.3893809523809524,
      "absolute_delta": -0.04909523809523808,
      "relative_delta": -0.12608536137947898
    },
    "naturalness": {
      "target_mean": 0.8829360858206122,
      "baseline_mean": 0.9001584833570808,
      "absolute_delta": -0.017222397536468592,
      "relative_delta": -0.01913262814814433
    },
    "context_keyword_coverage": {
      "target_mean": 0.40909090909090906,
      "baseline_mean": 0.33636363636363636,
      "absolute_delta": 0.0727272727272727,
      "relative_delta": 0.21621621621621612
    },
    "context_overlap": {
      "target_mean": 0.12217674978942192,
      "baseline_mean": 0.1116914593559309,
      "absolute_delta": 0.010485290433491015,
      "relative_delta": 0.09387728026793159
    },
    "persona_keyword_coverage": {
      "target_mean": 0.2711904761904762,
      "baseline_mean": 0.3304761904761905,