{
  "proposed_contextual_controlled": {
    "sample_count": 20,
    "context_relevance": {
      "n": 20,
      "mean": 0.2689619832613247,
      "median": 0.2769773203735467,
      "p95": 0.3610735232509426,
      "ci95_low": 0.24593141999435672,
      "ci95_high": 0.29413729478227324
    },
    "persona_consistency": {
      "n": 20,
      "mean": 0.3893809523809524,
      "median": 0.3142857142857143,
      "p95": 0.9,
      "ci95_low": 0.29523690476190473,
      "ci95_high": 0.48867738095238095
    },
    "naturalness": {
      "n": 20,
      "mean": 0.9001584833570808,
      "median": 0.915763440860215,
      "p95": 0.9447124183006536,
      "ci95_low": 0.8805343774537602,
      "ci95_high": 0.9195014678076904
    },
    "context_keyword_coverage": {
      "n": 20,
      "mean": 0.33636363636363636,
      "median": 0.36363636363636365,
      "p95": 0.45454545454545453,
      "ci95_low": 0.3,
      "ci95_high": 0.36818181818181817
    },
    "context_overlap": {
      "n": 20,
      "mean": 0.1116914593559309,
      "median": 0.10912698412698413,
      "p95": 0.14551192145862551,
      "ci95_low": 0.10201336933903635,
      "ci95_high": 0.12107803303525103
    },
    "persona_keyword_coverage": {
      "n": 20,
      "mean": 0.3304761904761905,
      "median": 0.2,
      "p95": 1.0,
      "ci95_low": 0.22807142857142856,
      "ci95_high": 0.4545535714285712
    },
    "persona_style": {
      "n": 20,
      "mean": 0.625,
      "median": 0.5,
      "p95": 1.0,
      "ci95_low": 0.5081249999999999,
      "ci95_high": 0.75
    },
    "distinct1": {
      "n": 20,
      "mean": 0.9472712083927022,
      "median": 0.9402852049910874,
      "p95": 0.9788888888888889,
      "ci95_low": 0.9371257136156188,
      "ci95_high": 0.9566838656611968
    },
    "length_score": {
      "n": 20,
      "mean": 0.65,
      "median": 0.7666666666666666,
      "p95": 0.8683333333333333,
      "ci95_low": 0.5483333333333333,
      "ci95_high": 0.7467083333333331
    },
    "sentence_score": {
      "n": 20,
      "mean": 0.9125,
      "median": 1.0,
      "p95": 1.0,
      "ci95_low": 0.8425,
      "ci95_high": 0.9650000000000001
    },
    "overall_quality": {
      "n": 20,
      "mean": 0.44040995869744126,
      "median": 0.43352233619487873,
      "p95": 0.5734608671138558,
      "ci95_low": 0.4065561346087383,
      "ci95_high": 0.4727971951564373
    },
    "metrics": [
      "context_relevance",
      "persona_consistency",
      "naturalness",
      "context_keyword_coverage",
      "context_overlap",
      "persona_keyword_coverage",
      "persona_style",
      "distinct1",
      "length_score",
      "sentence_score",
      "overall_quality"
    ]
  },
  "proposed_contextual_controlled_tuned": {
    "sample_count": 20,
    "context_relevance": {
      "n": 20,
      "mean": 0.3230166613004629,
      "median": 0.3216577540106952,
      "p95": 0.4517012987012987,
      "ci95_low": 0.28521519781081905,
      "ci95_high": 0.361789010159562
    },
    "persona_consistency": {
      "n": 20,
      "mean": 0.3402857142857143,
      "median": 0.28714285714285714,
      "p95": 0.5428571428571429,
      "ci95_low": 0.2847130952380953,
      "ci95_high": 0.39933571428571435
    },
    "naturalness": {
      "n": 20,
      "mean": 0.8829360858206122,
      "median": 0.8953930817610062,
      "p95": 0.9444772727272728,
      "ci95_low": 0.8573032850461748,
      "ci95_high": 0.9058284473771334
    },
    "context_keyword_coverage": {
      "n": 20,
      "mean": 0.40909090909090906,
      "median": 0.40909090909090906,
      "p95": 0.55,
      "ci95_low": 0.35909090909090907,
      "ci95_high": 0.4590909090909091
    },
    "context_overlap": {
      "n": 20,
      "mean": 0.12217674978942192,
      "median": 0.11764705882352941,
      "p95": 0.20739538239538238,
      "ci95_low": 0.10634562913122143,
      "ci95_high": 0.1404324532203179
    },
    "persona_keyword_coverage": {
      "n": 20,
      "mean": 0.2711904761904762,
      "median": 0.2,
      "p95": 0.5,
      "ci95_low": 0.21832738095238097,
      "ci95_high": 0.32857142857142857
    },
    "persona_style": {
      "n": 20,
      "mean": 0.6166666666666667,
      "median": 0.5,
      "p95": 1.0,
      "ci95_low": 0.5,
      "ci95_high": 0.7416666666666667
    },
    "distinct1": {
      "n": 20,
      "mean": 0.9471318812181974,
      "median": 0.9433811802232854,
      "p95": 1.0,
      "ci95_low": 0.9338755948296891,
      "ci95_high": 0.9600716246491329
    },
    "length_score": {
      "n": 20,
      "mean": 0.5816666666666667,
      "median": 0.5333333333333333,
      "p95": 0.8733333333333334,
      "ci95_low": 0.47000000000000003,
      "ci95_high": 0.7
    },
    "sentence_score": {
      "n": 20,
      "mean": 0.8775000000000001,
      "median": 1.0,
      "p95": 1.0,
      "ci95_low": 0.8074999999999999,
      "ci95_high": 0.9475
    },
    "overall_quality": {
      "n": 20,
      "mean": 0.4439576308167048,
      "median": 0.4563004812578727,
      "p95": 0.5258302406632916,
      "ci95_low": 0.41934314793181915,
      "ci95_high": 0.46722276617557745
    },
    "metrics": [
      "context_relevance",
      "persona_consistency",
      "naturalness",
      "context_keyword_coverage",
      "context_overlap",
      "persona_keyword_coverage",
      "persona_style",
      "distinct1",
      "length_score",
      "sentence_score",
      "overall_quality"
    ]
  },
  "proposed_contextual": {
    "sample_count": 20,
    "context_relevance": {
      "n": 20,
      "mean": 0.0803286087839055,
      "median": 0.0765311004784689,
      "p95": 0.22143751900273637,
      "ci95_low": 0.050441171828213185,
      "ci95_high": 0.11253251019196701
    },
    "persona_consistency": {
      "n": 20,
      "mean": 0.12976190476190477,
      "median": 0.1,
      "p95": 0.3142857142857143,
      "ci95_low": 0.09642857142857143,
      "ci95_high": 0.16549404761904754
    },
    "naturalness": {
      "n": 20,
      "mean": 0.845707546073094,
      "median": 0.8453194993412385,
      "p95": 0.9561515151515153,
      "ci95_low": 0.8097158241044573,
      "ci95_high": 0.882087520344106
    },
    "context_keyword_coverage": {
      "n": 20,
      "mean": 0.09090909090909091,
      "median": 0.09090909090909091,
      "p95": 0.2727272727272727,
      "ci95_low": 0.05454545454545454,
      "ci95_high": 0.1318181818181818
    },
    "context_overlap": {
      "n": 20,
      "mean": 0.05564081715847293,
      "median": 0.05461767626613704,
      "p95": 0.10176142697881829,
      "ci95_low": 0.042704603628901924,
      "ci95_high": 0.06829623433209481
    },
    "persona_keyword_coverage": {
      "n": 20,
      "mean": 0.014285714285714285,
      "median": 0.0,
      "p95": 0.14285714285714285,
      "ci95_low": 0.0,
      "ci95_high": 0.03571428571428571
    },
    "persona_style": {
      "n": 20,
      "mean": 0.5916666666666667,
      "median": 0.5,
      "p95": 1.0,
      "ci95_low": 0.4583333333333333,
      "ci95_high": 0.7166666666666667
    },
    "distinct1": {
      "n": 20,
      "mean": 0.9503105318494016,
      "median": 0.9479578392621871,
      "p95": 1.0,
      "ci95_low": 0.9322496157833706,
      "ci95_high": 0.968742679411984
    },
    "length_score": {
      "n": 20,
      "mean": 0.4416666666666667,
      "median": 0.4666666666666667,
      "p95": 0.9016666666666667,
      "ci95_low": 0.311625,
      "ci95_high": 0.5783333333333334
    },
    "sentence_score": {
      "n": 20,
      "mean": 0.7725000000000001,
      "median": 0.65,
      "p95": 1.0,
      "ci95_low": 0.7025,
      "ci95_high": 0.8425
    },
    "overall_quality": {
      "n": 20,
      "mean": 0.24511824993526637,
      "median": 0.24366581994162465,
      "p95": 0.36037467672059964,
      "ci95_low": 0.2179089269631893,
      "ci95_high": 0.2719416937944501
    },