{
  "proposed_vs_candidate_no_context": {
    "context_relevance": {
      "target_mean": 0.07442025294023082,
      "baseline_mean": 0.024757448457152328,
      "absolute_delta": 0.049662804483078485,
      "relative_delta": 2.005974265442976
    },
    "persona_consistency": {
      "target_mean": 0.13599787414965986,
      "baseline_mean": 0.1921875,
      "absolute_delta": -0.05618962585034015,
      "relative_delta": -0.292368784912339
    },
    "naturalness": {
      "target_mean": 0.8104821339948731,
      "baseline_mean": 0.8244714637999866,
      "absolute_delta": -0.01398932980511347,
      "relative_delta": -0.016967633713648123
    },
    "context_keyword_coverage": {
      "target_mean": 0.08068181818181817,
      "baseline_mean": 0.01818181818181818,
      "absolute_delta": 0.06249999999999999,
      "relative_delta": 3.4375
    },
    "context_overlap": {
      "target_mean": 0.05980993404319366,
      "baseline_mean": 0.04010058576626534,
      "absolute_delta": 0.019709348276928322,
      "relative_delta": 0.49149776494060177
    },
    "persona_keyword_coverage": {
      "target_mean": 0.044047619047619044,
      "baseline_mean": 0.1,
      "absolute_delta": -0.05595238095238096,
      "relative_delta": -0.5595238095238095
    },
    "persona_style": {
      "target_mean": 0.5037988945578231,
      "baseline_mean": 0.5609375,
      "absolute_delta": -0.05713860544217686,
      "relative_delta": -0.1018626949386997
    },
    "distinct1": {
      "target_mean": 0.9316220016538498,
      "baseline_mean": 0.9403453261666334,
      "absolute_delta": -0.00872332451278357,
      "relative_delta": -0.009276724486252998
    },
    "length_score": {
      "target_mean": 0.31166666666666665,
      "baseline_mean": 0.3466666666666667,
      "absolute_delta": -0.03500000000000003,
      "relative_delta": -0.10096153846153855
    },
    "sentence_score": {
      "target_mean": 0.755,
      "baseline_mean": 0.79,
      "absolute_delta": -0.03500000000000003,
      "relative_delta": -0.044303797468354465
    },
    "overall_quality": {
      "target_mean": 0.23878448269975833,
      "baseline_mean": 0.23891776965911768,
      "absolute_delta": -0.0001332869593593522,
      "relative_delta": -0.0005578779659190814
    }
  },
  "controlled_vs_proposed_raw": {
    "context_relevance": {
      "target_mean": 0.2661258947096054,
      "baseline_mean": 0.07442025294023082,
      "absolute_delta": 0.1917056417693746,
      "relative_delta": 2.575987506026609
    },
    "persona_consistency": {
      "target_mean": 0.24675464083938664,
      "baseline_mean": 0.13599787414965986,
      "absolute_delta": 0.11075676668972678,
      "relative_delta": 0.8144007204689367
    },
    "naturalness": {
      "target_mean": 0.9133187616631135,
      "baseline_mean": 0.8104821339948731,
      "absolute_delta": 0.10283662766824042,
      "relative_delta": 0.12688327521960027
    },
    "context_keyword_coverage": {
      "target_mean": 0.33356060606060606,
      "baseline_mean": 0.08068181818181817,
      "absolute_delta": 0.25287878787878787,
      "relative_delta": 3.1342723004694837
    },
    "context_overlap": {
      "target_mean": 0.1087782348906039,
      "baseline_mean": 0.05980993404319366,
      "absolute_delta": 0.04896830084741024,
      "relative_delta": 0.8187318984843924
    },
    "persona_keyword_coverage": {
      "target_mean": 0.1545238095238095,
      "baseline_mean": 0.044047619047619044,
      "absolute_delta": 0.11047619047619046,
      "relative_delta": 2.5081081081081082
    },
    "persona_style": {
      "target_mean": 0.6156779661016949,
      "baseline_mean": 0.5037988945578231,
      "absolute_delta": 0.11187907154387178,
      "relative_delta": 0.22207089525685916
    },
    "distinct1": {
      "target_mean": 0.9337135708244503,
      "baseline_mean": 0.9316220016538498,
      "absolute_delta": 0.0020915691706004935,
      "relative_delta": 0.002245083485455971
    },
    "length_score": {
      "target_mean": 0.7166666666666667,
      "baseline_mean": 0.31166666666666665,
      "absolute_delta": 0.405,
      "relative_delta": 1.2994652406417113
    },
    "sentence_score": {
      "target_mean": 0.9650000000000001,
      "baseline_mean": 0.755,
      "absolute_delta": 0.21000000000000008,
      "relative_delta": 0.2781456953642385
    },
    "overall_quality": {
      "target_mean": 0.38845174373617375,
      "baseline_mean": 0.23878448269975833,
      "absolute_delta": 0.14966726103641542,
      "relative_delta": 0.6267880531609055
    }
  },
  "controlled_vs_candidate_no_context": {
    "context_relevance": {
      "target_mean": 0.2661258947096054,
      "baseline_mean": 0.024757448457152328,
      "absolute_delta": 0.24136844625245307,
      "relative_delta": 9.749326416661596
    },
    "persona_consistency": {
      "target_mean": 0.24675464083938664,
      "baseline_mean": 0.1921875,
      "absolute_delta": 0.05456714083938663,
      "relative_delta": 0.2839265864813613
    },
    "naturalness": {
      "target_mean": 0.9133187616631135,
      "baseline_mean": 0.8244714637999866,
      "absolute_delta": 0.08884729786312695,
      "relative_delta": 0.10776273256763795
    },
    "context_keyword_coverage": {
      "target_mean": 0.33356060606060606,
      "baseline_mean": 0.01818181818181818,
      "absolute_delta": 0.31537878787878787,
      "relative_delta": 17.345833333333335
    },
    "context_overlap": {
      "target_mean": 0.1087782348906039,
      "baseline_mean": 0.04010058576626534,
      "absolute_delta": 0.06867764912433856,
      "relative_delta": 1.7126345616156489
    },
    "persona_keyword_coverage": {
      "target_mean": 0.1545238095238095,
      "baseline_mean": 0.1,
      "absolute_delta": 0.0545238095238095,
      "relative_delta": 0.545238095238095
    },
    "persona_style": {
      "target_mean": 0.6156779661016949,
      "baseline_mean": 0.5609375,
      "absolute_delta": 0.05474046610169492,
      "relative_delta": 0.09758746045984609
    },
    "distinct1": {
      "target_mean": 0.9337135708244503,
      "baseline_mean": 0.9403453261666334,
      "absolute_delta": -0.006631755342183077,
      "relative_delta": -0.007052468021740239
    },
    "length_score": {
      "target_mean": 0.7166666666666667,
      "baseline_mean": 0.3466666666666667,
      "absolute_delta": 0.37,
      "relative_delta": 1.0673076923076923
    },
    "sentence_score": {
      "target_mean": 0.9650000000000001,
      "baseline_mean": 0.79,
      "absolute_delta": 0.17500000000000004,
      "relative_delta": 0.2215189873417722
    },
    "overall_quality": {
      "target_mean": 0.38845174373617375,
      "baseline_mean": 0.23891776965911768,
      "absolute_delta": 0.14953397407705607,
      "relative_delta": 0.6258805039508265
    }
  },
  "controlled_alt_vs_controlled_default": {
    "context_relevance": {
      "target_mean": 0.2621926992755623,
      "baseline_mean": 0.2661258947096054,
      "absolute_delta": -0.00393319543404308,
      "relative_delta": -0.014779454056265188
    },
    "persona_consistency": {
      "target_mean": 0.27445614035087723,
      "baseline_mean": 0.24675464083938664,
      "absolute_delta": 0.02770149951149059,
      "relative_delta": 0.11226333744831807
    },
    "naturalness": {
      "target_mean": 0.9058067165555836,
      "baseline_mean": 0.9133187616631135,
      "absolute_delta": -0.007512045107529897,
      "relative_delta": -0.008224998130828704
    },
    "context_keyword_coverage": {
      "target_mean": 0.3290151515151515,
      "baseline_mean": 0.33356060606060606,
      "absolute_delta": -0.004545454545454575,
      "relative_delta": -0.01362707245060195
    },
    "context_overlap": {
      "target_mean": 0.10627364404985432,
      "baseline_mean": 0.1087782348906039,
      "absolute_delta": -0.002504590840749582,
      "relative_delta": -0.02302474243370835
    },
    "persona_keyword_coverage": {
      "target_mean": 0.19,
      "baseline_mean": 0.1545238095238095,