{
  "proposed_contextual_controlled": {
    "sample_count": 20,
    "context_relevance": {
      "n": 20,
      "mean": 0.2661258947096054,
      "median": 0.2776223776223776,
      "p95": 0.412386595479717,
      "ci95_low": 0.23614478148720464,
      "ci95_high": 0.2973880694197577
    },
    "persona_consistency": {
      "n": 20,
      "mean": 0.24675464083938664,
      "median": 0.23333333333333334,
      "p95": 0.4285714285714286,
      "ci95_low": 0.2012853510895884,
      "ci95_high": 0.29176041162227606
    },
    "naturalness": {
      "n": 20,
      "mean": 0.9133187616631135,
      "median": 0.9162068965517242,
      "p95": 0.9717927927927927,
      "ci95_low": 0.892542885489994,
      "ci95_high": 0.9335639507657726
    },
    "context_keyword_coverage": {
      "n": 20,
      "mean": 0.33356060606060606,
      "median": 0.36363636363636365,
      "p95": 0.5022727272727273,
      "ci95_low": 0.29363636363636364,
      "ci95_high": 0.3746268939393939
    },
    "context_overlap": {
      "n": 20,
      "mean": 0.1087782348906039,
      "median": 0.10084745762711865,
      "p95": 0.17792103142626917,
      "ci95_low": 0.09423799172888943,
      "ci95_high": 0.12429936999484008
    },
    "persona_keyword_coverage": {
      "n": 20,
      "mean": 0.1545238095238095,
      "median": 0.16666666666666666,
      "p95": 0.28809523809523807,
      "ci95_low": 0.10951785714285713,
      "ci95_high": 0.19833928571428566
    },
    "persona_style": {
      "n": 20,
      "mean": 0.6156779661016949,
      "median": 0.5,
      "p95": 1.0,
      "ci95_low": 0.4906779661016949,
      "ci95_high": 0.7490112994350283
    },
    "distinct1": {
      "n": 20,
      "mean": 0.9337135708244503,
      "median": 0.9344086021505376,
      "p95": 0.9672413793103449,
      "ci95_low": 0.9214744133431788,
      "ci95_high": 0.9453953464876668
    },
    "length_score": {
      "n": 20,
      "mean": 0.7166666666666667,
      "median": 0.7333333333333334,
      "p95": 0.9666666666666667,
      "ci95_low": 0.625,
      "ci95_high": 0.8000416666666664
    },
    "sentence_score": {
      "n": 20,
      "mean": 0.9650000000000001,
      "median": 1.0,
      "p95": 1.0,
      "ci95_low": 0.9125,
      "ci95_high": 1.0
    },
    "overall_quality": {
      "n": 20,
      "mean": 0.38845174373617375,
      "median": 0.3965404221472334,
      "p95": 0.46622427364124586,
      "ci95_low": 0.3614781734474822,
      "ci95_high": 0.4152548014905135
    },
    "metrics": [
      "context_relevance",
      "persona_consistency",
      "naturalness",
      "context_keyword_coverage",
      "context_overlap",
      "persona_keyword_coverage",
      "persona_style",
      "distinct1",
      "length_score",
      "sentence_score",
      "overall_quality"
    ]
  },
  "proposed_contextual_controlled_alt": {
    "sample_count": 20,
    "context_relevance": {
      "n": 20,
      "mean": 0.2621926992755623,
      "median": 0.25385638782576997,
      "p95": 0.42502007369520983,
      "ci95_low": 0.2242037437883222,
      "ci95_high": 0.3053164441146705
    },
    "persona_consistency": {
      "n": 20,
      "mean": 0.27445614035087723,
      "median": 0.32456140350877194,
      "p95": 0.4285714285714286,
      "ci95_low": 0.22554116541353386,
      "ci95_high": 0.32090156641604006
    },
    "naturalness": {
      "n": 20,
      "mean": 0.9058067165555836,
      "median": 0.912206896551724,
      "p95": 0.9717117117117117,
      "ci95_low": 0.8839406557810774,
      "ci95_high": 0.9274010108580008
    },
    "context_keyword_coverage": {
      "n": 20,
      "mean": 0.3290151515151515,
      "median": 0.31666666666666665,
      "p95": 0.5473484848484849,
      "ci95_low": 0.276125,
      "ci95_high": 0.3826590909090909
    },
    "context_overlap": {
      "n": 20,
      "mean": 0.10627364404985432,
      "median": 0.1014803690195237,
      "p95": 0.14426691729323307,
      "ci95_low": 0.09511646013670506,
      "ci95_high": 0.11809840179881961
    },
    "persona_keyword_coverage": {
      "n": 20,
      "mean": 0.19,
      "median": 0.16666666666666666,
      "p95": 0.40142857142857147,
      "ci95_low": 0.1342797619047619,
      "ci95_high": 0.24476785714285715
    },
    "persona_style": {
      "n": 20,
      "mean": 0.612280701754386,
      "median": 0.5,
      "p95": 1.0,
      "ci95_low": 0.47884868421052634,
      "ci95_high": 0.75
    },
    "distinct1": {
      "n": 20,
      "mean": 0.9357996861258014,
      "median": 0.9327683615819209,
      "p95": 1.0,
      "ci95_low": 0.9206455372786063,
      "ci95_high": 0.9498202506643812
    },
    "length_score": {
      "n": 20,
      "mean": 0.6849999999999999,
      "median": 0.75,
      "p95": 0.9666666666666667,
      "ci95_low": 0.5816250000000001,
      "ci95_high": 0.7817083333333331
    },
    "sentence_score": {
      "n": 20,
      "mean": 0.9475,
      "median": 1.0,
      "p95": 1.0,
      "ci95_low": 0.8949999999999999,
      "ci95_high": 1.0
    },
    "overall_quality": {
      "n": 20,
      "mean": 0.39560876927679456,
      "median": 0.3965404221472334,
      "p95": 0.48732030327331066,
      "ci95_low": 0.36977336317832965,
      "ci95_high": 0.4220292417431159
    },
    "metrics": [
      "context_relevance",
      "persona_consistency",
      "naturalness",
      "context_keyword_coverage",
      "context_overlap",
      "persona_keyword_coverage",
      "persona_style",
      "distinct1",
      "length_score",
      "sentence_score",
      "overall_quality"
    ]
  },
  "proposed_contextual": {
    "sample_count": 20,
    "context_relevance": {
      "n": 20,
      "mean": 0.07442025294023082,
      "median": 0.015587044534412953,
      "p95": 0.29683850267379686,
      "ci95_low": 0.03358555446748973,
      "ci95_high": 0.12779014839379735
    },
    "persona_consistency": {
      "n": 20,
      "mean": 0.13599787414965986,
      "median": 0.1,
      "p95": 0.29153571428571445,
      "ci95_low": 0.09444520620748299,
      "ci95_high": 0.18958126062925165
    },
    "naturalness": {
      "n": 20,
      "mean": 0.8104821339948731,
      "median": 0.7486363636363635,
      "p95": 0.9484583333333333,
      "ci95_low": 0.7771841810107447,
      "ci95_high": 0.8455296011270662
    },
    "context_keyword_coverage": {
      "n": 20,
      "mean": 0.08068181818181817,
      "median": 0.0,
      "p95": 0.37272727272727285,
      "ci95_low": 0.026515151515151512,
      "ci95_high": 0.14925189393939386
    },
    "context_overlap": {
      "n": 20,
      "mean": 0.05980993404319366,
      "median": 0.048980407836865254,
      "p95": 0.12354054054054057,
      "ci95_low": 0.04672704380763816,
      "ci95_high": 0.0764138414423903
    },
    "persona_keyword_coverage": {
      "n": 20,
      "mean": 0.044047619047619044,
      "median": 0.0,
      "p95": 0.2928571428571429,
      "ci95_low": 0.0,
      "ci95_high": 0.09523809523809523
    },
    "persona_style": {
      "n": 20,
      "mean": 0.5037988945578231,
      "median": 0.5,
      "p95": 1.0,
      "ci95_low": 0.3977221513605442,
      "ci95_high": 0.6145280612244898
    },
    "distinct1": {
      "n": 20,
      "mean": 0.9316220016538498,
      "median": 0.9090909090909091,
      "p95": 1.0,
      "ci95_low": 0.9193644445358307,
      "ci95_high": 0.9457786809537001
    },
    "length_score": {
      "n": 20,
      "mean": 0.31166666666666665,
      "median": 0.09999999999999998,
      "p95": 0.8383333333333334,
      "ci95_low": 0.19,
      "ci95_high": 0.4483749999999998
    },
    "sentence_score": {
      "n": 20,
      "mean": 0.755,
      "median": 0.65,
      "p95": 1.0,
      "ci95_low": 0.685,
      "ci95_high": 0.825
    },
    "overall_quality": {
      "n": 20,
      "mean": 0.23878448269975833,
      "median": 0.18499556541019957,
      "p95": 0.39058996320346334,
      "ci95_low": 0.20758976515951438,
      "ci95_high": 0.2751542442292091
    },