{
  "proposed_contextual_controlled": {
    "sample_count": 112,
    "context_relevance": {
      "n": 112,
      "mean": 0.2894866497873911,
      "median": 0.2727291280148423,
      "p95": 0.4897952047952048,
      "ci95_low": 0.27171414313537684,
      "ci95_high": 0.30850383930684677
    },
    "persona_consistency": {
      "n": 112,
      "mean": 0.24750212585034012,
      "median": 0.2,
      "p95": 0.5557142857142854,
      "ci95_low": 0.2160787361819728,
      "ci95_high": 0.28020376275510206
    },
    "naturalness": {
      "n": 112,
      "mean": 0.8871943271487092,
      "median": 0.9124137931034483,
      "p95": 0.9424242424242425,
      "ci95_low": 0.8761479143567614,
      "ci95_high": 0.8971410588286495
    },
    "context_keyword_coverage": {
      "n": 112,
      "mean": 0.370413961038961,
      "median": 0.36363636363636365,
      "p95": 0.6363636363636364,
      "ci95_low": 0.3477807088744589,
      "ci95_high": 0.39515827922077923
    },
    "context_overlap": {
      "n": 112,
      "mean": 0.10065625686706126,
      "median": 0.09433962264150944,
      "p95": 0.15925589836660614,
      "ci95_low": 0.09483606530803454,
      "ci95_high": 0.10685642569532035
    },
    "persona_keyword_coverage": {
      "n": 112,
      "mean": 0.16386054421768706,
      "median": 0.14285714285714285,
      "p95": 0.5714285714285714,
      "ci95_low": 0.12767857142857142,
      "ci95_high": 0.20064306972789112
    },
    "persona_style": {
      "n": 112,
      "mean": 0.5820684523809524,
      "median": 0.5,
      "p95": 1.0,
      "ci95_low": 0.5168833705357142,
      "ci95_high": 0.6480096726190475
    },
    "distinct1": {
      "n": 112,
      "mean": 0.9389199576567193,
      "median": 0.9310344827586207,
      "p95": 0.9747112462006078,
      "ci95_low": 0.9348307895121948,
      "ci95_high": 0.943289209466588
    },
    "length_score": {
      "n": 112,
      "mean": 0.5619047619047619,
      "median": 0.6666666666666667,
      "p95": 0.8333333333333334,
      "ci95_low": 0.5110044642857142,
      "ci95_high": 0.6095238095238095
    },
    "sentence_score": {
      "n": 112,
      "mean": 0.99375,
      "median": 1.0,
      "p95": 1.0,
      "ci95_low": 0.984375,
      "ci95_high": 1.0
    },
    "bertscore_f1": {
      "n": 112,
      "mean": 0.10946254141163081,
      "median": 0.09834412857890129,
      "p95": 0.19853856116533275,
      "ci95_low": 0.09919483202788147,
      "ci95_high": 0.11977782806248537
    },
    "overall_quality": {
      "n": 112,
      "mean": 0.36432819686597373,
      "median": 0.339519999499548,
      "p95": 0.4938615436594572,
      "ci95_low": 0.35111558351980204,
      "ci95_high": 0.37743075795043457
    },
    "metrics": [
      "context_relevance",
      "persona_consistency",
      "naturalness",
      "context_keyword_coverage",
      "context_overlap",
      "persona_keyword_coverage",
      "persona_style",
      "distinct1",
      "length_score",
      "sentence_score",
      "bertscore_f1",
      "overall_quality"
    ]
  },
  "proposed_contextual": {
    "sample_count": 112,
    "context_relevance": {
      "n": 112,
      "mean": 0.06393463802488475,
      "median": 0.015384615384615384,
      "p95": 0.28073776223776215,
      "ci95_low": 0.04857386459653127,
      "ci95_high": 0.08082476598250425
    },
    "persona_consistency": {
      "n": 112,
      "mean": 0.16012911166450708,
      "median": 0.1,
      "p95": 0.45714285714285713,
      "ci95_low": 0.1348775128478971,
      "ci95_high": 0.1889578187425764
    },
    "naturalness": {
      "n": 112,
      "mean": 0.807124786937173,
      "median": 0.7486363636363635,
      "p95": 0.9389414414414413,
      "ci95_low": 0.7942325553761758,
      "ci95_high": 0.8194209804944989
    },
    "context_keyword_coverage": {
      "n": 112,
      "mean": 0.06958874458874459,
      "median": 0.0,
      "p95": 0.36363636363636365,
      "ci95_low": 0.04781960227272727,
      "ci95_high": 0.09330390963203462
    },
    "context_overlap": {
      "n": 112,
      "mean": 0.050741722709211796,
      "median": 0.04878048780487805,
      "p95": 0.10851063829787227,
      "ci95_low": 0.0451731101574975,
      "ci95_high": 0.056488075935292974
    },
    "persona_keyword_coverage": {
      "n": 112,
      "mean": 0.07959183673469387,
      "median": 0.0,
      "p95": 0.5321428571428564,
      "ci95_low": 0.048761692176870756,
      "ci95_high": 0.11224596088435373
    },
    "persona_style": {
      "n": 112,
      "mean": 0.48227821138375987,
      "median": 0.5,
      "p95": 1.0,
      "ci95_low": 0.4215242146585817,
      "ci95_high": 0.5501077972731752
    },
    "distinct1": {
      "n": 112,
      "mean": 0.9379384554381707,
      "median": 0.9090909090909091,
      "p95": 1.0,
      "ci95_low": 0.9311030595027903,
      "ci95_high": 0.9446307026621777
    },
    "length_score": {
      "n": 112,
      "mean": 0.2925595238095238,
      "median": 0.09999999999999998,
      "p95": 0.8816666666666663,
      "ci95_low": 0.24701636904761903,
      "ci95_high": 0.3407812499999999
    },
    "sentence_score": {
      "n": 112,
      "mean": 0.734375,
      "median": 0.65,
      "p95": 1.0,
      "ci95_low": 0.70625,
      "ci95_high": 0.7625000000000001
    },
    "bertscore_f1": {
      "n": 112,
      "mean": 0.06853023694254391,
      "median": 0.056918760761618614,
      "p95": 0.16759138479828822,
      "ci95_low": 0.05912204996732596,
      "ci95_high": 0.07882746093538506
    },
    "overall_quality": {
      "n": 112,
      "mean": 0.225468033042513,
      "median": 0.19581720884446108,
      "p95": 0.41389814449620854,
      "ci95_low": 0.2099991480499604,
      "ci95_high": 0.24058919880080584
    },
    "metrics": [
      "context_relevance",
      "persona_consistency",
      "naturalness",
      "context_keyword_coverage",
      "context_overlap",
      "persona_keyword_coverage",
      "persona_style",
      "distinct1",
      "length_score",
      "sentence_score",
      "bertscore_f1",
      "overall_quality"
    ]
  },
  "candidate_no_context": {
    "sample_count": 112,
    "context_relevance": {
      "n": 112,
      "mean": 0.024445843686933616,
      "median": 0.013638124757845795,
      "p95": 0.08234224598930479,
      "ci95_low": 0.01922426973348474,
      "ci95_high": 0.03063205575021759
    },
    "persona_consistency": {
      "n": 112,
      "mean": 0.1458347697186983,
      "median": 0.1,
      "p95": 0.45714285714285713,
      "ci95_low": 0.12342372326886836,
      "ci95_high": 0.17062560328185322
    },
    "naturalness": {
      "n": 112,
      "mean": 0.8069092241385141,
      "median": 0.7486363636363635,
      "p95": 0.96,
      "ci95_low": 0.7926568716160656,
      "ci95_high": 0.821942166038579
    },
    "context_keyword_coverage": {
      "n": 112,
      "mean": 0.017681277056277055,
      "median": 0.0,
      "p95": 0.0949999999999999,
      "ci95_low": 0.010579004329004328,
      "ci95_high": 0.026610186688311686
    },
    "context_overlap": {
      "n": 112,
      "mean": 0.040229832491798935,
      "median": 0.04040816326530612,
      "p95": 0.06112499999999997,
      "ci95_low": 0.0375626108805833,
      "ci95_high": 0.042952506774912885
    },
    "persona_keyword_coverage": {
      "n": 112,
      "mean": 0.0586734693877551,
      "median": 0.0,
      "p95": 0.5714285714285714,
      "ci95_low": 0.03124468537414966,
      "ci95_high": 0.08822278911564625
    },
    "persona_style": {
      "n": 112,
      "mean": 0.49447997104247104,
      "median": 0.5,
      "p95": 1.0,
      "ci95_low": 0.428623273105695,
      "ci95_high": 0.5577651800796332
    },
    "distinct1": {
      "n": 112,
      "mean": 0.9339769293939043,
      "median": 0.9090909090909091,
      "p95": 1.0,
      "ci95_low": 0.927476930002357,
      "ci95_high": 0.9403347149585487
    },
    "length_score": {
      "n": 112,
      "mean": 0.29136904761904764,
      "median": 0.09999999999999998,
      "p95": 0.8299999999999993,