{
  "proposed_contextual_controlled": {
    "sample_count": 24,
    "context_relevance": {
      "n": 24,
      "mean": 0.08738355233370125,
      "median": 0.041609848484848486,
      "p95": 0.3435226439004868,
      "ci95_low": 0.045837499519482426,
      "ci95_high": 0.13589388004991626
    },
    "persona_consistency": {
      "n": 24,
      "mean": 0.22254464285714284,
      "median": 0.23333333333333334,
      "p95": 0.38892857142857135,
      "ci95_low": 0.18097625248015872,
      "ci95_high": 0.2648961433531746
    },
    "naturalness": {
      "n": 24,
      "mean": 0.883961872376822,
      "median": 0.879253065774805,
      "p95": 0.9503312535450936,
      "ci95_low": 0.8695544295247473,
      "ci95_high": 0.898878388155221
    },
    "quest_state_correctness": {
      "n": 24,
      "mean": 0.1746445867766404,
      "median": 0.13116869274136717,
      "p95": 0.3774951463063715,
      "ci95_low": 0.1377732158643252,
      "ci95_high": 0.2151088860849853
    },
    "lore_consistency": {
      "n": 24,
      "mean": 0.04173350347857661,
      "median": 0.0,
      "p95": 0.19135809617060648,
      "ci95_low": 0.011271796271036699,
      "ci95_high": 0.07796705911883443
    },
    "multi_turn_contradiction_safety": {
      "n": 24,
      "mean": 1.0,
      "median": 1.0,
      "p95": 1.0,
      "ci95_low": 1.0,
      "ci95_high": 1.0
    },
    "objective_completion_support": {
      "n": 24,
      "mean": 0.07458333333333333,
      "median": 0.08833333333333335,
      "p95": 0.15908333333333327,
      "ci95_low": 0.05137847222222222,
      "ci95_high": 0.09723263888888883
    },
    "gameplay_usefulness": {
      "n": 24,
      "mean": 0.3056056024621341,
      "median": 0.3007163372859025,
      "p95": 0.3688169316008771,
      "ci95_low": 0.29256149730121755,
      "ci95_high": 0.3193574351725288
    },
    "time_pressure_acceptability": {
      "n": 24,
      "mean": 0.29532185245310244,
      "median": 0.30475,
      "p95": 0.34713999999999995,
      "ci95_low": 0.2813577547799423,
      "ci95_high": 0.3098451028138528
    },
    "context_keyword_coverage": {
      "n": 24,
      "mean": 0.10265151515151516,
      "median": 0.045454545454545456,
      "p95": 0.4409090909090907,
      "ci95_low": 0.04924242424242425,
      "ci95_high": 0.16030303030302986
    },
    "context_overlap": {
      "n": 24,
      "mean": 0.051758305758802164,
      "median": 0.027972027972027972,
      "p95": 0.13206521739130436,
      "ci95_low": 0.035214398781897104,
      "ci95_high": 0.07166372614430284
    },
    "persona_keyword_coverage": {
      "n": 24,
      "mean": 0.15773809523809523,
      "median": 0.16666666666666666,
      "p95": 0.41428571428571404,
      "ci95_low": 0.10813492063492063,
      "ci95_high": 0.21428571428571427
    },
    "persona_style": {
      "n": 24,
      "mean": 0.4817708333333333,
      "median": 0.5,
      "p95": 0.7765624999999999,
      "ci95_low": 0.3958333333333333,
      "ci95_high": 0.5572916666666666
    },
    "distinct1": {
      "n": 24,
      "mean": 0.9286546809420549,
      "median": 0.9392857142857143,
      "p95": 0.9947368421052631,
      "ci95_low": 0.9107523721739,
      "ci95_high": 0.9452970117934267
    },
    "length_score": {
      "n": 24,
      "mean": 0.5625,
      "median": 0.5333333333333333,
      "p95": 0.8333333333333334,
      "ci95_low": 0.5097222222222223,
      "ci95_high": 0.6236111111111111
    },
    "sentence_score": {
      "n": 24,
      "mean": 1.0,
      "median": 1.0,
      "p95": 1.0,
      "ci95_low": 1.0,
      "ci95_high": 1.0
    },
    "overall_quality": {
      "n": 24,
      "mean": 0.29269025309904667,
      "median": 0.28138721930568245,
      "p95": 0.418135836690372,
      "ci95_low": 0.2625603718339669,
      "ci95_high": 0.32601888235609033
    },
    "metrics": [
      "context_relevance",
      "persona_consistency",
      "naturalness",
      "quest_state_correctness",
      "lore_consistency",
      "multi_turn_contradiction_safety",
      "objective_completion_support",
      "gameplay_usefulness",
      "time_pressure_acceptability",
      "context_keyword_coverage",
      "context_overlap",
      "persona_keyword_coverage",
      "persona_style",
      "distinct1",
      "length_score",
      "sentence_score",
      "overall_quality"
    ]
  },
  "proposed_contextual_controlled_tuned": {
    "sample_count": 24,
    "context_relevance": {
      "n": 24,
      "mean": 0.09170155046369523,
      "median": 0.013049645390070922,
      "p95": 0.2967700672821154,
      "ci95_low": 0.04736966492223229,
      "ci95_high": 0.13791002695458254
    },
    "persona_consistency": {
      "n": 24,
      "mean": 0.2425049603174603,
      "median": 0.23333333333333334,
      "p95": 0.5407142857142854,
      "ci95_low": 0.1936329365079365,
      "ci95_high": 0.2969763764880952
    },
    "naturalness": {
      "n": 24,
      "mean": 0.8744019319733133,
      "median": 0.8779710144927537,
      "p95": 0.9501219512195123,
      "ci95_low": 0.8542614004165333,
      "ci95_high": 0.8941933406351692
    },
    "quest_state_correctness": {
      "n": 24,
      "mean": 0.17563160578597792,
      "median": 0.11802666666666667,
      "p95": 0.3528915266613448,
      "ci95_low": 0.13807261535951665,
      "ci95_high": 0.21562012006296008
    },
    "lore_consistency": {
      "n": 24,
      "mean": 0.031498206498114995,
      "median": 0.0,
      "p95": 0.2144195652383197,
      "ci95_low": 0.008361641654269366,
      "ci95_high": 0.06101991865153157
    },
    "multi_turn_contradiction_safety": {
      "n": 24,
      "mean": 1.0,
      "median": 1.0,
      "p95": 1.0,
      "ci95_low": 1.0,
      "ci95_high": 1.0
    },
    "objective_completion_support": {
      "n": 24,
      "mean": 0.08319444444444445,
      "median": 0.10916666666666668,
      "p95": 0.16333333333333333,
      "ci95_low": 0.05763541666666666,
      "ci95_high": 0.10631944444444445
    },
    "gameplay_usefulness": {
      "n": 24,
      "mean": 0.30393598719116405,
      "median": 0.3020828862164663,
      "p95": 0.3752238159052591,
      "ci95_low": 0.28855141138237467,
      "ci95_high": 0.31944398413665837
    },
    "time_pressure_acceptability": {
      "n": 24,
      "mean": 0.2917953373015873,
      "median": 0.30475,
      "p95": 0.34713999999999995,
      "ci95_low": 0.27322634740259744,
      "ci95_high": 0.309149798205267
    },
    "context_keyword_coverage": {
      "n": 24,
      "mean": 0.11098484848484848,
      "median": 0.0,
      "p95": 0.36363636363636365,
      "ci95_low": 0.05303030303030303,
      "ci95_high": 0.1715909090909091
    },
    "context_overlap": {
      "n": 24,
      "mean": 0.04670718841433764,
      "median": 0.039607843137254906,
      "p95": 0.11503663003662998,
      "ci95_low": 0.03447502522550318,
      "ci95_high": 0.06101076320104649
    },
    "persona_keyword_coverage": {
      "n": 24,
      "mean": 0.1878968253968254,
      "median": 0.16666666666666666,
      "p95": 0.6166666666666659,
      "ci95_low": 0.12836309523809522,
      "ci95_high": 0.2573412698412698
    },
    "persona_style": {
      "n": 24,
      "mean": 0.4609375,
      "median": 0.5,
      "p95": 0.7765624999999999,
      "ci95_low": 0.3671875,
      "ci95_high": 0.5481770833333334
    },
    "distinct1": {
      "n": 24,
      "mean": 0.9313173299332833,
      "median": 0.9455882352941176,
      "p95": 0.9960526315789473,
      "ci95_low": 0.9146665273763269,
      "ci95_high": 0.9477326611181381
    },
    "length_score": {
      "n": 24,
      "mean": 0.5166666666666667,
      "median": 0.5166666666666666,
      "p95": 0.8749999999999997,
      "ci95_low": 0.4291666666666667,
      "ci95_high": 0.5958333333333333
    },
    "sentence_score": {
      "n": 24,
      "mean": 0.9854166666666666,
      "median": 1.0,
      "p95": 1.0,
      "ci95_low": 0.9562499999999999,
      "ci95_high": 1.0
    },
    "overall_quality": {
      "n": 24,
      "mean": 0.30079703005942854,