{
  "ttft_ms": {
    "candidate_mean": 842.2652500030381,
    "baseline_mean": 195.3616749997309,
    "absolute_delta": 646.9035750033072,
    "relative_delta": 3.3113125949815814,
    "candidate_better": false,
    "lower_is_better": true
  },
  "total_time_ms": {
    "candidate_mean": 2142.8565499991237,
    "baseline_mean": 1505.3598125014105,
    "absolute_delta": 637.4967374977132,
    "relative_delta": 0.42348462620269123,
    "candidate_better": false,
    "lower_is_better": true
  },
  "tokens_per_s": {
    "candidate_mean": 24.82599536011637,
    "baseline_mean": 24.69415546128901,
    "absolute_delta": 0.13183989882735858,
    "relative_delta": 0.005338911024271841,
    "candidate_better": true,
    "lower_is_better": false
  }
}