{
  "candidate_model": "elara-npc:latest",
  "baseline_model": "phi3:mini",
  "candidate_mean": 0.005526366177946329,
  "baseline_mean": 0.13919825665652752,
  "absolute_delta": -0.1336718904785812,
  "relative_delta": -0.9602985963280943,
  "candidate_better": false
}