{
  "elara-npc:latest": {
    "total_requests": 8,
    "ok_requests": 8,
    "error_requests": 0,
    "error_rate": 0.0,
    "ttft_ms": {
      "n": 8,
      "mean": 842.2652500030381,
      "median": 427.39020000590244,
      "p95": 2625.7981400027334,
      "ci95_low": 407.0451309406053,
      "ci95_high": 1690.1492690660234
    },
    "total_time_ms": {
      "n": 8,
      "mean": 2142.8565499991237,
      "median": 1743.8675000012154,
      "p95": 3902.4881000004807,
      "ci95_low": 1710.2292156244403,
      "ci95_high": 2977.679674997489
    },
    "tokens_per_s": {
      "n": 8,
      "mean": 24.82599536011637,
      "median": 24.40068933126971,
      "p95": 26.417063459688222,
      "ci95_low": 24.19567212619792,
      "ci95_high": 25.579468597963217
    }
  },
  "phi3:mini": {
    "total_requests": 8,
    "ok_requests": 8,
    "error_requests": 0,
    "error_rate": 0.0,
    "ttft_ms": {
      "n": 8,
      "mean": 195.3616749997309,
      "median": 162.54925000248477,
      "p95": 357.137079998938,
      "ci95_low": 151.91202499854626,
      "ci95_high": 272.32413437450305
    },
    "total_time_ms": {
      "n": 8,
      "mean": 1505.3598125014105,
      "median": 1440.7804000002216,
      "p95": 1784.5731099958357,
      "ci95_low": 1407.3698640674593,
      "ci95_high": 1628.5423034395533
    },
    "tokens_per_s": {
      "n": 8,
      "mean": 24.69415546128901,
      "median": 25.166053500413117,
      "p95": 26.459006419297467,
      "ci95_low": 23.558358264169332,
      "ci95_high": 25.78117451790625
    }
  }
}