{
  "run_dir": "artifacts\\proposal\\20260309T033951Z",
  "scenario_count": 144,
  "metrics": [
    "distinct1",
    "distinct2",
    "content_distinct1",
    "mtld",
    "repetition_penalty",
    "lexical_richness"
  ],
  "summary": {
    "proposed_contextual_controlled": {
      "distinct1": {
        "n": 144,
        "mean": 0.9305959399076811,
        "ci95_low": 0.9252469375208426,
        "ci95_high": 0.9356984635983053
      },
      "distinct2": {
        "n": 144,
        "mean": 0.9969932626222907,
        "ci95_low": 0.9953765584298637,
        "ci95_high": 0.9983924341002818
      },
      "content_distinct1": {
        "n": 144,
        "mean": 0.9911214214212793,
        "ci95_low": 0.9875605609419116,
        "ci95_high": 0.9942112857741441
      },
      "mtld": {
        "n": 144,
        "mean": 166.8333202160494,
        "ci95_low": 152.50529847608027,
        "ci95_high": 182.99234569830253
      },
      "repetition_penalty": {
        "n": 144,
        "mean": 0.06940406009231886,
        "ci95_low": 0.0642802227606218,
        "ci95_high": 0.07459634653465956
      },
      "lexical_richness": {
        "n": 144,
        "mean": 0.9199197326654001,
        "ci95_low": 0.9081425212422719,
        "ci95_high": 0.9321967605306817
      }
    },
    "proposed_contextual": {
      "distinct1": {
        "n": 144,
        "mean": 0.9396756500331835,
        "ci95_low": 0.9331840316409229,
        "ci95_high": 0.9459447661672988
      },
      "distinct2": {
        "n": 144,
        "mean": 0.9996243990384615,
        "ci95_low": 0.9991402911324787,
        "ci95_high": 1.0
      },
      "content_distinct1": {
        "n": 144,
        "mean": 0.9973138316915965,
        "ci95_low": 0.9954903349996236,
        "ci95_high": 0.998807839526694
      },
      "mtld": {
        "n": 144,
        "mean": 147.65137037037036,
        "ci95_low": 115.47214351851852,
        "ci95_high": 184.07372465277774
      },
      "repetition_penalty": {
        "n": 144,
        "mean": 0.06032434996681649,
        "ci95_low": 0.05391640986354107,
        "ci95_high": 0.06653389313579099
      },
      "lexical_richness": {
        "n": 144,
        "mean": 0.8257890410149749,
        "ci95_low": 0.8079127497878664,
        "ci95_high": 0.8446090739649742
      }
    },
    "candidate_no_context": {
      "distinct1": {
        "n": 144,
        "mean": 0.9437492469016568,
        "ci95_low": 0.9375338211591173,
        "ci95_high": 0.9498377148904098
      },
      "distinct2": {
        "n": 144,
        "mean": 0.9986388710495854,
        "ci95_low": 0.9964643194107479,
        "ci95_high": 0.9998664529914529
      },
      "content_distinct1": {
        "n": 144,
        "mean": 0.9962043592466165,
        "ci95_low": 0.9930087447726073,
        "ci95_high": 0.9984423842568559
      },
      "mtld": {
        "n": 144,
        "mean": 154.60496380471375,
        "ci95_low": 122.47780158880472,
        "ci95_high": 188.59102434764307
      },
      "repetition_penalty": {
        "n": 144,
        "mean": 0.05625075309834307,
        "ci95_low": 0.04997038435360701,
        "ci95_high": 0.06227049371009921
      },
      "lexical_richness": {
        "n": 144,
        "mean": 0.8317710053349952,
        "ci95_low": 0.8129860526239305,
        "ci95_high": 0.8513238999716282
      }
    },
    "baseline_no_context": {
      "distinct1": {
        "n": 144,
        "mean": 0.9789010725092864,
        "ci95_low": 0.9745114300555383,
        "ci95_high": 0.9830283656595524
      },
      "distinct2": {
        "n": 144,
        "mean": 1.0,
        "ci95_low": 1.0,
        "ci95_high": 1.0
      },
      "content_distinct1": {
        "n": 144,
        "mean": 0.9984688861333599,
        "ci95_low": 0.9971036018075491,
        "ci95_high": 0.9995740515271766
      },
      "mtld": {
        "n": 144,
        "mean": 133.92896296296294,
        "ci95_low": 107.32854293981481,
        "ci95_high": 163.1109758101852
      },
      "repetition_penalty": {
        "n": 144,
        "mean": 0.021098927490713605,
        "ci95_low": 0.016980919045516362,
        "ci95_high": 0.025328081981453875
      },
      "lexical_richness": {
        "n": 144,
        "mean": 0.8387015523453712,
        "ci95_low": 0.8199100529676739,
        "ci95_high": 0.8578905457329216
      }
    },
    "baseline_no_context_phi3_latest": {
      "distinct1": {
        "n": 144,
        "mean": 0.9778037672472484,
        "ci95_low": 0.9732636016422498,
        "ci95_high": 0.9820276338381111
      },
      "distinct2": {
        "n": 144,
        "mean": 0.9998689727463312,
        "ci95_low": 0.9996069182389937,
        "ci95_high": 1.0
      },
      "content_distinct1": {
        "n": 144,
        "mean": 0.997024390477823,
        "ci95_low": 0.9951258400961593,
        "ci95_high": 0.9986502483972832
      },
      "mtld": {
        "n": 144,
        "mean": 144.87601851851852,
        "ci95_low": 118.13700752314814,
        "ci95_high": 173.96763136574071
      },
      "repetition_penalty": {
        "n": 144,
        "mean": 0.022196232752751607,
        "ci95_low": 0.017853345476550018,
        "ci95_high": 0.026407130810898818
      },
      "lexical_richness": {
        "n": 144,
        "mean": 0.844204437840015,
        "ci95_low": 0.8242962885278866,
        "ci95_high": 0.8628722751954291
      }
    }
  },
  "paired_deltas": {
    "proposed_vs_candidate_no_context": {
      "distinct1": {
        "n": 144,
        "mean_delta": -0.004073596868473415,
        "ci95_low": -0.011128609333172656,
        "ci95_high": 0.0030557813835424175,
        "p_delta_le_0": 0.8653333333333333
      },
      "distinct2": {
        "n": 144,
        "mean_delta": 0.000985527988876203,
        "ci95_low": -0.000420509549973836,
        "ci95_high": 0.003274598061288911,
        "p_delta_le_0": 0.15533333333333332
      },
      "content_distinct1": {
        "n": 144,
        "mean_delta": 0.0011094724449798087,
        "ci95_low": -0.0019579964176635657,
        "ci95_high": 0.004467078912409818,
        "p_delta_le_0": 0.2643333333333333
      },
      "mtld": {
        "n": 144,
        "mean_delta": -6.953593434343379,
        "ci95_low": -48.890954534932575,
        "ci95_high": 35.63705503998319,
        "p_delta_le_0": 0.631
      },
      "repetition_penalty": {
        "n": 144,
        "mean_delta": 0.004073596868473421,
        "ci95_low": -0.002892151921865618,
        "ci95_high": 0.011228440558971077,
        "p_delta_le_0": 0.12433333333333334
      },
      "lexical_richness": {
        "n": 144,
        "mean_delta": -0.005981964320020389,
        "ci95_low": -0.028538657295056714,
        "ci95_high": 0.016748935359358206,
        "p_delta_le_0": 0.6933333333333334
      }
    },
    "proposed_vs_baseline_no_context": {
      "distinct1": {
        "n": 144,
        "mean_delta": -0.039225422476102896,
        "ci95_low": -0.04689510843731879,
        "ci95_high": -0.031503820203215835,
        "p_delta_le_0": 1.0
      },
      "distinct2": {
        "n": 144,
        "mean_delta": -0.00037560096153846216,
        "ci95_low": -0.0008597088675213687,
        "ci95_high": 0.0,
        "p_delta_le_0": 1.0
      },
      "content_distinct1": {
        "n": 144,
        "mean_delta": -0.0011550544417634086,
        "ci95_low": -0.0032738318993240285,
        "ci95_high": 0.0009344374900727779,
        "p_delta_le_0": 0.8473333333333334
      },
      "mtld": {
        "n": 144,
        "mean_delta": 13.722407407407415,
        "ci95_low": -28.69935787037036,
        "ci95_high": 57.89911030092591,
        "p_delta_le_0": 0.26766666666666666
      },
      "repetition_penalty": {
        "n": 144,
        "mean_delta": 0.03922542247610289,
        "ci95_low": 0.03154234025401705,
        "ci95_high": 0.046797321121639916,
        "p_delta_le_0": 0.0
      },
      "lexical_richness": {
        "n": 144,
        "mean_delta": -0.012912511330396514,