{
  "proposed_contextual_controlled": {
    "sample_count": 144,
    "context_relevance": {
      "n": 144,
      "mean": 0.2682739852236112,
      "median": 0.2623958333333333,
      "p95": 0.4269472561336968,
      "ci95_low": 0.2548107954515605,
      "ci95_high": 0.28307882021735487
    },
    "persona_consistency": {
      "n": 144,
      "mean": 0.30115250410509037,
      "median": 0.32036124794745485,
      "p95": 0.5060714285714285,
      "ci95_low": 0.2824324313537676,
      "ci95_high": 0.3223964690521803
    },
    "naturalness": {
      "n": 144,
      "mean": 0.8951403038282356,
      "median": 0.9168356374807988,
      "p95": 0.9717117117117117,
      "ci95_low": 0.8844465627784547,
      "ci95_high": 0.9048220725986772
    },
    "context_keyword_coverage": {
      "n": 144,
      "mean": 0.3383627946127946,
      "median": 0.3333333333333333,
      "p95": 0.5454545454545454,
      "ci95_low": 0.3199539667508417,
      "ci95_high": 0.3563465382996633
    },
    "context_overlap": {
      "n": 144,
      "mean": 0.10473342998218331,
      "median": 0.10344827586206896,
      "p95": 0.154973474801061,
      "ci95_low": 0.09927216776223126,
      "ci95_high": 0.1107616654439134
    },
    "persona_keyword_coverage": {
      "n": 144,
      "mean": 0.23630952380952377,
      "median": 0.2,
      "p95": 0.5607142857142853,
      "ci95_low": 0.2128968253968254,
      "ci95_high": 0.26101273148148146
    },
    "persona_style": {
      "n": 144,
      "mean": 0.5605244252873564,
      "median": 0.5,
      "p95": 1.0,
      "ci95_low": 0.5136494252873564,
      "ci95_high": 0.6039331896551724
    },
    "distinct1": {
      "n": 144,
      "mean": 0.9305959399076811,
      "median": 0.9333333333333333,
      "p95": 0.9967391304347825,
      "ci95_low": 0.925238093808276,
      "ci95_high": 0.9356334028462866
    },
    "length_score": {
      "n": 144,
      "mean": 0.6532407407407407,
      "median": 0.7333333333333334,
      "p95": 0.9666666666666667,
      "ci95_low": 0.6097222222222222,
      "ci95_high": 0.6976967592592592
    },
    "sentence_score": {
      "n": 144,
      "mean": 0.9246527777777778,
      "median": 1.0,
      "p95": 1.0,
      "ci95_low": 0.9003472222222223,
      "ci95_high": 0.9465277777777779
    },
    "overall_quality": {
      "n": 144,
      "mean": 0.40720004167526935,
      "median": 0.4033561797095222,
      "p95": 0.4871207235621523,
      "ci95_low": 0.39746931155269144,
      "ci95_high": 0.415810033837384
    },
    "metrics": [
      "context_relevance",
      "persona_consistency",
      "naturalness",
      "context_keyword_coverage",
      "context_overlap",
      "persona_keyword_coverage",
      "persona_style",
      "distinct1",
      "length_score",
      "sentence_score",
      "overall_quality"
    ]
  },
  "proposed_contextual": {
    "sample_count": 144,
    "context_relevance": {
      "n": 144,
      "mean": 0.0927793587612561,
      "median": 0.01809593023255814,
      "p95": 0.31324294670846387,
      "ci95_low": 0.07352353409273836,
      "ci95_high": 0.1122083461328987
    },
    "persona_consistency": {
      "n": 144,
      "mean": 0.1542506887038137,
      "median": 0.1,
      "p95": 0.3889285714285713,
      "ci95_low": 0.13495425084682897,
      "ci95_high": 0.17562466252310002
    },
    "naturalness": {
      "n": 144,
      "mean": 0.8166804451984586,
      "median": 0.7983333333333333,
      "p95": 0.96,
      "ci95_low": 0.8042621591194656,
      "ci95_high": 0.8297329342713741
    },
    "context_keyword_coverage": {
      "n": 144,
      "mean": 0.10829124579124579,
      "median": 0.0,
      "p95": 0.4,
      "ci95_low": 0.08344881102693602,
      "ci95_high": 0.13389151936026938
    },
    "context_overlap": {
      "n": 144,
      "mean": 0.056584955691280164,
      "median": 0.046511627906976744,
      "p95": 0.1275247228049146,
      "ci95_low": 0.049693389536247086,
      "ci95_high": 0.06366882509568154
    },
    "persona_keyword_coverage": {
      "n": 144,
      "mean": 0.05783730158730159,
      "median": 0.0,
      "p95": 0.4142857142857137,
      "ci95_low": 0.03388475529100529,
      "ci95_high": 0.08535466269841267
    },
    "persona_style": {
      "n": 144,
      "mean": 0.5399042371698621,
      "median": 0.5,
      "p95": 1.0,
      "ci95_low": 0.4965984576824421,
      "ci95_high": 0.5867962952435608
    },
    "distinct1": {
      "n": 144,
      "mean": 0.9396756500331835,
      "median": 0.9122807017543859,
      "p95": 1.0,
      "ci95_low": 0.9333418031112504,
      "ci95_high": 0.9458555629450799
    },
    "length_score": {
      "n": 144,
      "mean": 0.31342592592592594,
      "median": 0.16666666666666663,
      "p95": 0.8666666666666667,
      "ci95_low": 0.26921296296296293,
      "ci95_high": 0.35787037037037034
    },
    "sentence_score": {
      "n": 144,
      "mean": 0.78125,
      "median": 0.65,
      "p95": 1.0,
      "ci95_low": 0.7545138888888889,
      "ci95_high": 0.8104166666666667
    },
    "overall_quality": {
      "n": 144,
      "mean": 0.2551454025634258,
      "median": 0.21352461491996377,
      "p95": 0.4296334773115882,
      "ci95_low": 0.24211975244538111,
      "ci95_high": 0.2702122567707511
    },
    "metrics": [
      "context_relevance",
      "persona_consistency",
      "naturalness",
      "context_keyword_coverage",
      "context_overlap",
      "persona_keyword_coverage",
      "persona_style",
      "distinct1",
      "length_score",
      "sentence_score",
      "overall_quality"
    ]
  },
  "candidate_no_context": {
    "sample_count": 144,
    "context_relevance": {
      "n": 144,
      "mean": 0.02423422125614513,
      "median": 0.01081168831168831,
      "p95": 0.1271121552604696,
      "ci95_low": 0.018762425527082318,
      "ci95_high": 0.030195586597572908
    },
    "persona_consistency": {
      "n": 144,
      "mean": 0.16047739461122615,
      "median": 0.1,
      "p95": 0.45714285714285713,
      "ci95_low": 0.14094381661682384,
      "ci95_high": 0.18307316138764282
    },
    "naturalness": {
      "n": 144,
      "mean": 0.8264331033190673,
      "median": 0.8163095238095238,
      "p95": 0.9666666666666667,
      "ci95_low": 0.8140423561736259,
      "ci95_high": 0.8386475430061764
    },
    "context_keyword_coverage": {
      "n": 144,
      "mean": 0.019675925925925927,
      "median": 0.0,
      "p95": 0.1566666666666663,
      "ci95_low": 0.011739267676767676,
      "ci95_high": 0.027904566498316498
    },
    "context_overlap": {
      "n": 144,
      "mean": 0.03487024369332328,
      "median": 0.033707865168539325,
      "p95": 0.06634408602150536,
      "ci95_low": 0.0322492677205695,
      "ci95_high": 0.03760996048682995
    },
    "persona_keyword_coverage": {
      "n": 144,
      "mean": 0.0697420634920635,
      "median": 0.0,
      "p95": 0.5714285714285714,
      "ci95_low": 0.04576306216931216,
      "ci95_high": 0.0960987103174603
    },
    "persona_style": {
      "n": 144,
      "mean": 0.5234187190878767,
      "median": 0.5,
      "p95": 1.0,
      "ci95_low": 0.48131387082686333,
      "ci95_high": 0.5649536744989361
    },
    "distinct1": {
      "n": 144,
      "mean": 0.9437492469016568,
      "median": 0.9344262295081968,
      "p95": 1.0,
      "ci95_low": 0.9377140240549235,
      "ci95_high": 0.9501127516026843
    },
    "length_score": {
      "n": 144,
      "mean": 0.34074074074074073,
      "median": 0.23333333333333328,
      "p95": 0.9333333333333333,
      "ci95_low": 0.2981481481481481,
      "ci95_high": 0.38565972222222217
    },
    "sentence_score": {
      "n": 144,
      "mean": 0.8104166666666667,
      "median": 0.65,
      "p95": 1.0,
      "ci95_low": 0.78125,
      "ci95_high": 0.8395833333333333
    },
    "overall_quality": {
      "n": 144,
      "mean": 0.22791275658299145,
      "median": 0.21218181818181822,
      "p95": 0.370347965798712,
      "ci95_low": 0.2189643249277899,
      "ci95_high": 0.23791180751551141
    },