{
  "proposed_contextual_controlled": {
    "sample_count": 20,
    "context_relevance": {
      "n": 20,
      "mean": 0.27824947631044805,
      "median": 0.2503108672936259,
      "p95": 0.4940954207083239,
      "ci95_low": 0.24035963398530466,
      "ci95_high": 0.32367170657027766
    },
    "persona_consistency": {
      "n": 20,
      "mean": 0.2831614688128773,
      "median": 0.3163095238095238,
      "p95": 0.46142857142857147,
      "ci95_low": 0.23128201291079817,
      "ci95_high": 0.336548511904762
    },
    "naturalness": {
      "n": 20,
      "mean": 0.8821955374275628,
      "median": 0.9275268817204301,
      "p95": 0.9717671517671518,
      "ci95_low": 0.8382717163316107,
      "ci95_high": 0.9209250766263452
    },
    "context_keyword_coverage": {
      "n": 20,
      "mean": 0.35204545454545455,
      "median": 0.303030303030303,
      "p95": 0.640909090909091,
      "ci95_low": 0.2990151515151515,
      "ci95_high": 0.4153125
    },
    "context_overlap": {
      "n": 20,
      "mean": 0.10605886042876629,
      "median": 0.10090446579988693,
      "p95": 0.15433566433566434,
      "ci95_low": 0.09548306633716999,
      "ci95_high": 0.11738452075015526
    },
    "persona_keyword_coverage": {
      "n": 20,
      "mean": 0.20547619047619045,
      "median": 0.16666666666666666,
      "p95": 0.4357142857142858,
      "ci95_low": 0.14141666666666663,
      "ci95_high": 0.2693035714285713
    },
    "persona_style": {
      "n": 20,
      "mean": 0.5939025821596244,
      "median": 0.5,
      "p95": 1.0,
      "ci95_low": 0.4643192488262911,
      "ci95_high": 0.7296013791079812
    },
    "distinct1": {
      "n": 20,
      "mean": 0.9191646691623024,
      "median": 0.9384469696969697,
      "p95": 0.9756410256410256,
      "ci95_low": 0.8850545376750534,
      "ci95_high": 0.9439153777473188
    },
    "length_score": {
      "n": 20,
      "mean": 0.6033333333333333,
      "median": 0.7666666666666666,
      "p95": 0.9666666666666667,
      "ci95_low": 0.44000000000000006,
      "ci95_high": 0.7466666666666667
    },
    "sentence_score": {
      "n": 20,
      "mean": 0.9824999999999999,
      "median": 1.0,
      "p95": 1.0,
      "ci95_low": 0.9475,
      "ci95_high": 1.0
    },
    "bertscore_f1": {
      "n": 20,
      "mean": 0.0929559029173106,
      "median": 0.0967930406332016,
      "p95": 0.18170672357082368,
      "ci95_low": 0.07129129583016038,
      "ci95_high": 0.11681688180076889
    },
    "overall_quality": {
      "n": 20,
      "mean": 0.3683157904470957,
      "median": 0.35954874146426885,
      "p95": 0.4660664452538519,
      "ci95_low": 0.3424166500056663,
      "ci95_high": 0.39464583854603397
    },
    "metrics": [
      "context_relevance",
      "persona_consistency",
      "naturalness",
      "context_keyword_coverage",
      "context_overlap",
      "persona_keyword_coverage",
      "persona_style",
      "distinct1",
      "length_score",
      "sentence_score",
      "bertscore_f1",
      "overall_quality"
    ]
  },
  "proposed_contextual": {
    "sample_count": 20,
    "context_relevance": {
      "n": 20,
      "mean": 0.06455089394019956,
      "median": 0.014285714285714284,
      "p95": 0.22171984533214656,
      "ci95_low": 0.024589642362288843,
      "ci95_high": 0.11368113697160775
    },
    "persona_consistency": {
      "n": 20,
      "mean": 0.11139880952380954,
      "median": 0.1,
      "p95": 0.2016666666666667,
      "ci95_low": 0.08295870535714286,
      "ci95_high": 0.14113244047619047
    },
    "naturalness": {
      "n": 20,
      "mean": 0.7931879624884222,
      "median": 0.7601515151515151,
      "p95": 0.893028293545535,
      "ci95_low": 0.7705916944466232,
      "ci95_high": 0.8185133345121129
    },
    "context_keyword_coverage": {
      "n": 20,
      "mean": 0.0712121212121212,
      "median": 0.0,
      "p95": 0.28636363636363654,
      "ci95_low": 0.01818181818181818,
      "ci95_high": 0.1356060606060606
    },
    "context_overlap": {
      "n": 20,
      "mean": 0.04900803030571573,
      "median": 0.047619047619047616,
      "p95": 0.1,
      "ci95_low": 0.03662889829230114,
      "ci95_high": 0.06283784715660543
    },
    "persona_keyword_coverage": {
      "n": 20,
      "mean": 0.008333333333333333,
      "median": 0.0,
      "p95": 0.008333333333333451,
      "ci95_low": 0.0,
      "ci95_high": 0.025
    },
    "persona_style": {
      "n": 20,
      "mean": 0.5236607142857144,
      "median": 0.5,
      "p95": 1.0,
      "ci95_low": 0.3892857142857143,
      "ci95_high": 0.6601171874999997
    },
    "distinct1": {
      "n": 20,
      "mean": 0.937761572887722,
      "median": 0.9188311688311688,
      "p95": 1.0,
      "ci95_low": 0.9233938913888928,
      "ci95_high": 0.9554307684400697
    },
    "length_score": {
      "n": 20,
      "mean": 0.22166666666666662,
      "median": 0.09999999999999998,
      "p95": 0.5416666666666667,
      "ci95_low": 0.14833333333333332,
      "ci95_high": 0.30333333333333334
    },
    "sentence_score": {
      "n": 20,
      "mean": 0.7375,
      "median": 0.65,
      "p95": 1.0,
      "ci95_low": 0.6675,
      "ci95_high": 0.8074999999999999
    },
    "bertscore_f1": {
      "n": 20,
      "mean": 0.062293374352157115,
      "median": 0.050739485770463943,
      "p95": 0.17584944888949394,
      "ci95_low": 0.043358588505070655,
      "ci95_high": 0.08462235397193581
    },
    "overall_quality": {
      "n": 20,
      "mean": 0.20580562128729962,
      "median": 0.17244246121911277,
      "p95": 0.2955310711040039,
      "ci95_low": 0.17982115459399198,
      "ci95_high": 0.23697413532349026
    },
    "metrics": [
      "context_relevance",
      "persona_consistency",
      "naturalness",
      "context_keyword_coverage",
      "context_overlap",
      "persona_keyword_coverage",
      "persona_style",
      "distinct1",
      "length_score",
      "sentence_score",
      "bertscore_f1",
      "overall_quality"
    ]
  },
  "candidate_no_context": {
    "sample_count": 20,
    "context_relevance": {
      "n": 20,
      "mean": 0.0266483994837869,
      "median": 0.01364889705882353,
      "p95": 0.08025659824046925,
      "ci95_low": 0.013728181067185678,
      "ci95_high": 0.04281771110286248
    },
    "persona_consistency": {
      "n": 20,
      "mean": 0.1939526297977385,
      "median": 0.11153846153846154,
      "p95": 0.5060714285714286,
      "ci95_low": 0.1278827602424749,
      "ci95_high": 0.27136058488612835
    },
    "naturalness": {
      "n": 20,
      "mean": 0.8424827527078321,
      "median": 0.8586403508771929,
      "p95": 0.9835897435897436,
      "ci95_low": 0.8044560869100279,
      "ci95_high": 0.8837412144078365
    },
    "context_keyword_coverage": {
      "n": 20,
      "mean": 0.022727272727272728,
      "median": 0.0,
      "p95": 0.09545454545454551,
      "ci95_low": 0.004545454545454545,
      "ci95_high": 0.045454545454545456
    },
    "context_overlap": {
      "n": 20,
      "mean": 0.035797695248986634,
      "median": 0.03759398496240601,
      "p95": 0.05128205128205128,
      "ci95_low": 0.02990511104824959,
      "ci95_high": 0.041182209826736635
    },
    "persona_keyword_coverage": {
      "n": 20,
      "mean": 0.10404761904761906,
      "median": 0.0,
      "p95": 0.5107142857142859,
      "ci95_low": 0.026666666666666665,
      "ci95_high": 0.20239285714285707
    },
    "persona_style": {
      "n": 20,
      "mean": 0.5535726727982163,
      "median": 0.5,
      "p95": 1.0,
      "ci95_low": 0.43597756410256416,
      "ci95_high": 0.6722826086956522
    },
    "distinct1": {
      "n": 20,
      "mean": 0.9374568817695803,
      "median": 0.9205974842767295,
      "p95": 1.0,
      "ci95_low": 0.9202325805100353,
      "ci95_high": 0.9555138327574453
    },
    "length_score": {
      "n": 20,
      "mean": 0.425,
      "median": 0.43333333333333335,
      "p95": 0.9666666666666667,
      "ci95_low": 0.275,