{
  "proposed_vs_candidate_no_context": {
    "context_relevance": {
      "target_mean": 0.06610582773156183,
      "baseline_mean": 0.021989043058201027,
      "absolute_delta": 0.044116784673360804,
      "relative_delta": 2.0063076213272057
    },
    "persona_consistency": {
      "target_mean": 0.19043402777777776,
      "baseline_mean": 0.15339930555555556,
      "absolute_delta": 0.037034722222222205,
      "relative_delta": 0.24142692229339718
    },
    "naturalness": {
      "target_mean": 0.8094731344962899,
      "baseline_mean": 0.7935985946420728,
      "absolute_delta": 0.01587453985421705,
      "relative_delta": 0.020003235844157148
    },
    "context_keyword_coverage": {
      "target_mean": 0.0726010101010101,
      "baseline_mean": 0.014520202020202022,
      "absolute_delta": 0.05808080808080807,
      "relative_delta": 3.999999999999999
    },
    "context_overlap": {
      "target_mean": 0.05095040220284921,
      "baseline_mean": 0.03941633881353205,
      "absolute_delta": 0.011534063389317159,
      "relative_delta": 0.29262137825336004
    },
    "persona_keyword_coverage": {
      "target_mean": 0.09722222222222221,
      "baseline_mean": 0.04861111111111111,
      "absolute_delta": 0.0486111111111111,
      "relative_delta": 0.9999999999999997
    },
    "persona_style": {
      "target_mean": 0.5632812500000001,
      "baseline_mean": 0.5725520833333334,
      "absolute_delta": -0.00927083333333334,
      "relative_delta": -0.016192122259619766
    },
    "distinct1": {
      "target_mean": 0.9345659208178393,
      "baseline_mean": 0.9350381532718489,
      "absolute_delta": -0.00047223245400962455,
      "relative_delta": -0.0005050408396247867
    },
    "length_score": {
      "target_mean": 0.29583333333333334,
      "baseline_mean": 0.22916666666666666,
      "absolute_delta": 0.06666666666666668,
      "relative_delta": 0.29090909090909095
    },
    "sentence_score": {
      "target_mean": 0.7666666666666666,
      "baseline_mean": 0.7374999999999999,
      "absolute_delta": 0.029166666666666674,
      "relative_delta": 0.03954802259887007
    },
    "overall_quality": {
      "target_mean": 0.2544643473573678,
      "baseline_mean": 0.2167338489243165,
      "absolute_delta": 0.03773049843305129,
      "relative_delta": 0.17408678256909832
    }
  },
  "controlled_vs_proposed_raw": {
    "context_relevance": {
      "target_mean": 0.2610762398505075,
      "baseline_mean": 0.06610582773156183,
      "absolute_delta": 0.19497041211894567,
      "relative_delta": 2.9493679878068937
    },
    "persona_consistency": {
      "target_mean": 0.32549430641821947,
      "baseline_mean": 0.19043402777777776,
      "absolute_delta": 0.1350602786404417,
      "relative_delta": 0.7092234524286118
    },
    "naturalness": {
      "target_mean": 0.904437141094081,
      "baseline_mean": 0.8094731344962899,
      "absolute_delta": 0.09496400659779114,
      "relative_delta": 0.11731582254040378
    },
    "context_keyword_coverage": {
      "target_mean": 0.32487373737373737,
      "baseline_mean": 0.0726010101010101,
      "absolute_delta": 0.25227272727272726,
      "relative_delta": 3.4747826086956524
    },
    "context_overlap": {
      "target_mean": 0.11221541229630448,
      "baseline_mean": 0.05095040220284921,
      "absolute_delta": 0.06126501009345527,
      "relative_delta": 1.202444091599914
    },
    "persona_keyword_coverage": {
      "target_mean": 0.239484126984127,
      "baseline_mean": 0.09722222222222221,
      "absolute_delta": 0.14226190476190478,
      "relative_delta": 1.4632653061224494
    },
    "persona_style": {
      "target_mean": 0.6695350241545893,
      "baseline_mean": 0.5632812500000001,
      "absolute_delta": 0.10625377415458925,
      "relative_delta": 0.1886336073756924
    },
    "distinct1": {
      "target_mean": 0.9380025749574247,
      "baseline_mean": 0.9345659208178393,
      "absolute_delta": 0.0034366541395853822,
      "relative_delta": 0.0036772731201004673
    },
    "length_score": {
      "target_mean": 0.6680555555555556,
      "baseline_mean": 0.29583333333333334,
      "absolute_delta": 0.3722222222222223,
      "relative_delta": 1.2582159624413147
    },
    "sentence_score": {
      "target_mean": 0.9562499999999999,
      "baseline_mean": 0.7666666666666666,
      "absolute_delta": 0.18958333333333333,
      "relative_delta": 0.2472826086956522
    },
    "overall_quality": {
      "target_mean": 0.4128821130994114,
      "baseline_mean": 0.2544643473573678,
      "absolute_delta": 0.15841776574204364,
      "relative_delta": 0.6225538759642542
    }
  },
  "controlled_vs_candidate_no_context": {
    "context_relevance": {
      "target_mean": 0.2610762398505075,
      "baseline_mean": 0.021989043058201027,
      "absolute_delta": 0.23908719679230644,
      "relative_delta": 10.873015081169553
    },
    "persona_consistency": {
      "target_mean": 0.32549430641821947,
      "baseline_mean": 0.15339930555555556,
      "absolute_delta": 0.1720950008626639,
      "relative_delta": 1.1218760100601464
    },
    "naturalness": {
      "target_mean": 0.904437141094081,
      "baseline_mean": 0.7935985946420728,
      "absolute_delta": 0.11083854645200819,
      "relative_delta": 0.13966575445108792
    },
    "context_keyword_coverage": {
      "target_mean": 0.32487373737373737,
      "baseline_mean": 0.014520202020202022,
      "absolute_delta": 0.3103535353535353,
      "relative_delta": 21.373913043478257
    },
    "context_overlap": {
      "target_mean": 0.11221541229630448,
      "baseline_mean": 0.03941633881353205,
      "absolute_delta": 0.07279907348277243,
      "relative_delta": 1.8469263172098502
    },
    "persona_keyword_coverage": {
      "target_mean": 0.239484126984127,
      "baseline_mean": 0.04861111111111111,
      "absolute_delta": 0.1908730158730159,
      "relative_delta": 3.9265306122448984
    },
    "persona_style": {
      "target_mean": 0.6695350241545893,
      "baseline_mean": 0.5725520833333334,
      "absolute_delta": 0.09698294082125591,
      "relative_delta": 0.16938710668317233
    },
    "distinct1": {
      "target_mean": 0.9380025749574247,
      "baseline_mean": 0.9350381532718489,
      "absolute_delta": 0.0029644216855757577,
      "relative_delta": 0.0031703751073715756
    },
    "length_score": {
      "target_mean": 0.6680555555555556,
      "baseline_mean": 0.22916666666666666,
      "absolute_delta": 0.438888888888889,
      "relative_delta": 1.9151515151515157
    },
    "sentence_score": {
      "target_mean": 0.9562499999999999,
      "baseline_mean": 0.7374999999999999,
      "absolute_delta": 0.21875,
      "relative_delta": 0.29661016949152547
    },
    "overall_quality": {
      "target_mean": 0.4128821130994114,
      "baseline_mean": 0.2167338489243165,
      "absolute_delta": 0.19614826417509493,
      "relative_delta": 0.905019059775891
    }
  },
  "controlled_alt_vs_controlled_default": {
    "context_relevance": {
      "target_mean": 0.2659815752593101,
      "baseline_mean": 0.2610762398505075,
      "absolute_delta": 0.0049053354088026135,
      "relative_delta": 0.01878890017571654
    },
    "persona_consistency": {
      "target_mean": 0.30278857376283846,
      "baseline_mean": 0.32549430641821947,
      "absolute_delta": -0.022705732655381006,
      "relative_delta": -0.06975769531958258
    },
    "naturalness": {
      "target_mean": 0.8874800438861099,
      "baseline_mean": 0.904437141094081,
      "absolute_delta": -0.016957097207971117,
      "relative_delta": -0.01874878467226415
    },
    "context_keyword_coverage": {
      "target_mean": 0.33080808080808083,
      "baseline_mean": 0.32487373737373737,
      "absolute_delta": 0.005934343434343459,
      "relative_delta": 0.01826661484648278
    },
    "context_overlap": {
      "target_mean": 0.11471972897884518,
      "baseline_mean": 0.11221541229630448,
      "absolute_delta": 0.002504316682540697,