{
  "proposed_contextual_controlled": {
    "sample_count": 24,
    "context_relevance": {
      "n": 24,
      "mean": 0.2610762398505075,
      "median": 0.2684210526315789,
      "p95": 0.4104922172545121,
      "ci95_low": 0.22564579142354557,
      "ci95_high": 0.2973751519244928
    },
    "persona_consistency": {
      "n": 24,
      "mean": 0.32549430641821947,
      "median": 0.3318840579710145,
      "p95": 0.5799999999999997,
      "ci95_low": 0.2770820609040718,
      "ci95_high": 0.37698365251897864
    },
    "naturalness": {
      "n": 24,
      "mean": 0.904437141094081,
      "median": 0.9057900432900434,
      "p95": 0.9755555555555555,
      "ci95_low": 0.8796353247018873,
      "ci95_high": 0.9259441740469702
    },
    "context_keyword_coverage": {
      "n": 24,
      "mean": 0.32487373737373737,
      "median": 0.3333333333333333,
      "p95": 0.5318181818181816,
      "ci95_low": 0.27991635101010104,
      "ci95_high": 0.36957386363636363
    },
    "context_overlap": {
      "n": 24,
      "mean": 0.11221541229630448,
      "median": 0.11293260473588343,
      "p95": 0.18282894736842104,
      "ci95_low": 0.09531348953741589,
      "ci95_high": 0.1324373464734519
    },
    "persona_keyword_coverage": {
      "n": 24,
      "mean": 0.239484126984127,
      "median": 0.18333333333333335,
      "p95": 0.48499999999999976,
      "ci95_low": 0.19066468253968252,
      "ci95_high": 0.2984176587301587
    },
    "persona_style": {
      "n": 24,
      "mean": 0.6695350241545893,
      "median": 0.5,
      "p95": 1.0,
      "ci95_low": 0.5381642512077294,
      "ci95_high": 0.7939311594202899
    },
    "distinct1": {
      "n": 24,
      "mean": 0.9380025749574247,
      "median": 0.9349550502379693,
      "p95": 0.9805980861244019,
      "ci95_low": 0.9268371521285738,
      "ci95_high": 0.9493698708023075
    },
    "length_score": {
      "n": 24,
      "mean": 0.6680555555555556,
      "median": 0.75,
      "p95": 0.9616666666666667,
      "ci95_low": 0.5625,
      "ci95_high": 0.7638888888888888
    },
    "sentence_score": {
      "n": 24,
      "mean": 0.9562499999999999,
      "median": 1.0,
      "p95": 1.0,
      "ci95_low": 0.8979166666666667,
      "ci95_high": 1.0
    },
    "overall_quality": {
      "n": 24,
      "mean": 0.4128821130994114,
      "median": 0.4117102764449564,
      "p95": 0.4754284324447484,
      "ci95_low": 0.3947610652698976,
      "ci95_high": 0.4293605606545371
    },
    "metrics": [
      "context_relevance",
      "persona_consistency",
      "naturalness",
      "context_keyword_coverage",
      "context_overlap",
      "persona_keyword_coverage",
      "persona_style",
      "distinct1",
      "length_score",
      "sentence_score",
      "overall_quality"
    ]
  },
  "proposed_contextual_controlled_alt": {
    "sample_count": 24,
    "context_relevance": {
      "n": 24,
      "mean": 0.2659815752593101,
      "median": 0.22194900687547744,
      "p95": 0.4914551282051278,
      "ci95_low": 0.2271759320341114,
      "ci95_high": 0.31596558497839056
    },
    "persona_consistency": {
      "n": 24,
      "mean": 0.30278857376283846,
      "median": 0.3179271708683473,
      "p95": 0.5322321428571426,
      "ci95_low": 0.260460178863212,
      "ci95_high": 0.34969569181839405
    },
    "naturalness": {
      "n": 24,
      "mean": 0.8874800438861099,
      "median": 0.9032411674347158,
      "p95": 0.9733573573573573,
      "ci95_low": 0.8612141001605431,
      "ci95_high": 0.9109238731207491
    },
    "context_keyword_coverage": {
      "n": 24,
      "mean": 0.33080808080808083,
      "median": 0.2727272727272727,
      "p95": 0.6416666666666663,
      "ci95_low": 0.28345170454545454,
      "ci95_high": 0.38908143939393935
    },
    "context_overlap": {
      "n": 24,
      "mean": 0.11471972897884518,
      "median": 0.08812111801242237,
      "p95": 0.14749999999999996,
      "ci95_low": 0.08767935515533183,
      "ci95_high": 0.1583676619567629
    },
    "persona_keyword_coverage": {
      "n": 24,
      "mean": 0.2109126984126984,
      "median": 0.16666666666666666,
      "p95": 0.47499999999999964,
      "ci95_low": 0.1630902777777778,
      "ci95_high": 0.2619097222222222
    },
    "persona_style": {
      "n": 24,
      "mean": 0.6702920751633986,
      "median": 0.5,
      "p95": 1.0,
      "ci95_low": 0.5452920751633987,
      "ci95_high": 0.7892156862745098
    },
    "distinct1": {
      "n": 24,
      "mean": 0.9380832796499153,
      "median": 0.9354838709677419,
      "p95": 1.0,
      "ci95_low": 0.9251355525473047,
      "ci95_high": 0.9519538187620218
    },
    "length_score": {
      "n": 24,
      "mean": 0.5986111111111111,
      "median": 0.7000000000000001,
      "p95": 0.9333333333333333,
      "ci95_low": 0.47218750000000004,
      "ci95_high": 0.7138888888888889
    },
    "sentence_score": {
      "n": 24,
      "mean": 0.9270833333333334,
      "median": 1.0,
      "p95": 1.0,
      "ci95_low": 0.86875,
      "ci95_high": 0.9854166666666666
    },
    "overall_quality": {
      "n": 24,
      "mean": 0.40320535636883365,
      "median": 0.39933939386272055,
      "p95": 0.5073115270935961,
      "ci95_low": 0.38088946701391013,
      "ci95_high": 0.42805434727705005
    },
    "metrics": [
      "context_relevance",
      "persona_consistency",
      "naturalness",
      "context_keyword_coverage",
      "context_overlap",
      "persona_keyword_coverage",
      "persona_style",
      "distinct1",
      "length_score",
      "sentence_score",
      "overall_quality"
    ]
  },
  "proposed_contextual": {
    "sample_count": 24,
    "context_relevance": {
      "n": 24,
      "mean": 0.06610582773156183,
      "median": 0.015425181278839815,
      "p95": 0.255441457767039,
      "ci95_low": 0.0311499947344844,
      "ci95_high": 0.10457048679787356
    },
    "persona_consistency": {
      "n": 24,
      "mean": 0.19043402777777776,
      "median": 0.18000000000000002,
      "p95": 0.4445089285714284,
      "ci95_low": 0.13851122271825397,
      "ci95_high": 0.24534877232142854
    },
    "naturalness": {
      "n": 24,
      "mean": 0.8094731344962899,
      "median": 0.7517895207755687,
      "p95": 0.9561130952380952,
      "ci95_low": 0.7817577177570739,
      "ci95_high": 0.8401628579811247
    },
    "context_keyword_coverage": {
      "n": 24,
      "mean": 0.0726010101010101,
      "median": 0.0,
      "p95": 0.3242424242424241,
      "ci95_low": 0.025868055555555554,
      "ci95_high": 0.12595486111111107
    },
    "context_overlap": {
      "n": 24,
      "mean": 0.05095040220284921,
      "median": 0.04819976771196283,
      "p95": 0.09490586932447397,
      "ci95_low": 0.04146412743202545,
      "ci95_high": 0.06120882077655865
    },
    "persona_keyword_coverage": {
      "n": 24,
      "mean": 0.09722222222222221,
      "median": 0.0,
      "p95": 0.47499999999999964,
      "ci95_low": 0.038690476190476185,
      "ci95_high": 0.16867559523809508
    },
    "persona_style": {
      "n": 24,
      "mean": 0.5632812500000001,
      "median": 0.5,
      "p95": 1.0,
      "ci95_low": 0.4291471354166667,
      "ci95_high": 0.6947916666666667
    },
    "distinct1": {
      "n": 24,
      "mean": 0.9345659208178393,
      "median": 0.9090909090909091,
      "p95": 1.0,
      "ci95_low": 0.9218871824837154,
      "ci95_high": 0.9487324657583748
    },
    "length_score": {
      "n": 24,
      "mean": 0.29583333333333334,
      "median": 0.09999999999999998,
      "p95": 0.8566666666666665,
      "ci95_low": 0.19722222222222222,
      "ci95_high": 0.4042013888888887
    },
    "sentence_score": {
      "n": 24,
      "mean": 0.7666666666666666,
      "median": 0.65,
      "p95": 1.0,
      "ci95_low": 0.7083333333333334,
      "ci95_high": 0.8395833333333332
    },
    "overall_quality": {
      "n": 24,
      "mean": 0.2544643473573678,
      "median": 0.214578168286864,
      "p95": 0.39087742428452354,
      "ci95_low": 0.22396594327243446,