{
  "ttft_ms": {
    "candidate_mean": 540.1499833327156,
    "baseline_mean": 221.8035895821231,
    "absolute_delta": 318.3463937505925,
    "relative_delta": 1.4352625868244764,
    "candidate_better": false,
    "lower_is_better": true
  },
  "total_time_ms": {
    "candidate_mean": 3236.361254160632,
    "baseline_mean": 2631.227697913952,
    "absolute_delta": 605.1335562466802,
    "relative_delta": 0.22998144809984805,
    "candidate_better": false,
    "lower_is_better": true
  },
  "tokens_per_s": {
    "candidate_mean": 21.036728145666434,
    "baseline_mean": 23.525039498028367,
    "absolute_delta": -2.488311352361933,
    "relative_delta": -0.10577288733438592,
    "candidate_better": false,
    "lower_is_better": false
  }
}