{
  "ttft_ms": {
    "candidate_mean": 1449.7126416620933,
    "baseline_mean": 455.8177187500405,
    "absolute_delta": 993.8949229120528,
    "relative_delta": 2.180465747662348,
    "candidate_better": false,
    "lower_is_better": true
  },
  "total_time_ms": {
    "candidate_mean": 8871.992670826634,
    "baseline_mean": 8092.816660413519,
    "absolute_delta": 779.1760104131154,
    "relative_delta": 0.0962799533349742,
    "candidate_better": false,
    "lower_is_better": true
  },
  "tokens_per_s": {
    "candidate_mean": 8.681808148574573,
    "baseline_mean": 8.479720420522929,
    "absolute_delta": 0.20208772805164443,
    "relative_delta": 0.02383188572615488,
    "candidate_better": true,
    "lower_is_better": false
  }
}