{
  "elara-npc:latest": {
    "total_requests": 48,
    "ok_requests": 48,
    "error_requests": 0,
    "error_rate": 0.0,
    "ttft_ms": {
      "n": 48,
      "mean": 1449.7126416620933,
      "median": 1655.743999988772,
      "p95": 1960.6604300293839,
      "ci95_low": 1271.9833412547814,
      "ci95_high": 1599.45305353264
    },
    "total_time_ms": {
      "n": 48,
      "mean": 8871.992670826634,
      "median": 8891.648100019665,
      "p95": 9254.03427501733,
      "ci95_low": 8783.952928743323,
      "ci95_high": 8957.322053583843
    },
    "tokens_per_s": {
      "n": 48,
      "mean": 8.681808148574573,
      "median": 8.855640181597204,
      "p95": 9.142248844037294,
      "ci95_low": 8.526312708860782,
      "ci95_high": 8.814504153509118
    }
  },
  "phi3:mini": {
    "total_requests": 48,
    "ok_requests": 48,
    "error_requests": 0,
    "error_rate": 0.0,
    "ttft_ms": {
      "n": 48,
      "mean": 455.8177187500405,
      "median": 159.33985001174733,
      "p95": 1569.8812649963654,
      "ci95_low": 312.8026969298541,
      "ci95_high": 626.7471965201972
    },
    "total_time_ms": {
      "n": 48,
      "mean": 8092.816660413519,
      "median": 8396.751599997515,
      "p95": 8930.29872502375,
      "ci95_low": 7890.50136843789,
      "ci95_high": 8296.284983385005
    },
    "tokens_per_s": {
      "n": 48,
      "mean": 8.479720420522929,
      "median": 8.743215006896733,
      "p95": 9.43835030372133,
      "ci95_low": 8.210617100386786,
      "ci95_high": 8.77565120893873
    }
  }
}