{
  "proposed_contextual_controlled": {
    "sample_count": 20,
    "context_relevance": {
      "n": 20,
      "mean": 0.2952299271470683,
      "median": 0.27099509685716583,
      "p95": 0.4778834224598931,
      "ci95_low": 0.25727221234624703,
      "ci95_high": 0.3408661716947836
    },
    "persona_consistency": {
      "n": 20,
      "mean": 0.31814285714285717,
      "median": 0.33333333333333337,
      "p95": 0.5447142857142857,
      "ci95_low": 0.25795,
      "ci95_high": 0.3797666666666667
    },
    "naturalness": {
      "n": 20,
      "mean": 0.8891519973276253,
      "median": 0.9102380952380953,
      "p95": 0.9717927927927927,
      "ci95_low": 0.85858909059523,
      "ci95_high": 0.9184965791134172
    },
    "context_keyword_coverage": {
      "n": 20,
      "mean": 0.3752272727272727,
      "median": 0.3484848484848485,
      "p95": 0.640909090909091,
      "ci95_low": 0.32408712121212124,
      "ci95_high": 0.43296401515151506
    },
    "context_overlap": {
      "n": 20,
      "mean": 0.10856945412659144,
      "median": 0.09794871794871796,
      "p95": 0.17668320340184268,
      "ci95_low": 0.09501937582374978,
      "ci95_high": 0.12309846911451401
    },
    "persona_keyword_coverage": {
      "n": 20,
      "mean": 0.23976190476190476,
      "median": 0.16666666666666666,
      "p95": 0.5728571428571428,
      "ci95_low": 0.1649940476190476,
      "ci95_high": 0.31335119047619037
    },
    "persona_style": {
      "n": 20,
      "mean": 0.6316666666666666,
      "median": 0.5,
      "p95": 1.0,
      "ci95_low": 0.515,
      "ci95_high": 0.7517499999999995
    },
    "distinct1": {
      "n": 20,
      "mean": 0.9399633266523963,
      "median": 0.9369727047146401,
      "p95": 1.0,
      "ci95_low": 0.9271899952706804,
      "ci95_high": 0.9533368179505938
    },
    "length_score": {
      "n": 20,
      "mean": 0.5833333333333333,
      "median": 0.7666666666666666,
      "p95": 0.9666666666666667,
      "ci95_low": 0.4182916666666667,
      "ci95_high": 0.745
    },
    "sentence_score": {
      "n": 20,
      "mean": 0.9650000000000001,
      "median": 1.0,
      "p95": 1.0,
      "ci95_low": 0.9125,
      "ci95_high": 1.0
    },
    "bertscore_f1": {
      "n": 20,
      "mean": 0.08500186401724932,
      "median": 0.08395984023809433,
      "p95": 0.17375323325395586,
      "ci95_low": 0.06320967651712635,
      "ci95_high": 0.10906777914644408
    },
    "overall_quality": {
      "n": 20,
      "mean": 0.38672140983001146,
      "median": 0.373458302560319,
      "p95": 0.4707199615825128,
      "ci95_low": 0.3591471557730272,
      "ci95_high": 0.4144864857552677
    },
    "metrics": [
      "context_relevance",
      "persona_consistency",
      "naturalness",
      "context_keyword_coverage",
      "context_overlap",
      "persona_keyword_coverage",
      "persona_style",
      "distinct1",
      "length_score",
      "sentence_score",
      "bertscore_f1",
      "overall_quality"
    ]
  },
  "proposed_contextual": {
    "sample_count": 20,
    "context_relevance": {
      "n": 20,
      "mean": 0.07943448375171583,
      "median": 0.0150093808630394,
      "p95": 0.23212710818593174,
      "ci95_low": 0.03863549217582972,
      "ci95_high": 0.12453994331047025
    },
    "persona_consistency": {
      "n": 20,
      "mean": 0.17463482492084187,
      "median": 0.1,
      "p95": 0.6286904761904765,
      "ci95_low": 0.10187500000000001,
      "ci95_high": 0.26182157117247157
    },
    "naturalness": {
      "n": 20,
      "mean": 0.7710793007652493,
      "median": 0.7486363636363635,
      "p95": 0.8667248677248678,
      "ci95_low": 0.7560945243690002,
      "ci95_high": 0.7910028730685511
    },
    "context_keyword_coverage": {
      "n": 20,
      "mean": 0.08939393939393939,
      "median": 0.0,
      "p95": 0.27727272727272734,
      "ci95_low": 0.0356060606060606,
      "ci95_high": 0.15229166666666658
    },
    "context_overlap": {
      "n": 20,
      "mean": 0.056195753919860855,
      "median": 0.050031269543464665,
      "p95": 0.11823529411764706,
      "ci95_low": 0.04372751850410567,
      "ci95_high": 0.07048282293686704
    },
    "persona_keyword_coverage": {
      "n": 20,
      "mean": 0.08571428571428572,
      "median": 0.0,
      "p95": 0.7202380952380953,
      "ci95_low": 0.0,
      "ci95_high": 0.19410714285714253
    },
    "persona_style": {
      "n": 20,
      "mean": 0.5303169817470665,
      "median": 0.5,
      "p95": 1.0,
      "ci95_low": 0.4109141745436767,
      "ci95_high": 0.6586778846153845
    },
    "distinct1": {
      "n": 20,
      "mean": 0.91998991857979,
      "median": 0.9090909090909091,
      "p95": 0.9668706842435656,
      "ci95_low": 0.9101704592782454,
      "ci95_high": 0.9313497044305323
    },
    "length_score": {
      "n": 20,
      "mean": 0.14666666666666667,
      "median": 0.09999999999999998,
      "p95": 0.4033333333333334,
      "ci95_low": 0.0999583333333333,
      "ci95_high": 0.20166666666666666
    },
    "sentence_score": {
      "n": 20,
      "mean": 0.7375,
      "median": 0.65,
      "p95": 1.0,
      "ci95_low": 0.6675,
      "ci95_high": 0.8074999999999999
    },
    "bertscore_f1": {
      "n": 20,
      "mean": 0.06846413780003786,
      "median": 0.0659077949821949,
      "p95": 0.1233460206538439,
      "ci95_low": 0.053231625999324024,
      "ci95_high": 0.08509417640510945
    },
    "overall_quality": {
      "n": 20,
      "mean": 0.2294289479651209,
      "median": 0.17760006994356603,
      "p95": 0.4490271221035297,
      "ci95_low": 0.1896122455132836,
      "ci95_high": 0.2723859440568226
    },
    "metrics": [
      "context_relevance",
      "persona_consistency",
      "naturalness",
      "context_keyword_coverage",
      "context_overlap",
      "persona_keyword_coverage",
      "persona_style",
      "distinct1",
      "length_score",
      "sentence_score",
      "bertscore_f1",
      "overall_quality"
    ]
  },
  "candidate_no_context": {
    "sample_count": 20,
    "context_relevance": {
      "n": 20,
      "mean": 0.038495134438157594,
      "median": 0.0150093808630394,
      "p95": 0.13812271257980924,
      "ci95_low": 0.020842023750061202,
      "ci95_high": 0.060297005106369525
    },
    "persona_consistency": {
      "n": 20,
      "mean": 0.17894642857142856,
      "median": 0.1,
      "p95": 0.4686904761904762,
      "ci95_low": 0.1169777529761905,
      "ci95_high": 0.24818132440476187
    },
    "naturalness": {
      "n": 20,
      "mean": 0.7970391143758409,
      "median": 0.7486363636363635,
      "p95": 0.9692967032967034,
      "ci95_low": 0.7678969158753433,
      "ci95_high": 0.8294356705526389
    },
    "context_keyword_coverage": {
      "n": 20,
      "mean": 0.035606060606060606,
      "median": 0.0,
      "p95": 0.18181818181818182,
      "ci95_low": 0.00909090909090909,
      "ci95_high": 0.06666666666666667
    },
    "context_overlap": {
      "n": 20,
      "mean": 0.045236306713050574,
      "median": 0.047619047619047616,
      "p95": 0.06179962894248609,
      "ci95_low": 0.03978363494811083,
      "ci95_high": 0.050860332621771934
    },
    "persona_keyword_coverage": {
      "n": 20,
      "mean": 0.08904761904761904,
      "median": 0.0,
      "p95": 0.4085714285714287,
      "ci95_low": 0.023809523809523808,
      "ci95_high": 0.1676190476190476
    },
    "persona_style": {
      "n": 20,
      "mean": 0.5385416666666667,
      "median": 0.5,
      "p95": 1.0,
      "ci95_low": 0.4151041666666667,
      "ci95_high": 0.6666796875000001
    },
    "distinct1": {
      "n": 20,
      "mean": 0.9303061192729357,
      "median": 0.9090909090909091,
      "p95": 0.9827272727272728,
      "ci95_low": 0.9185572470140323,
      "ci95_high": 0.9440381657038682
    },
    "length_score": {
      "n": 20,
      "mean": 0.23833333333333334,
      "median": 0.09999999999999998,
      "p95": 0.9033333333333334,
      "ci95_low": 0.131625,