{
  "proposed_vs_candidate_no_context": {
    "context_relevance": {
      "target_mean": 0.15095094472020906,
      "baseline_mean": 0.03150645639033372,
      "absolute_delta": 0.11944448832987534,
      "relative_delta": 3.791111474107932
    },
    "persona_consistency": {
      "target_mean": 0.16666666666666666,
      "baseline_mean": 0.14285714285714288,
      "absolute_delta": 0.02380952380952378,
      "relative_delta": 0.16666666666666644
    },
    "naturalness": {
      "target_mean": 0.8499793625914315,
      "baseline_mean": 0.8190337902837902,
      "absolute_delta": 0.030945572307641278,
      "relative_delta": 0.03778302272110022
    },
    "context_keyword_coverage": {
      "target_mean": 0.1818181818181818,
      "baseline_mean": 0.030303030303030304,
      "absolute_delta": 0.1515151515151515,
      "relative_delta": 4.999999999999999
    },
    "context_overlap": {
      "target_mean": 0.07892739149160596,
      "baseline_mean": 0.0343144505940417,
      "absolute_delta": 0.04461294089756426,
      "relative_delta": 1.3001210896645035
    },
    "persona_keyword_coverage": {
      "target_mean": 0.041666666666666664,
      "baseline_mean": 0.011904761904761904,
      "absolute_delta": 0.02976190476190476,
      "relative_delta": 2.5
    },
    "persona_style": {
      "target_mean": 0.6666666666666666,
      "baseline_mean": 0.6666666666666666,
      "absolute_delta": 0.0,
      "relative_delta": 0.0
    },
    "distinct1": {
      "target_mean": 0.9634900731452456,
      "baseline_mean": 0.9479316979316978,
      "absolute_delta": 0.015558375213547748,
      "relative_delta": 0.01641297073143005
    },
    "length_score": {
      "target_mean": 0.425,
      "baseline_mean": 0.33055555555555555,
      "absolute_delta": 0.09444444444444444,
      "relative_delta": 0.2857142857142857
    },
    "sentence_score": {
      "target_mean": 0.7958333333333334,
      "baseline_mean": 0.7374999999999999,
      "absolute_delta": 0.05833333333333346,
      "relative_delta": 0.07909604519774029
    },
    "overall_quality": {
      "target_mean": 0.29138366716301617,
      "baseline_mean": 0.22114475335294922,
      "absolute_delta": 0.07023891381006694,
      "relative_delta": 0.31761510388611813
    }
  },
  "controlled_vs_proposed_raw": {
    "context_relevance": {
      "target_mean": 0.2853788703447476,
      "baseline_mean": 0.15095094472020906,
      "absolute_delta": 0.13442792562453856,
      "relative_delta": 0.8905404724276732
    },
    "persona_consistency": {
      "target_mean": 0.28130952380952384,
      "baseline_mean": 0.16666666666666666,
      "absolute_delta": 0.11464285714285719,
      "relative_delta": 0.6878571428571432
    },
    "naturalness": {
      "target_mean": 0.8988743992636933,
      "baseline_mean": 0.8499793625914315,
      "absolute_delta": 0.048895036672261805,
      "relative_delta": 0.057524969221828856
    },
    "context_keyword_coverage": {
      "target_mean": 0.3636363636363636,
      "baseline_mean": 0.1818181818181818,
      "absolute_delta": 0.1818181818181818,
      "relative_delta": 1.0
    },
    "context_overlap": {
      "target_mean": 0.10277805266431034,
      "baseline_mean": 0.07892739149160596,
      "absolute_delta": 0.023850661172704374,
      "relative_delta": 0.30218484004049373
    },
    "persona_keyword_coverage": {
      "target_mean": 0.1880952380952381,
      "baseline_mean": 0.041666666666666664,
      "absolute_delta": 0.14642857142857144,
      "relative_delta": 3.5142857142857147
    },
    "persona_style": {
      "target_mean": 0.6541666666666667,
      "baseline_mean": 0.6666666666666666,
      "absolute_delta": -0.012499999999999956,
      "relative_delta": -0.018749999999999933
    },
    "distinct1": {
      "target_mean": 0.9527415537147887,
      "baseline_mean": 0.9634900731452456,
      "absolute_delta": -0.010748519430456849,
      "relative_delta": -0.011155817511818324
    },
    "length_score": {
      "target_mean": 0.6472222222222223,
      "baseline_mean": 0.425,
      "absolute_delta": 0.22222222222222227,
      "relative_delta": 0.5228758169934642
    },
    "sentence_score": {
      "target_mean": 0.8833333333333333,
      "baseline_mean": 0.7958333333333334,
      "absolute_delta": 0.08749999999999991,
      "relative_delta": 0.10994764397905747
    },
    "overall_quality": {
      "target_mean": 0.4072807536963284,
      "baseline_mean": 0.29138366716301617,
      "absolute_delta": 0.11589708653331221,
      "relative_delta": 0.3977473674544461
    }
  },
  "controlled_vs_candidate_no_context": {
    "context_relevance": {
      "target_mean": 0.2853788703447476,
      "baseline_mean": 0.03150645639033372,
      "absolute_delta": 0.2538724139544139,
      "relative_delta": 8.057790149713655
    },
    "persona_consistency": {
      "target_mean": 0.28130952380952384,
      "baseline_mean": 0.14285714285714288,
      "absolute_delta": 0.13845238095238097,
      "relative_delta": 0.9691666666666666
    },
    "naturalness": {
      "target_mean": 0.8988743992636933,
      "baseline_mean": 0.8190337902837902,
      "absolute_delta": 0.07984060897990308,
      "relative_delta": 0.09748145916206803
    },
    "context_keyword_coverage": {
      "target_mean": 0.3636363636363636,
      "baseline_mean": 0.030303030303030304,
      "absolute_delta": 0.33333333333333326,
      "relative_delta": 10.999999999999996
    },
    "context_overlap": {
      "target_mean": 0.10277805266431034,
      "baseline_mean": 0.0343144505940417,
      "absolute_delta": 0.06846360207026864,
      "relative_delta": 1.9951828132185374
    },
    "persona_keyword_coverage": {
      "target_mean": 0.1880952380952381,
      "baseline_mean": 0.011904761904761904,
      "absolute_delta": 0.17619047619047618,
      "relative_delta": 14.799999999999999
    },
    "persona_style": {
      "target_mean": 0.6541666666666667,
      "baseline_mean": 0.6666666666666666,
      "absolute_delta": -0.012499999999999956,
      "relative_delta": -0.018749999999999933
    },
    "distinct1": {
      "target_mean": 0.9527415537147887,
      "baseline_mean": 0.9479316979316978,
      "absolute_delta": 0.0048098557830908995,
      "relative_delta": 0.005074053113305077
    },
    "length_score": {
      "target_mean": 0.6472222222222223,
      "baseline_mean": 0.33055555555555555,
      "absolute_delta": 0.3166666666666667,
      "relative_delta": 0.9579831932773111
    },
    "sentence_score": {
      "target_mean": 0.8833333333333333,
      "baseline_mean": 0.7374999999999999,
      "absolute_delta": 0.14583333333333337,
      "relative_delta": 0.19774011299435035
    },
    "overall_quality": {
      "target_mean": 0.4072807536963284,
      "baseline_mean": 0.22114475335294922,
      "absolute_delta": 0.18613600034337915,
      "relative_delta": 0.8416930427750382
    }
  },
  "controlled_alt_vs_controlled_default": {
    "context_relevance": {
      "target_mean": 0.28703933427698,
      "baseline_mean": 0.2853788703447476,
      "absolute_delta": 0.0016604639322323478,
      "relative_delta": 0.005818454359380039
    },
    "persona_consistency": {
      "target_mean": 0.4012698412698413,
      "baseline_mean": 0.28130952380952384,
      "absolute_delta": 0.11996031746031743,
      "relative_delta": 0.42643532233037085
    },
    "naturalness": {
      "target_mean": 0.9111536508133083,
      "baseline_mean": 0.8988743992636933,
      "absolute_delta": 0.012279251549615067,
      "relative_delta": 0.013660697823492949
    },
    "context_keyword_coverage": {
      "target_mean": 0.3636363636363636,
      "baseline_mean": 0.3636363636363636,
      "absolute_delta": 0.0,
      "relative_delta": 0.0
    },
    "context_overlap": {
      "target_mean": 0.10831293243841816,
      "baseline_mean": 0.10277805266431034,
      "absolute_delta": 0.005534879774107826,
      "relative_delta": 0.05385274025560335
    },
    "persona_keyword_coverage": {
      "target_mean": 0.3349206349206349,