{
  "proposed_contextual_controlled": {
    "sample_count": 12,
    "context_relevance": {
      "n": 12,
      "mean": 0.2853788703447476,
      "median": 0.2833385579937304,
      "p95": 0.46099025974025964,
      "ci95_low": 0.21984484540065513,
      "ci95_high": 0.3511591302522904
    },
    "persona_consistency": {
      "n": 12,
      "mean": 0.28130952380952384,
      "median": 0.24666666666666667,
      "p95": 0.40364285714285697,
      "ci95_low": 0.2445238095238095,
      "ci95_high": 0.33242063492063495
    },
    "naturalness": {
      "n": 12,
      "mean": 0.8988743992636933,
      "median": 0.9156432858214554,
      "p95": 0.9638627450980392,
      "ci95_low": 0.8608961625668715,
      "ci95_high": 0.9299360196518163
    },
    "context_keyword_coverage": {
      "n": 12,
      "mean": 0.3636363636363636,
      "median": 0.36363636363636365,
      "p95": 0.5863636363636363,
      "ci95_low": 0.28030303030303033,
      "ci95_high": 0.44696969696969696
    },
    "context_overlap": {
      "n": 12,
      "mean": 0.10277805266431034,
      "median": 0.09327430879155017,
      "p95": 0.16845238095238094,
      "ci95_low": 0.08021515477675974,
      "ci95_high": 0.1269170066271167
    },
    "persona_keyword_coverage": {
      "n": 12,
      "mean": 0.1880952380952381,
      "median": 0.16666666666666666,
      "p95": 0.3028571428571427,
      "ci95_low": 0.15753968253968254,
      "ci95_high": 0.23571428571428568
    },
    "persona_style": {
      "n": 12,
      "mean": 0.6541666666666667,
      "median": 0.5,
      "p95": 1.0,
      "ci95_low": 0.5416666666666666,
      "ci95_high": 0.7791666666666667
    },
    "distinct1": {
      "n": 12,
      "mean": 0.9527415537147887,
      "median": 0.9519230769230769,
      "p95": 0.9851351351351352,
      "ci95_low": 0.9390902674446135,
      "ci95_high": 0.9666263957404673
    },
    "length_score": {
      "n": 12,
      "mean": 0.6472222222222223,
      "median": 0.8,
      "p95": 0.9666666666666668,
      "ci95_low": 0.45555555555555555,
      "ci95_high": 0.8139583333333331
    },
    "sentence_score": {
      "n": 12,
      "mean": 0.8833333333333333,
      "median": 1.0,
      "p95": 1.0,
      "ci95_low": 0.7958333333333334,
      "ci95_high": 0.9708333333333333
    },
    "overall_quality": {
      "n": 12,
      "mean": 0.4072807536963284,
      "median": 0.38559663612249834,
      "p95": 0.5277388312448454,
      "ci95_low": 0.3754697602163022,
      "ci95_high": 0.44465957633473624
    },
    "metrics": [
      "context_relevance",
      "persona_consistency",
      "naturalness",
      "context_keyword_coverage",
      "context_overlap",
      "persona_keyword_coverage",
      "persona_style",
      "distinct1",
      "length_score",
      "sentence_score",
      "overall_quality"
    ]
  },
  "proposed_contextual_controlled_tuned": {
    "sample_count": 12,
    "context_relevance": {
      "n": 12,
      "mean": 0.28703933427698,
      "median": 0.2806937220716431,
      "p95": 0.42932742681047753,
      "ci95_low": 0.23918160163263996,
      "ci95_high": 0.34283823782178535
    },
    "persona_consistency": {
      "n": 12,
      "mean": 0.4012698412698413,
      "median": 0.39333333333333337,
      "p95": 0.6933333333333332,
      "ci95_low": 0.30036706349206344,
      "ci95_high": 0.5100892857142857
    },
    "naturalness": {
      "n": 12,
      "mean": 0.9111536508133083,
      "median": 0.9242805383022774,
      "p95": 0.985051282051282,
      "ci95_low": 0.8678773847035085,
      "ci95_high": 0.9433369954807542
    },
    "context_keyword_coverage": {
      "n": 12,
      "mean": 0.3636363636363636,
      "median": 0.36363636363636365,
      "p95": 0.5363636363636363,
      "ci95_low": 0.30303030303030304,
      "ci95_high": 0.4318181818181818
    },
    "context_overlap": {
      "n": 12,
      "mean": 0.10831293243841816,
      "median": 0.09461187214611871,
      "p95": 0.1795762711864406,
      "ci95_low": 0.0891951233462496,
      "ci95_high": 0.1341903900471351
    },
    "persona_keyword_coverage": {
      "n": 12,
      "mean": 0.3349206349206349,
      "median": 0.30952380952380953,
      "p95": 0.7416666666666666,
      "ci95_low": 0.21388888888888888,
      "ci95_high": 0.46151785714285704
    },
    "persona_style": {
      "n": 12,
      "mean": 0.6666666666666666,
      "median": 0.5,
      "p95": 1.0,
      "ci95_low": 0.5416666666666666,
      "ci95_high": 0.7916666666666666
    },
    "distinct1": {
      "n": 12,
      "mean": 0.950106349255493,
      "median": 0.9455128205128205,
      "p95": 0.9901785714285714,
      "ci95_low": 0.9361764244779176,
      "ci95_high": 0.9647972515956682
    },
    "length_score": {
      "n": 12,
      "mean": 0.6972222222222223,
      "median": 0.7833333333333333,
      "p95": 0.9816666666666667,
      "ci95_low": 0.5415972222222222,
      "ci95_high": 0.8277777777777778
    },
    "sentence_score": {
      "n": 12,
      "mean": 0.9166666666666666,
      "median": 1.0,
      "p95": 1.0,
      "ci95_low": 0.7833333333333333,
      "ci95_high": 1.0
    },
    "overall_quality": {
      "n": 12,
      "mean": 0.45513199006947413,
      "median": 0.4601800508286723,
      "p95": 0.5657177842320724,
      "ci95_low": 0.41433441094370144,
      "ci95_high": 0.4965142265510255
    },
    "metrics": [
      "context_relevance",
      "persona_consistency",
      "naturalness",
      "context_keyword_coverage",
      "context_overlap",
      "persona_keyword_coverage",
      "persona_style",
      "distinct1",
      "length_score",
      "sentence_score",
      "overall_quality"
    ]
  },
  "proposed_contextual": {
    "sample_count": 12,
    "context_relevance": {
      "n": 12,
      "mean": 0.15095094472020906,
      "median": 0.11089753150868818,
      "p95": 0.3994431818181817,
      "ci95_low": 0.07395627506501448,
      "ci95_high": 0.23573776211861247
    },
    "persona_consistency": {
      "n": 12,
      "mean": 0.16666666666666666,
      "median": 0.15000000000000002,
      "p95": 0.2933333333333332,
      "ci95_low": 0.125,
      "ci95_high": 0.21666666666666667
    },
    "naturalness": {
      "n": 12,
      "mean": 0.8499793625914315,
      "median": 0.8824999999999998,
      "p95": 0.9513333333333333,
      "ci95_low": 0.8002755855973528,
      "ci95_high": 0.8973455873389062
    },
    "context_keyword_coverage": {
      "n": 12,
      "mean": 0.1818181818181818,
      "median": 0.13636363636363635,
      "p95": 0.49545454545454537,
      "ci95_low": 0.08333333333333333,
      "ci95_high": 0.29545454545454547
    },
    "context_overlap": {
      "n": 12,
      "mean": 0.07892739149160596,
      "median": 0.05699893955461294,
      "p95": 0.1777083333333333,
      "ci95_low": 0.04755595961414905,
      "ci95_high": 0.11406443168737704
    },
    "persona_keyword_coverage": {
      "n": 12,
      "mean": 0.041666666666666664,
      "median": 0.0,
      "p95": 0.24166666666666653,
      "ci95_low": 0.0,
      "ci95_high": 0.1111111111111111
    },
    "persona_style": {
      "n": 12,
      "mean": 0.6666666666666666,
      "median": 0.5,
      "p95": 1.0,
      "ci95_low": 0.5416666666666666,
      "ci95_high": 0.7916666666666666
    },
    "distinct1": {
      "n": 12,
      "mean": 0.9634900731452456,
      "median": 0.9827586206896552,
      "p95": 1.0,
      "ci95_low": 0.9403030303030303,
      "ci95_high": 0.9848484848484849
    },
    "length_score": {
      "n": 12,
      "mean": 0.425,
      "median": 0.4666666666666667,
      "p95": 0.8116666666666665,
      "ci95_low": 0.25833333333333336,
      "ci95_high": 0.5861111111111111
    },
    "sentence_score": {
      "n": 12,
      "mean": 0.7958333333333334,
      "median": 0.65,
      "p95": 1.0,
      "ci95_low": 0.7083333333333334,
      "ci95_high": 0.8833333333333333
    },
    "overall_quality": {
      "n": 12,
      "mean": 0.29138366716301617,
      "median": 0.2712004002287022,
      "p95": 0.4719907575757577,