{
  "proposed_contextual_controlled": {
    "sample_count": 112,
    "context_relevance": {
      "n": 112,
      "mean": 0.2646565290953668,
      "median": 0.2296034816247582,
      "p95": 0.38620689655172413,
      "ci95_low": 0.2534161459085685,
      "ci95_high": 0.2764108901554999
    },
    "persona_consistency": {
      "n": 112,
      "mean": 0.35684311224489795,
      "median": 0.33333333333333337,
      "p95": 0.6571428571428571,
      "ci95_low": 0.3270286989795919,
      "ci95_high": 0.38620615433673466
    },
    "naturalness": {
      "n": 112,
      "mean": 0.9288358187150083,
      "median": 0.9404301075268817,
      "p95": 0.9717117117117117,
      "ci95_low": 0.9213449328902965,
      "ci95_high": 0.9361275728745877
    },
    "context_keyword_coverage": {
      "n": 112,
      "mean": 0.33407738095238093,
      "median": 0.3,
      "p95": 0.4749999999999995,
      "ci95_low": 0.320116341991342,
      "ci95_high": 0.34979775432900434
    },
    "context_overlap": {
      "n": 112,
      "mean": 0.1026745414290006,
      "median": 0.1,
      "p95": 0.14828973843058335,
      "ci95_low": 0.09750944221166985,
      "ci95_high": 0.10768922351239679
    },
    "persona_keyword_coverage": {
      "n": 112,
      "mean": 0.298937074829932,
      "median": 0.2857142857142857,
      "p95": 0.5714285714285714,
      "ci95_low": 0.27214710884353743,
      "ci95_high": 0.32776679421768706
    },
    "persona_style": {
      "n": 112,
      "mean": 0.5884672619047618,
      "median": 0.5,
      "p95": 1.0,
      "ci95_low": 0.5217224702380951,
      "ci95_high": 0.6540271577380952
    },
    "distinct1": {
      "n": 112,
      "mean": 0.9437413325018065,
      "median": 0.9393939393939394,
      "p95": 0.9696969696969697,
      "ci95_low": 0.940519552766963,
      "ci95_high": 0.9471281570341554
    },
    "length_score": {
      "n": 112,
      "mean": 0.7642857142857142,
      "median": 0.8,
      "p95": 0.9666666666666666,
      "ci95_low": 0.7267857142857144,
      "ci95_high": 0.7964285714285715
    },
    "sentence_score": {
      "n": 112,
      "mean": 0.9848214285714285,
      "median": 1.0,
      "p95": 1.0,
      "ci95_low": 0.9674107142857142,
      "ci95_high": 0.9968750000000001
    },
    "bertscore_f1": {
      "n": 112,
      "mean": 0.0870572874222749,
      "median": 0.06937037035822868,
      "p95": 0.1859956108033657,
      "ci95_low": 0.07820331392161149,
      "ci95_high": 0.09693175443306766
    },
    "overall_quality": {
      "n": 112,
      "mean": 0.39505496511179405,
      "median": 0.36906387065655866,
      "p95": 0.5147635331885382,
      "ci95_low": 0.38308075833424127,
      "ci95_high": 0.4076366450034597
    },
    "metrics": [
      "context_relevance",
      "persona_consistency",
      "naturalness",
      "context_keyword_coverage",
      "context_overlap",
      "persona_keyword_coverage",
      "persona_style",
      "distinct1",
      "length_score",
      "sentence_score",
      "bertscore_f1",
      "overall_quality"
    ]
  },
  "proposed_contextual": {
    "sample_count": 112,
    "context_relevance": {
      "n": 112,
      "mean": 0.051599027562671616,
      "median": 0.014634146341463414,
      "p95": 0.2251262993762993,
      "ci95_low": 0.03784094557362765,
      "ci95_high": 0.06820464956232011
    },
    "persona_consistency": {
      "n": 112,
      "mean": 0.14189229297488226,
      "median": 0.1,
      "p95": 0.4614285714285713,
      "ci95_low": 0.11724941539115645,
      "ci95_high": 0.16905653535452642
    },
    "naturalness": {
      "n": 112,
      "mean": 0.8130504817943339,
      "median": 0.7486363636363635,
      "p95": 0.9644102564102564,
      "ci95_low": 0.7982611703174608,
      "ci95_high": 0.8295657155768179
    },
    "context_keyword_coverage": {
      "n": 112,
      "mean": 0.054004329004329006,
      "median": 0.0,
      "p95": 0.2849999999999997,
      "ci95_low": 0.034927962662337664,
      "ci95_high": 0.0745708198051948
    },
    "context_overlap": {
      "n": 112,
      "mean": 0.04598665753213773,
      "median": 0.045643873654980904,
      "p95": 0.09975961538461531,
      "ci95_low": 0.040860291460091104,
      "ci95_high": 0.05166711363919687
    },
    "persona_keyword_coverage": {
      "n": 112,
      "mean": 0.054209183673469385,
      "median": 0.0,
      "p95": 0.46071428571428485,
      "ci95_low": 0.0274234693877551,
      "ci95_high": 0.08356186224489787
    },
    "persona_style": {
      "n": 112,
      "mean": 0.4926247301805337,
      "median": 0.5,
      "p95": 1.0,
      "ci95_low": 0.4284113612392072,
      "ci95_high": 0.561263352997449
    },
    "distinct1": {
      "n": 112,
      "mean": 0.9365648565595678,
      "median": 0.9090909090909091,
      "p95": 1.0,
      "ci95_low": 0.9250429841665315,
      "ci95_high": 0.9460924235122554
    },
    "length_score": {
      "n": 112,
      "mean": 0.325,
      "median": 0.09999999999999998,
      "p95": 0.9149999999999996,
      "ci95_low": 0.26964285714285713,
      "ci95_high": 0.38363839285714285
    },
    "sentence_score": {
      "n": 112,
      "mean": 0.74375,
      "median": 0.65,
      "p95": 1.0,
      "ci95_low": 0.7156250000000001,
      "ci95_high": 0.775
    },
    "bertscore_f1": {
      "n": 112,
      "mean": 0.05937488523600872,
      "median": 0.05103561282157898,
      "p95": 0.1765214905142784,
      "ci95_low": 0.04657156267161813,
      "ci95_high": 0.07223185057305921
    },
    "overall_quality": {
      "n": 112,
      "mean": 0.21429550582734064,
      "median": 0.1922360560528934,
      "p95": 0.3551229214769286,
      "ci95_low": 0.20034577563229092,
      "ci95_high": 0.2295906289117472
    },
    "metrics": [
      "context_relevance",
      "persona_consistency",
      "naturalness",
      "context_keyword_coverage",
      "context_overlap",
      "persona_keyword_coverage",
      "persona_style",
      "distinct1",
      "length_score",
      "sentence_score",
      "bertscore_f1",
      "overall_quality"
    ]
  },
  "candidate_no_context": {
    "sample_count": 112,
    "context_relevance": {
      "n": 112,
      "mean": 0.026660781301772424,
      "median": 0.014634146341463414,
      "p95": 0.08602097902097901,
      "ci95_low": 0.020463996844298955,
      "ci95_high": 0.033167224569556265
    },
    "persona_consistency": {
      "n": 112,
      "mean": 0.13791863756461714,
      "median": 0.1,
      "p95": 0.39452380952380883,
      "ci95_low": 0.11383490727372031,
      "ci95_high": 0.1641853745417292
    },
    "naturalness": {
      "n": 112,
      "mean": 0.8233978966519098,
      "median": 0.7486363636363635,
      "p95": 0.9866666666666666,
      "ci95_low": 0.8064578546674778,
      "ci95_high": 0.8414335722960702
    },
    "context_keyword_coverage": {
      "n": 112,
      "mean": 0.0200487012987013,
      "median": 0.0,
      "p95": 0.09090909090909091,
      "ci95_low": 0.012255140692640693,
      "ci95_high": 0.028641774891774874
    },
    "context_overlap": {
      "n": 112,
      "mean": 0.04208896797560505,
      "median": 0.04083333333333333,
      "p95": 0.07692307692307693,
      "ci95_low": 0.03860649465357945,
      "ci95_high": 0.045694045646375886
    },
    "persona_keyword_coverage": {
      "n": 112,
      "mean": 0.05017006802721088,
      "median": 0.0,
      "p95": 0.3333333333333333,
      "ci95_low": 0.025930059523809522,
      "ci95_high": 0.07908694727891154
    },
    "persona_style": {
      "n": 112,
      "mean": 0.48891291571424217,
      "median": 0.5,
      "p95": 1.0,
      "ci95_low": 0.42626958128907044,
      "ci95_high": 0.5545252784802944
    },
    "distinct1": {
      "n": 112,
      "mean": 0.9414188487726315,
      "median": 0.9090909090909091,
      "p95": 1.0,
      "ci95_low": 0.9338445247401561,
      "ci95_high": 0.9489642965512682
    },
    "length_score": {
      "n": 112,
      "mean": 0.35446428571428573,
      "median": 0.09999999999999998,
      "p95": 0.9666666666666666,