{
  "proposed_vs_candidate_no_context": {
    "context_relevance": {
      "target_mean": 0.07650544057265121,
      "baseline_mean": 0.020595701772672496,
      "absolute_delta": 0.055909738799978716,
      "relative_delta": 2.7146314030514276
    },
    "persona_consistency": {
      "target_mean": 0.13735565476190476,
      "baseline_mean": 0.15260119047619047,
      "absolute_delta": -0.015245535714285718,
      "relative_delta": -0.09990443499629445
    },
    "naturalness": {
      "target_mean": 0.7973378580806347,
      "baseline_mean": 0.7969461260723685,
      "absolute_delta": 0.00039173200826625454,
      "relative_delta": 0.0004915413921350594
    },
    "context_keyword_coverage": {
      "target_mean": 0.0843560606060606,
      "baseline_mean": 0.013257575757575756,
      "absolute_delta": 0.07109848484848484,
      "relative_delta": 5.362857142857143
    },
    "context_overlap": {
      "target_mean": 0.05818732716136264,
      "baseline_mean": 0.03771799580789822,
      "absolute_delta": 0.020469331353464425,
      "relative_delta": 0.5426940354338262
    },
    "persona_keyword_coverage": {
      "target_mean": 0.05178571428571428,
      "baseline_mean": 0.0680952380952381,
      "absolute_delta": -0.016309523809523815,
      "relative_delta": -0.2395104895104896
    },
    "persona_style": {
      "target_mean": 0.47963541666666665,
      "baseline_mean": 0.490625,
      "absolute_delta": -0.01098958333333333,
      "relative_delta": -0.022399150743099783
    },
    "distinct1": {
      "target_mean": 0.9325113118682535,
      "baseline_mean": 0.9318444818475881,
      "absolute_delta": 0.0006668300206654765,
      "relative_delta": 0.0007156022637418406
    },
    "length_score": {
      "target_mean": 0.24416666666666664,
      "baseline_mean": 0.25666666666666665,
      "absolute_delta": -0.012500000000000011,
      "relative_delta": -0.048701298701298745
    },
    "sentence_score": {
      "target_mean": 0.755,
      "baseline_mean": 0.72875,
      "absolute_delta": 0.026249999999999996,
      "relative_delta": 0.03602058319039451
    },
    "bertscore_f1": {
      "target_mean": 0.06275542450603097,
      "baseline_mean": 0.03176427859871182,
      "absolute_delta": 0.030991145907319148,
      "relative_delta": 0.9756603100873183
    },
    "overall_quality": {
      "target_mean": 0.2204268949155182,
      "baseline_mean": 0.19910841605061289,
      "absolute_delta": 0.021318478864905316,
      "relative_delta": 0.10706970246544581
    }
  },
  "proposed_vs_baseline_no_context": {
    "context_relevance": {
      "target_mean": 0.07650544057265121,
      "baseline_mean": 0.0399986426036674,
      "absolute_delta": 0.03650679796898381,
      "relative_delta": 0.9127009216466904
    },
    "persona_consistency": {
      "target_mean": 0.13735565476190476,
      "baseline_mean": 0.2051801242236025,
      "absolute_delta": -0.06782446946169773,
      "relative_delta": -0.33056062188452306
    },
    "naturalness": {
      "target_mean": 0.7973378580806347,
      "baseline_mean": 0.883372965040665,
      "absolute_delta": -0.08603510696003025,
      "relative_delta": -0.09739386461308529
    },
    "context_keyword_coverage": {
      "target_mean": 0.0843560606060606,
      "baseline_mean": 0.03848484848484849,
      "absolute_delta": 0.04587121212121211,
      "relative_delta": 1.1919291338582674
    },
    "context_overlap": {
      "target_mean": 0.05818732716136264,
      "baseline_mean": 0.043530828880911546,
      "absolute_delta": 0.014656498280451097,
      "relative_delta": 0.33669237772952293
    },
    "persona_keyword_coverage": {
      "target_mean": 0.05178571428571428,
      "baseline_mean": 0.11154761904761905,
      "absolute_delta": -0.059761904761904766,
      "relative_delta": -0.535752401280683
    },
    "persona_style": {
      "target_mean": 0.47963541666666665,
      "baseline_mean": 0.5797101449275363,
      "absolute_delta": -0.1000747282608696,
      "relative_delta": -0.17262890625000007
    },
    "distinct1": {
      "target_mean": 0.9325113118682535,
      "baseline_mean": 0.9796824126016623,
      "absolute_delta": -0.0471711007334088,
      "relative_delta": -0.0481493799691069
    },
    "length_score": {
      "target_mean": 0.24416666666666664,
      "baseline_mean": 0.5275000000000001,
      "absolute_delta": -0.28333333333333344,
      "relative_delta": -0.5371248025276463
    },
    "sentence_score": {
      "target_mean": 0.755,
      "baseline_mean": 0.86,
      "absolute_delta": -0.10499999999999998,
      "relative_delta": -0.12209302325581393
    },
    "bertscore_f1": {
      "target_mean": 0.06275542450603097,
      "baseline_mean": 0.05063311327685369,
      "absolute_delta": 0.012122311229177278,
      "relative_delta": 0.23941469217771455
    },
    "overall_quality": {
      "target_mean": 0.2204268949155182,
      "baseline_mean": 0.24113750245318383,
      "absolute_delta": -0.020710607537665626,
      "relative_delta": -0.08588712799530854
    }
  },
  "controlled_vs_proposed_raw": {
    "context_relevance": {
      "target_mean": 0.2910081738975235,
      "baseline_mean": 0.07650544057265121,
      "absolute_delta": 0.21450273332487227,
      "relative_delta": 2.803757899036943
    },
    "persona_consistency": {
      "target_mean": 0.35358333333333336,
      "baseline_mean": 0.13735565476190476,
      "absolute_delta": 0.2162276785714286,
      "relative_delta": 1.5742175227240722
    },
    "naturalness": {
      "target_mean": 0.882580895058472,
      "baseline_mean": 0.7973378580806347,
      "absolute_delta": 0.0852430369778373,
      "relative_delta": 0.10690955673801292
    },
    "context_keyword_coverage": {
      "target_mean": 0.3656060606060606,
      "baseline_mean": 0.0843560606060606,
      "absolute_delta": 0.28125,
      "relative_delta": 3.334081724292771
    },
    "context_overlap": {
      "target_mean": 0.11694643824427017,
      "baseline_mean": 0.05818732716136264,
      "absolute_delta": 0.05875911108290753,
      "relative_delta": 1.0098266057136331
    },
    "persona_keyword_coverage": {
      "target_mean": 0.2966666666666667,
      "baseline_mean": 0.05178571428571428,
      "absolute_delta": 0.24488095238095242,
      "relative_delta": 4.728735632183909
    },
    "persona_style": {
      "target_mean": 0.58125,
      "baseline_mean": 0.47963541666666665,
      "absolute_delta": 0.1016145833333334,
      "relative_delta": 0.21185796503420581
    },
    "distinct1": {
      "target_mean": 0.9363678925566576,
      "baseline_mean": 0.9325113118682535,
      "absolute_delta": 0.00385658068840411,
      "relative_delta": 0.00413569319676947
    },
    "length_score": {
      "target_mean": 0.5725,
      "baseline_mean": 0.24416666666666664,
      "absolute_delta": 0.32833333333333337,
      "relative_delta": 1.3447098976109217
    },
    "sentence_score": {
      "target_mean": 0.93875,
      "baseline_mean": 0.755,
      "absolute_delta": 0.18374999999999997,
      "relative_delta": 0.24337748344370858
    },
    "bertscore_f1": {
      "target_mean": 0.08616008606040851,
      "baseline_mean": 0.06275542450603097,
      "absolute_delta": 0.023404661554377537,
      "relative_delta": 0.37295041406545315
    },
    "overall_quality": {
      "target_mean": 0.3960555417888492,
      "baseline_mean": 0.2204268949155182,
      "absolute_delta": 0.17562864687333102,
      "relative_delta": 0.796765961524991
    }
  },
  "controlled_vs_candidate_no_context": {
    "context_relevance": {
      "target_mean": 0.2910081738975235,
      "baseline_mean": 0.020595701772672496,
      "absolute_delta": 0.270412472124851,
      "relative_delta": 13.129558541367551
    },
    "persona_consistency": {
      "target_mean": 0.35358333333333336,
      "baseline_mean": 0.15260119047619047,
      "absolute_delta": 0.2009821428571429,
      "relative_delta": 1.317041775558763
    },
    "naturalness": {
      "target_mean": 0.882580895058472,