{
  "proposed_contextual_controlled": {
    "sample_count": 24,
    "context_relevance": {
      "n": 24,
      "mean": 0.267035841663274,
      "median": 0.2368874284669053,
      "p95": 0.475462201171835,
      "ci95_low": 0.22773101980502564,
      "ci95_high": 0.30955926437251213
    },
    "persona_consistency": {
      "n": 24,
      "mean": 0.3491706105256311,
      "median": 0.3156128024980484,
      "p95": 0.7429017857142854,
      "ci95_low": 0.29313005891393445,
      "ci95_high": 0.4159154276037602
    },
    "naturalness": {
      "n": 24,
      "mean": 0.891675212765458,
      "median": 0.9019999999999999,
      "p95": 0.9712406692406692,
      "ci95_low": 0.8685547719783657,
      "ci95_high": 0.9143768845516351
    },
    "context_keyword_coverage": {
      "n": 24,
      "mean": 0.3351010101010101,
      "median": 0.2863636363636364,
      "p95": 0.6227272727272726,
      "ci95_low": 0.28193497474747475,
      "ci95_high": 0.3895328282828282
    },
    "context_overlap": {
      "n": 24,
      "mean": 0.10821711530855643,
      "median": 0.10657596371882086,
      "p95": 0.18020176544766708,
      "ci95_low": 0.09172740759649238,
      "ci95_high": 0.12557750318708047
    },
    "persona_keyword_coverage": {
      "n": 24,
      "mean": 0.285515873015873,
      "median": 0.2,
      "p95": 0.6821428571428567,
      "ci95_low": 0.22518353174603173,
      "ci95_high": 0.35298115079365083
    },
    "persona_style": {
      "n": 24,
      "mean": 0.603789560564663,
      "median": 0.5,
      "p95": 1.0,
      "ci95_low": 0.4861111111111111,
      "ci95_high": 0.7275783740323313
    },
    "distinct1": {
      "n": 24,
      "mean": 0.9526255319136454,
      "median": 0.9444015444015443,
      "p95": 1.0,
      "ci95_low": 0.9400726194949486,
      "ci95_high": 0.9656771709331198
    },
    "length_score": {
      "n": 24,
      "mean": 0.6041666666666666,
      "median": 0.6166666666666667,
      "p95": 0.9283333333333332,
      "ci95_low": 0.5055555555555555,
      "ci95_high": 0.7027777777777778
    },
    "sentence_score": {
      "n": 24,
      "mean": 0.8979166666666667,
      "median": 1.0,
      "p95": 1.0,
      "ci95_low": 0.8392187499999999,
      "ci95_high": 0.9562499999999999
    },
    "overall_quality": {
      "n": 24,
      "mean": 0.42315816189859284,
      "median": 0.40034565204711897,
      "p95": 0.5422093111403906,
      "ci95_low": 0.3956844971341907,
      "ci95_high": 0.455515545392022
    },
    "metrics": [
      "context_relevance",
      "persona_consistency",
      "naturalness",
      "context_keyword_coverage",
      "context_overlap",
      "persona_keyword_coverage",
      "persona_style",
      "distinct1",
      "length_score",
      "sentence_score",
      "overall_quality"
    ]
  },
  "proposed_contextual_controlled_alt": {
    "sample_count": 24,
    "context_relevance": {
      "n": 24,
      "mean": 0.29672841014660867,
      "median": 0.27770007770007765,
      "p95": 0.4327224371373307,
      "ci95_low": 0.259623397994224,
      "ci95_high": 0.33358735509082316
    },
    "persona_consistency": {
      "n": 24,
      "mean": 0.3345039682539683,
      "median": 0.2633333333333333,
      "p95": 0.5671428571428572,
      "ci95_low": 0.2816046626984127,
      "ci95_high": 0.3906969246031746
    },
    "naturalness": {
      "n": 24,
      "mean": 0.8746893222899034,
      "median": 0.8934921230307578,
      "p95": 0.9413939393939394,
      "ci95_low": 0.8504065927290925,
      "ci95_high": 0.8980426578242257
    },
    "context_keyword_coverage": {
      "n": 24,
      "mean": 0.37140151515151515,
      "median": 0.3484848484848485,
      "p95": 0.5454545454545454,
      "ci95_low": 0.322282196969697,
      "ci95_high": 0.42109217171717167
    },
    "context_overlap": {
      "n": 24,
      "mean": 0.12249116513516034,
      "median": 0.11278195488721804,
      "p95": 0.17006546644844517,
      "ci95_low": 0.10256786065106945,
      "ci95_high": 0.14693398865525537
    },
    "persona_keyword_coverage": {
      "n": 24,
      "mean": 0.264484126984127,
      "median": 0.16666666666666666,
      "p95": 0.5714285714285714,
      "ci95_low": 0.20257440476190472,
      "ci95_high": 0.3394890873015872
    },
    "persona_style": {
      "n": 24,
      "mean": 0.6145833333333334,
      "median": 0.5,
      "p95": 1.0,
      "ci95_low": 0.5,
      "ci95_high": 0.7222222222222222
    },
    "distinct1": {
      "n": 24,
      "mean": 0.9414108057247584,
      "median": 0.9354838709677419,
      "p95": 1.0,
      "ci95_low": 0.9268898632965539,
      "ci95_high": 0.9558352194175577
    },
    "length_score": {
      "n": 24,
      "mean": 0.5416666666666666,
      "median": 0.6166666666666667,
      "p95": 0.8333333333333334,
      "ci95_low": 0.4152430555555556,
      "ci95_high": 0.6583333333333333
    },
    "sentence_score": {
      "n": 24,
      "mean": 0.8979166666666667,
      "median": 1.0,
      "p95": 1.0,
      "ci95_low": 0.8250000000000001,
      "ci95_high": 0.9562499999999999
    },
    "overall_quality": {
      "n": 24,
      "mean": 0.42769245141811923,
      "median": 0.4043013594307669,
      "p95": 0.5595662337662337,
      "ci95_low": 0.40077798373461293,
      "ci95_high": 0.4567692367985817
    },
    "metrics": [
      "context_relevance",
      "persona_consistency",
      "naturalness",
      "context_keyword_coverage",
      "context_overlap",
      "persona_keyword_coverage",
      "persona_style",
      "distinct1",
      "length_score",
      "sentence_score",
      "overall_quality"
    ]
  },
  "proposed_contextual": {
    "sample_count": 24,
    "context_relevance": {
      "n": 24,
      "mean": 0.10985570790398565,
      "median": 0.07283111033111032,
      "p95": 0.3286363636363635,
      "ci95_low": 0.066574997019822,
      "ci95_high": 0.15552233870534574
    },
    "persona_consistency": {
      "n": 24,
      "mean": 0.14615315068107623,
      "median": 0.1,
      "p95": 0.30214285714285694,
      "ci95_low": 0.10547794197835754,
      "ci95_high": 0.19362013026989758
    },
    "naturalness": {
      "n": 24,
      "mean": 0.8330322485719434,
      "median": 0.825,
      "p95": 0.9737719298245614,
      "ci95_low": 0.7979475170118551,
      "ci95_high": 0.8685708549661224
    },
    "context_keyword_coverage": {
      "n": 24,
      "mean": 0.13036616161616163,
      "median": 0.08712121212121213,
      "p95": 0.4409090909090907,
      "ci95_low": 0.07354797979797979,
      "ci95_high": 0.19507575757575757
    },
    "context_overlap": {
      "n": 24,
      "mean": 0.061997982575575115,
      "median": 0.052289815447710185,
      "p95": 0.12700378898280382,
      "ci95_low": 0.0488474052733116,
      "ci95_high": 0.07645221647775702
    },
    "persona_keyword_coverage": {
      "n": 24,
      "mean": 0.05059523809523809,
      "median": 0.0,
      "p95": 0.16666666666666666,
      "ci95_low": 0.011904761904761904,
      "ci95_high": 0.10815972222222207
    },
    "persona_style": {
      "n": 24,
      "mean": 0.5283848010244286,
      "median": 0.5,
      "p95": 1.0,
      "ci95_low": 0.4114583333333333,
      "ci95_high": 0.6478891166765169
    },
    "distinct1": {
      "n": 24,
      "mean": 0.9454278436520807,
      "median": 0.9438025210084033,
      "p95": 1.0,
      "ci95_low": 0.9313003469430036,
      "ci95_high": 0.9609929792823562
    },
    "length_score": {
      "n": 24,
      "mean": 0.3763888888888889,
      "median": 0.3,
      "p95": 0.9366666666666663,
      "ci95_low": 0.26385416666666667,
      "ci95_high": 0.49725694444444424
    },
    "sentence_score": {
      "n": 24,
      "mean": 0.7958333333333334,
      "median": 0.65,
      "p95": 1.0,
      "ci95_low": 0.7229166666666668,
      "ci95_high": 0.86875
    },
    "overall_quality": {
      "n": 24,
      "mean": 0.26346545697915363,
      "median": 0.24047035565546207,
      "p95": 0.40525139822979117,
      "ci95_low": 0.2266220380107185,