{
  "proposed_contextual_controlled": {
    "sample_count": 40,
    "context_relevance": {
      "n": 40,
      "mean": 0.2798954134416709,
      "median": 0.252293329160799,
      "p95": 0.4406756150353711,
      "ci95_low": 0.2556101575977259,
      "ci95_high": 0.3070921660510938
    },
    "persona_consistency": {
      "n": 40,
      "mean": 0.3102142857142857,
      "median": 0.305952380952381,
      "p95": 0.5485714285714284,
      "ci95_low": 0.26121279761904764,
      "ci95_high": 0.35923125
    },
    "naturalness": {
      "n": 40,
      "mean": 0.9054291022304973,
      "median": 0.9326515151515151,
      "p95": 0.9717117117117117,
      "ci95_low": 0.8813460282596828,
      "ci95_high": 0.9268770993779354
    },
    "context_keyword_coverage": {
      "n": 40,
      "mean": 0.35132575757575757,
      "median": 0.31666666666666665,
      "p95": 0.5473484848484848,
      "ci95_low": 0.31821401515151515,
      "ci95_high": 0.38883238636363626
    },
    "context_overlap": {
      "n": 40,
      "mean": 0.11322461046213547,
      "median": 0.1111111111111111,
      "p95": 0.1669047619047619,
      "ci95_low": 0.10523563983445633,
      "ci95_high": 0.12162060242845851
    },
    "persona_keyword_coverage": {
      "n": 40,
      "mean": 0.24297619047619046,
      "median": 0.2,
      "p95": 0.5714285714285714,
      "ci95_low": 0.19320833333333334,
      "ci95_high": 0.2965505952380952
    },
    "persona_style": {
      "n": 40,
      "mean": 0.5791666666666667,
      "median": 0.5,
      "p95": 1.0,
      "ci95_low": 0.48125,
      "ci95_high": 0.6791666666666667
    },
    "distinct1": {
      "n": 40,
      "mean": 0.9331977555762432,
      "median": 0.9393939393939394,
      "p95": 0.9697415329768272,
      "ci95_low": 0.9250931523843086,
      "ci95_high": 0.9399199045158723
    },
    "length_score": {
      "n": 40,
      "mean": 0.6875,
      "median": 0.8333333333333334,
      "p95": 0.9683333333333333,
      "ci95_low": 0.5925,
      "ci95_high": 0.7775208333333332
    },
    "sentence_score": {
      "n": 40,
      "mean": 0.9475,
      "median": 1.0,
      "p95": 1.0,
      "ci95_low": 0.9037499999999999,
      "ci95_high": 0.9824999999999999
    },
    "bertscore_f1": {
      "n": 40,
      "mean": 0.09069111860153498,
      "median": 0.08388885483145714,
      "p95": 0.18066778630018232,
      "ci95_low": 0.07589559168340201,
      "ci95_high": 0.10702033899171508
    },
    "overall_quality": {
      "n": 40,
      "mean": 0.38184152393890225,
      "median": 0.38493821775224346,
      "p95": 0.47160930994129385,
      "ci95_low": 0.3635086718276892,
      "ci95_high": 0.40143498558771396
    },
    "metrics": [
      "context_relevance",
      "persona_consistency",
      "naturalness",
      "context_keyword_coverage",
      "context_overlap",
      "persona_keyword_coverage",
      "persona_style",
      "distinct1",
      "length_score",
      "sentence_score",
      "bertscore_f1",
      "overall_quality"
    ]
  },
  "proposed_contextual": {
    "sample_count": 40,
    "context_relevance": {
      "n": 40,
      "mean": 0.06858894653436609,
      "median": 0.014634146341463414,
      "p95": 0.25467261904761884,
      "ci95_low": 0.04269844896706659,
      "ci95_high": 0.09795962796510786
    },
    "persona_consistency": {
      "n": 40,
      "mean": 0.1391889880952381,
      "median": 0.1,
      "p95": 0.4744047619047615,
      "ci95_low": 0.09864322916666668,
      "ci95_high": 0.19053627232142847
    },
    "naturalness": {
      "n": 40,
      "mean": 0.7870305560230545,
      "median": 0.7486363636363635,
      "p95": 0.9548181818181819,
      "ci95_low": 0.7661888319479064,
      "ci95_high": 0.8096091991353932
    },
    "context_keyword_coverage": {
      "n": 40,
      "mean": 0.07625,
      "median": 0.0,
      "p95": 0.33749999999999974,
      "ci95_low": 0.03768939393939394,
      "ci95_high": 0.11753787878787877
    },
    "context_overlap": {
      "n": 40,
      "mean": 0.05071315511455367,
      "median": 0.04878048780487805,
      "p95": 0.09448375262054506,
      "ci95_low": 0.04299277597604576,
      "ci95_high": 0.05888225156857715
    },
    "persona_keyword_coverage": {
      "n": 40,
      "mean": 0.05178571428571428,
      "median": 0.0,
      "p95": 0.3523809523809513,
      "ci95_low": 0.004166666666666667,
      "ci95_high": 0.10892857142857142
    },
    "persona_style": {
      "n": 40,
      "mean": 0.4888020833333333,
      "median": 0.5,
      "p95": 1.0,
      "ci95_low": 0.39375,
      "ci95_high": 0.5830989583333333
    },
    "distinct1": {
      "n": 40,
      "mean": 0.9263897958547377,
      "median": 0.9090909090909091,
      "p95": 1.0,
      "ci95_low": 0.9159770511824821,
      "ci95_high": 0.9374507846375573
    },
    "length_score": {
      "n": 40,
      "mean": 0.21416666666666667,
      "median": 0.09999999999999998,
      "p95": 0.835,
      "ci95_low": 0.14164583333333333,
      "ci95_high": 0.30083333333333334
    },
    "sentence_score": {
      "n": 40,
      "mean": 0.7375,
      "median": 0.65,
      "p95": 1.0,
      "ci95_low": 0.69375,
      "ci95_high": 0.79
    },
    "bertscore_f1": {
      "n": 40,
      "mean": 0.06168428438249975,
      "median": 0.04818736016750336,
      "p95": 0.17440573349595068,
      "ci95_low": 0.045341996553470376,
      "ci95_high": 0.07960547393187879
    },
    "overall_quality": {
      "n": 40,
      "mean": 0.2159146106703596,
      "median": 0.17249818747142728,
      "p95": 0.379659231328585,
      "ci95_low": 0.19289376234978042,
      "ci95_high": 0.24125632099627195
    },
    "metrics": [
      "context_relevance",
      "persona_consistency",
      "naturalness",
      "context_keyword_coverage",
      "context_overlap",
      "persona_keyword_coverage",
      "persona_style",
      "distinct1",
      "length_score",
      "sentence_score",
      "bertscore_f1",
      "overall_quality"
    ]
  },
  "candidate_no_context": {
    "sample_count": 40,
    "context_relevance": {
      "n": 40,
      "mean": 0.026507999834976776,
      "median": 0.014285714285714284,
      "p95": 0.09157767548906774,
      "ci95_low": 0.016848483703463604,
      "ci95_high": 0.038723500807278544
    },
    "persona_consistency": {
      "n": 40,
      "mean": 0.15193898809523812,
      "median": 0.1,
      "p95": 0.43249999999999983,
      "ci95_low": 0.11005037202380955,
      "ci95_high": 0.20150435267857136
    },
    "naturalness": {
      "n": 40,
      "mean": 0.7895425868576479,
      "median": 0.7486363636363635,
      "p95": 0.9447676767676768,
      "ci95_low": 0.769927568615547,
      "ci95_high": 0.8124169929525139
    },
    "context_keyword_coverage": {
      "n": 40,
      "mean": 0.020909090909090912,
      "median": 0.0,
      "p95": 0.09545454545454521,
      "ci95_low": 0.006818181818181818,
      "ci95_high": 0.037727272727272734
    },
    "context_overlap": {
      "n": 40,
      "mean": 0.039572120662043804,
      "median": 0.032876959106467304,
      "p95": 0.06248812915479578,
      "ci95_low": 0.0349311279982444,
      "ci95_high": 0.04460804798908216
    },
    "persona_keyword_coverage": {
      "n": 40,
      "mean": 0.07369047619047618,
      "median": 0.0,
      "p95": 0.40857142857142814,
      "ci95_low": 0.027845238095238097,
      "ci95_high": 0.13024999999999992
    },
    "persona_style": {
      "n": 40,
      "mean": 0.46493303571428574,
      "median": 0.5,
      "p95": 1.0,
      "ci95_low": 0.37633556547619046,
      "ci95_high": 0.5557379092261905
    },
    "distinct1": {
      "n": 40,
      "mean": 0.9283356338107864,
      "median": 0.9090909090909091,
      "p95": 1.0,
      "ci95_low": 0.9190405895186197,
      "ci95_high": 0.9387692532246941
    },
    "length_score": {
      "n": 40,
      "mean": 0.22166666666666668,
      "median": 0.09999999999999998,
      "p95": 0.7683333333333332,
      "ci95_low": 0.1516458333333333,
      "ci95_high": 0.3
    },