{
  "proposed_vs_candidate_no_context": {
    "context_relevance": {
      "target_mean": 0.0876383381557217,
      "baseline_mean": 0.02267282703993962,
      "absolute_delta": 0.06496551111578208,
      "relative_delta": 2.865346743100947
    },
    "persona_consistency": {
      "target_mean": 0.19743303571428572,
      "baseline_mean": 0.2175595238095238,
      "absolute_delta": -0.020126488095238093,
      "relative_delta": -0.09251025991792064
    },
    "naturalness": {
      "target_mean": 0.8339648183284752,
      "baseline_mean": 0.8603134753483249,
      "absolute_delta": -0.026348657019849675,
      "relative_delta": -0.03062680961632223
    },
    "context_keyword_coverage": {
      "target_mean": 0.10227272727272727,
      "baseline_mean": 0.017045454545454544,
      "absolute_delta": 0.08522727272727272,
      "relative_delta": 5.0
    },
    "context_overlap": {
      "target_mean": 0.05349143021604205,
      "baseline_mean": 0.0358033628604048,
      "absolute_delta": 0.01768806735563725,
      "relative_delta": 0.49403368685232113
    },
    "persona_keyword_coverage": {
      "target_mean": 0.10714285714285714,
      "baseline_mean": 0.12351190476190475,
      "absolute_delta": -0.016369047619047616,
      "relative_delta": -0.1325301204819277
    },
    "persona_style": {
      "target_mean": 0.55859375,
      "baseline_mean": 0.59375,
      "absolute_delta": -0.03515625,
      "relative_delta": -0.05921052631578947
    },
    "distinct1": {
      "target_mean": 0.9442870458211883,
      "baseline_mean": 0.954950355037479,
      "absolute_delta": -0.010663309216290773,
      "relative_delta": -0.011166349287206945
    },
    "length_score": {
      "target_mean": 0.36874999999999997,
      "baseline_mean": 0.4791666666666667,
      "absolute_delta": -0.11041666666666672,
      "relative_delta": -0.23043478260869577
    },
    "sentence_score": {
      "target_mean": 0.825,
      "baseline_mean": 0.825,
      "absolute_delta": 0.0,
      "relative_delta": 0.0
    },
    "overall_quality": {
      "target_mean": 0.27218306572643025,
      "baseline_mean": 0.2542671205962511,
      "absolute_delta": 0.017915945130179134,
      "relative_delta": 0.0704611162000286
    }
  },
  "controlled_vs_proposed_raw": {
    "context_relevance": {
      "target_mean": 0.24231171107772345,
      "baseline_mean": 0.0876383381557217,
      "absolute_delta": 0.15467337292200176,
      "relative_delta": 1.7649053619338115
    },
    "persona_consistency": {
      "target_mean": 0.4063058035714286,
      "baseline_mean": 0.19743303571428572,
      "absolute_delta": 0.20887276785714287,
      "relative_delta": 1.0579423403052572
    },
    "naturalness": {
      "target_mean": 0.9096893257545726,
      "baseline_mean": 0.8339648183284752,
      "absolute_delta": 0.07572450742609738,
      "relative_delta": 0.09080060185017497
    },
    "context_keyword_coverage": {
      "target_mean": 0.3034090909090909,
      "baseline_mean": 0.10227272727272727,
      "absolute_delta": 0.20113636363636364,
      "relative_delta": 1.9666666666666668
    },
    "context_overlap": {
      "target_mean": 0.09975115813786613,
      "baseline_mean": 0.05349143021604205,
      "absolute_delta": 0.046259727921824076,
      "relative_delta": 0.8648063387908967
    },
    "persona_keyword_coverage": {
      "target_mean": 0.3482142857142857,
      "baseline_mean": 0.10714285714285714,
      "absolute_delta": 0.24107142857142855,
      "relative_delta": 2.25
    },
    "persona_style": {
      "target_mean": 0.638671875,
      "baseline_mean": 0.55859375,
      "absolute_delta": 0.080078125,
      "relative_delta": 0.14335664335664336
    },
    "distinct1": {
      "target_mean": 0.9367233143864314,
      "baseline_mean": 0.9442870458211883,
      "absolute_delta": -0.00756373143475686,
      "relative_delta": -0.008009991737395009
    },
    "length_score": {
      "target_mean": 0.675,
      "baseline_mean": 0.36874999999999997,
      "absolute_delta": 0.3062500000000001,
      "relative_delta": 0.8305084745762715
    },
    "sentence_score": {
      "target_mean": 1.0,
      "baseline_mean": 0.825,
      "absolute_delta": 0.17500000000000004,
      "relative_delta": 0.21212121212121218
    },
    "overall_quality": {
      "target_mean": 0.43622740662590803,
      "baseline_mean": 0.27218306572643025,
      "absolute_delta": 0.16404434089947778,
      "relative_delta": 0.6026985568027875
    }
  },
  "controlled_vs_candidate_no_context": {
    "context_relevance": {
      "target_mean": 0.24231171107772345,
      "baseline_mean": 0.02267282703993962,
      "absolute_delta": 0.21963888403778384,
      "relative_delta": 9.687317935733203
    },
    "persona_consistency": {
      "target_mean": 0.4063058035714286,
      "baseline_mean": 0.2175595238095238,
      "absolute_delta": 0.18874627976190478,
      "relative_delta": 0.867561559507524
    },
    "naturalness": {
      "target_mean": 0.9096893257545726,
      "baseline_mean": 0.8603134753483249,
      "absolute_delta": 0.0493758504062477,
      "relative_delta": 0.05739285948793995
    },
    "context_keyword_coverage": {
      "target_mean": 0.3034090909090909,
      "baseline_mean": 0.017045454545454544,
      "absolute_delta": 0.2863636363636364,
      "relative_delta": 16.8
    },
    "context_overlap": {
      "target_mean": 0.09975115813786613,
      "baseline_mean": 0.0358033628604048,
      "absolute_delta": 0.06394779527746133,
      "relative_delta": 1.7860834896093423
    },
    "persona_keyword_coverage": {
      "target_mean": 0.3482142857142857,
      "baseline_mean": 0.12351190476190475,
      "absolute_delta": 0.22470238095238093,
      "relative_delta": 1.819277108433735
    },
    "persona_style": {
      "target_mean": 0.638671875,
      "baseline_mean": 0.59375,
      "absolute_delta": 0.044921875,
      "relative_delta": 0.0756578947368421
    },
    "distinct1": {
      "target_mean": 0.9367233143864314,
      "baseline_mean": 0.954950355037479,
      "absolute_delta": -0.018227040651047632,
      "relative_delta": -0.019086898659074557
    },
    "length_score": {
      "target_mean": 0.675,
      "baseline_mean": 0.4791666666666667,
      "absolute_delta": 0.19583333333333336,
      "relative_delta": 0.40869565217391307
    },
    "sentence_score": {
      "target_mean": 1.0,
      "baseline_mean": 0.825,
      "absolute_delta": 0.17500000000000004,
      "relative_delta": 0.21212121212121218
    },
    "overall_quality": {
      "target_mean": 0.43622740662590803,
      "baseline_mean": 0.2542671205962511,
      "absolute_delta": 0.18196028602965691,
      "relative_delta": 0.7156264860472868
    }
  },
  "controlled_alt_vs_controlled_default": {
    "context_relevance": {
      "target_mean": 0.23788575310063265,
      "baseline_mean": 0.24231171107772345,
      "absolute_delta": -0.004425957977090805,
      "relative_delta": -0.01826555537660804
    },
    "persona_consistency": {
      "target_mean": 0.35958333333333337,
      "baseline_mean": 0.4063058035714286,
      "absolute_delta": -0.046722470238095226,
      "relative_delta": -0.11499336171771274
    },
    "naturalness": {
      "target_mean": 0.909642644766059,
      "baseline_mean": 0.9096893257545726,
      "absolute_delta": -4.668098851356994e-05,
      "relative_delta": -5.1315308635559525e-05
    },
    "context_keyword_coverage": {
      "target_mean": 0.29772727272727273,
      "baseline_mean": 0.3034090909090909,
      "absolute_delta": -0.005681818181818177,
      "relative_delta": -0.01872659176029961
    },
    "context_overlap": {
      "target_mean": 0.09825554063847255,
      "baseline_mean": 0.09975115813786613,
      "absolute_delta": -0.0014956174993935728,
      "relative_delta": -0.014993485061361183
    },
    "persona_keyword_coverage": {
      "target_mean": 0.28541666666666665,
      "baseline_mean": 0.3482142857142857,
      "absolute_delta": -0.06279761904761905,