{
  "proposed_contextual_controlled": {
    "sample_count": 16,
    "context_relevance": {
      "n": 16,
      "mean": 0.24231171107772345,
      "median": 0.22188843801102293,
      "p95": 0.45227272727272727,
      "ci95_low": 0.19635427917069684,
      "ci95_high": 0.3024420316477545
    },
    "persona_consistency": {
      "n": 16,
      "mean": 0.4063058035714286,
      "median": 0.33333333333333337,
      "p95": 0.6992857142857143,
      "ci95_low": 0.3103200334821429,
      "ci95_high": 0.5018720238095239
    },
    "naturalness": {
      "n": 16,
      "mean": 0.9096893257545726,
      "median": 0.9312634408602151,
      "p95": 0.9561111111111111,
      "ci95_low": 0.8795885886131232,
      "ci95_high": 0.9349597418436003
    },
    "context_keyword_coverage": {
      "n": 16,
      "mean": 0.3034090909090909,
      "median": 0.2727272727272727,
      "p95": 0.5909090909090908,
      "ci95_low": 0.23977272727272725,
      "ci95_high": 0.3761363636363636
    },
    "context_overlap": {
      "n": 16,
      "mean": 0.09975115813786613,
      "median": 0.10326449033977347,
      "p95": 0.14485213581599127,
      "ci95_low": 0.08395727465864501,
      "ci95_high": 0.11551733666017289
    },
    "persona_keyword_coverage": {
      "n": 16,
      "mean": 0.3482142857142857,
      "median": 0.18333333333333335,
      "p95": 0.8142857142857144,
      "ci95_low": 0.21634672619047618,
      "ci95_high": 0.49137648809523804
    },
    "persona_style": {
      "n": 16,
      "mean": 0.638671875,
      "median": 0.5,
      "p95": 1.0,
      "ci95_low": 0.453125,
      "ci95_high": 0.810546875
    },
    "distinct1": {
      "n": 16,
      "mean": 0.9367233143864314,
      "median": 0.9375,
      "p95": 0.9711768219832736,
      "ci95_low": 0.9257279785419661,
      "ci95_high": 0.9470426426698144
    },
    "length_score": {
      "n": 16,
      "mean": 0.675,
      "median": 0.7666666666666666,
      "p95": 0.9333333333333333,
      "ci95_low": 0.5375,
      "ci95_high": 0.79375
    },
    "sentence_score": {
      "n": 16,
      "mean": 1.0,
      "median": 1.0,
      "p95": 1.0,
      "ci95_low": 1.0,
      "ci95_high": 1.0
    },
    "overall_quality": {
      "n": 16,
      "mean": 0.43622740662590803,
      "median": 0.4129105736100103,
      "p95": 0.5581084550969838,
      "ci95_low": 0.3953768269969059,
      "ci95_high": 0.4746087541894298
    },
    "metrics": [
      "context_relevance",
      "persona_consistency",
      "naturalness",
      "context_keyword_coverage",
      "context_overlap",
      "persona_keyword_coverage",
      "persona_style",
      "distinct1",
      "length_score",
      "sentence_score",
      "overall_quality"
    ]
  },
  "proposed_contextual_controlled_tuned": {
    "sample_count": 16,
    "context_relevance": {
      "n": 16,
      "mean": 0.23788575310063265,
      "median": 0.2187728679988742,
      "p95": 0.43259569377990426,
      "ci95_low": 0.18801181443065582,
      "ci95_high": 0.29156892356854713
    },
    "persona_consistency": {
      "n": 16,
      "mean": 0.35958333333333337,
      "median": 0.3238095238095238,
      "p95": 0.6660714285714286,
      "ci95_low": 0.27471800595238094,
      "ci95_high": 0.44900744047619046
    },
    "naturalness": {
      "n": 16,
      "mean": 0.909642644766059,
      "median": 0.9175000000000001,
      "p95": 0.9591343669250647,
      "ci95_low": 0.8905798495777782,
      "ci95_high": 0.9279262109507114
    },
    "context_keyword_coverage": {
      "n": 16,
      "mean": 0.29772727272727273,
      "median": 0.2727272727272727,
      "p95": 0.5681818181818181,
      "ci95_low": 0.22954545454545455,
      "ci95_high": 0.3715909090909091
    },
    "context_overlap": {
      "n": 16,
      "mean": 0.09825554063847255,
      "median": 0.09287925696594426,
      "p95": 0.1463032581453634,
      "ci95_low": 0.08477594510611651,
      "ci95_high": 0.11459808555253492
    },
    "persona_keyword_coverage": {
      "n": 16,
      "mean": 0.28541666666666665,
      "median": 0.16666666666666666,
      "p95": 0.7857142857142857,
      "ci95_low": 0.17021577380952382,
      "ci95_high": 0.4330505952380951
    },
    "persona_style": {
      "n": 16,
      "mean": 0.65625,
      "median": 0.5,
      "p95": 1.0,
      "ci95_low": 0.484375,
      "ci95_high": 0.8125
    },
    "distinct1": {
      "n": 16,
      "mean": 0.9498878619151477,
      "median": 0.9419191919191919,
      "p95": 1.0,
      "ci95_low": 0.9361336733412293,
      "ci95_high": 0.9645430016506257
    },
    "length_score": {
      "n": 16,
      "mean": 0.68125,
      "median": 0.7833333333333333,
      "p95": 0.9333333333333333,
      "ci95_low": 0.5666666666666667,
      "ci95_high": 0.7813020833333331
    },
    "sentence_score": {
      "n": 16,
      "mean": 0.934375,
      "median": 1.0,
      "p95": 1.0,
      "ci95_low": 0.86875,
      "ci95_high": 1.0
    },
    "overall_quality": {
      "n": 16,
      "mean": 0.4163855818876215,
      "median": 0.3922300434415829,
      "p95": 0.5989811894454753,
      "ci95_low": 0.37567146358883596,
      "ci95_high": 0.4652070368730779
    },
    "metrics": [
      "context_relevance",
      "persona_consistency",
      "naturalness",
      "context_keyword_coverage",
      "context_overlap",
      "persona_keyword_coverage",
      "persona_style",
      "distinct1",
      "length_score",
      "sentence_score",
      "overall_quality"
    ]
  },
  "proposed_contextual": {
    "sample_count": 16,
    "context_relevance": {
      "n": 16,
      "mean": 0.0876383381557217,
      "median": 0.01714285714285714,
      "p95": 0.2785714285714286,
      "ci95_low": 0.03697131436827469,
      "ci95_high": 0.15312716224836656
    },
    "persona_consistency": {
      "n": 16,
      "mean": 0.19743303571428572,
      "median": 0.125,
      "p95": 0.5232142857142857,
      "ci95_low": 0.13129603794642858,
      "ci95_high": 0.27083007812499993
    },
    "naturalness": {
      "n": 16,
      "mean": 0.8339648183284752,
      "median": 0.8252272727272727,
      "p95": 0.9511004784688996,
      "ci95_low": 0.7921866319444444,
      "ci95_high": 0.8760434957274652
    },
    "context_keyword_coverage": {
      "n": 16,
      "mean": 0.10227272727272727,
      "median": 0.0,
      "p95": 0.36363636363636365,
      "ci95_low": 0.03409090909090909,
      "ci95_high": 0.19886363636363635
    },
    "context_overlap": {
      "n": 16,
      "mean": 0.05349143021604205,
      "median": 0.050031269543464665,
      "p95": 0.09651515151515153,
      "ci95_low": 0.04176164300829942,
      "ci95_high": 0.06607120003513361
    },
    "persona_keyword_coverage": {
      "n": 16,
      "mean": 0.10714285714285714,
      "median": 0.0,
      "p95": 0.6071428571428571,
      "ci95_low": 0.017857142857142856,
      "ci95_high": 0.2232142857142857
    },
    "persona_style": {
      "n": 16,
      "mean": 0.55859375,
      "median": 0.5,
      "p95": 1.0,
      "ci95_low": 0.4140625,
      "ci95_high": 0.7149414062499995
    },
    "distinct1": {
      "n": 16,
      "mean": 0.9442870458211883,
      "median": 0.950956937799043,
      "p95": 1.0,
      "ci95_low": 0.9276345836999761,
      "ci95_high": 0.9613901048254782
    },
    "length_score": {
      "n": 16,
      "mean": 0.36874999999999997,
      "median": 0.25,
      "p95": 0.8500000000000001,
      "ci95_low": 0.21875,
      "ci95_high": 0.5354166666666667
    },
    "sentence_score": {
      "n": 16,
      "mean": 0.825,
      "median": 0.825,
      "p95": 1.0,
      "ci95_low": 0.7375,
      "ci95_high": 0.9125
    },
    "overall_quality": {
      "n": 16,
      "mean": 0.27218306572643025,
      "median": 0.2653716817773422,
      "p95": 0.4618247907647909,
      "ci95_low": 0.22584298426132124,
      "ci95_high": 0.3229531652645085
    },