{
  "ttft_ms": {
    "candidate_mean": 6090.0972479139455,
    "baseline_mean": 4659.959785419535,
    "absolute_delta": 1430.13746249441,
    "relative_delta": 0.30689909963797146,
    "candidate_better": false,
    "lower_is_better": true
  },
  "total_time_ms": {
    "candidate_mean": 14237.26340416882,
    "baseline_mean": 12789.798887502306,
    "absolute_delta": 1447.464516666514,
    "relative_delta": 0.1131733602223347,
    "candidate_better": false,
    "lower_is_better": true
  },
  "tokens_per_s": {
    "candidate_mean": 7.901552581928432,
    "baseline_mean": 7.934356624334718,
    "absolute_delta": -0.032804042406286094,
    "relative_delta": -0.004134430043852062,
    "candidate_better": false,
    "lower_is_better": false
  }
}