{
  "elara-npc:latest": {
    "total_requests": 48,
    "ok_requests": 48,
    "error_requests": 0,
    "error_rate": 0.0,
    "ttft_ms": {
      "n": 48,
      "mean": 6090.0972479139455,
      "median": 6278.260999999475,
      "p95": 10153.499670009478,
      "ci95_low": 5354.677638542762,
      "ci95_high": 6763.021961455645
    },
    "total_time_ms": {
      "n": 48,
      "mean": 14237.26340416882,
      "median": 14011.778749991208,
      "p95": 18154.821604985045,
      "ci95_low": 13453.125200465516,
      "ci95_high": 14988.274399434915
    },
    "tokens_per_s": {
      "n": 48,
      "mean": 7.901552581928432,
      "median": 7.826328195906083,
      "p95": 8.882853447762969,
      "ci95_low": 7.655646987800559,
      "ci95_high": 8.136592489976332
    }
  },
  "phi3:mini": {
    "total_requests": 48,
    "ok_requests": 48,
    "error_requests": 0,
    "error_rate": 0.0,
    "ttft_ms": {
      "n": 48,
      "mean": 4659.959785419535,
      "median": 1606.091749999905,
      "p95": 13694.236429984448,
      "ci95_low": 3259.521580574498,
      "ci95_high": 6152.890378130448
    },
    "total_time_ms": {
      "n": 48,
      "mean": 12789.798887502306,
      "median": 9603.068250027718,
      "p95": 22278.21418500389,
      "ci95_low": 11418.456794371408,
      "ci95_high": 14304.352369118957
    },
    "tokens_per_s": {
      "n": 48,
      "mean": 7.934356624334718,
      "median": 7.636017061846374,
      "p95": 8.99073939282745,
      "ci95_low": 7.728740452839968,
      "ci95_high": 8.138141680047212
    }
  }
}