{
  "proposed_contextual_controlled": {
    "sample_count": 20,
    "context_relevance": {
      "n": 20,
      "mean": 0.27314158041512365,
      "median": 0.21829795671715072,
      "p95": 0.44384615384615383,
      "ci95_low": 0.22960466806562863,
      "ci95_high": 0.32040648218122103
    },
    "persona_consistency": {
      "n": 20,
      "mean": 0.3314756991561774,
      "median": 0.33333333333333337,
      "p95": 0.5457142857142858,
      "ci95_low": 0.27729714839424147,
      "ci95_high": 0.3870839977851606
    },
    "naturalness": {
      "n": 20,
      "mean": 0.8973290307657095,
      "median": 0.9176016830294531,
      "p95": 0.9736531713900135,
      "ci95_low": 0.8650943427048516,
      "ci95_high": 0.9249298254300098
    },
    "context_keyword_coverage": {
      "n": 20,
      "mean": 0.3462121212121212,
      "median": 0.2727272727272727,
      "p95": 0.55,
      "ci95_low": 0.28256628787878785,
      "ci95_high": 0.4121212121212121
    },
    "context_overlap": {
      "n": 20,
      "mean": 0.10264365188879603,
      "median": 0.09364731653888281,
      "p95": 0.1788888888888889,
      "ci95_low": 0.0863472316786784,
      "ci95_high": 0.12110378362620948
    },
    "persona_keyword_coverage": {
      "n": 20,
      "mean": 0.26476190476190475,
      "median": 0.2,
      "p95": 0.5035714285714287,
      "ci95_low": 0.19973214285714283,
      "ci95_high": 0.3335714285714285
    },
    "persona_style": {
      "n": 20,
      "mean": 0.5983308767332678,
      "median": 0.5,
      "p95": 1.0,
      "ci95_low": 0.4703051643192488,
      "ci95_high": 0.7288619459002074
    },
    "distinct1": {
      "n": 20,
      "mean": 0.9389475769142734,
      "median": 0.9354838709677419,
      "p95": 1.0,
      "ci95_low": 0.9260131155644792,
      "ci95_high": 0.9524693220828628
    },
    "length_score": {
      "n": 20,
      "mean": 0.635,
      "median": 0.7666666666666666,
      "p95": 0.9683333333333334,
      "ci95_low": 0.4899583333333333,
      "ci95_high": 0.765
    },
    "sentence_score": {
      "n": 20,
      "mean": 0.9475,
      "median": 1.0,
      "p95": 1.0,
      "ci95_low": 0.8949999999999999,
      "ci95_high": 1.0
    },
    "bertscore_f1": {
      "n": 20,
      "mean": 0.08346255477517843,
      "median": 0.08172044157981873,
      "p95": 0.1843663327395916,
      "ci95_low": 0.0553305316530168,
      "ci95_high": 0.11009580076672133
    },
    "overall_quality": {
      "n": 20,
      "mean": 0.383910709942619,
      "median": 0.3823585634099881,
      "p95": 0.4987256248763734,
      "ci95_low": 0.35690426855706364,
      "ci95_high": 0.41064438730378305
    },
    "metrics": [
      "context_relevance",
      "persona_consistency",
      "naturalness",
      "context_keyword_coverage",
      "context_overlap",
      "persona_keyword_coverage",
      "persona_style",
      "distinct1",
      "length_score",
      "sentence_score",
      "bertscore_f1",
      "overall_quality"
    ]
  },
  "proposed_contextual_controlled_quality": {
    "sample_count": 20,
    "context_relevance": {
      "n": 20,
      "mean": 0.2771264924159003,
      "median": 0.2661904761904762,
      "p95": 0.3905414585414586,
      "ci95_low": 0.2532931649441784,
      "ci95_high": 0.3035176878963811
    },
    "persona_consistency": {
      "n": 20,
      "mean": 0.310956043956044,
      "median": 0.27051282051282055,
      "p95": 0.5050000000000001,
      "ci95_low": 0.2599074175824176,
      "ci95_high": 0.3631904761904762
    },
    "naturalness": {
      "n": 20,
      "mean": 0.8801934694801548,
      "median": 0.9114473684210527,
      "p95": 0.948170045045045,
      "ci95_low": 0.8453637255832928,
      "ci95_high": 0.9100004666059774
    },
    "context_keyword_coverage": {
      "n": 20,
      "mean": 0.3462121212121212,
      "median": 0.3333333333333333,
      "p95": 0.5022727272727273,
      "ci95_low": 0.3151515151515151,
      "ci95_high": 0.3803219696969696
    },
    "context_overlap": {
      "n": 20,
      "mean": 0.11592669189138487,
      "median": 0.11010101010101009,
      "p95": 0.1872170542635659,
      "ci95_low": 0.1007018312324559,
      "ci95_high": 0.13188535068737692
    },
    "persona_keyword_coverage": {
      "n": 20,
      "mean": 0.244047619047619,
      "median": 0.2,
      "p95": 0.5,
      "ci95_low": 0.19595238095238093,
      "ci95_high": 0.2978571428571429
    },
    "persona_style": {
      "n": 20,
      "mean": 0.5785897435897436,
      "median": 0.5,
      "p95": 1.0,
      "ci95_low": 0.4357083333333333,
      "ci95_high": 0.7166666666666667
    },
    "distinct1": {
      "n": 20,
      "mean": 0.9373586737003865,
      "median": 0.9384469696969697,
      "p95": 1.0,
      "ci95_low": 0.9187447020397584,
      "ci95_high": 0.9552739972245888
    },
    "length_score": {
      "n": 20,
      "mean": 0.5700000000000001,
      "median": 0.7166666666666667,
      "p95": 0.9683333333333334,
      "ci95_low": 0.426625,
      "ci95_high": 0.7116666666666667
    },
    "sentence_score": {
      "n": 20,
      "mean": 0.9125,
      "median": 1.0,
      "p95": 1.0,
      "ci95_low": 0.8425,
      "ci95_high": 0.9650000000000001
    },
    "bertscore_f1": {
      "n": 20,
      "mean": 0.09075655126944185,
      "median": 0.08499142527580261,
      "p95": 0.16454510539770129,
      "ci95_low": 0.06827620572643354,
      "ci95_high": 0.11365299857687204
    },
    "overall_quality": {
      "n": 20,
      "mean": 0.3763210409010135,
      "median": 0.37212415250756414,
      "p95": 0.4373928129302617,
      "ci95_low": 0.3569663719856765,
      "ci95_high": 0.39656846513050037
    },
    "metrics": [
      "context_relevance",
      "persona_consistency",
      "naturalness",
      "context_keyword_coverage",
      "context_overlap",
      "persona_keyword_coverage",
      "persona_style",
      "distinct1",
      "length_score",
      "sentence_score",
      "bertscore_f1",
      "overall_quality"
    ]
  },
  "proposed_contextual": {
    "sample_count": 20,
    "context_relevance": {
      "n": 20,
      "mean": 0.09989118234813403,
      "median": 0.016216216216216217,
      "p95": 0.324704954954955,
      "ci95_low": 0.04805287594210621,
      "ci95_high": 0.15462785113932506
    },
    "persona_consistency": {
      "n": 20,
      "mean": 0.19106626706626706,
      "median": 0.1423076923076923,
      "p95": 0.5071428571428571,
      "ci95_low": 0.12756410256410258,
      "ci95_high": 0.2606583999333999
    },
    "naturalness": {
      "n": 20,
      "mean": 0.8246283546133503,
      "median": 0.8358333333333332,
      "p95": 0.926828431372549,
      "ci95_low": 0.7934134159138965,
      "ci95_high": 0.8575624664352965
    },
    "context_keyword_coverage": {
      "n": 20,
      "mean": 0.11590909090909092,
      "median": 0.0,
      "p95": 0.4208333333333334,
      "ci95_low": 0.045454545454545456,
      "ci95_high": 0.19547348484848476
    },
    "context_overlap": {
      "n": 20,
      "mean": 0.06251606237256799,
      "median": 0.05405405405405406,
      "p95": 0.10540540540540541,
      "ci95_low": 0.05116531977050101,
      "ci95_high": 0.07535583324011823
    },
    "persona_keyword_coverage": {
      "n": 20,
      "mean": 0.09047619047619046,
      "median": 0.0,
      "p95": 0.5714285714285714,
      "ci95_low": 0.016666666666666666,
      "ci95_high": 0.17619047619047618
    },
    "persona_style": {
      "n": 20,
      "mean": 0.5934265734265735,
      "median": 0.5,
      "p95": 1.0,
      "ci95_low": 0.4597447552447553,
      "ci95_high": 0.7309545454545453
    },
    "distinct1": {
      "n": 20,
      "mean": 0.9463625532000426,
      "median": 0.9445041174364482,
      "p95": 1.0,
      "ci95_low": 0.9310660034348668,
      "ci95_high": 0.9634726852353621
    },
    "length_score": {
      "n": 20,
      "mean": 0.32666666666666666,
      "median": 0.26666666666666666,
      "p95": 0.7083333333333335,
      "ci95_low": 0.22666666666666666,