{
  "proposed_vs_candidate_no_context": {
    "context_relevance": {
      "target_mean": 0.046124564606091274,
      "baseline_mean": 0.012718054509623584,
      "absolute_delta": 0.03340651009646769,
      "relative_delta": 2.6266997103361542
    },
    "persona_consistency": {
      "target_mean": 0.1474609375,
      "baseline_mean": 0.15241302339901477,
      "absolute_delta": -0.004952085899014774,
      "relative_delta": -0.03249122541221622
    },
    "naturalness": {
      "target_mean": 0.8123353708495695,
      "baseline_mean": 0.8145908201425271,
      "absolute_delta": -0.002255449292957623,
      "relative_delta": -0.0027688125586328017
    },
    "context_keyword_coverage": {
      "target_mean": 0.04498106060606061,
      "baseline_mean": 0.002840909090909091,
      "absolute_delta": 0.04214015151515152,
      "relative_delta": 14.833333333333334
    },
    "context_overlap": {
      "target_mean": 0.04879274060616286,
      "baseline_mean": 0.03576472715329074,
      "absolute_delta": 0.01302801345287212,
      "relative_delta": 0.364269896343202
    },
    "persona_keyword_coverage": {
      "target_mean": 0.05654761904761904,
      "baseline_mean": 0.06175595238095238,
      "absolute_delta": -0.005208333333333336,
      "relative_delta": -0.08433734939759041
    },
    "persona_style": {
      "target_mean": 0.5111142113095238,
      "baseline_mean": 0.5150413074712644,
      "absolute_delta": -0.003927096161740584,
      "relative_delta": -0.0076248178636811334
    },
    "distinct1": {
      "target_mean": 0.9434686354572573,
      "baseline_mean": 0.9382999670229847,
      "absolute_delta": 0.005168668434272661,
      "relative_delta": 0.005508545897823791
    },
    "length_score": {
      "target_mean": 0.31145833333333334,
      "baseline_mean": 0.31666666666666665,
      "absolute_delta": -0.005208333333333315,
      "relative_delta": -0.016447368421052575
    },
    "sentence_score": {
      "target_mean": 0.7265625,
      "baseline_mean": 0.759375,
      "absolute_delta": -0.03281250000000002,
      "relative_delta": -0.0432098765432099
    },
    "overall_quality": {
      "target_mean": 0.2303015406694488,
      "baseline_mean": 0.2171532005418043,
      "absolute_delta": 0.013148340127644514,
      "relative_delta": 0.060548682196895916
    }
  },
  "controlled_vs_proposed_raw": {
    "context_relevance": {
      "target_mean": 0.2807955585425712,
      "baseline_mean": 0.046124564606091274,
      "absolute_delta": 0.23467099393647994,
      "relative_delta": 5.087766051356699
    },
    "persona_consistency": {
      "target_mean": 0.3158482142857143,
      "baseline_mean": 0.1474609375,
      "absolute_delta": 0.1683872767857143,
      "relative_delta": 1.1419110690633871
    },
    "naturalness": {
      "target_mean": 0.9021287816383037,
      "baseline_mean": 0.8123353708495695,
      "absolute_delta": 0.08979341078873415,
      "relative_delta": 0.11053736425981917
    },
    "context_keyword_coverage": {
      "target_mean": 0.3554924242424242,
      "baseline_mean": 0.04498106060606061,
      "absolute_delta": 0.3105113636363636,
      "relative_delta": 6.903157894736841
    },
    "context_overlap": {
      "target_mean": 0.10650287190958088,
      "baseline_mean": 0.04879274060616286,
      "absolute_delta": 0.057710131303418025,
      "relative_delta": 1.1827606030420197
    },
    "persona_keyword_coverage": {
      "target_mean": 0.2470238095238095,
      "baseline_mean": 0.05654761904761904,
      "absolute_delta": 0.19047619047619047,
      "relative_delta": 3.368421052631579
    },
    "persona_style": {
      "target_mean": 0.5911458333333334,
      "baseline_mean": 0.5111142113095238,
      "absolute_delta": 0.08003162202380953,
      "relative_delta": 0.1565826585388045
    },
    "distinct1": {
      "target_mean": 0.9359023112386163,
      "baseline_mean": 0.9434686354572573,
      "absolute_delta": -0.007566324218641007,
      "relative_delta": -0.008019688131947223
    },
    "length_score": {
      "target_mean": 0.6833333333333333,
      "baseline_mean": 0.31145833333333334,
      "absolute_delta": 0.371875,
      "relative_delta": 1.193979933110368
    },
    "sentence_score": {
      "target_mean": 0.9125,
      "baseline_mean": 0.7265625,
      "absolute_delta": 0.18593749999999998,
      "relative_delta": 0.2559139784946236
    },
    "overall_quality": {
      "target_mean": 0.41952744419952326,
      "baseline_mean": 0.2303015406694488,
      "absolute_delta": 0.18922590353007446,
      "relative_delta": 0.8216441061576305
    }
  },
  "controlled_vs_candidate_no_context": {
    "context_relevance": {
      "target_mean": 0.2807955585425712,
      "baseline_mean": 0.012718054509623584,
      "absolute_delta": 0.2680775040329476,
      "relative_delta": 21.07849937504961
    },
    "persona_consistency": {
      "target_mean": 0.3158482142857143,
      "baseline_mean": 0.15241302339901477,
      "absolute_delta": 0.16343519088669953,
      "relative_delta": 1.0723177537055275
    },
    "naturalness": {
      "target_mean": 0.9021287816383037,
      "baseline_mean": 0.8145908201425271,
      "absolute_delta": 0.08753796149577653,
      "relative_delta": 0.10746249445882561
    },
    "context_keyword_coverage": {
      "target_mean": 0.3554924242424242,
      "baseline_mean": 0.002840909090909091,
      "absolute_delta": 0.3526515151515151,
      "relative_delta": 124.13333333333331
    },
    "context_overlap": {
      "target_mean": 0.10650287190958088,
      "baseline_mean": 0.03576472715329074,
      "absolute_delta": 0.07073814475629014,
      "relative_delta": 1.9778745816541614
    },
    "persona_keyword_coverage": {
      "target_mean": 0.2470238095238095,
      "baseline_mean": 0.06175595238095238,
      "absolute_delta": 0.18526785714285712,
      "relative_delta": 3.0
    },
    "persona_style": {
      "target_mean": 0.5911458333333334,
      "baseline_mean": 0.5150413074712644,
      "absolute_delta": 0.07610452586206895,
      "relative_delta": 0.147763926423154
    },
    "distinct1": {
      "target_mean": 0.9359023112386163,
      "baseline_mean": 0.9382999670229847,
      "absolute_delta": -0.0023976557843683466,
      "relative_delta": -0.0025553190542844956
    },
    "length_score": {
      "target_mean": 0.6833333333333333,
      "baseline_mean": 0.31666666666666665,
      "absolute_delta": 0.3666666666666667,
      "relative_delta": 1.1578947368421053
    },
    "sentence_score": {
      "target_mean": 0.9125,
      "baseline_mean": 0.759375,
      "absolute_delta": 0.15312499999999996,
      "relative_delta": 0.20164609053497937
    },
    "overall_quality": {
      "target_mean": 0.41952744419952326,
      "baseline_mean": 0.2171532005418043,
      "absolute_delta": 0.20237424365771897,
      "relative_delta": 0.9319422562172175
    }
  },
  "controlled_alt_vs_controlled_default": {
    "context_relevance": {
      "target_mean": 0.24380998895658507,
      "baseline_mean": 0.2807955585425712,
      "absolute_delta": -0.036985569585986144,
      "relative_delta": -0.13171707479261568
    },
    "persona_consistency": {
      "target_mean": 0.2993452380952381,
      "baseline_mean": 0.3158482142857143,
      "absolute_delta": -0.016502976190476193,
      "relative_delta": -0.052249705535924625
    },
    "naturalness": {
      "target_mean": 0.8953585466213889,
      "baseline_mean": 0.9021287816383037,
      "absolute_delta": -0.006770235016914761,
      "relative_delta": -0.007504732311743485
    },
    "context_keyword_coverage": {
      "target_mean": 0.304592803030303,
      "baseline_mean": 0.3554924242424242,
      "absolute_delta": -0.050899621212121215,
      "relative_delta": -0.1431806073521577
    },
    "context_overlap": {
      "target_mean": 0.10198342278457657,
      "baseline_mean": 0.10650287190958088,
      "absolute_delta": -0.004519449125004307,
      "relative_delta": -0.042434997704486714
    },