{
  "proposed_contextual_controlled": {
    "sample_count": 32,
    "context_relevance": {
      "n": 32,
      "mean": 0.2807955585425712,
      "median": 0.2785839160839161,
      "p95": 0.4253076431764956,
      "ci95_low": 0.25828809185533547,
      "ci95_high": 0.3064763478656049
    },
    "persona_consistency": {
      "n": 32,
      "mean": 0.3158482142857143,
      "median": 0.26,
      "p95": 0.5363095238095237,
      "ci95_low": 0.26864136904761904,
      "ci95_high": 0.37292299107142857
    },
    "naturalness": {
      "n": 32,
      "mean": 0.9021287816383037,
      "median": 0.9160227272727274,
      "p95": 0.9734414414414414,
      "ci95_low": 0.8821596671760954,
      "ci95_high": 0.9202963248840108
    },
    "context_keyword_coverage": {
      "n": 32,
      "mean": 0.3554924242424242,
      "median": 0.36363636363636365,
      "p95": 0.5454545454545454,
      "ci95_low": 0.32329308712121213,
      "ci95_high": 0.3910061553030303
    },
    "context_overlap": {
      "n": 32,
      "mean": 0.10650287190958088,
      "median": 0.10263157894736842,
      "p95": 0.14285714285714285,
      "ci95_low": 0.09785080143807852,
      "ci95_high": 0.11515147580748529
    },
    "persona_keyword_coverage": {
      "n": 32,
      "mean": 0.2470238095238095,
      "median": 0.18333333333333335,
      "p95": 0.5571428571428569,
      "ci95_low": 0.1888392857142857,
      "ci95_high": 0.3184561011904762
    },
    "persona_style": {
      "n": 32,
      "mean": 0.5911458333333334,
      "median": 0.5,
      "p95": 1.0,
      "ci95_low": 0.484375,
      "ci95_high": 0.703125
    },
    "distinct1": {
      "n": 32,
      "mean": 0.9359023112386163,
      "median": 0.9333333333333333,
      "p95": 0.9722222222222221,
      "ci95_low": 0.92530683820283,
      "ci95_high": 0.9455644605746681
    },
    "length_score": {
      "n": 32,
      "mean": 0.6833333333333333,
      "median": 0.75,
      "p95": 0.9666666666666668,
      "ci95_low": 0.5958072916666667,
      "ci95_high": 0.7666927083333333
    },
    "sentence_score": {
      "n": 32,
      "mean": 0.9125,
      "median": 1.0,
      "p95": 1.0,
      "ci95_low": 0.8578125,
      "ci95_high": 0.95625
    },
    "overall_quality": {
      "n": 32,
      "mean": 0.41952744419952326,
      "median": 0.4088397789345159,
      "p95": 0.498767675311504,
      "ci95_low": 0.3986894916367887,
      "ci95_high": 0.4414241677993937
    },
    "metrics": [
      "context_relevance",
      "persona_consistency",
      "naturalness",
      "context_keyword_coverage",
      "context_overlap",
      "persona_keyword_coverage",
      "persona_style",
      "distinct1",
      "length_score",
      "sentence_score",
      "overall_quality"
    ]
  },
  "proposed_contextual_controlled_alt": {
    "sample_count": 32,
    "context_relevance": {
      "n": 32,
      "mean": 0.24380998895658507,
      "median": 0.22842537401807916,
      "p95": 0.3801066694283347,
      "ci95_low": 0.2184529061337765,
      "ci95_high": 0.2696950022058445
    },
    "persona_consistency": {
      "n": 32,
      "mean": 0.2993452380952381,
      "median": 0.26,
      "p95": 0.4928571428571428,
      "ci95_low": 0.2593995535714286,
      "ci95_high": 0.341280505952381
    },
    "naturalness": {
      "n": 32,
      "mean": 0.8953585466213889,
      "median": 0.8973420479302832,
      "p95": 0.9734414414414414,
      "ci95_low": 0.8751051473925204,
      "ci95_high": 0.9134909101581727
    },
    "context_keyword_coverage": {
      "n": 32,
      "mean": 0.304592803030303,
      "median": 0.2727272727272727,
      "p95": 0.475,
      "ci95_low": 0.2703574810606061,
      "ci95_high": 0.3397727272727273
    },
    "context_overlap": {
      "n": 32,
      "mean": 0.10198342278457657,
      "median": 0.09819277108433735,
      "p95": 0.15119979134063638,
      "ci95_low": 0.09202409886896935,
      "ci95_high": 0.11306392645231811
    },
    "persona_keyword_coverage": {
      "n": 32,
      "mean": 0.22574404761904762,
      "median": 0.16666666666666666,
      "p95": 0.5047619047619045,
      "ci95_low": 0.1806547619047619,
      "ci95_high": 0.2824516369047618
    },
    "persona_style": {
      "n": 32,
      "mean": 0.59375,
      "median": 0.5,
      "p95": 1.0,
      "ci95_low": 0.4947916666666667,
      "ci95_high": 0.703125
    },
    "distinct1": {
      "n": 32,
      "mean": 0.9365434018098824,
      "median": 0.9298029556650247,
      "p95": 0.9892156862745097,
      "ci95_low": 0.9253132794802389,
      "ci95_high": 0.9474345278871141
    },
    "length_score": {
      "n": 32,
      "mean": 0.6427083333333333,
      "median": 0.65,
      "p95": 0.9483333333333333,
      "ci95_low": 0.553125,
      "ci95_high": 0.725
    },
    "sentence_score": {
      "n": 32,
      "mean": 0.9234375,
      "median": 1.0,
      "p95": 1.0,
      "ci95_low": 0.86875,
      "ci95_high": 0.9671875
    },
    "overall_quality": {
      "n": 32,
      "mean": 0.394558943876787,
      "median": 0.3967883371530432,
      "p95": 0.4641028112027285,
      "ci95_low": 0.37629292725485697,
      "ci95_high": 0.41291536165385745
    },
    "metrics": [
      "context_relevance",
      "persona_consistency",
      "naturalness",
      "context_keyword_coverage",
      "context_overlap",
      "persona_keyword_coverage",
      "persona_style",
      "distinct1",
      "length_score",
      "sentence_score",
      "overall_quality"
    ]
  },
  "proposed_contextual": {
    "sample_count": 32,
    "context_relevance": {
      "n": 32,
      "mean": 0.046124564606091274,
      "median": 0.014817073170731707,
      "p95": 0.14789999999999998,
      "ci95_low": 0.0270502527095916,
      "ci95_high": 0.06668179547679116
    },
    "persona_consistency": {
      "n": 32,
      "mean": 0.1474609375,
      "median": 0.1,
      "p95": 0.35357142857142854,
      "ci95_low": 0.11033179873511904,
      "ci95_high": 0.18930361793154757
    },
    "naturalness": {
      "n": 32,
      "mean": 0.8123353708495695,
      "median": 0.7486363636363635,
      "p95": 0.966,
      "ci95_low": 0.785041483570309,
      "ci95_high": 0.8419874778122908
    },
    "context_keyword_coverage": {
      "n": 32,
      "mean": 0.04498106060606061,
      "median": 0.0,
      "p95": 0.18181818181818182,
      "ci95_low": 0.02225378787878788,
      "ci95_high": 0.07339015151515152
    },
    "context_overlap": {
      "n": 32,
      "mean": 0.04879274060616286,
      "median": 0.04819976771196283,
      "p95": 0.10038095238095238,
      "ci95_low": 0.04057344826667638,
      "ci95_high": 0.05747717775338593
    },
    "persona_keyword_coverage": {
      "n": 32,
      "mean": 0.05654761904761904,
      "median": 0.0,
      "p95": 0.3761904761904761,
      "ci95_low": 0.015625,
      "ci95_high": 0.10863095238095237
    },
    "persona_style": {
      "n": 32,
      "mean": 0.5111142113095238,
      "median": 0.5,
      "p95": 1.0,
      "ci95_low": 0.4095424107142857,
      "ci95_high": 0.6126767113095238
    },
    "distinct1": {
      "n": 32,
      "mean": 0.9434686354572573,
      "median": 0.9090909090909091,
      "p95": 1.0,
      "ci95_low": 0.9300794524314427,
      "ci95_high": 0.957876768090661
    },
    "length_score": {
      "n": 32,
      "mean": 0.31145833333333334,
      "median": 0.09999999999999998,
      "p95": 0.8666666666666667,
      "ci95_low": 0.2155989583333333,
      "ci95_high": 0.41041666666666665
    },
    "sentence_score": {
      "n": 32,
      "mean": 0.7265625,
      "median": 0.65,
      "p95": 1.0,
      "ci95_low": 0.6828125,
      "ci95_high": 0.78125
    },
    "overall_quality": {
      "n": 32,
      "mean": 0.2303015406694488,
      "median": 0.21239434589800446,
      "p95": 0.36202784236453206,
      "ci95_low": 0.2082503997889155,
      "ci95_high": 0.25397985215364427
    },