{
  "ttft_ms": {
    "candidate_mean": 664.7814805560806,
    "baseline_mean": 937.7708805554398,
    "absolute_delta": -272.9893999993592,
    "relative_delta": -0.29110458179045623,
    "candidate_better": true,
    "lower_is_better": true
  },
  "total_time_ms": {
    "candidate_mean": 4556.239216666452,
    "baseline_mean": 4720.350088888861,
    "absolute_delta": -164.11087222240894,
    "relative_delta": -0.03476667389749465,
    "candidate_better": true,
    "lower_is_better": true
  },
  "tokens_per_s": {
    "candidate_mean": 16.539596266643727,
    "baseline_mean": 16.990654251203832,
    "absolute_delta": -0.45105798456010504,
    "relative_delta": -0.026547417061832473,
    "candidate_better": false,
    "lower_is_better": false
  }
}