{
  "elara-npc:latest": {
    "total_requests": 72,
    "ok_requests": 72,
    "error_requests": 0,
    "error_rate": 0.0,
    "ttft_ms": {
      "n": 72,
      "mean": 664.7814805560806,
      "median": 627.942000002804,
      "p95": 968.0108799970185,
      "ci95_low": 633.7414882299931,
      "ci95_high": 697.2862550350429
    },
    "total_time_ms": {
      "n": 72,
      "mean": 4556.239216666452,
      "median": 4507.621949996974,
      "p95": 4919.818854998448,
      "ci95_low": 4507.60023697902,
      "ci95_high": 4612.082248923184
    },
    "tokens_per_s": {
      "n": 72,
      "mean": 16.539596266643727,
      "median": 16.646324902815454,
      "p95": 16.978162697124404,
      "ci95_low": 16.42413859707697,
      "ci95_high": 16.64099613135992
    }
  },
  "phi3:mini": {
    "total_requests": 72,
    "ok_requests": 72,
    "error_requests": 0,
    "error_rate": 0.0,
    "ttft_ms": {
      "n": 72,
      "mean": 937.7708805554398,
      "median": 964.8776500034728,
      "p95": 982.5687350043154,
      "ci95_low": 915.0936186109726,
      "ci95_high": 957.5139727778404
    },
    "total_time_ms": {
      "n": 72,
      "mean": 4720.350088888861,
      "median": 4750.75255000047,
      "p95": 4839.679349999642,
      "ci95_low": 4677.00423944398,
      "ci95_high": 4752.6588033334165
    },
    "tokens_per_s": {
      "n": 72,
      "mean": 16.990654251203832,
      "median": 16.963997205279664,
      "p95": 17.36155110543128,
      "ci95_low": 16.937509821073707,
      "ci95_high": 17.041023561864268
    }
  }
}