{
  "proposed_vs_candidate_no_context": {
    "context_relevance": {
      "target_mean": 0.08534087697990587,
      "baseline_mean": 0.03295445761427801,
      "absolute_delta": 0.052386419365627865,
      "relative_delta": 1.589661100746828
    },
    "persona_consistency": {
      "target_mean": 0.1540125507567368,
      "baseline_mean": 0.18654100529100529,
      "absolute_delta": -0.032528454534268475,
      "relative_delta": -0.1743769659840948
    },
    "naturalness": {
      "target_mean": 0.8162609523080596,
      "baseline_mean": 0.7940126469263311,
      "absolute_delta": 0.022248305381728506,
      "relative_delta": 0.028020089437936515
    },
    "context_keyword_coverage": {
      "target_mean": 0.09848484848484848,
      "baseline_mean": 0.026515151515151512,
      "absolute_delta": 0.07196969696969696,
      "relative_delta": 2.7142857142857144
    },
    "context_overlap": {
      "target_mean": 0.0546716101350398,
      "baseline_mean": 0.0479795051789065,
      "absolute_delta": 0.006692104956133302,
      "relative_delta": 0.13947840710694512
    },
    "persona_keyword_coverage": {
      "target_mean": 0.047619047619047616,
      "baseline_mean": 0.07589285714285714,
      "absolute_delta": -0.02827380952380952,
      "relative_delta": -0.37254901960784315
    },
    "persona_style": {
      "target_mean": 0.5795865633074936,
      "baseline_mean": 0.6291335978835979,
      "absolute_delta": -0.04954703457610432,
      "relative_delta": -0.0787543929346331
    },
    "distinct1": {
      "target_mean": 0.9497669641034824,
      "baseline_mean": 0.9290831524035472,
      "absolute_delta": 0.020683811699935162,
      "relative_delta": 0.02226260550137621
    },
    "length_score": {
      "target_mean": 0.3020833333333333,
      "baseline_mean": 0.22291666666666665,
      "absolute_delta": 0.07916666666666666,
      "relative_delta": 0.35514018691588783
    },
    "sentence_score": {
      "target_mean": 0.759375,
      "baseline_mean": 0.78125,
      "absolute_delta": -0.021874999999999978,
      "relative_delta": -0.027999999999999973
    },
    "overall_quality": {
      "target_mean": 0.25091460213732986,
      "baseline_mean": 0.23330321926349148,
      "absolute_delta": 0.01761138287383837,
      "relative_delta": 0.07548709756099921
    }
  },
  "controlled_vs_proposed_raw": {
    "context_relevance": {
      "target_mean": 0.2753958565774977,
      "baseline_mean": 0.08534087697990587,
      "absolute_delta": 0.19005497959759182,
      "relative_delta": 2.2270099197872275
    },
    "persona_consistency": {
      "target_mean": 0.29477597402597405,
      "baseline_mean": 0.1540125507567368,
      "absolute_delta": 0.14076342326923724,
      "relative_delta": 0.9139737156329123
    },
    "naturalness": {
      "target_mean": 0.8992131493651129,
      "baseline_mean": 0.8162609523080596,
      "absolute_delta": 0.08295219705705326,
      "relative_delta": 0.10162460524725286
    },
    "context_keyword_coverage": {
      "target_mean": 0.34517045454545453,
      "baseline_mean": 0.09848484848484848,
      "absolute_delta": 0.24668560606060605,
      "relative_delta": 2.5048076923076925
    },
    "context_overlap": {
      "target_mean": 0.11258846131893191,
      "baseline_mean": 0.0546716101350398,
      "absolute_delta": 0.05791685118389211,
      "relative_delta": 1.0593587977532857
    },
    "persona_keyword_coverage": {
      "target_mean": 0.21071428571428572,
      "baseline_mean": 0.047619047619047616,
      "absolute_delta": 0.1630952380952381,
      "relative_delta": 3.4250000000000003
    },
    "persona_style": {
      "target_mean": 0.6310227272727272,
      "baseline_mean": 0.5795865633074936,
      "absolute_delta": 0.05143616396523365,
      "relative_delta": 0.08874630162525823
    },
    "distinct1": {
      "target_mean": 0.9425641234127822,
      "baseline_mean": 0.9497669641034824,
      "absolute_delta": -0.007202840690700207,
      "relative_delta": -0.007583797881935403
    },
    "length_score": {
      "target_mean": 0.64375,
      "baseline_mean": 0.3020833333333333,
      "absolute_delta": 0.34166666666666673,
      "relative_delta": 1.131034482758621
    },
    "sentence_score": {
      "target_mean": 0.934375,
      "baseline_mean": 0.759375,
      "absolute_delta": 0.17499999999999993,
      "relative_delta": 0.23045267489711924
    },
    "overall_quality": {
      "target_mean": 0.4076744239552076,
      "baseline_mean": 0.25091460213732986,
      "absolute_delta": 0.15675982181787773,
      "relative_delta": 0.6247536830561994
    }
  },
  "controlled_vs_candidate_no_context": {
    "context_relevance": {
      "target_mean": 0.2753958565774977,
      "baseline_mean": 0.03295445761427801,
      "absolute_delta": 0.2424413989632197,
      "relative_delta": 7.356862060997124
    },
    "persona_consistency": {
      "target_mean": 0.29477597402597405,
      "baseline_mean": 0.18654100529100529,
      "absolute_delta": 0.10823496873496877,
      "relative_delta": 0.5802207861275405
    },
    "naturalness": {
      "target_mean": 0.8992131493651129,
      "baseline_mean": 0.7940126469263311,
      "absolute_delta": 0.10520050243878176,
      "relative_delta": 0.1324922252133124
    },
    "context_keyword_coverage": {
      "target_mean": 0.34517045454545453,
      "baseline_mean": 0.026515151515151512,
      "absolute_delta": 0.31865530303030304,
      "relative_delta": 12.017857142857144
    },
    "context_overlap": {
      "target_mean": 0.11258846131893191,
      "baseline_mean": 0.0479795051789065,
      "absolute_delta": 0.0646089561400254,
      "relative_delta": 1.3465948825255873
    },
    "persona_keyword_coverage": {
      "target_mean": 0.21071428571428572,
      "baseline_mean": 0.07589285714285714,
      "absolute_delta": 0.1348214285714286,
      "relative_delta": 1.7764705882352945
    },
    "persona_style": {
      "target_mean": 0.6310227272727272,
      "baseline_mean": 0.6291335978835979,
      "absolute_delta": 0.0018891293891293293,
      "relative_delta": 0.003002747580934082
    },
    "distinct1": {
      "target_mean": 0.9425641234127822,
      "baseline_mean": 0.9290831524035472,
      "absolute_delta": 0.013480971009234954,
      "relative_delta": 0.014509972518993107
    },
    "length_score": {
      "target_mean": 0.64375,
      "baseline_mean": 0.22291666666666665,
      "absolute_delta": 0.4208333333333334,
      "relative_delta": 1.88785046728972
    },
    "sentence_score": {
      "target_mean": 0.934375,
      "baseline_mean": 0.78125,
      "absolute_delta": 0.15312499999999996,
      "relative_delta": 0.19599999999999995
    },
    "overall_quality": {
      "target_mean": 0.4076744239552076,
      "baseline_mean": 0.23330321926349148,
      "absolute_delta": 0.1743712046917161,
      "relative_delta": 0.7474016228416555
    }
  }
}