{
  "proposed_vs_candidate_no_context": {
    "context_relevance": {
      "n": 16,
      "mean_delta": 0.052386419365627865,
      "ci95_low": -0.00852749016996442,
      "ci95_high": 0.12990735963186864,
      "p_delta_le_0": 0.05433333333333333,
      "cluster_bootstrap": {
        "n_clusters": 8,
        "n_pairs": 16,
        "mean_delta": 0.052386419365627865,
        "ci95_low": 0.001579113078694155,
        "ci95_high": 0.1133748529577307,
        "p_delta_le_0": 0.017666666666666667
      },
      "cluster_field": "source_scenario_id"
    },
    "persona_consistency": {
      "n": 16,
      "mean_delta": -0.03252845453426848,
      "ci95_low": -0.058679248185062136,
      "ci95_high": -0.007270518026331975,
      "p_delta_le_0": 0.9976666666666667,
      "cluster_bootstrap": {
        "n_clusters": 8,
        "n_pairs": 16,
        "mean_delta": -0.03252845453426848,
        "ci95_low": -0.06904761904761905,
        "ci95_high": -0.0115693367786391,
        "p_delta_le_0": 1.0
      },
      "cluster_field": "source_scenario_id"
    },
    "naturalness": {
      "n": 16,
      "mean_delta": 0.022248305381728437,
      "ci95_low": -0.010984509662297994,
      "ci95_high": 0.05588913786933626,
      "p_delta_le_0": 0.08866666666666667,
      "cluster_bootstrap": {
        "n_clusters": 8,
        "n_pairs": 16,
        "mean_delta": 0.022248305381728437,
        "ci95_low": -0.02900705099550114,
        "ci95_high": 0.05902292147173909,
        "p_delta_le_0": 0.18166666666666667
      },
      "cluster_field": "source_scenario_id"
    },
    "context_keyword_coverage": {
      "n": 16,
      "mean_delta": 0.07196969696969698,
      "ci95_low": -0.010416666666666661,
      "ci95_high": 0.17566287878787878,
      "p_delta_le_0": 0.049666666666666665,
      "cluster_bootstrap": {
        "n_clusters": 8,
        "n_pairs": 16,
        "mean_delta": 0.07196969696969698,
        "ci95_low": 0.0,
        "ci95_high": 0.1532976827094474,
        "p_delta_le_0": 0.026
      },
      "cluster_field": "source_scenario_id"
    },
    "context_overlap": {
      "n": 16,
      "mean_delta": 0.006692104956133305,
      "ci95_low": -0.008553166105589916,
      "ci95_high": 0.025203646841416634,
      "p_delta_le_0": 0.21766666666666667,
      "cluster_bootstrap": {
        "n_clusters": 8,
        "n_pairs": 16,
        "mean_delta": 0.006692104956133305,
        "ci95_low": -0.007211517133879568,
        "ci95_high": 0.020813129185615155,
        "p_delta_le_0": 0.19433333333333333
      },
      "cluster_field": "source_scenario_id"
    },
    "persona_keyword_coverage": {
      "n": 16,
      "mean_delta": -0.028273809523809524,
      "ci95_low": -0.05803571428571429,
      "ci95_high": 0.0,
      "p_delta_le_0": 1.0,
      "cluster_bootstrap": {
        "n_clusters": 8,
        "n_pairs": 16,
        "mean_delta": -0.028273809523809524,
        "ci95_low": -0.07142857142857142,
        "ci95_high": -0.006211180124223602,
        "p_delta_le_0": 1.0
      },
      "cluster_field": "source_scenario_id"
    },
    "persona_style": {
      "n": 16,
      "mean_delta": -0.049547034576104335,
      "ci95_low": -0.1285583548664944,
      "ci95_high": 0.01622677494770519,
      "p_delta_le_0": 0.9213333333333333,
      "cluster_bootstrap": {
        "n_clusters": 8,
        "n_pairs": 16,
        "mean_delta": -0.049547034576104335,
        "ci95_low": -0.1428835363602805,
        "ci95_high": 0.0,
        "p_delta_le_0": 1.0
      },
      "cluster_field": "source_scenario_id"
    },
    "distinct1": {
      "n": 16,
      "mean_delta": 0.020683811699935127,
      "ci95_low": 0.0020099409729829373,
      "ci95_high": 0.040464825085346136,
      "p_delta_le_0": 0.015,
      "cluster_bootstrap": {
        "n_clusters": 8,
        "n_pairs": 16,
        "mean_delta": 0.020683811699935127,
        "ci95_low": 0.003255994939259962,
        "ci95_high": 0.032554668191160034,
        "p_delta_le_0": 0.013666666666666667
      },
      "cluster_field": "source_scenario_id"
    },
    "length_score": {
      "n": 16,
      "mean_delta": 0.07916666666666666,
      "ci95_low": -0.05416666666666667,
      "ci95_high": 0.225,
      "p_delta_le_0": 0.12133333333333333,
      "cluster_bootstrap": {
        "n_clusters": 8,
        "n_pairs": 16,
        "mean_delta": 0.07916666666666666,
        "ci95_low": -0.12382034632034632,
        "ci95_high": 0.24313725490196075,
        "p_delta_le_0": 0.23566666666666666
      },
      "cluster_field": "source_scenario_id"
    },
    "sentence_score": {
      "n": 16,
      "mean_delta": -0.021875,
      "ci95_low": -0.0875,
      "ci95_high": 0.04375,
      "p_delta_le_0": 0.8083333333333333,
      "cluster_bootstrap": {
        "n_clusters": 8,
        "n_pairs": 16,
        "mean_delta": -0.021875,
        "ci95_low": -0.09545454545454544,
        "ci95_high": 0.0,
        "p_delta_le_0": 1.0
      },
      "cluster_field": "source_scenario_id"
    },
    "overall_quality": {
      "n": 16,
      "mean_delta": 0.017611382873838365,
      "ci95_low": -0.013656554052869179,
      "ci95_high": 0.05448993515678099,
      "p_delta_le_0": 0.16166666666666665,
      "cluster_bootstrap": {
        "n_clusters": 8,
        "n_pairs": 16,
        "mean_delta": 0.017611382873838365,
        "ci95_low": -0.017254833237174264,
        "ci95_high": 0.04269589697462021,
        "p_delta_le_0": 0.11466666666666667
      },
      "cluster_field": "source_scenario_id"
    }
  },
  "controlled_vs_proposed_raw": {
    "context_relevance": {
      "n": 16,
      "mean_delta": 0.19005497959759185,
      "ci95_low": 0.11011046582234132,
      "ci95_high": 0.2621871475792929,
      "p_delta_le_0": 0.0003333333333333333,
      "cluster_bootstrap": {
        "n_clusters": 8,
        "n_pairs": 16,
        "mean_delta": 0.19005497959759185,
        "ci95_low": 0.13714336219972975,
        "ci95_high": 0.24360577646617929,
        "p_delta_le_0": 0.0
      },
      "cluster_field": "source_scenario_id"
    },
    "persona_consistency": {
      "n": 16,
      "mean_delta": 0.14076342326923724,
      "ci95_low": 0.07616341991341992,
      "ci95_high": 0.19249104059699992,
      "p_delta_le_0": 0.0,
      "cluster_bootstrap": {
        "n_clusters": 8,
        "n_pairs": 16,
        "mean_delta": 0.14076342326923724,
        "ci95_low": 0.06146153846153847,
        "ci95_high": 0.19775173543695146,
        "p_delta_le_0": 0.0006666666666666666
      },
      "cluster_field": "source_scenario_id"
    },
    "naturalness": {
      "n": 16,
      "mean_delta": 0.08295219705705328,
      "ci95_low": 0.022532388748684063,
      "ci95_high": 0.13648206030885002,
      "p_delta_le_0": 0.0026666666666666666,
      "cluster_bootstrap": {
        "n_clusters": 8,
        "n_pairs": 16,
        "mean_delta": 0.08295219705705328,
        "ci95_low": 0.0065110807730132175,
        "ci95_high": 0.1567628807787511,
        "p_delta_le_0": 0.015333333333333332
      },
      "cluster_field": "source_scenario_id"
    },
    "context_keyword_coverage": {
      "n": 16,
      "mean_delta": 0.24668560606060605,
      "ci95_low": 0.1321022727272727,
      "ci95_high": 0.3371212121212121,
      "p_delta_le_0": 0.0,
      "cluster_bootstrap": {
        "n_clusters": 8,
        "n_pairs": 16,
        "mean_delta": 0.24668560606060605,
        "ci95_low": 0.18315508021390373,
        "ci95_high": 0.3116883116883117,
        "p_delta_le_0": 0.0
      },
      "cluster_field": "source_scenario_id"
    },
    "context_overlap": {
      "n": 16,
      "mean_delta": 0.0579168511838921,
      "ci95_low": 0.031381732443742545,
      "ci95_high": 0.09083667691235968,
      "p_delta_le_0": 0.0,
      "cluster_bootstrap": {
        "n_clusters": 8,
        "n_pairs": 16,
        "mean_delta": 0.0579168511838921,
        "ci95_low": 0.02706154980488535,
        "ci95_high": 0.08951584585874874,
        "p_delta_le_0": 0.0
      },
      "cluster_field": "source_scenario_id"
    },