{
  "proposed_contextual_controlled": {
    "sample_count": 16,
    "context_relevance": {
      "n": 16,
      "mean": 0.2753958565774977,
      "median": 0.2414978699461458,
      "p95": 0.4356158097793307,
      "ci95_low": 0.22881203704957556,
      "ci95_high": 0.3212629353365627
    },
    "persona_consistency": {
      "n": 16,
      "mean": 0.29477597402597405,
      "median": 0.2926666666666667,
      "p95": 0.4365800865800866,
      "ci95_low": 0.24868841991341992,
      "ci95_high": 0.3381486742424243
    },
    "naturalness": {
      "n": 16,
      "mean": 0.8992131493651129,
      "median": 0.9262634408602151,
      "p95": 0.9772972972972973,
      "ci95_low": 0.8596404660311203,
      "ci95_high": 0.9333921130146166
    },
    "context_keyword_coverage": {
      "n": 16,
      "mean": 0.34517045454545453,
      "median": 0.303030303030303,
      "p95": 0.5549242424242424,
      "ci95_low": 0.28739346590909093,
      "ci95_high": 0.4020004734848484
    },
    "context_overlap": {
      "n": 16,
      "mean": 0.11258846131893191,
      "median": 0.08547632963179427,
      "p95": 0.20313127258129265,
      "ci95_low": 0.0908510984784436,
      "ci95_high": 0.14216708579926143
    },
    "persona_keyword_coverage": {
      "n": 16,
      "mean": 0.21071428571428572,
      "median": 0.2,
      "p95": 0.3333333333333333,
      "ci95_low": 0.16783482142857142,
      "ci95_high": 0.2505952380952381
    },
    "persona_style": {
      "n": 16,
      "mean": 0.6310227272727272,
      "median": 0.5,
      "p95": 1.0,
      "ci95_low": 0.4687026515151515,
      "ci95_high": 0.7774621212121212
    },
    "distinct1": {
      "n": 16,
      "mean": 0.9425641234127822,
      "median": 0.936491935483871,
      "p95": 1.0,
      "ci95_low": 0.9270072004994039,
      "ci95_high": 0.9595148775719073
    },
    "length_score": {
      "n": 16,
      "mean": 0.64375,
      "median": 0.7666666666666666,
      "p95": 0.9666666666666667,
      "ci95_low": 0.48125,
      "ci95_high": 0.7895833333333333
    },
    "sentence_score": {
      "n": 16,
      "mean": 0.934375,
      "median": 1.0,
      "p95": 1.0,
      "ci95_low": 0.86875,
      "ci95_high": 1.0
    },
    "overall_quality": {
      "n": 16,
      "mean": 0.4076744239552076,
      "median": 0.39933939386272055,
      "p95": 0.47403234608202505,
      "ci95_low": 0.3847419073427498,
      "ci95_high": 0.43088962556965277
    },
    "metrics": [
      "context_relevance",
      "persona_consistency",
      "naturalness",
      "context_keyword_coverage",
      "context_overlap",
      "persona_keyword_coverage",
      "persona_style",
      "distinct1",
      "length_score",
      "sentence_score",
      "overall_quality"
    ]
  },
  "proposed_contextual": {
    "sample_count": 16,
    "context_relevance": {
      "n": 16,
      "mean": 0.08534087697990587,
      "median": 0.015425181278839815,
      "p95": 0.3715527854210634,
      "ci95_low": 0.027745720065723973,
      "ci95_high": 0.15563770141714162
    },
    "persona_consistency": {
      "n": 16,
      "mean": 0.1540125507567368,
      "median": 0.1,
      "p95": 0.38571428571428573,
      "ci95_low": 0.10474709302325583,
      "ci95_high": 0.21377304817275747
    },
    "naturalness": {
      "n": 16,
      "mean": 0.8162609523080596,
      "median": 0.7758333333333334,
      "p95": 0.9576065891472869,
      "ci95_low": 0.7802161458333333,
      "ci95_high": 0.854378026024879
    },
    "context_keyword_coverage": {
      "n": 16,
      "mean": 0.09848484848484848,
      "median": 0.0,
      "p95": 0.4867424242424242,
      "ci95_low": 0.021780303030303032,
      "ci95_high": 0.19412878787878787
    },
    "context_overlap": {
      "n": 16,
      "mean": 0.0546716101350398,
      "median": 0.04819976771196283,
      "p95": 0.10277696150455481,
      "ci95_low": 0.043546694767649836,
      "ci95_high": 0.067739905917947
    },
    "persona_keyword_coverage": {
      "n": 16,
      "mean": 0.047619047619047616,
      "median": 0.0,
      "p95": 0.35714285714285715,
      "ci95_low": 0.0,
      "ci95_high": 0.11607142857142856
    },
    "persona_style": {
      "n": 16,
      "mean": 0.5795865633074936,
      "median": 0.5,
      "p95": 1.0,
      "ci95_low": 0.46875,
      "ci95_high": 0.6969476744186046
    },
    "distinct1": {
      "n": 16,
      "mean": 0.9497669641034824,
      "median": 0.9449908925318762,
      "p95": 1.0,
      "ci95_low": 0.9312679285227417,
      "ci95_high": 0.9692043965315564
    },
    "length_score": {
      "n": 16,
      "mean": 0.3020833333333333,
      "median": 0.09999999999999998,
      "p95": 0.8666666666666667,
      "ci95_low": 0.16041666666666665,
      "ci95_high": 0.4521354166666664
    },
    "sentence_score": {
      "n": 16,
      "mean": 0.759375,
      "median": 0.65,
      "p95": 1.0,
      "ci95_low": 0.69375,
      "ci95_high": 0.846875
    },
    "overall_quality": {
      "n": 16,
      "mean": 0.25091460213732986,
      "median": 0.215215832111181,
      "p95": 0.43435663825014004,
      "ci95_low": 0.21182334600922575,
      "ci95_high": 0.2968287429651576
    },
    "metrics": [
      "context_relevance",
      "persona_consistency",
      "naturalness",
      "context_keyword_coverage",
      "context_overlap",
      "persona_keyword_coverage",
      "persona_style",
      "distinct1",
      "length_score",
      "sentence_score",
      "overall_quality"
    ]
  },
  "candidate_no_context": {
    "sample_count": 16,
    "context_relevance": {
      "n": 16,
      "mean": 0.03295445761427801,
      "median": 0.014119601328903653,
      "p95": 0.13910984848484848,
      "ci95_low": 0.013471888076999556,
      "ci95_high": 0.05661099432685201
    },
    "persona_consistency": {
      "n": 16,
      "mean": 0.18654100529100529,
      "median": 0.12407407407407407,
      "p95": 0.5142857142857142,
      "ci95_low": 0.12095734126984128,
      "ci95_high": 0.2648867394179894
    },
    "naturalness": {
      "n": 16,
      "mean": 0.7940126469263311,
      "median": 0.7598254281949934,
      "p95": 0.8776666666666666,
      "ci95_low": 0.7685552744565105,
      "ci95_high": 0.8234112714909538
    },
    "context_keyword_coverage": {
      "n": 16,
      "mean": 0.026515151515151512,
      "median": 0.0,
      "p95": 0.16666666666666666,
      "ci95_low": 0.0,
      "ci95_high": 0.05776515151515151
    },
    "context_overlap": {
      "n": 16,
      "mean": 0.0479795051789065,
      "median": 0.0454780361757106,
      "p95": 0.08307210031347961,
      "ci95_low": 0.03811558482285711,
      "ci95_high": 0.058152567260593015
    },
    "persona_keyword_coverage": {
      "n": 16,
      "mean": 0.07589285714285714,
      "median": 0.0,
      "p95": 0.5178571428571428,
      "ci95_low": 0.0,
      "ci95_high": 0.17857142857142858
    },
    "persona_style": {
      "n": 16,
      "mean": 0.6291335978835979,
      "median": 0.5,
      "p95": 1.0,
      "ci95_low": 0.4999710648148148,
      "ci95_high": 0.7595279431216926
    },
    "distinct1": {
      "n": 16,
      "mean": 0.9290831524035472,
      "median": 0.9090909090909091,
      "p95": 0.9870689655172413,
      "ci95_low": 0.9141765411054561,
      "ci95_high": 0.9449752153212959
    },
    "length_score": {
      "n": 16,
      "mean": 0.22291666666666665,
      "median": 0.09999999999999998,
      "p95": 0.5666666666666667,
      "ci95_low": 0.14369791666666668,
      "ci95_high": 0.3104166666666667
    },
    "sentence_score": {
      "n": 16,
      "mean": 0.78125,
      "median": 0.65,
      "p95": 1.0,
      "ci95_low": 0.69375,
      "ci95_high": 0.86875
    },
    "overall_quality": {
      "n": 16,
      "mean": 0.23330321926349148,
      "median": 0.21194924242424246,
      "p95": 0.34522417537056244,
      "ci95_low": 0.2055630039522749,
      "ci95_high": 0.2647353295327791
    },