{
  "proposed_vs_candidate_no_context": {
    "context_relevance": {
      "n": 16,
      "wins": 7,
      "losses": 4,
      "ties": 5,
      "soft_win_rate": {
        "n": 16,
        "mean": 0.59375,
        "median": 0.5,
        "p95": 1.0,
        "ci95_low": 0.40625,
        "ci95_high": 0.78125
      },
      "strict_non_tie_win_rate": {
        "n": 11,
        "mean": 0.6363636363636364,
        "median": 1.0,
        "p95": 1.0,
        "ci95_low": 0.36363636363636365,
        "ci95_high": 0.9090909090909091
      }
    },
    "persona_consistency": {
      "n": 16,
      "wins": 1,
      "losses": 6,
      "ties": 9,
      "soft_win_rate": {
        "n": 16,
        "mean": 0.34375,
        "median": 0.5,
        "p95": 0.625,
        "ci95_low": 0.21875,
        "ci95_high": 0.46875
      },
      "strict_non_tie_win_rate": {
        "n": 7,
        "mean": 0.14285714285714285,
        "median": 0.0,
        "p95": 0.6999999999999993,
        "ci95_low": 0.0,
        "ci95_high": 0.42857142857142855
      }
    },
    "naturalness": {
      "n": 16,
      "wins": 7,
      "losses": 4,
      "ties": 5,
      "soft_win_rate": {
        "n": 16,
        "mean": 0.59375,
        "median": 0.5,
        "p95": 1.0,
        "ci95_low": 0.40625,
        "ci95_high": 0.78125
      },
      "strict_non_tie_win_rate": {
        "n": 11,
        "mean": 0.6363636363636364,
        "median": 1.0,
        "p95": 1.0,
        "ci95_low": 0.36363636363636365,
        "ci95_high": 0.9090909090909091
      }
    },
    "context_keyword_coverage": {
      "n": 16,
      "wins": 4,
      "losses": 2,
      "ties": 10,
      "soft_win_rate": {
        "n": 16,
        "mean": 0.5625,
        "median": 0.5,
        "p95": 1.0,
        "ci95_low": 0.4375,
        "ci95_high": 0.6875
      },
      "strict_non_tie_win_rate": {
        "n": 6,
        "mean": 0.6666666666666666,
        "median": 1.0,
        "p95": 1.0,
        "ci95_low": 0.3333333333333333,
        "ci95_high": 1.0
      }
    },
    "context_overlap": {
      "n": 16,
      "wins": 6,
      "losses": 5,
      "ties": 5,
      "soft_win_rate": {
        "n": 16,
        "mean": 0.53125,
        "median": 0.5,
        "p95": 1.0,
        "ci95_low": 0.34375,
        "ci95_high": 0.71875
      },
      "strict_non_tie_win_rate": {
        "n": 11,
        "mean": 0.5454545454545454,
        "median": 1.0,
        "p95": 1.0,
        "ci95_low": 0.2727272727272727,
        "ci95_high": 0.8181818181818182
      }
    },
    "persona_keyword_coverage": {
      "n": 16,
      "wins": 0,
      "losses": 3,
      "ties": 13,
      "soft_win_rate": {
        "n": 16,
        "mean": 0.40625,
        "median": 0.5,
        "p95": 0.5,
        "ci95_low": 0.3125,
        "ci95_high": 0.5
      },
      "strict_non_tie_win_rate": {
        "n": 3,
        "mean": 0.0,
        "median": 0.0,
        "p95": 0.0,
        "ci95_low": 0.0,
        "ci95_high": 0.0
      }
    },
    "persona_style": {
      "n": 16,
      "wins": 1,
      "losses": 3,
      "ties": 12,
      "soft_win_rate": {
        "n": 16,
        "mean": 0.4375,
        "median": 0.5,
        "p95": 0.625,
        "ci95_low": 0.3125,
        "ci95_high": 0.5625
      },
      "strict_non_tie_win_rate": {
        "n": 4,
        "mean": 0.25,
        "median": 0.0,
        "p95": 0.8499999999999996,
        "ci95_low": 0.0,
        "ci95_high": 0.75
      }
    },
    "distinct1": {
      "n": 16,
      "wins": 7,
      "losses": 3,
      "ties": 6,
      "soft_win_rate": {
        "n": 16,
        "mean": 0.625,
        "median": 0.5,
        "p95": 1.0,
        "ci95_low": 0.4375,
        "ci95_high": 0.8125
      },
      "strict_non_tie_win_rate": {
        "n": 10,
        "mean": 0.7,
        "median": 1.0,
        "p95": 1.0,
        "ci95_low": 0.4,
        "ci95_high": 1.0
      }
    },
    "length_score": {
      "n": 16,
      "wins": 6,
      "losses": 4,
      "ties": 6,
      "soft_win_rate": {
        "n": 16,
        "mean": 0.5625,
        "median": 0.5,
        "p95": 1.0,
        "ci95_low": 0.375,
        "ci95_high": 0.75
      },
      "strict_non_tie_win_rate": {
        "n": 10,
        "mean": 0.6,
        "median": 1.0,
        "p95": 1.0,
        "ci95_low": 0.3,
        "ci95_high": 0.9
      }
    },
    "sentence_score": {
      "n": 16,
      "wins": 1,
      "losses": 2,
      "ties": 13,
      "soft_win_rate": {
        "n": 16,
        "mean": 0.46875,
        "median": 0.5,
        "p95": 0.625,
        "ci95_low": 0.375,
        "ci95_high": 0.5625
      },
      "strict_non_tie_win_rate": {
        "n": 3,
        "mean": 0.3333333333333333,
        "median": 0.0,
        "p95": 0.8999999999999999,
        "ci95_low": 0.0,
        "ci95_high": 1.0
      }
    },
    "overall_quality": {
      "n": 16,
      "wins": 4,
      "losses": 7,
      "ties": 5,
      "soft_win_rate": {
        "n": 16,
        "mean": 0.40625,
        "median": 0.5,
        "p95": 1.0,
        "ci95_low": 0.21875,
        "ci95_high": 0.59375
      },
      "strict_non_tie_win_rate": {
        "n": 11,
        "mean": 0.36363636363636365,
        "median": 0.0,
        "p95": 1.0,
        "ci95_low": 0.09090909090909091,
        "ci95_high": 0.6363636363636364
      }
    }
  },
  "controlled_vs_proposed_raw": {
    "context_relevance": {
      "n": 16,
      "wins": 15,
      "losses": 1,
      "ties": 0,
      "soft_win_rate": {
        "n": 16,
        "mean": 0.9375,
        "median": 1.0,
        "p95": 1.0,
        "ci95_low": 0.8125,
        "ci95_high": 1.0
      },
      "strict_non_tie_win_rate": {
        "n": 16,
        "mean": 0.9375,
        "median": 1.0,
        "p95": 1.0,
        "ci95_low": 0.8125,
        "ci95_high": 1.0
      }
    },
    "persona_consistency": {
      "n": 16,
      "wins": 13,
      "losses": 1,
      "ties": 2,
      "soft_win_rate": {
        "n": 16,
        "mean": 0.875,
        "median": 1.0,
        "p95": 1.0,
        "ci95_low": 0.71875,
        "ci95_high": 1.0
      },
      "strict_non_tie_win_rate": {
        "n": 14,
        "mean": 0.9285714285714286,
        "median": 1.0,
        "p95": 1.0,
        "ci95_low": 0.7857142857142857,
        "ci95_high": 1.0
      }
    },
    "naturalness": {
      "n": 16,
      "wins": 13,
      "losses": 3,
      "ties": 0,
      "soft_win_rate": {
        "n": 16,
        "mean": 0.8125,
        "median": 1.0,
        "p95": 1.0,
        "ci95_low": 0.625,
        "ci95_high": 1.0
      },
      "strict_non_tie_win_rate": {
        "n": 16,
        "mean": 0.8125,
        "median": 1.0,
        "p95": 1.0,
        "ci95_low": 0.625,
        "ci95_high": 1.0
      }
    },
    "context_keyword_coverage": {
      "n": 16,
      "wins": 14,
      "losses": 1,
      "ties": 1,
      "soft_win_rate": {
        "n": 16,
        "mean": 0.90625,
        "median": 1.0,
        "p95": 1.0,
        "ci95_low": 0.75,
        "ci95_high": 1.0
      },
      "strict_non_tie_win_rate": {
        "n": 15,
        "mean": 0.9333333333333333,
        "median": 1.0,
        "p95": 1.0,
        "ci95_low": 0.8,
        "ci95_high": 1.0
      }
    },
    "context_overlap": {
      "n": 16,
      "wins": 15,
      "losses": 1,
      "ties": 0,
      "soft_win_rate": {
        "n": 16,
        "mean": 0.9375,
        "median": 1.0,
        "p95": 1.0,
        "ci95_low": 0.8125,
        "ci95_high": 1.0
      },
      "strict_non_tie_win_rate": {
        "n": 16,
        "mean": 0.9375,
        "median": 1.0,
        "p95": 1.0,
        "ci95_low": 0.8125,
        "ci95_high": 1.0
      }
    },
    "persona_keyword_coverage": {
      "n": 16,
      "wins": 13,
      "losses": 1,
      "ties": 2,
      "soft_win_rate": {
        "n": 16,
        "mean": 0.875,
        "median": 1.0,
        "p95": 1.0,
        "ci95_low": 0.71875,
        "ci95_high": 1.0
      },
      "strict_non_tie_win_rate": {
        "n": 14,
        "mean": 0.9285714285714286,