{
  "proposed_contextual_controlled": {
    "sample_count": 40,
    "context_relevance": {
      "n": 40,
      "mean": 0.30067965799887925,
      "median": 0.28907977811028795,
      "p95": 0.4526119355470663,
      "ci95_low": 0.27507050998224125,
      "ci95_high": 0.32762305753410353
    },
    "persona_consistency": {
      "n": 40,
      "mean": 0.37739880952380955,
      "median": 0.3380952380952381,
      "p95": 0.6149999999999993,
      "ci95_low": 0.33156636904761905,
      "ci95_high": 0.43231086309523803
    },
    "naturalness": {
      "n": 40,
      "mean": 0.8570831712412689,
      "median": 0.8783333333333334,
      "p95": 0.9717117117117117,
      "ci95_low": 0.8299550958328406,
      "ci95_high": 0.8841659361449803
    },
    "context_keyword_coverage": {
      "n": 40,
      "mean": 0.37958333333333333,
      "median": 0.36363636363636365,
      "p95": 0.5841666666666666,
      "ci95_low": 0.3434034090909091,
      "ci95_high": 0.4166666666666667
    },
    "context_overlap": {
      "n": 40,
      "mean": 0.11657108221848653,
      "median": 0.1088888888888889,
      "p95": 0.21311475409836064,
      "ci95_low": 0.10282091341461547,
      "ci95_high": 0.131781110815249
    },
    "persona_keyword_coverage": {
      "n": 40,
      "mean": 0.3269047619047619,
      "median": 0.24285714285714285,
      "p95": 0.7285714285714278,
      "ci95_low": 0.267375,
      "ci95_high": 0.38929166666666665
    },
    "persona_style": {
      "n": 40,
      "mean": 0.579375,
      "median": 0.5,
      "p95": 1.0,
      "ci95_low": 0.479375,
      "ci95_high": 0.6752135416666666
    },
    "distinct1": {
      "n": 40,
      "mean": 0.9213478652100905,
      "median": 0.9354838709677419,
      "p95": 1.0,
      "ci95_low": 0.9038969223702887,
      "ci95_high": 0.9362166379983127
    },
    "length_score": {
      "n": 40,
      "mean": 0.4883333333333334,
      "median": 0.6333333333333333,
      "p95": 0.9666666666666667,
      "ci95_low": 0.37833333333333335,
      "ci95_high": 0.6008333333333333
    },
    "sentence_score": {
      "n": 40,
      "mean": 0.93,
      "median": 1.0,
      "p95": 1.0,
      "ci95_low": 0.8862500000000001,
      "ci95_high": 0.9737500000000001
    },
    "bertscore_f1": {
      "n": 40,
      "mean": 0.07420765487768222,
      "median": 0.07462294772267342,
      "p95": 0.1505436733365059,
      "ci95_low": 0.05669673274671368,
      "ci95_high": 0.09141138978651724
    },
    "overall_quality": {
      "n": 40,
      "mean": 0.4019933701417474,
      "median": 0.3896108024286581,
      "p95": 0.5225376979400239,
      "ci95_low": 0.3832841656882148,
      "ci95_high": 0.421812964595148
    },
    "metrics": [
      "context_relevance",
      "persona_consistency",
      "naturalness",
      "context_keyword_coverage",
      "context_overlap",
      "persona_keyword_coverage",
      "persona_style",
      "distinct1",
      "length_score",
      "sentence_score",
      "bertscore_f1",
      "overall_quality"
    ]
  },
  "proposed_contextual": {
    "sample_count": 40,
    "context_relevance": {
      "n": 40,
      "mean": 0.08049625097901818,
      "median": 0.0158004158004158,
      "p95": 0.27041577714522896,
      "ci95_low": 0.04810862276482955,
      "ci95_high": 0.11973774984098211
    },
    "persona_consistency": {
      "n": 40,
      "mean": 0.1653869047619048,
      "median": 0.1,
      "p95": 0.5739285714285715,
      "ci95_low": 0.11912946428571429,
      "ci95_high": 0.22045126488095235
    },
    "naturalness": {
      "n": 40,
      "mean": 0.8011312664249228,
      "median": 0.7574167733674775,
      "p95": 0.9389296066252588,
      "ci95_low": 0.7811582583659182,
      "ci95_high": 0.8225819330552473
    },
    "context_keyword_coverage": {
      "n": 40,
      "mean": 0.09287878787878788,
      "median": 0.0,
      "p95": 0.339393939393939,
      "ci95_low": 0.05075,
      "ci95_high": 0.1431818181818182
    },
    "context_overlap": {
      "n": 40,
      "mean": 0.051603664879555554,
      "median": 0.047619047619047616,
      "p95": 0.11092777085927763,
      "ci95_low": 0.040606523144638626,
      "ci95_high": 0.0646791836480499
    },
    "persona_keyword_coverage": {
      "n": 40,
      "mean": 0.08095238095238096,
      "median": 0.0,
      "p95": 0.7142857142857143,
      "ci95_low": 0.025595238095238095,
      "ci95_high": 0.1505952380952381
    },
    "persona_style": {
      "n": 40,
      "mean": 0.503125,
      "median": 0.5,
      "p95": 1.0,
      "ci95_low": 0.4028645833333333,
      "ci95_high": 0.6015625
    },
    "distinct1": {
      "n": 40,
      "mean": 0.9402239993956405,
      "median": 0.9090909090909091,
      "p95": 1.0,
      "ci95_low": 0.9288375268670847,
      "ci95_high": 0.9521570736390524
    },
    "length_score": {
      "n": 40,
      "mean": 0.26083333333333336,
      "median": 0.09999999999999998,
      "p95": 0.8683333333333333,
      "ci95_low": 0.18583333333333332,
      "ci95_high": 0.3458333333333333
    },
    "sentence_score": {
      "n": 40,
      "mean": 0.72875,
      "median": 0.65,
      "p95": 1.0,
      "ci95_low": 0.685,
      "ci95_high": 0.7725000000000001
    },
    "bertscore_f1": {
      "n": 40,
      "mean": 0.06768570659914985,
      "median": 0.05141844041645527,
      "p95": 0.19155163690447796,
      "ci95_low": 0.04954209506395273,
      "ci95_high": 0.08578786391473836
    },
    "overall_quality": {
      "n": 40,
      "mean": 0.23260717440572592,
      "median": 0.19179589826427398,
      "p95": 0.42565922561656755,
      "ci95_low": 0.20251268042508397,
      "ci95_high": 0.26844900543222855
    },
    "metrics": [
      "context_relevance",
      "persona_consistency",
      "naturalness",
      "context_keyword_coverage",
      "context_overlap",
      "persona_keyword_coverage",
      "persona_style",
      "distinct1",
      "length_score",
      "sentence_score",
      "bertscore_f1",
      "overall_quality"
    ]
  },
  "candidate_no_context": {
    "sample_count": 40,
    "context_relevance": {
      "n": 40,
      "mean": 0.02658711704614647,
      "median": 0.014065934065934066,
      "p95": 0.14296344892221177,
      "ci95_low": 0.014117745147959054,
      "ci95_high": 0.042247749937745056
    },
    "persona_consistency": {
      "n": 40,
      "mean": 0.16385283567239212,
      "median": 0.1,
      "p95": 0.47190476190476166,
      "ci95_low": 0.12116506892804776,
      "ci95_high": 0.2152278744021435
    },
    "naturalness": {
      "n": 40,
      "mean": 0.8076530708071783,
      "median": 0.7486363636363635,
      "p95": 0.9619187675070028,
      "ci95_low": 0.7831463193500857,
      "ci95_high": 0.8349916091654175
    },
    "context_keyword_coverage": {
      "n": 40,
      "mean": 0.021136363636363637,
      "median": 0.0,
      "p95": 0.18181818181818182,
      "ci95_low": 0.004545454545454545,
      "ci95_high": 0.042289772727272634
    },
    "context_overlap": {
      "n": 40,
      "mean": 0.03930554166897308,
      "median": 0.04385403329065301,
      "p95": 0.059215686274509786,
      "ci95_low": 0.03482491060588489,
      "ci95_high": 0.04365438330511092
    },
    "persona_keyword_coverage": {
      "n": 40,
      "mean": 0.08273809523809524,
      "median": 0.0,
      "p95": 0.44285714285714206,
      "ci95_low": 0.02976190476190476,
      "ci95_high": 0.14404761904761904
    },
    "persona_style": {
      "n": 40,
      "mean": 0.48831179740957964,
      "median": 0.5,
      "p95": 1.0,
      "ci95_low": 0.39062373991935484,
      "ci95_high": 0.5856679763868524
    },
    "distinct1": {
      "n": 40,
      "mean": 0.9352785103512791,
      "median": 0.9090909090909091,
      "p95": 1.0,
      "ci95_low": 0.9251613139966017,
      "ci95_high": 0.9462374616982756
    },
    "length_score": {
      "n": 40,
      "mean": 0.28583333333333333,
      "median": 0.09999999999999998,
      "p95": 0.8683333333333333,
      "ci95_low": 0.19414583333333332,