{
  "proposed_vs_candidate_no_context": {
    "context_relevance": {
      "target_mean": 0.07317977586841325,
      "baseline_mean": 0.03247478689303355,
      "absolute_delta": 0.0407049889753797,
      "relative_delta": 1.2534335978694808
    },
    "persona_consistency": {
      "target_mean": 0.16666666666666666,
      "baseline_mean": 0.17460317460317462,
      "absolute_delta": -0.007936507936507964,
      "relative_delta": -0.04545454545454561
    },
    "naturalness": {
      "target_mean": 0.8249130745141383,
      "baseline_mean": 0.8082515405628613,
      "absolute_delta": 0.016661533951277008,
      "relative_delta": 0.020614292847093145
    },
    "context_keyword_coverage": {
      "target_mean": 0.08333333333333333,
      "baseline_mean": 0.030303030303030304,
      "absolute_delta": 0.053030303030303025,
      "relative_delta": 1.7499999999999998
    },
    "context_overlap": {
      "target_mean": 0.04948814178359976,
      "baseline_mean": 0.03754221893637447,
      "absolute_delta": 0.011945922847225288,
      "relative_delta": 0.31819970118098007
    },
    "persona_keyword_coverage": {
      "target_mean": 0.041666666666666664,
      "baseline_mean": 0.05158730158730159,
      "absolute_delta": -0.009920634920634927,
      "relative_delta": -0.19230769230769243
    },
    "persona_style": {
      "target_mean": 0.6666666666666666,
      "baseline_mean": 0.6666666666666666,
      "absolute_delta": 0.0,
      "relative_delta": 0.0
    },
    "distinct1": {
      "target_mean": 0.956379908507568,
      "baseline_mean": 0.9407677402960423,
      "absolute_delta": 0.015612168211525779,
      "relative_delta": 0.016595135592779697
    },
    "length_score": {
      "target_mean": 0.37222222222222223,
      "baseline_mean": 0.3055555555555555,
      "absolute_delta": 0.06666666666666671,
      "relative_delta": 0.21818181818181834
    },
    "sentence_score": {
      "target_mean": 0.6791666666666667,
      "baseline_mean": 0.7083333333333334,
      "absolute_delta": -0.029166666666666674,
      "relative_delta": -0.0411764705882353
    },
    "overall_quality": {
      "target_mean": 0.25049400088212315,
      "baseline_mean": 0.2312416642944973,
      "absolute_delta": 0.019252336587625846,
      "relative_delta": 0.08325634848877007
    }
  },
  "controlled_vs_proposed_raw": {
    "context_relevance": {
      "target_mean": 0.25912649269366617,
      "baseline_mean": 0.07317977586841325,
      "absolute_delta": 0.18594671682525293,
      "relative_delta": 2.540957725254711
    },
    "persona_consistency": {
      "target_mean": 0.3321031746031746,
      "baseline_mean": 0.16666666666666666,
      "absolute_delta": 0.16543650793650796,
      "relative_delta": 0.9926190476190478
    },
    "naturalness": {
      "target_mean": 0.8773007701063577,
      "baseline_mean": 0.8249130745141383,
      "absolute_delta": 0.05238769559221934,
      "relative_delta": 0.0635069284397934
    },
    "context_keyword_coverage": {
      "target_mean": 0.32575757575757575,
      "baseline_mean": 0.08333333333333333,
      "absolute_delta": 0.24242424242424243,
      "relative_delta": 2.909090909090909
    },
    "context_overlap": {
      "target_mean": 0.10365396554454381,
      "baseline_mean": 0.04948814178359976,
      "absolute_delta": 0.05416582376094405,
      "relative_delta": 1.0945212693133382
    },
    "persona_keyword_coverage": {
      "target_mean": 0.2515873015873016,
      "baseline_mean": 0.041666666666666664,
      "absolute_delta": 0.20992063492063492,
      "relative_delta": 5.038095238095239
    },
    "persona_style": {
      "target_mean": 0.6541666666666667,
      "baseline_mean": 0.6666666666666666,
      "absolute_delta": -0.012499999999999956,
      "relative_delta": -0.018749999999999933
    },
    "distinct1": {
      "target_mean": 0.947765814154783,
      "baseline_mean": 0.956379908507568,
      "absolute_delta": -0.00861409435278504,
      "relative_delta": -0.00900697962823931
    },
    "length_score": {
      "target_mean": 0.5055555555555555,
      "baseline_mean": 0.37222222222222223,
      "absolute_delta": 0.1333333333333333,
      "relative_delta": 0.3582089552238805
    },
    "sentence_score": {
      "target_mean": 0.9708333333333333,
      "baseline_mean": 0.6791666666666667,
      "absolute_delta": 0.29166666666666663,
      "relative_delta": 0.4294478527607361
    },
    "overall_quality": {
      "target_mean": 0.40953248792778796,
      "baseline_mean": 0.25049400088212315,
      "absolute_delta": 0.1590384870456648,
      "relative_delta": 0.6348993847581393
    }
  },
  "controlled_vs_candidate_no_context": {
    "context_relevance": {
      "target_mean": 0.25912649269366617,
      "baseline_mean": 0.03247478689303355,
      "absolute_delta": 0.22665170580063262,
      "relative_delta": 6.979313106724456
    },
    "persona_consistency": {
      "target_mean": 0.3321031746031746,
      "baseline_mean": 0.17460317460317462,
      "absolute_delta": 0.1575,
      "relative_delta": 0.9020454545454545
    },
    "naturalness": {
      "target_mean": 0.8773007701063577,
      "baseline_mean": 0.8082515405628613,
      "absolute_delta": 0.06904922954349635,
      "relative_delta": 0.08543037170756383
    },
    "context_keyword_coverage": {
      "target_mean": 0.32575757575757575,
      "baseline_mean": 0.030303030303030304,
      "absolute_delta": 0.2954545454545454,
      "relative_delta": 9.749999999999998
    },
    "context_overlap": {
      "target_mean": 0.10365396554454381,
      "baseline_mean": 0.03754221893637447,
      "absolute_delta": 0.06611174660816935,
      "relative_delta": 1.7609973113260495
    },
    "persona_keyword_coverage": {
      "target_mean": 0.2515873015873016,
      "baseline_mean": 0.05158730158730159,
      "absolute_delta": 0.19999999999999998,
      "relative_delta": 3.8769230769230765
    },
    "persona_style": {
      "target_mean": 0.6541666666666667,
      "baseline_mean": 0.6666666666666666,
      "absolute_delta": -0.012499999999999956,
      "relative_delta": -0.018749999999999933
    },
    "distinct1": {
      "target_mean": 0.947765814154783,
      "baseline_mean": 0.9407677402960423,
      "absolute_delta": 0.006998073858740739,
      "relative_delta": 0.007438683916328353
    },
    "length_score": {
      "target_mean": 0.5055555555555555,
      "baseline_mean": 0.3055555555555555,
      "absolute_delta": 0.2,
      "relative_delta": 0.6545454545454547
    },
    "sentence_score": {
      "target_mean": 0.9708333333333333,
      "baseline_mean": 0.7083333333333334,
      "absolute_delta": 0.26249999999999996,
      "relative_delta": 0.37058823529411755
    },
    "overall_quality": {
      "target_mean": 0.40953248792778796,
      "baseline_mean": 0.2312416642944973,
      "absolute_delta": 0.17829082363329066,
      "relative_delta": 0.7710151376796388
    }
  },
  "controlled_alt_vs_controlled_default": {
    "context_relevance": {
      "target_mean": 0.27468441324802034,
      "baseline_mean": 0.25912649269366617,
      "absolute_delta": 0.015557920554354177,
      "relative_delta": 0.060039868531491375
    },
    "persona_consistency": {
      "target_mean": 0.297093253968254,
      "baseline_mean": 0.3321031746031746,
      "absolute_delta": -0.035009920634920644,
      "relative_delta": -0.1054188075038834
    },
    "naturalness": {
      "target_mean": 0.9040531367451395,
      "baseline_mean": 0.8773007701063577,
      "absolute_delta": 0.026752366638781888,
      "relative_delta": 0.03049395093490984
    },
    "context_keyword_coverage": {
      "target_mean": 0.3409090909090909,
      "baseline_mean": 0.32575757575757575,
      "absolute_delta": 0.015151515151515138,
      "relative_delta": 0.0465116279069767
    },
    "context_overlap": {
      "target_mean": 0.12016016537218917,
      "baseline_mean": 0.10365396554454381,
      "absolute_delta": 0.016506199827645354,
      "relative_delta": 0.15924330285802765
    },