{
  "proposed_contextual_controlled": {
    "sample_count": 12,
    "context_relevance": {
      "n": 12,
      "mean": 0.25912649269366617,
      "median": 0.2556943056943057,
      "p95": 0.4143012899262899,
      "ci95_low": 0.21100450296836762,
      "ci95_high": 0.3088699692695455
    },
    "persona_consistency": {
      "n": 12,
      "mean": 0.3321031746031746,
      "median": 0.31333333333333335,
      "p95": 0.48,
      "ci95_low": 0.2784920634920635,
      "ci95_high": 0.39108928571428564
    },
    "naturalness": {
      "n": 12,
      "mean": 0.8773007701063577,
      "median": 0.8886519607843137,
      "p95": 0.9604684684684686,
      "ci95_low": 0.8421203109334188,
      "ci95_high": 0.9125836797923493
    },
    "context_keyword_coverage": {
      "n": 12,
      "mean": 0.32575757575757575,
      "median": 0.3181818181818182,
      "p95": 0.5454545454545454,
      "ci95_low": 0.26515151515151514,
      "ci95_high": 0.393939393939394
    },
    "context_overlap": {
      "n": 12,
      "mean": 0.10365396554454381,
      "median": 0.09761904761904762,
      "p95": 0.13886198547215495,
      "ci95_low": 0.0912338608730371,
      "ci95_high": 0.11670884102037518
    },
    "persona_keyword_coverage": {
      "n": 12,
      "mean": 0.2515873015873016,
      "median": 0.24285714285714285,
      "p95": 0.3761904761904761,
      "ci95_low": 0.20912698412698413,
      "ci95_high": 0.2984126984126984
    },
    "persona_style": {
      "n": 12,
      "mean": 0.6541666666666667,
      "median": 0.5,
      "p95": 1.0,
      "ci95_low": 0.5416666666666666,
      "ci95_high": 0.7791666666666667
    },
    "distinct1": {
      "n": 12,
      "mean": 0.947765814154783,
      "median": 0.9447261663286004,
      "p95": 0.9814408233276157,
      "ci95_low": 0.9343380138950964,
      "ci95_high": 0.9612578326448714
    },
    "length_score": {
      "n": 12,
      "mean": 0.5055555555555555,
      "median": 0.5333333333333333,
      "p95": 0.8933333333333333,
      "ci95_low": 0.3333333333333333,
      "ci95_high": 0.6778472222222218
    },
    "sentence_score": {
      "n": 12,
      "mean": 0.9708333333333333,
      "median": 1.0,
      "p95": 1.0,
      "ci95_low": 0.9125,
      "ci95_high": 1.0
    },
    "overall_quality": {
      "n": 12,
      "mean": 0.40953248792778796,
      "median": 0.4090620046620048,
      "p95": 0.47830249398639246,
      "ci95_low": 0.3823441081621151,
      "ci95_high": 0.436662887742103
    },
    "metrics": [
      "context_relevance",
      "persona_consistency",
      "naturalness",
      "context_keyword_coverage",
      "context_overlap",
      "persona_keyword_coverage",
      "persona_style",
      "distinct1",
      "length_score",
      "sentence_score",
      "overall_quality"
    ]
  },
  "proposed_contextual_controlled_tuned": {
    "sample_count": 12,
    "context_relevance": {
      "n": 12,
      "mean": 0.27468441324802034,
      "median": 0.26550505050505047,
      "p95": 0.3838700384122918,
      "ci95_low": 0.2410919325641422,
      "ci95_high": 0.3236381637369366
    },
    "persona_consistency": {
      "n": 12,
      "mean": 0.297093253968254,
      "median": 0.24666666666666667,
      "p95": 0.5108035714285712,
      "ci95_low": 0.23134325396825395,
      "ci95_high": 0.37668998015873023
    },
    "naturalness": {
      "n": 12,
      "mean": 0.9040531367451395,
      "median": 0.9255816226783968,
      "p95": 0.9507387387387388,
      "ci95_low": 0.8722610317914539,
      "ci95_high": 0.9301507268553639
    },
    "context_keyword_coverage": {
      "n": 12,
      "mean": 0.3409090909090909,
      "median": 0.3181818181818182,
      "p95": 0.4863636363636362,
      "ci95_low": 0.29545454545454547,
      "ci95_high": 0.40151515151515155
    },
    "context_overlap": {
      "n": 12,
      "mean": 0.12016016537218917,
      "median": 0.12188328912466845,
      "p95": 0.16854460093896712,
      "ci95_low": 0.10484411870981744,
      "ci95_high": 0.1374877846474077
    },
    "persona_keyword_coverage": {
      "n": 12,
      "mean": 0.20912698412698413,
      "median": 0.16666666666666666,
      "p95": 0.4404761904761903,
      "ci95_low": 0.14365079365079364,
      "ci95_high": 0.2924603174603175
    },
    "persona_style": {
      "n": 12,
      "mean": 0.6489583333333333,
      "median": 0.5,
      "p95": 1.0,
      "ci95_low": 0.5395833333333333,
      "ci95_high": 0.7833333333333333
    },
    "distinct1": {
      "n": 12,
      "mean": 0.9241164277214345,
      "median": 0.9253685503685504,
      "p95": 0.9538095238095239,
      "ci95_low": 0.9132938787712229,
      "ci95_high": 0.936403105735661
    },
    "length_score": {
      "n": 12,
      "mean": 0.688888888888889,
      "median": 0.7833333333333333,
      "p95": 0.9116666666666666,
      "ci95_low": 0.533263888888889,
      "ci95_high": 0.8166666666666668
    },
    "sentence_score": {
      "n": 12,
      "mean": 0.9708333333333333,
      "median": 1.0,
      "p95": 1.0,
      "ci95_low": 0.9125,
      "ci95_high": 1.0
    },
    "overall_quality": {
      "n": 12,
      "mean": 0.4086453386291378,
      "median": 0.40084242424242433,
      "p95": 0.5068979695557717,
      "ci95_low": 0.3793954144053705,
      "ci95_high": 0.439565645166862
    },
    "metrics": [
      "context_relevance",
      "persona_consistency",
      "naturalness",
      "context_keyword_coverage",
      "context_overlap",
      "persona_keyword_coverage",
      "persona_style",
      "distinct1",
      "length_score",
      "sentence_score",
      "overall_quality"
    ]
  },
  "proposed_contextual": {
    "sample_count": 12,
    "context_relevance": {
      "n": 12,
      "mean": 0.07317977586841325,
      "median": 0.014634146341463414,
      "p95": 0.25225478468899515,
      "ci95_low": 0.02775819435775049,
      "ci95_high": 0.12745678031978327
    },
    "persona_consistency": {
      "n": 12,
      "mean": 0.16666666666666666,
      "median": 0.15000000000000002,
      "p95": 0.2933333333333332,
      "ci95_low": 0.125,
      "ci95_high": 0.2138888888888889
    },
    "naturalness": {
      "n": 12,
      "mean": 0.8249130745141383,
      "median": 0.8088095238095238,
      "p95": 0.920586879432624,
      "ci95_low": 0.783213924963925,
      "ci95_high": 0.8671818488839765
    },
    "context_keyword_coverage": {
      "n": 12,
      "mean": 0.08333333333333333,
      "median": 0.0,
      "p95": 0.3136363636363636,
      "ci95_low": 0.022727272727272724,
      "ci95_high": 0.1590909090909091
    },
    "context_overlap": {
      "n": 12,
      "mean": 0.04948814178359976,
      "median": 0.04103641456582633,
      "p95": 0.1090311004784689,
      "ci95_low": 0.03596656209909438,
      "ci95_high": 0.06783996381695402
    },
    "persona_keyword_coverage": {
      "n": 12,
      "mean": 0.041666666666666664,
      "median": 0.0,
      "p95": 0.24166666666666653,
      "ci95_low": 0.0,
      "ci95_high": 0.1111111111111111
    },
    "persona_style": {
      "n": 12,
      "mean": 0.6666666666666666,
      "median": 0.5,
      "p95": 1.0,
      "ci95_low": 0.5416666666666666,
      "ci95_high": 0.7916666666666666
    },
    "distinct1": {
      "n": 12,
      "mean": 0.956379908507568,
      "median": 0.9655521783181358,
      "p95": 1.0,
      "ci95_low": 0.9318795861349053,
      "ci95_high": 0.979177604310583
    },
    "length_score": {
      "n": 12,
      "mean": 0.37222222222222223,
      "median": 0.26666666666666666,
      "p95": 0.7333333333333334,
      "ci95_low": 0.22777777777777775,
      "ci95_high": 0.525
    },
    "sentence_score": {
      "n": 12,
      "mean": 0.6791666666666667,
      "median": 0.65,
      "p95": 0.8074999999999998,
      "ci95_low": 0.65,
      "ci95_high": 0.7374999999999999
    },
    "overall_quality": {
      "n": 12,
      "mean": 0.25049400088212315,
      "median": 0.23846137000254652,
      "p95": 0.3578472027263517,
      "ci95_low": 0.21752896508688083,
      "ci95_high": 0.28560625147221347
    },