{
  "proposed_vs_candidate_no_context": {
    "context_relevance": {
      "target_mean": 0.08751099331369971,
      "baseline_mean": 0.033787438204604815,
      "absolute_delta": 0.0537235551090949,
      "relative_delta": 1.5900452346746146
    },
    "persona_consistency": {
      "target_mean": 0.15454197938233263,
      "baseline_mean": 0.1733149029084369,
      "absolute_delta": -0.018772923526104268,
      "relative_delta": -0.10831684529761468
    },
    "naturalness": {
      "target_mean": 0.799881878739135,
      "baseline_mean": 0.8121127621320504,
      "absolute_delta": -0.012230883392915448,
      "relative_delta": -0.015060572820953518
    },
    "context_keyword_coverage": {
      "target_mean": 0.0996888528138528,
      "baseline_mean": 0.03115530303030303,
      "absolute_delta": 0.06853354978354977,
      "relative_delta": 2.199739470256187
    },
    "context_overlap": {
      "target_mean": 0.059095987813342514,
      "baseline_mean": 0.03992908694464232,
      "absolute_delta": 0.019166900868700196,
      "relative_delta": 0.4800235200788133
    },
    "persona_keyword_coverage": {
      "target_mean": 0.06577380952380953,
      "baseline_mean": 0.08979591836734693,
      "absolute_delta": -0.024022108843537407,
      "relative_delta": -0.26751893939393934
    },
    "persona_style": {
      "target_mean": 0.5096146588164251,
      "baseline_mean": 0.5073908410727966,
      "absolute_delta": 0.0022238177436284534,
      "relative_delta": 0.00438284959761305
    },
    "distinct1": {
      "target_mean": 0.9318847563716471,
      "baseline_mean": 0.9378711910444117,
      "absolute_delta": -0.005986434672764607,
      "relative_delta": -0.006383003049809136
    },
    "length_score": {
      "target_mean": 0.2565476190476191,
      "baseline_mean": 0.29732142857142857,
      "absolute_delta": -0.04077380952380949,
      "relative_delta": -0.13713713713713702
    },
    "sentence_score": {
      "target_mean": 0.759375,
      "baseline_mean": 0.775,
      "absolute_delta": -0.015625,
      "relative_delta": -0.020161290322580645
    },
    "bertscore_f1": {
      "target_mean": 0.07407078732960924,
      "baseline_mean": 0.0376865596821777,
      "absolute_delta": 0.036384227647431544,
      "relative_delta": 0.9654430639005227
    },
    "overall_quality": {
      "target_mean": 0.23211066378123582,
      "baseline_mean": 0.21461615975308138,
      "absolute_delta": 0.017494504028154445,
      "relative_delta": 0.08151531575386539
    }
  },
  "proposed_vs_baseline_no_context": {
    "context_relevance": {
      "target_mean": 0.08751099331369971,
      "baseline_mean": 0.05025846391096641,
      "absolute_delta": 0.037252529402733305,
      "relative_delta": 0.7412190207151316
    },
    "persona_consistency": {
      "target_mean": 0.15454197938233263,
      "baseline_mean": 0.1920328282828283,
      "absolute_delta": -0.03749084890049567,
      "relative_delta": -0.19523145722396323
    },
    "naturalness": {
      "target_mean": 0.799881878739135,
      "baseline_mean": 0.8867750931699395,
      "absolute_delta": -0.08689321443080456,
      "relative_delta": -0.09798788339914791
    },
    "context_keyword_coverage": {
      "target_mean": 0.0996888528138528,
      "baseline_mean": 0.05343614718614719,
      "absolute_delta": 0.04625270562770561,
      "relative_delta": 0.8655696202531641
    },
    "context_overlap": {
      "target_mean": 0.059095987813342514,
      "baseline_mean": 0.0428438696022113,
      "absolute_delta": 0.016252118211131213,
      "relative_delta": 0.3793335747220273
    },
    "persona_keyword_coverage": {
      "target_mean": 0.06577380952380953,
      "baseline_mean": 0.09247448979591837,
      "absolute_delta": -0.02670068027210884,
      "relative_delta": -0.288735632183908
    },
    "persona_style": {
      "target_mean": 0.5096146588164251,
      "baseline_mean": 0.5902661822304679,
      "absolute_delta": -0.0806515234140428,
      "relative_delta": -0.13663585318284865
    },
    "distinct1": {
      "target_mean": 0.9318847563716471,
      "baseline_mean": 0.9781085933144593,
      "absolute_delta": -0.04622383694281218,
      "relative_delta": -0.047258389568152315
    },
    "length_score": {
      "target_mean": 0.2565476190476191,
      "baseline_mean": 0.5428571428571428,
      "absolute_delta": -0.28630952380952374,
      "relative_delta": -0.5274122807017543
    },
    "sentence_score": {
      "target_mean": 0.759375,
      "baseline_mean": 0.8754464285714285,
      "absolute_delta": -0.11607142857142849,
      "relative_delta": -0.13258541560428344
    },
    "bertscore_f1": {
      "target_mean": 0.07407078732960924,
      "baseline_mean": 0.055916792802496014,
      "absolute_delta": 0.018153994527113228,
      "relative_delta": 0.3246608687167564
    },
    "overall_quality": {
      "target_mean": 0.23211066378123582,
      "baseline_mean": 0.2421545509812299,
      "absolute_delta": -0.010043887199994078,
      "relative_delta": -0.04147717711393584
    }
  },
  "controlled_vs_proposed_raw": {
    "context_relevance": {
      "target_mean": 0.23936883627288383,
      "baseline_mean": 0.08751099331369971,
      "absolute_delta": 0.15185784295918411,
      "relative_delta": 1.7353001858271788
    },
    "persona_consistency": {
      "target_mean": 0.36625,
      "baseline_mean": 0.15454197938233263,
      "absolute_delta": 0.2117080206176674,
      "relative_delta": 1.3699062317165456
    },
    "naturalness": {
      "target_mean": 0.9133048021533047,
      "baseline_mean": 0.799881878739135,
      "absolute_delta": 0.11342292341416971,
      "relative_delta": 0.14179959120084062
    },
    "context_keyword_coverage": {
      "target_mean": 0.30108225108225106,
      "baseline_mean": 0.0996888528138528,
      "absolute_delta": 0.20139339826839825,
      "relative_delta": 2.0202198398697244
    },
    "context_overlap": {
      "target_mean": 0.09537086838436028,
      "baseline_mean": 0.059095987813342514,
      "absolute_delta": 0.03627488057101776,
      "relative_delta": 0.6138298370710664
    },
    "persona_keyword_coverage": {
      "target_mean": 0.30892857142857144,
      "baseline_mean": 0.06577380952380953,
      "absolute_delta": 0.24315476190476193,
      "relative_delta": 3.6968325791855206
    },
    "persona_style": {
      "target_mean": 0.5955357142857143,
      "baseline_mean": 0.5096146588164251,
      "absolute_delta": 0.08592105546928919,
      "relative_delta": 0.1686000470803567
    },
    "distinct1": {
      "target_mean": 0.9389167672880233,
      "baseline_mean": 0.9318847563716471,
      "absolute_delta": 0.007032010916376175,
      "relative_delta": 0.007546009169369567
    },
    "length_score": {
      "target_mean": 0.7074404761904762,
      "baseline_mean": 0.2565476190476191,
      "absolute_delta": 0.45089285714285715,
      "relative_delta": 1.7575406032482597
    },
    "sentence_score": {
      "target_mean": 0.9625,
      "baseline_mean": 0.759375,
      "absolute_delta": 0.203125,
      "relative_delta": 0.2674897119341564
    },
    "bertscore_f1": {
      "target_mean": 0.07455492837263071,
      "baseline_mean": 0.07407078732960924,
      "absolute_delta": 0.00048414104302146876,
      "relative_delta": 0.006536194098586786
    },
    "overall_quality": {
      "target_mean": 0.38357261533218434,
      "baseline_mean": 0.23211066378123582,
      "absolute_delta": 0.15146195155094852,
      "relative_delta": 0.6525419775357729
    }
  },
  "controlled_vs_candidate_no_context": {
    "context_relevance": {
      "target_mean": 0.23936883627288383,
      "baseline_mean": 0.033787438204604815,
      "absolute_delta": 0.20558139806827902,
      "relative_delta": 6.084551211706272
    },
    "persona_consistency": {
      "target_mean": 0.36625,
      "baseline_mean": 0.1733149029084369,
      "absolute_delta": 0.19293509709156312,
      "relative_delta": 1.1132054650458516
    },