{
  "proposed_contextual_controlled": {
    "sample_count": 112,
    "context_relevance": {
      "n": 112,
      "mean": 0.23936883627288383,
      "median": 0.22237020638434618,
      "p95": 0.3743593749999999,
      "ci95_low": 0.22712476519351774,
      "ci95_high": 0.252239263668565
    },
    "persona_consistency": {
      "n": 112,
      "mean": 0.36625,
      "median": 0.33333333333333337,
      "p95": 0.6571428571428571,
      "ci95_low": 0.33763988095238096,
      "ci95_high": 0.3977357568027211
    },
    "naturalness": {
      "n": 112,
      "mean": 0.9133048021533047,
      "median": 0.9303030303030303,
      "p95": 0.969984555984556,
      "ci95_low": 0.9022901005401777,
      "ci95_high": 0.9232889433737329
    },
    "context_keyword_coverage": {
      "n": 112,
      "mean": 0.30108225108225106,
      "median": 0.2727272727272727,
      "p95": 0.4749999999999995,
      "ci95_low": 0.28510078463203464,
      "ci95_high": 0.3190083874458874
    },
    "context_overlap": {
      "n": 112,
      "mean": 0.09537086838436028,
      "median": 0.08928571428571429,
      "p95": 0.13136214547559316,
      "ci95_low": 0.09033894045442299,
      "ci95_high": 0.10061943321945967
    },
    "persona_keyword_coverage": {
      "n": 112,
      "mean": 0.30892857142857144,
      "median": 0.2,
      "p95": 0.6880952380952375,
      "ci95_low": 0.2769132653061224,
      "ci95_high": 0.34477465986394557
    },
    "persona_style": {
      "n": 112,
      "mean": 0.5955357142857143,
      "median": 0.5,
      "p95": 1.0,
      "ci95_low": 0.5322879464285715,
      "ci95_high": 0.6565699404761904
    },
    "distinct1": {
      "n": 112,
      "mean": 0.9389167672880233,
      "median": 0.9393939393939394,
      "p95": 0.9784027777777777,
      "ci95_low": 0.9343303610438312,
      "ci95_high": 0.9432793720448114
    },
    "length_score": {
      "n": 112,
      "mean": 0.7074404761904762,
      "median": 0.7833333333333333,
      "p95": 0.9666666666666666,
      "ci95_low": 0.6574404761904763,
      "ci95_high": 0.7520833333333333
    },
    "sentence_score": {
      "n": 112,
      "mean": 0.9625,
      "median": 1.0,
      "p95": 1.0,
      "ci95_low": 0.9406249999999999,
      "ci95_high": 0.9812500000000001
    },
    "bertscore_f1": {
      "n": 112,
      "mean": 0.07455492837263071,
      "median": 0.061609987169504166,
      "p95": 0.16054419800639147,
      "ci95_low": 0.06494012899254034,
      "ci95_high": 0.08481608023269342
    },
    "overall_quality": {
      "n": 112,
      "mean": 0.38357261533218434,
      "median": 0.3662893036699253,
      "p95": 0.484655507434112,
      "ci95_low": 0.3731418708728772,
      "ci95_high": 0.3945816994461845
    },
    "metrics": [
      "context_relevance",
      "persona_consistency",
      "naturalness",
      "context_keyword_coverage",
      "context_overlap",
      "persona_keyword_coverage",
      "persona_style",
      "distinct1",
      "length_score",
      "sentence_score",
      "bertscore_f1",
      "overall_quality"
    ]
  },
  "proposed_contextual": {
    "sample_count": 112,
    "context_relevance": {
      "n": 112,
      "mean": 0.08751099331369971,
      "median": 0.01600284495021337,
      "p95": 0.3719872695346792,
      "ci95_low": 0.06560473770024992,
      "ci95_high": 0.11156162300182368
    },
    "persona_consistency": {
      "n": 112,
      "mean": 0.15454197938233263,
      "median": 0.1,
      "p95": 0.43867857142857103,
      "ci95_low": 0.13135757977330426,
      "ci95_high": 0.1784640540659198
    },
    "naturalness": {
      "n": 112,
      "mean": 0.799881878739135,
      "median": 0.7486363636363635,
      "p95": 0.9548392857142856,
      "ci95_low": 0.7871475387894412,
      "ci95_high": 0.8138436368006494
    },
    "context_keyword_coverage": {
      "n": 112,
      "mean": 0.0996888528138528,
      "median": 0.0,
      "p95": 0.4749999999999995,
      "ci95_low": 0.07111742424242425,
      "ci95_high": 0.13088643127705626
    },
    "context_overlap": {
      "n": 112,
      "mean": 0.059095987813342514,
      "median": 0.04878048780487805,
      "p95": 0.13816631130063955,
      "ci95_low": 0.050407786270425914,
      "ci95_high": 0.06881680949375493
    },
    "persona_keyword_coverage": {
      "n": 112,
      "mean": 0.06577380952380953,
      "median": 0.0,
      "p95": 0.4928571428571412,
      "ci95_low": 0.03962053571428571,
      "ci95_high": 0.09532312925170068
    },
    "persona_style": {
      "n": 112,
      "mean": 0.5096146588164251,
      "median": 0.5,
      "p95": 1.0,
      "ci95_low": 0.4455063634942202,
      "ci95_high": 0.5755093019431503
    },
    "distinct1": {
      "n": 112,
      "mean": 0.9318847563716471,
      "median": 0.9090909090909091,
      "p95": 1.0,
      "ci95_low": 0.9251247922935902,
      "ci95_high": 0.9385020494849553
    },
    "length_score": {
      "n": 112,
      "mean": 0.2565476190476191,
      "median": 0.09999999999999998,
      "p95": 0.8666666666666667,
      "ci95_low": 0.20773809523809522,
      "ci95_high": 0.3071428571428571
    },
    "sentence_score": {
      "n": 112,
      "mean": 0.759375,
      "median": 0.65,
      "p95": 1.0,
      "ci95_low": 0.7312500000000001,
      "ci95_high": 0.790625
    },
    "bertscore_f1": {
      "n": 112,
      "mean": 0.07407078732960924,
      "median": 0.053216034546494484,
      "p95": 0.2026665352284907,
      "ci95_low": 0.06200087866236573,
      "ci95_high": 0.08689065612826588
    },
    "overall_quality": {
      "n": 112,
      "mean": 0.23211066378123582,
      "median": 0.19758327659271374,
      "p95": 0.4167788264324723,
      "ci95_low": 0.21626987045970358,
      "ci95_high": 0.24982944906157414
    },
    "metrics": [
      "context_relevance",
      "persona_consistency",
      "naturalness",
      "context_keyword_coverage",
      "context_overlap",
      "persona_keyword_coverage",
      "persona_style",
      "distinct1",
      "length_score",
      "sentence_score",
      "bertscore_f1",
      "overall_quality"
    ]
  },
  "candidate_no_context": {
    "sample_count": 112,
    "context_relevance": {
      "n": 112,
      "mean": 0.033787438204604815,
      "median": 0.014201680672268905,
      "p95": 0.14432712261026975,
      "ci95_low": 0.025792709897249553,
      "ci95_high": 0.04294141120410383
    },
    "persona_consistency": {
      "n": 112,
      "mean": 0.1733149029084369,
      "median": 0.1,
      "p95": 0.5130892857142856,
      "ci95_low": 0.14567922031566005,
      "ci95_high": 0.20355286999547334
    },
    "naturalness": {
      "n": 112,
      "mean": 0.8121127621320504,
      "median": 0.7673333333333334,
      "p95": 0.9733333333333332,
      "ci95_low": 0.7981589527594334,
      "ci95_high": 0.8278696135205178
    },
    "context_keyword_coverage": {
      "n": 112,
      "mean": 0.03115530303030303,
      "median": 0.0,
      "p95": 0.18181818181818182,
      "ci95_low": 0.020521847943722943,
      "ci95_high": 0.04296570616883117
    },
    "context_overlap": {
      "n": 112,
      "mean": 0.03992908694464232,
      "median": 0.03616557734204793,
      "p95": 0.06707207207207207,
      "ci95_low": 0.03657297643631407,
      "ci95_high": 0.04363645841596641
    },
    "persona_keyword_coverage": {
      "n": 112,
      "mean": 0.08979591836734693,
      "median": 0.0,
      "p95": 0.5714285714285714,
      "ci95_low": 0.05590454931972789,
      "ci95_high": 0.1274287840136054
    },
    "persona_style": {
      "n": 112,
      "mean": 0.5073908410727966,
      "median": 0.5,
      "p95": 1.0,
      "ci95_low": 0.44292216814898266,
      "ci95_high": 0.5695304496047944
    },
    "distinct1": {
      "n": 112,
      "mean": 0.9378711910444117,
      "median": 0.9090909090909091,
      "p95": 1.0,
      "ci95_low": 0.9310869725897538,
      "ci95_high": 0.9446367547396579
    },
    "length_score": {
      "n": 112,
      "mean": 0.29732142857142857,
      "median": 0.09999999999999998,
      "p95": 0.9,