{
  "proposed_contextual_controlled": {
    "sample_count": 24,
    "context_relevance": {
      "n": 24,
      "mean": 0.32044940003695094,
      "median": 0.29987012987012984,
      "p95": 0.5347208931419456,
      "ci95_low": 0.26752153891263786,
      "ci95_high": 0.37143277357578136
    },
    "persona_consistency": {
      "n": 24,
      "mean": 0.33897991741741745,
      "median": 0.33333333333333337,
      "p95": 0.5629999999999997,
      "ci95_low": 0.2950124007936508,
      "ci95_high": 0.38479969031531536
    },
    "naturalness": {
      "n": 24,
      "mean": 0.8326987967005776,
      "median": 0.8102394404089319,
      "p95": 0.9648245614035088,
      "ci95_low": 0.7984136545179648,
      "ci95_high": 0.8688861003505179
    },
    "context_keyword_coverage": {
      "n": 24,
      "mean": 0.4078282828282828,
      "median": 0.36363636363636365,
      "p95": 0.7136363636363634,
      "ci95_low": 0.3374368686868687,
      "ci95_high": 0.47948232323232326
    },
    "context_overlap": {
      "n": 24,
      "mean": 0.11656534019050992,
      "median": 0.11733416770963705,
      "p95": 0.17532467532467533,
      "ci95_low": 0.101082102619615,
      "ci95_high": 0.13084780034248203
    },
    "persona_keyword_coverage": {
      "n": 24,
      "mean": 0.28055555555555556,
      "median": 0.2,
      "p95": 0.5742857142857138,
      "ci95_low": 0.2194394841269841,
      "ci95_high": 0.34822916666666665
    },
    "persona_style": {
      "n": 24,
      "mean": 0.5726773648648649,
      "median": 0.5,
      "p95": 1.0,
      "ci95_low": 0.46797250375375377,
      "ci95_high": 0.6808474099099099
    },
    "distinct1": {
      "n": 24,
      "mean": 0.9257460236321982,
      "median": 0.9349550502379693,
      "p95": 0.9966666666666666,
      "ci95_low": 0.9091194489986766,
      "ci95_high": 0.9425405363679347
    },
    "length_score": {
      "n": 24,
      "mean": 0.35833333333333334,
      "median": 0.19999999999999996,
      "p95": 0.9466666666666664,
      "ci95_low": 0.21666666666666667,
      "ci95_high": 0.5055555555555555
    },
    "sentence_score": {
      "n": 24,
      "mean": 0.9145833333333333,
      "median": 1.0,
      "p95": 1.0,
      "ci95_low": 0.8333333333333334,
      "ci95_high": 0.9708333333333333
    },
    "bertscore_f1": {
      "n": 24,
      "mean": 0.08365482813678682,
      "median": 0.07217217981815338,
      "p95": 0.20667430385947225,
      "ci95_low": 0.058495213095253955,
      "ci95_high": 0.10986685877627066
    },
    "overall_quality": {
      "n": 24,
      "mean": 0.3942378009003468,
      "median": 0.40025680078878223,
      "p95": 0.46826979721079975,
      "ci95_low": 0.3744182815203799,
      "ci95_high": 0.4139663193128912
    },
    "metrics": [
      "context_relevance",
      "persona_consistency",
      "naturalness",
      "context_keyword_coverage",
      "context_overlap",
      "persona_keyword_coverage",
      "persona_style",
      "distinct1",
      "length_score",
      "sentence_score",
      "bertscore_f1",
      "overall_quality"
    ]
  },
  "proposed_contextual_controlled_alt": {
    "sample_count": 24,
    "context_relevance": {
      "n": 24,
      "mean": 0.26616136133746643,
      "median": 0.27377053840468474,
      "p95": 0.4041396103896102,
      "ci95_low": 0.23731988567791443,
      "ci95_high": 0.2965292725513311
    },
    "persona_consistency": {
      "n": 24,
      "mean": 0.35853078597030213,
      "median": 0.33333333333333337,
      "p95": 0.6754285714285713,
      "ci95_low": 0.28905630760368667,
      "ci95_high": 0.4289043218766001
    },
    "naturalness": {
      "n": 24,
      "mean": 0.8718397926951681,
      "median": 0.8926440576230492,
      "p95": 0.9712181128496917,
      "ci95_low": 0.8393133515371393,
      "ci95_high": 0.9043792081523949
    },
    "context_keyword_coverage": {
      "n": 24,
      "mean": 0.33156565656565656,
      "median": 0.3484848484848485,
      "p95": 0.5318181818181816,
      "ci95_low": 0.29696969696969694,
      "ci95_high": 0.3686868686868687
    },
    "context_overlap": {
      "n": 24,
      "mean": 0.11355133913835623,
      "median": 0.10257159555815312,
      "p95": 0.16249999999999992,
      "ci95_low": 0.09683377923494554,
      "ci95_high": 0.13641690984478083
    },
    "persona_keyword_coverage": {
      "n": 24,
      "mean": 0.30396825396825394,
      "median": 0.2,
      "p95": 0.7142857142857143,
      "ci95_low": 0.21785714285714286,
      "ci95_high": 0.3982142857142857
    },
    "persona_style": {
      "n": 24,
      "mean": 0.5767809139784946,
      "median": 0.5,
      "p95": 1.0,
      "ci95_low": 0.44651909722222227,
      "ci95_high": 0.7024775985663082
    },
    "distinct1": {
      "n": 24,
      "mean": 0.9278633706268088,
      "median": 0.9315100514258999,
      "p95": 0.9721883173496078,
      "ci95_low": 0.9149119760096047,
      "ci95_high": 0.9409889523749191
    },
    "length_score": {
      "n": 24,
      "mean": 0.5513888888888888,
      "median": 0.7,
      "p95": 0.9666666666666668,
      "ci95_low": 0.41250000000000003,
      "ci95_high": 0.687534722222222
    },
    "sentence_score": {
      "n": 24,
      "mean": 0.9125,
      "median": 1.0,
      "p95": 1.0,
      "ci95_low": 0.8541666666666666,
      "ci95_high": 0.9708333333333333
    },
    "bertscore_f1": {
      "n": 24,
      "mean": 0.06565551735305537,
      "median": 0.05625004880130291,
      "p95": 0.1466317534446716,
      "ci95_low": 0.04738891382294241,
      "ci95_high": 0.0843678865096687
    },
    "overall_quality": {
      "n": 24,
      "mean": 0.3831852106043836,
      "median": 0.3799056372492252,
      "p95": 0.47725733109072455,
      "ci95_low": 0.35939740553182287,
      "ci95_high": 0.4072532170930952
    },
    "metrics": [
      "context_relevance",
      "persona_consistency",
      "naturalness",
      "context_keyword_coverage",
      "context_overlap",
      "persona_keyword_coverage",
      "persona_style",
      "distinct1",
      "length_score",
      "sentence_score",
      "bertscore_f1",
      "overall_quality"
    ]
  },
  "proposed_contextual": {
    "sample_count": 24,
    "context_relevance": {
      "n": 24,
      "mean": 0.07824809763583067,
      "median": 0.015384615384615384,
      "p95": 0.38622564935064907,
      "ci95_low": 0.034564508464377176,
      "ci95_high": 0.1304434690754985
    },
    "persona_consistency": {
      "n": 24,
      "mean": 0.1267683531746032,
      "median": 0.1,
      "p95": 0.3111428571428571,
      "ci95_low": 0.08824268353174604,
      "ci95_high": 0.17375148809523802
    },
    "naturalness": {
      "n": 24,
      "mean": 0.7761559047836221,
      "median": 0.7486363636363635,
      "p95": 0.8516666666666666,
      "ci95_low": 0.7621998617701742,
      "ci95_high": 0.7924474327001501
    },
    "context_keyword_coverage": {
      "n": 24,
      "mean": 0.09027777777777778,
      "median": 0.0,
      "p95": 0.5181818181818177,
      "ci95_low": 0.030303030303030304,
      "ci95_high": 0.16224747474747472
    },
    "context_overlap": {
      "n": 24,
      "mean": 0.05017884397128747,
      "median": 0.050031269543464665,
      "p95": 0.08762452107279692,
      "ci95_low": 0.03947793594987976,
      "ci95_high": 0.06011905678972284
    },
    "persona_keyword_coverage": {
      "n": 24,
      "mean": 0.03809523809523809,
      "median": 0.0,
      "p95": 0.19142857142857134,
      "ci95_low": 0.0,
      "ci95_high": 0.09642857142857142
    },
    "persona_style": {
      "n": 24,
      "mean": 0.4814608134920635,
      "median": 0.5,
      "p95": 1.0,
      "ci95_low": 0.34981863839285715,
      "ci95_high": 0.6065894717261905
    },
    "distinct1": {
      "n": 24,
      "mean": 0.9245307643745143,
      "median": 0.9090909090909091,
      "p95": 1.0,
      "ci95_low": 0.9091548382173381,
      "ci95_high": 0.9404289265422077
    },
    "length_score": {
      "n": 24,
      "mean": 0.1611111111111111,
      "median": 0.09999999999999998,