{
  "proposed_contextual_controlled": {
    "sample_count": 24,
    "context_relevance": {
      "n": 24,
      "mean": 0.3163210478838559,
      "median": 0.3030573593073593,
      "p95": 0.5240805736250737,
      "ci95_low": 0.2766603778693058,
      "ci95_high": 0.3574982239637542
    },
    "persona_consistency": {
      "n": 24,
      "mean": 0.40647817460317465,
      "median": 0.35000000000000003,
      "p95": 0.7666666666666667,
      "ci95_low": 0.3320277777777778,
      "ci95_high": 0.48998549107142847
    },
    "naturalness": {
      "n": 24,
      "mean": 0.8569147769352816,
      "median": 0.8653459119496855,
      "p95": 0.9667625458996328,
      "ci95_low": 0.8252522926237339,
      "ci95_high": 0.8892198082413862
    },
    "context_keyword_coverage": {
      "n": 24,
      "mean": 0.4000631313131313,
      "median": 0.36363636363636365,
      "p95": 0.6824999999999997,
      "ci95_low": 0.3465830176767677,
      "ci95_high": 0.4592250631313131
    },
    "context_overlap": {
      "n": 24,
      "mean": 0.12092285321554673,
      "median": 0.11588768747820022,
      "p95": 0.18052140255009108,
      "ci95_low": 0.10453668928204124,
      "ci95_high": 0.13879206459373383
    },
    "persona_keyword_coverage": {
      "n": 24,
      "mean": 0.3623015873015873,
      "median": 0.30952380952380953,
      "p95": 0.8333333333333334,
      "ci95_low": 0.2714236111111111,
      "ci95_high": 0.46370535714285704
    },
    "persona_style": {
      "n": 24,
      "mean": 0.5831845238095238,
      "median": 0.5,
      "p95": 1.0,
      "ci95_low": 0.4605642361111111,
      "ci95_high": 0.7024603174603173
    },
    "distinct1": {
      "n": 24,
      "mean": 0.9299870365001627,
      "median": 0.9375,
      "p95": 0.9970588235294118,
      "ci95_low": 0.913182608255773,
      "ci95_high": 0.9446381558401167
    },
    "length_score": {
      "n": 24,
      "mean": 0.4583333333333333,
      "median": 0.45,
      "p95": 0.9666666666666668,
      "ci95_low": 0.325,
      "ci95_high": 0.5986111111111111
    },
    "sentence_score": {
      "n": 24,
      "mean": 0.9416666666666668,
      "median": 1.0,
      "p95": 1.0,
      "ci95_low": 0.8833333333333333,
      "ci95_high": 0.9854166666666666
    },
    "bertscore_f1": {
      "n": 24,
      "mean": 0.0815731304367849,
      "median": 0.08060551062226295,
      "p95": 0.17711289376020428,
      "ci95_low": 0.06369222446567922,
      "ci95_high": 0.10268268515137603
    },
    "overall_quality": {
      "n": 24,
      "mean": 0.41879898687890865,
      "median": 0.4203500035526342,
      "p95": 0.5479700233603174,
      "ci95_low": 0.3935827339076417,
      "ci95_high": 0.4456092491244413
    },
    "metrics": [
      "context_relevance",
      "persona_consistency",
      "naturalness",
      "context_keyword_coverage",
      "context_overlap",
      "persona_keyword_coverage",
      "persona_style",
      "distinct1",
      "length_score",
      "sentence_score",
      "bertscore_f1",
      "overall_quality"
    ]
  },
  "proposed_contextual_controlled_alt": {
    "sample_count": 24,
    "context_relevance": {
      "n": 24,
      "mean": 0.257646152498702,
      "median": 0.22708404802744422,
      "p95": 0.4230566433566433,
      "ci95_low": 0.21431975535305045,
      "ci95_high": 0.3013689566619571
    },
    "persona_consistency": {
      "n": 24,
      "mean": 0.38902570480928694,
      "median": 0.33333333333333337,
      "p95": 0.6214285714285716,
      "ci95_low": 0.3259116545249941,
      "ci95_high": 0.45496458925610045
    },
    "naturalness": {
      "n": 24,
      "mean": 0.8750688980034006,
      "median": 0.8937500000000002,
      "p95": 0.9661578947368421,
      "ci95_low": 0.8464765194168398,
      "ci95_high": 0.9039378621028028
    },
    "context_keyword_coverage": {
      "n": 24,
      "mean": 0.32304292929292927,
      "median": 0.2727272727272727,
      "p95": 0.5454545454545454,
      "ci95_low": 0.26780303030303027,
      "ci95_high": 0.38289141414141414
    },
    "context_overlap": {
      "n": 24,
      "mean": 0.10505367331217168,
      "median": 0.10223880597014925,
      "p95": 0.16484615384615378,
      "ci95_low": 0.09250021473071443,
      "ci95_high": 0.11969326759418147
    },
    "persona_keyword_coverage": {
      "n": 24,
      "mean": 0.3347222222222222,
      "median": 0.2,
      "p95": 0.7142857142857143,
      "ci95_low": 0.2513690476190476,
      "ci95_high": 0.4281795634920635
    },
    "persona_style": {
      "n": 24,
      "mean": 0.6062396351575455,
      "median": 0.5,
      "p95": 1.0,
      "ci95_low": 0.4847118573797678,
      "ci95_high": 0.7298403814262023
    },
    "distinct1": {
      "n": 24,
      "mean": 0.9362833561196124,
      "median": 0.936491935483871,
      "p95": 0.9766993464052287,
      "ci95_low": 0.9255778614784584,
      "ci95_high": 0.9467799894149265
    },
    "length_score": {
      "n": 24,
      "mean": 0.5319444444444444,
      "median": 0.6833333333333333,
      "p95": 0.9616666666666667,
      "ci95_low": 0.39166666666666666,
      "ci95_high": 0.6625
    },
    "sentence_score": {
      "n": 24,
      "mean": 0.9416666666666668,
      "median": 1.0,
      "p95": 1.0,
      "ci95_low": 0.8833333333333333,
      "ci95_high": 0.9854166666666666
    },
    "bertscore_f1": {
      "n": 24,
      "mean": 0.06386663416439357,
      "median": 0.06552479043602943,
      "p95": 0.1669669233262538,
      "ci95_low": 0.04081877897648761,
      "ci95_high": 0.08711980938508833
    },
    "overall_quality": {
      "n": 24,
      "mean": 0.39008672924300286,
      "median": 0.38542231886495165,
      "p95": 0.45989396295129753,
      "ci95_low": 0.36522249881349933,
      "ci95_high": 0.41502756487259224
    },
    "metrics": [
      "context_relevance",
      "persona_consistency",
      "naturalness",
      "context_keyword_coverage",
      "context_overlap",
      "persona_keyword_coverage",
      "persona_style",
      "distinct1",
      "length_score",
      "sentence_score",
      "bertscore_f1",
      "overall_quality"
    ]
  },
  "proposed_contextual": {
    "sample_count": 24,
    "context_relevance": {
      "n": 24,
      "mean": 0.10155163981690792,
      "median": 0.046822841650427854,
      "p95": 0.39309505717631193,
      "ci95_low": 0.05516063328676193,
      "ci95_high": 0.15711546364089943
    },
    "persona_consistency": {
      "n": 24,
      "mean": 0.18338944423397774,
      "median": 0.1,
      "p95": 0.6042857142857142,
      "ci95_low": 0.11883882125254473,
      "ci95_high": 0.26199760833295055
    },
    "naturalness": {
      "n": 24,
      "mean": 0.7982854920094726,
      "median": 0.7621057118499575,
      "p95": 0.9312753623188406,
      "ci95_low": 0.7736736011322821,
      "ci95_high": 0.8245268309331353
    },
    "context_keyword_coverage": {
      "n": 24,
      "mean": 0.11931818181818182,
      "median": 0.045454545454545456,
      "p95": 0.5136363636363632,
      "ci95_low": 0.05808080808080809,
      "ci95_high": 0.19255050505050506
    },
    "context_overlap": {
      "n": 24,
      "mean": 0.060096375147268837,
      "median": 0.04878048780487805,
      "p95": 0.11581406398479567,
      "ci95_low": 0.04906865787941902,
      "ci95_high": 0.07231269567612096
    },
    "persona_keyword_coverage": {
      "n": 24,
      "mean": 0.10357142857142858,
      "median": 0.0,
      "p95": 0.6928571428571426,
      "ci95_low": 0.022222222222222223,
      "ci95_high": 0.20536706349206346
    },
    "persona_style": {
      "n": 24,
      "mean": 0.5026615068841744,
      "median": 0.5,
      "p95": 1.0,
      "ci95_low": 0.39277806238615665,
      "ci95_high": 0.6186120800352244
    },
    "distinct1": {
      "n": 24,
      "mean": 0.9363387300236816,
      "median": 0.9097693351424694,
      "p95": 1.0,
      "ci95_low": 0.9214716518667576,
      "ci95_high": 0.9514145255196692
    },
    "length_score": {
      "n": 24,
      "mean": 0.22083333333333333,