{
  "proposed_contextual_controlled": {
    "sample_count": 24,
    "context_relevance": {
      "n": 24,
      "mean": 0.08982975443208875,
      "median": 0.07117567908502229,
      "p95": 0.23734127843986996,
      "ci95_low": 0.055713816195489534,
      "ci95_high": 0.12779914732750053
    },
    "persona_consistency": {
      "n": 24,
      "mean": 0.2516493055555556,
      "median": 0.23333333333333334,
      "p95": 0.49499999999999994,
      "ci95_low": 0.20148809523809522,
      "ci95_high": 0.3031432911706348
    },
    "naturalness": {
      "n": 24,
      "mean": 0.8601287162976772,
      "median": 0.8686086956521739,
      "p95": 0.9427777777777777,
      "ci95_low": 0.828681701179583,
      "ci95_high": 0.8854844366830451
    },
    "quest_state_correctness": {
      "n": 24,
      "mean": 0.1765798593366997,
      "median": 0.1464058531662602,
      "p95": 0.3255248461538461,
      "ci95_low": 0.14630903207503468,
      "ci95_high": 0.21015740909046798
    },
    "lore_consistency": {
      "n": 24,
      "mean": 0.029867039019780595,
      "median": 0.0,
      "p95": 0.12334352478507402,
      "ci95_low": 0.00956707701087149,
      "ci95_high": 0.05720728359689004
    },
    "multi_turn_contradiction_safety": {
      "n": 24,
      "mean": 1.0,
      "median": 1.0,
      "p95": 1.0,
      "ci95_low": 1.0,
      "ci95_high": 1.0
    },
    "objective_completion_support": {
      "n": 24,
      "mean": 0.08604166666666667,
      "median": 0.12166666666666667,
      "p95": 0.16333333333333333,
      "ci95_low": 0.06131770833333334,
      "ci95_high": 0.10972395833333333
    },
    "gameplay_usefulness": {
      "n": 24,
      "mean": 0.29914890783385367,
      "median": 0.2991773029205095,
      "p95": 0.3349836193878586,
      "ci95_low": 0.28789619945909556,
      "ci95_high": 0.3103669225534019
    },
    "time_pressure_acceptability": {
      "n": 24,
      "mean": 0.2928797077922078,
      "median": 0.30475,
      "p95": 0.34713999999999995,
      "ci95_low": 0.277525625450938,
      "ci95_high": 0.308058547754329
    },
    "context_keyword_coverage": {
      "n": 24,
      "mean": 0.10454545454545455,
      "median": 0.09090909090909091,
      "p95": 0.3,
      "ci95_low": 0.06398674242424242,
      "ci95_high": 0.15113636363636365
    },
    "context_overlap": {
      "n": 24,
      "mean": 0.05549312083423527,
      "median": 0.04301572617946346,
      "p95": 0.11840624999999998,
      "ci95_low": 0.04130683898559864,
      "ci95_high": 0.06960556098472809
    },
    "persona_keyword_coverage": {
      "n": 24,
      "mean": 0.19444444444444442,
      "median": 0.16666666666666666,
      "p95": 0.5,
      "ci95_low": 0.13888888888888887,
      "ci95_high": 0.2599454365079364
    },
    "persona_style": {
      "n": 24,
      "mean": 0.48046875,
      "median": 0.5,
      "p95": 0.9671874999999995,
      "ci95_low": 0.36588541666666663,
      "ci95_high": 0.5846354166666666
    },
    "distinct1": {
      "n": 24,
      "mean": 0.9154733058957082,
      "median": 0.9422131147540984,
      "p95": 0.9773611111111111,
      "ci95_low": 0.8891356366987802,
      "ci95_high": 0.9390785495776949
    },
    "length_score": {
      "n": 24,
      "mean": 0.5,
      "median": 0.5,
      "p95": 0.7666666666666666,
      "ci95_low": 0.41944444444444445,
      "ci95_high": 0.5764236111111111
    },
    "sentence_score": {
      "n": 24,
      "mean": 0.9854166666666666,
      "median": 1.0,
      "p95": 1.0,
      "ci95_low": 0.9562499999999999,
      "ci95_high": 1.0
    },
    "overall_quality": {
      "n": 24,
      "mean": 0.29988954955205716,
      "median": 0.2899632284382285,
      "p95": 0.4359201082251083,
      "ci95_low": 0.2687918903753,
      "ci95_high": 0.32962918620646636
    },
    "metrics": [
      "context_relevance",
      "persona_consistency",
      "naturalness",
      "quest_state_correctness",
      "lore_consistency",
      "multi_turn_contradiction_safety",
      "objective_completion_support",
      "gameplay_usefulness",
      "time_pressure_acceptability",
      "context_keyword_coverage",
      "context_overlap",
      "persona_keyword_coverage",
      "persona_style",
      "distinct1",
      "length_score",
      "sentence_score",
      "overall_quality"
    ]
  },
  "proposed_contextual_controlled_tuned": {
    "sample_count": 24,
    "context_relevance": {
      "n": 24,
      "mean": 0.1367252755636201,
      "median": 0.10895302877102675,
      "p95": 0.37130053045545997,
      "ci95_low": 0.08734020421696226,
      "ci95_high": 0.19512533353221154
    },
    "persona_consistency": {
      "n": 24,
      "mean": 0.23974454365079367,
      "median": 0.23333333333333334,
      "p95": 0.5832142857142854,
      "ci95_low": 0.1771041046626984,
      "ci95_high": 0.30830853174603173
    },
    "naturalness": {
      "n": 24,
      "mean": 0.8707914164278407,
      "median": 0.8626086956521739,
      "p95": 0.9262068965517242,
      "ci95_low": 0.8550234710504524,
      "ci95_high": 0.8869834796291947
    },
    "quest_state_correctness": {
      "n": 24,
      "mean": 0.2206229612297653,
      "median": 0.18719549359084245,
      "p95": 0.4472780078137824,
      "ci95_low": 0.170982026775926,
      "ci95_high": 0.27041311533018325
    },
    "lore_consistency": {
      "n": 24,
      "mean": 0.06987153867648511,
      "median": 0.006220633299284975,
      "p95": 0.2994640305050141,
      "ci95_low": 0.03175878417300154,
      "ci95_high": 0.1148294646913126
    },
    "multi_turn_contradiction_safety": {
      "n": 24,
      "mean": 1.0,
      "median": 1.0,
      "p95": 1.0,
      "ci95_low": 1.0,
      "ci95_high": 1.0
    },
    "objective_completion_support": {
      "n": 24,
      "mean": 0.08409722222222223,
      "median": 0.10166666666666667,
      "p95": 0.17608333333333331,
      "ci95_low": 0.055206597222222216,
      "ci95_high": 0.1117413194444444
    },
    "gameplay_usefulness": {
      "n": 24,
      "mean": 0.31047052711004847,
      "median": 0.3092539007092199,
      "p95": 0.3661796380419416,
      "ci95_low": 0.29496373737038456,
      "ci95_high": 0.3264085548689963
    },
    "time_pressure_acceptability": {
      "n": 24,
      "mean": 0.29040025252525253,
      "median": 0.29704274891774896,
      "p95": 0.35993826839826837,
      "ci95_low": 0.2727541594516595,
      "ci95_high": 0.30881467915764793
    },
    "context_keyword_coverage": {
      "n": 24,
      "mean": 0.16401515151515153,
      "median": 0.13636363636363635,
      "p95": 0.4545454545454545,
      "ci95_low": 0.09583333333333333,
      "ci95_high": 0.2333333333333333
    },
    "context_overlap": {
      "n": 24,
      "mean": 0.0730488983433802,
      "median": 0.05703959773727216,
      "p95": 0.17706237424547278,
      "ci95_low": 0.0536811895808781,
      "ci95_high": 0.09333043854206537
    },
    "persona_keyword_coverage": {
      "n": 24,
      "mean": 0.17956349206349206,
      "median": 0.16666666666666666,
      "p95": 0.6571428571428564,
      "ci95_low": 0.10615079365079365,
      "ci95_high": 0.2718253968253968
    },
    "persona_style": {
      "n": 24,
      "mean": 0.48046875,
      "median": 0.5,
      "p95": 0.7765624999999999,
      "ci95_low": 0.38671875,
      "ci95_high": 0.57421875
    },
    "distinct1": {
      "n": 24,
      "mean": 0.9452077077362687,
      "median": 0.9591666666666667,
      "p95": 1.0,
      "ci95_low": 0.9270815799321025,
      "ci95_high": 0.9614134102326848
    },
    "length_score": {
      "n": 24,
      "mean": 0.4708333333333334,
      "median": 0.4666666666666667,
      "p95": 0.7,
      "ci95_low": 0.40277777777777773,
      "ci95_high": 0.5333333333333333
    },
    "sentence_score": {
      "n": 24,
      "mean": 0.9854166666666666,
      "median": 1.0,
      "p95": 1.0,
      "ci95_low": 0.9562499999999999,
      "ci95_high": 1.0
    },
    "overall_quality": {
      "n": 24,
      "mean": 0.3191977672287312,
      "median": 0.2911185925753701,