{
  "proposed_vs_candidate_no_context": {
    "context_relevance": {
      "target_mean": 0.07885706277062068,
      "baseline_mean": 0.027620471359007692,
      "absolute_delta": 0.05123659141161299,
      "relative_delta": 1.8550223399755095
    },
    "persona_consistency": {
      "target_mean": 0.14833333333333334,
      "baseline_mean": 0.15880952380952382,
      "absolute_delta": -0.010476190476190472,
      "relative_delta": -0.0659670164917541
    },
    "naturalness": {
      "target_mean": 0.801979074238391,
      "baseline_mean": 0.8175644540644541,
      "absolute_delta": -0.015585379826063117,
      "relative_delta": -0.019063181806133683
    },
    "context_keyword_coverage": {
      "target_mean": 0.09090909090909091,
      "baseline_mean": 0.022727272727272728,
      "absolute_delta": 0.06818181818181818,
      "relative_delta": 2.9999999999999996
    },
    "context_overlap": {
      "target_mean": 0.05073566378085681,
      "baseline_mean": 0.03903793483305596,
      "absolute_delta": 0.01169772894780085,
      "relative_delta": 0.2996503016316227
    },
    "persona_keyword_coverage": {
      "target_mean": 0.041666666666666664,
      "baseline_mean": 0.054761904761904755,
      "absolute_delta": -0.01309523809523809,
      "relative_delta": -0.23913043478260865
    },
    "persona_style": {
      "target_mean": 0.575,
      "baseline_mean": 0.575,
      "absolute_delta": 0.0,
      "relative_delta": 0.0
    },
    "distinct1": {
      "target_mean": 0.9393226855959774,
      "baseline_mean": 0.9434944684944686,
      "absolute_delta": -0.004171782898491183,
      "relative_delta": -0.004421629418928216
    },
    "length_score": {
      "target_mean": 0.27999999999999997,
      "baseline_mean": 0.32333333333333336,
      "absolute_delta": -0.04333333333333339,
      "relative_delta": -0.1340206185567012
    },
    "sentence_score": {
      "target_mean": 0.7025,
      "baseline_mean": 0.755,
      "absolute_delta": -0.05249999999999999,
      "relative_delta": -0.0695364238410596
    },
    "overall_quality": {
      "target_mean": 0.24305708471782897,
      "baseline_mean": 0.22620301374888685,
      "absolute_delta": 0.01685407096894212,
      "relative_delta": 0.07450860485728192
    }
  },
  "controlled_vs_proposed_raw": {
    "context_relevance": {
      "target_mean": 0.26933125700528354,
      "baseline_mean": 0.07885706277062068,
      "absolute_delta": 0.19047419423466286,
      "relative_delta": 2.41543607563363
    },
    "persona_consistency": {
      "target_mean": 0.29436904761904764,
      "baseline_mean": 0.14833333333333334,
      "absolute_delta": 0.1460357142857143,
      "relative_delta": 0.9845104333868379
    },
    "naturalness": {
      "target_mean": 0.9057581365236949,
      "baseline_mean": 0.801979074238391,
      "absolute_delta": 0.10377906228530387,
      "relative_delta": 0.1294037034368495
    },
    "context_keyword_coverage": {
      "target_mean": 0.34090909090909094,
      "baseline_mean": 0.09090909090909091,
      "absolute_delta": 0.25,
      "relative_delta": 2.75
    },
    "context_overlap": {
      "target_mean": 0.10231631122973309,
      "baseline_mean": 0.05073566378085681,
      "absolute_delta": 0.05158064744887628,
      "relative_delta": 1.0166546292105139
    },
    "persona_keyword_coverage": {
      "target_mean": 0.21619047619047618,
      "baseline_mean": 0.041666666666666664,
      "absolute_delta": 0.17452380952380953,
      "relative_delta": 4.188571428571429
    },
    "persona_style": {
      "target_mean": 0.6070833333333334,
      "baseline_mean": 0.575,
      "absolute_delta": 0.032083333333333464,
      "relative_delta": 0.05579710144927559
    },
    "distinct1": {
      "target_mean": 0.9377286746425704,
      "baseline_mean": 0.9393226855959774,
      "absolute_delta": -0.0015940109534070546,
      "relative_delta": -0.0016969790870063927
    },
    "length_score": {
      "target_mean": 0.6883333333333334,
      "baseline_mean": 0.27999999999999997,
      "absolute_delta": 0.4083333333333334,
      "relative_delta": 1.4583333333333337
    },
    "sentence_score": {
      "target_mean": 0.93,
      "baseline_mean": 0.7025,
      "absolute_delta": 0.22750000000000004,
      "relative_delta": 0.32384341637010683
    },
    "overall_quality": {
      "target_mean": 0.4066657499565113,
      "baseline_mean": 0.24305708471782897,
      "absolute_delta": 0.1636086652386823,
      "relative_delta": 0.6731285591967816
    }
  },
  "controlled_vs_candidate_no_context": {
    "context_relevance": {
      "target_mean": 0.26933125700528354,
      "baseline_mean": 0.027620471359007692,
      "absolute_delta": 0.24171078564627585,
      "relative_delta": 8.751146296692298
    },
    "persona_consistency": {
      "target_mean": 0.29436904761904764,
      "baseline_mean": 0.15880952380952382,
      "absolute_delta": 0.13555952380952382,
      "relative_delta": 0.8535982008995503
    },
    "naturalness": {
      "target_mean": 0.9057581365236949,
      "baseline_mean": 0.8175644540644541,
      "absolute_delta": 0.08819368245924075,
      "relative_delta": 0.10787367530571217
    },
    "context_keyword_coverage": {
      "target_mean": 0.34090909090909094,
      "baseline_mean": 0.022727272727272728,
      "absolute_delta": 0.31818181818181823,
      "relative_delta": 14.000000000000002
    },
    "context_overlap": {
      "target_mean": 0.10231631122973309,
      "baseline_mean": 0.03903793483305596,
      "absolute_delta": 0.06327837639667713,
      "relative_delta": 1.6209457971402528
    },
    "persona_keyword_coverage": {
      "target_mean": 0.21619047619047618,
      "baseline_mean": 0.054761904761904755,
      "absolute_delta": 0.16142857142857142,
      "relative_delta": 2.947826086956522
    },
    "persona_style": {
      "target_mean": 0.6070833333333334,
      "baseline_mean": 0.575,
      "absolute_delta": 0.032083333333333464,
      "relative_delta": 0.05579710144927559
    },
    "distinct1": {
      "target_mean": 0.9377286746425704,
      "baseline_mean": 0.9434944684944686,
      "absolute_delta": -0.005765793851898238,
      "relative_delta": -0.006111105093280195
    },
    "length_score": {
      "target_mean": 0.6883333333333334,
      "baseline_mean": 0.32333333333333336,
      "absolute_delta": 0.365,
      "relative_delta": 1.128865979381443
    },
    "sentence_score": {
      "target_mean": 0.93,
      "baseline_mean": 0.755,
      "absolute_delta": 0.17500000000000004,
      "relative_delta": 0.23178807947019872
    },
    "overall_quality": {
      "target_mean": 0.4066657499565113,
      "baseline_mean": 0.22620301374888685,
      "absolute_delta": 0.18046273620762443,
      "relative_delta": 0.7977910338894081
    }
  },
  "controlled_alt_vs_controlled_default": {
    "context_relevance": {
      "target_mean": 0.2961718210462444,
      "baseline_mean": 0.26933125700528354,
      "absolute_delta": 0.026840564040960857,
      "relative_delta": 0.09965632782248635
    },
    "persona_consistency": {
      "target_mean": 0.33973214285714287,
      "baseline_mean": 0.29436904761904764,
      "absolute_delta": 0.04536309523809523,
      "relative_delta": 0.15410280260444045
    },
    "naturalness": {
      "target_mean": 0.89933454715514,
      "baseline_mean": 0.9057581365236949,
      "absolute_delta": -0.006423589368554805,
      "relative_delta": -0.007091947739170833
    },
    "context_keyword_coverage": {
      "target_mean": 0.37727272727272726,
      "baseline_mean": 0.34090909090909094,
      "absolute_delta": 0.03636363636363632,
      "relative_delta": 0.10666666666666653
    },
    "context_overlap": {
      "target_mean": 0.10693637318445101,
      "baseline_mean": 0.10231631122973309,
      "absolute_delta": 0.0046200619547179245,
      "relative_delta": 0.045154696247252275
    },
    "persona_keyword_coverage": {
      "target_mean": 0.2719047619047619,
      "baseline_mean": 0.21619047619047618,