{
  "proposed_contextual_controlled": {
    "sample_count": 20,
    "context_relevance": {
      "n": 20,
      "mean": 0.26933125700528354,
      "median": 0.22259610533750376,
      "p95": 0.4158286055355231,
      "ci95_low": 0.23710986540734946,
      "ci95_high": 0.30430849586540015
    },
    "persona_consistency": {
      "n": 20,
      "mean": 0.29436904761904764,
      "median": 0.24666666666666667,
      "p95": 0.4342857142857144,
      "ci95_low": 0.23974910714285713,
      "ci95_high": 0.3482300595238094
    },
    "naturalness": {
      "n": 20,
      "mean": 0.9057581365236949,
      "median": 0.9210752688172044,
      "p95": 0.9674871794871794,
      "ci95_low": 0.8820995802460968,
      "ci95_high": 0.927304287962375
    },
    "context_keyword_coverage": {
      "n": 20,
      "mean": 0.34090909090909094,
      "median": 0.2727272727272727,
      "p95": 0.5454545454545454,
      "ci95_low": 0.3,
      "ci95_high": 0.38636363636363635
    },
    "context_overlap": {
      "n": 20,
      "mean": 0.10231631122973309,
      "median": 0.09663865546218486,
      "p95": 0.14670493197278914,
      "ci95_low": 0.09156539241151672,
      "ci95_high": 0.1142669974837906
    },
    "persona_keyword_coverage": {
      "n": 20,
      "mean": 0.21619047619047618,
      "median": 0.2,
      "p95": 0.33809523809523817,
      "ci95_low": 0.17047619047619048,
      "ci95_high": 0.25928571428571423
    },
    "persona_style": {
      "n": 20,
      "mean": 0.6070833333333334,
      "median": 0.5,
      "p95": 1.0,
      "ci95_low": 0.4833333333333333,
      "ci95_high": 0.7320833333333334
    },
    "distinct1": {
      "n": 20,
      "mean": 0.9377286746425704,
      "median": 0.9393939393939394,
      "p95": 0.9614630467571644,
      "ci95_low": 0.9295345960201724,
      "ci95_high": 0.945883196670689
    },
    "length_score": {
      "n": 20,
      "mean": 0.6883333333333334,
      "median": 0.7666666666666666,
      "p95": 0.9683333333333334,
      "ci95_low": 0.561625,
      "ci95_high": 0.7916666666666667
    },
    "sentence_score": {
      "n": 20,
      "mean": 0.93,
      "median": 1.0,
      "p95": 1.0,
      "ci95_low": 0.86,
      "ci95_high": 0.9824999999999999
    },
    "overall_quality": {
      "n": 20,
      "mean": 0.4066657499565113,
      "median": 0.41295240428933166,
      "p95": 0.4809358553573957,
      "ci95_low": 0.38089500963171646,
      "ci95_high": 0.4316809471538797
    },
    "metrics": [
      "context_relevance",
      "persona_consistency",
      "naturalness",
      "context_keyword_coverage",
      "context_overlap",
      "persona_keyword_coverage",
      "persona_style",
      "distinct1",
      "length_score",
      "sentence_score",
      "overall_quality"
    ]
  },
  "proposed_contextual_controlled_tuned": {
    "sample_count": 20,
    "context_relevance": {
      "n": 20,
      "mean": 0.2961718210462444,
      "median": 0.2774046708008972,
      "p95": 0.4321780303030303,
      "ci95_low": 0.2594691968782529,
      "ci95_high": 0.337087281408748
    },
    "persona_consistency": {
      "n": 20,
      "mean": 0.33973214285714287,
      "median": 0.24666666666666667,
      "p95": 0.5485714285714287,
      "ci95_low": 0.2743988095238096,
      "ci95_high": 0.41037738095238097
    },
    "naturalness": {
      "n": 20,
      "mean": 0.89933454715514,
      "median": 0.9220967741935484,
      "p95": 0.9554592074592076,
      "ci95_low": 0.870857994559959,
      "ci95_high": 0.9243116341556924
    },
    "context_keyword_coverage": {
      "n": 20,
      "mean": 0.37727272727272726,
      "median": 0.36363636363636365,
      "p95": 0.55,
      "ci95_low": 0.32727272727272727,
      "ci95_high": 0.4318181818181818
    },
    "context_overlap": {
      "n": 20,
      "mean": 0.10693637318445101,
      "median": 0.08850250626566417,
      "p95": 0.15726010101010107,
      "ci95_low": 0.09211957112567096,
      "ci95_high": 0.12542648658687022
    },
    "persona_keyword_coverage": {
      "n": 20,
      "mean": 0.2719047619047619,
      "median": 0.2,
      "p95": 0.5728571428571428,
      "ci95_low": 0.20214285714285712,
      "ci95_high": 0.3421488095238095
    },
    "persona_style": {
      "n": 20,
      "mean": 0.6110416666666667,
      "median": 0.5,
      "p95": 1.0,
      "ci95_low": 0.5083333333333333,
      "ci95_high": 0.725
    },
    "distinct1": {
      "n": 20,
      "mean": 0.9404197012211835,
      "median": 0.9393939393939394,
      "p95": 0.9827272727272728,
      "ci95_low": 0.9273186482153154,
      "ci95_high": 0.9530926547042105
    },
    "length_score": {
      "n": 20,
      "mean": 0.6333333333333333,
      "median": 0.7666666666666666,
      "p95": 0.9033333333333334,
      "ci95_low": 0.505,
      "ci95_high": 0.75
    },
    "sentence_score": {
      "n": 20,
      "mean": 0.9650000000000001,
      "median": 1.0,
      "p95": 1.0,
      "ci95_low": 0.9125,
      "ci95_high": 1.0
    },
    "overall_quality": {
      "n": 20,
      "mean": 0.4349045117609228,
      "median": 0.43447549343312064,
      "p95": 0.5564126749894435,
      "ci95_low": 0.40262386314334975,
      "ci95_high": 0.47095152141951774
    },
    "metrics": [
      "context_relevance",
      "persona_consistency",
      "naturalness",
      "context_keyword_coverage",
      "context_overlap",
      "persona_keyword_coverage",
      "persona_style",
      "distinct1",
      "length_score",
      "sentence_score",
      "overall_quality"
    ]
  },
  "proposed_contextual": {
    "sample_count": 20,
    "context_relevance": {
      "n": 20,
      "mean": 0.07885706277062068,
      "median": 0.014634146341463414,
      "p95": 0.22420136533242882,
      "ci95_low": 0.040659615852449295,
      "ci95_high": 0.12136361756989444
    },
    "persona_consistency": {
      "n": 20,
      "mean": 0.14833333333333334,
      "median": 0.15000000000000002,
      "p95": 0.2400000000000001,
      "ci95_low": 0.11000000000000001,
      "ci95_high": 0.18833333333333335
    },
    "naturalness": {
      "n": 20,
      "mean": 0.801979074238391,
      "median": 0.7486363636363635,
      "p95": 0.925213768115942,
      "ci95_low": 0.7736901479860718,
      "ci95_high": 0.830915001781345
    },
    "context_keyword_coverage": {
      "n": 20,
      "mean": 0.09090909090909091,
      "median": 0.0,
      "p95": 0.2818181818181819,
      "ci95_low": 0.03636363636363636,
      "ci95_high": 0.15011363636363573
    },
    "context_overlap": {
      "n": 20,
      "mean": 0.05073566378085681,
      "median": 0.0476460578559274,
      "p95": 0.09449728260869567,
      "ci95_low": 0.03990871893852298,
      "ci95_high": 0.06236693551288288
    },
    "persona_keyword_coverage": {
      "n": 20,
      "mean": 0.041666666666666664,
      "median": 0.0,
      "p95": 0.17500000000000013,
      "ci95_low": 0.008333333333333333,
      "ci95_high": 0.08333333333333333
    },
    "persona_style": {
      "n": 20,
      "mean": 0.575,
      "median": 0.5,
      "p95": 1.0,
      "ci95_low": 0.425,
      "ci95_high": 0.7
    },
    "distinct1": {
      "n": 20,
      "mean": 0.9393226855959774,
      "median": 0.9090909090909091,
      "p95": 1.0,
      "ci95_low": 0.9233147804576376,
      "ci95_high": 0.9570172555188082
    },
    "length_score": {
      "n": 20,
      "mean": 0.27999999999999997,
      "median": 0.09999999999999998,
      "p95": 0.7366666666666668,
      "ci95_low": 0.17829166666666663,
      "ci95_high": 0.3933333333333333
    },
    "sentence_score": {
      "n": 20,
      "mean": 0.7025,
      "median": 0.65,
      "p95": 1.0,
      "ci95_low": 0.65,
      "ci95_high": 0.755
    },
    "overall_quality": {
      "n": 20,
      "mean": 0.24305708471782897,
      "median": 0.21242727272727274,
      "p95": 0.3658433202147889,
      "ci95_low": 0.20909611015612276,
      "ci95_high": 0.28079422466708714
    },