{
  "run_dir": "artifacts\\proposal\\20260310T003216Z",
  "scenario_count": 144,
  "metrics": [
    "distinct1",
    "distinct2",
    "content_distinct1",
    "mtld",
    "repetition_penalty",
    "lexical_richness"
  ],
  "summary": {
    "proposed_contextual_controlled": {
      "distinct1": {
        "n": 144,
        "mean": 0.9360807668325456,
        "ci95_low": 0.9308839922364599,
        "ci95_high": 0.9412187499903701
      },
      "distinct2": {
        "n": 144,
        "mean": 0.9984343057702456,
        "ci95_low": 0.9970290895366861,
        "ci95_high": 0.9995245893373108
      },
      "content_distinct1": {
        "n": 144,
        "mean": 0.9925360751321022,
        "ci95_low": 0.9889492624033288,
        "ci95_high": 0.9955197515594508
      },
      "mtld": {
        "n": 144,
        "mean": 188.37372732668564,
        "ci95_low": 169.65524282110636,
        "ci95_high": 208.2801362505935
      },
      "repetition_penalty": {
        "n": 144,
        "mean": 0.06391923316745442,
        "ci95_low": 0.058900762570351456,
        "ci95_high": 0.0692489483199702
      },
      "lexical_richness": {
        "n": 144,
        "mean": 0.9252999847377653,
        "ci95_low": 0.9123433435379601,
        "ci95_high": 0.9370429833512792
      }
    },
    "proposed_contextual": {
      "distinct1": {
        "n": 144,
        "mean": 0.9404562405499721,
        "ci95_low": 0.9347645652031131,
        "ci95_high": 0.9462794288925178
      },
      "distinct2": {
        "n": 144,
        "mean": 1.0,
        "ci95_low": 1.0,
        "ci95_high": 1.0
      },
      "content_distinct1": {
        "n": 144,
        "mean": 0.9970142105044363,
        "ci95_low": 0.9951786657629093,
        "ci95_high": 0.9984955739771578
      },
      "mtld": {
        "n": 144,
        "mean": 144.54526851851853,
        "ci95_low": 114.41823287037035,
        "ci95_high": 177.88092349537035
      },
      "repetition_penalty": {
        "n": 144,
        "mean": 0.059543759450027905,
        "ci95_low": 0.05355618766291771,
        "ci95_high": 0.06542460695333721
      },
      "lexical_richness": {
        "n": 144,
        "mean": 0.8286822167589171,
        "ci95_low": 0.8103323246332023,
        "ci95_high": 0.8473283719911648
      }
    },
    "candidate_no_context": {
      "distinct1": {
        "n": 144,
        "mean": 0.9468863498757703,
        "ci95_low": 0.9400778119855017,
        "ci95_high": 0.953360309103815
      },
      "distinct2": {
        "n": 144,
        "mean": 0.992702178005894,
        "ci95_low": 0.97846511456427,
        "ci95_high": 0.9998914930555556
      },
      "content_distinct1": {
        "n": 144,
        "mean": 0.9972709359474486,
        "ci95_low": 0.9955445399018445,
        "ci95_high": 0.9986349630738877
      },
      "mtld": {
        "n": 144,
        "mean": 127.7578055555555,
        "ci95_low": 97.92155081018515,
        "ci95_high": 158.92537881944438
      },
      "repetition_penalty": {
        "n": 144,
        "mean": 0.05311365012422969,
        "ci95_low": 0.04637492855705017,
        "ci95_high": 0.059647262371989404
      },
      "lexical_richness": {
        "n": 144,
        "mean": 0.8141876621969191,
        "ci95_low": 0.7962049380493731,
        "ci95_high": 0.8321975160633566
      }
    },
    "baseline_no_context": {
      "distinct1": {
        "n": 144,
        "mean": 0.9775981041899554,
        "ci95_low": 0.9729143920789984,
        "ci95_high": 0.9818785698457186
      },
      "distinct2": {
        "n": 144,
        "mean": 0.9998713991769548,
        "ci95_low": 0.9996141975308643,
        "ci95_high": 1.0
      },
      "content_distinct1": {
        "n": 144,
        "mean": 0.9989014782326185,
        "ci95_low": 0.9976100552306693,
        "ci95_high": 0.9998070987654322
      },
      "mtld": {
        "n": 144,
        "mean": 149.661087962963,
        "ci95_low": 123.74191851851853,
        "ci95_high": 177.88580196759264
      },
      "repetition_penalty": {
        "n": 144,
        "mean": 0.02240189581004451,
        "ci95_low": 0.018003676274028317,
        "ci95_high": 0.02690371449985848
      },
      "lexical_richness": {
        "n": 144,
        "mean": 0.8506890924616424,
        "ci95_low": 0.830722078564878,
        "ci95_high": 0.8703280858125503
      }
    },
    "baseline_no_context_phi3_latest": {
      "distinct1": {
        "n": 144,
        "mean": 0.9813543613145428,
        "ci95_low": 0.9773319254094085,
        "ci95_high": 0.9849454776230071
      },
      "distinct2": {
        "n": 144,
        "mean": 1.0,
        "ci95_low": 1.0,
        "ci95_high": 1.0
      },
      "content_distinct1": {
        "n": 144,
        "mean": 0.9985811997051032,
        "ci95_low": 0.9972859538224123,
        "ci95_high": 0.9995949074074074
      },
      "mtld": {
        "n": 144,
        "mean": 163.67168518518517,
        "ci95_low": 132.1846025462963,
        "ci95_high": 195.76474421296297
      },
      "repetition_penalty": {
        "n": 144,
        "mean": 0.01864563868545725,
        "ci95_low": 0.014946326353826166,
        "ci95_high": 0.022623102697736364
      },
      "lexical_richness": {
        "n": 144,
        "mean": 0.8506691739987707,
        "ci95_low": 0.8303965546333841,
        "ci95_high": 0.8712510814726322
      }
    }
  },
  "paired_deltas": {
    "proposed_vs_candidate_no_context": {
      "distinct1": {
        "n": 144,
        "mean_delta": -0.0064301093257982155,
        "ci95_low": -0.014246009870715656,
        "ci95_high": 0.0011165294052141546,
        "p_delta_le_0": 0.952
      },
      "distinct2": {
        "n": 144,
        "mean_delta": 0.007297821994105922,
        "ci95_low": 0.00010850694444444444,
        "ci95_high": 0.02143691789531567,
        "p_delta_le_0": 0.017
      },
      "content_distinct1": {
        "n": 144,
        "mean_delta": -0.00025672544301230053,
        "ci95_low": -0.0024101432077924412,
        "ci95_high": 0.0018826444758682115,
        "p_delta_le_0": 0.5826666666666667
      },
      "mtld": {
        "n": 144,
        "mean_delta": 16.787462962963023,
        "ci95_low": -22.487761921296208,
        "ci95_high": 54.41283935185187,
        "p_delta_le_0": 0.197
      },
      "repetition_penalty": {
        "n": 144,
        "mean_delta": 0.006430109325798215,
        "ci95_low": -0.0009016561717296996,
        "ci95_high": 0.014038796034191916,
        "p_delta_le_0": 0.041666666666666664
      },
      "lexical_richness": {
        "n": 144,
        "mean_delta": 0.014494554561998009,
        "ci95_low": -0.008826014930665125,
        "ci95_high": 0.037329635135428085,
        "p_delta_le_0": 0.11533333333333333
      }
    },
    "proposed_vs_baseline_no_context": {
      "distinct1": {
        "n": 144,
        "mean_delta": -0.03714186363998341,
        "ci95_low": -0.04440967249708199,
        "ci95_high": -0.02942100846066103,
        "p_delta_le_0": 1.0
      },
      "distinct2": {
        "n": 144,
        "mean_delta": 0.00012860082304526728,
        "ci95_low": 0.0,
        "ci95_high": 0.00038580246913580185,
        "p_delta_le_0": 0.373
      },
      "content_distinct1": {
        "n": 144,
        "mean_delta": -0.0018872677281822911,
        "ci95_low": -0.0039391482512406905,
        "ci95_high": 8.497342003448689e-05,
        "p_delta_le_0": 0.9676666666666667
      },
      "mtld": {
        "n": 144,
        "mean_delta": -5.115819444444455,
        "ci95_low": -47.759329976851895,
        "ci95_high": 38.412854629629635,
        "p_delta_le_0": 0.5896666666666667
      },
      "repetition_penalty": {
        "n": 144,
        "mean_delta": 0.0371418636399834,
        "ci95_low": 0.029585725968667282,
        "ci95_high": 0.044650818790136014,
        "p_delta_le_0": 0.0
      },
      "lexical_richness": {
        "n": 144,
        "mean_delta": -0.02200687570272532,
        "ci95_low": -0.05024586002471436,