{
  "proposed_contextual_controlled": {
    "sample_count": 12,
    "context_relevance": {
      "n": 12,
      "mean": 0.12583888708693167,
      "median": 0.08201136363636363,
      "p95": 0.305317840054682,
      "ci95_low": 0.06980851226190463,
      "ci95_high": 0.19158740005826425
    },
    "persona_consistency": {
      "n": 12,
      "mean": 0.2947420634920635,
      "median": 0.30000000000000004,
      "p95": 0.46875,
      "ci95_low": 0.21626984126984128,
      "ci95_high": 0.374702380952381
    },
    "naturalness": {
      "n": 12,
      "mean": 0.8701512026620722,
      "median": 0.8569696969696969,
      "p95": 0.9694444444444444,
      "ci95_low": 0.8333670787445244,
      "ci95_high": 0.9071418670399649
    },
    "quest_state_correctness": {
      "n": 12,
      "mean": 0.21068661473591077,
      "median": 0.18419075757575756,
      "p95": 0.3586005222847327,
      "ci95_low": 0.16351548087591578,
      "ci95_high": 0.26736460952065905
    },
    "lore_consistency": {
      "n": 12,
      "mean": 0.059350750013864494,
      "median": 0.0,
      "p95": 0.2715574117076213,
      "ci95_low": 0.0,
      "ci95_high": 0.12585735244688703
    },
    "multi_turn_contradiction_safety": {
      "n": 12,
      "mean": 1.0,
      "median": 1.0,
      "p95": 1.0,
      "ci95_low": 1.0,
      "ci95_high": 1.0
    },
    "objective_completion_support": {
      "n": 12,
      "mean": 0.13909722222222223,
      "median": 0.12166666666666667,
      "p95": 0.27683333333333326,
      "ci95_low": 0.08180555555555556,
      "ci95_high": 0.19577604166666657
    },
    "gameplay_usefulness": {
      "n": 12,
      "mean": 0.337269295583422,
      "median": 0.3366827047066409,
      "p95": 0.38436034848484846,
      "ci95_low": 0.3187459186967704,
      "ci95_high": 0.3562013114423136
    },
    "time_pressure_acceptability": {
      "n": 12,
      "mean": 0.3350233585858586,
      "median": 0.32627694805194807,
      "p95": 0.4305633333333333,
      "ci95_low": 0.3011133757215007,
      "ci95_high": 0.37184296987734483
    },
    "context_keyword_coverage": {
      "n": 12,
      "mean": 0.15151515151515152,
      "median": 0.09090909090909091,
      "p95": 0.3954545454545452,
      "ci95_low": 0.07575757575757576,
      "ci95_high": 0.24242424242424243
    },
    "context_overlap": {
      "n": 12,
      "mean": 0.06592760342108539,
      "median": 0.06125,
      "p95": 0.14331306990881454,
      "ci95_low": 0.04361041566691326,
      "ci95_high": 0.09606373138200595
    },
    "persona_keyword_coverage": {
      "n": 12,
      "mean": 0.20436507936507933,
      "median": 0.22619047619047616,
      "p95": 0.3761904761904761,
      "ci95_low": 0.12698412698412698,
      "ci95_high": 0.2837301587301587
    },
    "persona_style": {
      "n": 12,
      "mean": 0.65625,
      "median": 0.5,
      "p95": 1.0,
      "ci95_low": 0.5416666666666666,
      "ci95_high": 0.78125
    },
    "distinct1": {
      "n": 12,
      "mean": 0.9187807844329584,
      "median": 0.9198717948717949,
      "p95": 0.9708333333333332,
      "ci95_low": 0.8979127781437564,
      "ci95_high": 0.940725055037555
    },
    "length_score": {
      "n": 12,
      "mean": 0.5277777777777778,
      "median": 0.48333333333333334,
      "p95": 0.9333333333333333,
      "ci95_low": 0.375,
      "ci95_high": 0.6666666666666666
    },
    "sentence_score": {
      "n": 12,
      "mean": 0.9708333333333333,
      "median": 1.0,
      "p95": 1.0,
      "ci95_low": 0.9125,
      "ci95_high": 1.0
    },
    "overall_quality": {
      "n": 12,
      "mean": 0.3321379758144459,
      "median": 0.3528250432900433,
      "p95": 0.4365874550980935,
      "ci95_low": 0.28835208533531226,
      "ci95_high": 0.3800023366459211
    },
    "metrics": [
      "context_relevance",
      "persona_consistency",
      "naturalness",
      "quest_state_correctness",
      "lore_consistency",
      "multi_turn_contradiction_safety",
      "objective_completion_support",
      "gameplay_usefulness",
      "time_pressure_acceptability",
      "context_keyword_coverage",
      "context_overlap",
      "persona_keyword_coverage",
      "persona_style",
      "distinct1",
      "length_score",
      "sentence_score",
      "overall_quality"
    ]
  },
  "proposed_contextual_controlled_tuned": {
    "sample_count": 12,
    "context_relevance": {
      "n": 12,
      "mean": 0.1629854804216059,
      "median": 0.15323169248236151,
      "p95": 0.34263320662328445,
      "ci95_low": 0.10999781635517503,
      "ci95_high": 0.22984368152610393
    },
    "persona_consistency": {
      "n": 12,
      "mean": 0.36489087301587303,
      "median": 0.4242857142857143,
      "p95": 0.6435714285714285,
      "ci95_low": 0.25236433531746033,
      "ci95_high": 0.4765443948412698
    },
    "naturalness": {
      "n": 12,
      "mean": 0.8995700466006215,
      "median": 0.8943076923076922,
      "p95": 0.9843873873873874,
      "ci95_low": 0.8680779993793898,
      "ci95_high": 0.9306892390451827
    },
    "quest_state_correctness": {
      "n": 12,
      "mean": 0.2449397302167354,
      "median": 0.2472925321006677,
      "p95": 0.400014621051049,
      "ci95_low": 0.19355791097240735,
      "ci95_high": 0.29967356310115206
    },
    "lore_consistency": {
      "n": 12,
      "mean": 0.05719267160986441,
      "median": 0.0,
      "p95": 0.26395004995004967,
      "ci95_low": 0.0069162239196236255,
      "ci95_high": 0.1326045415885447
    },
    "multi_turn_contradiction_safety": {
      "n": 12,
      "mean": 1.0,
      "median": 1.0,
      "p95": 1.0,
      "ci95_low": 1.0,
      "ci95_high": 1.0
    },
    "objective_completion_support": {
      "n": 12,
      "mean": 0.106875,
      "median": 0.10166666666666667,
      "p95": 0.2262083333333333,
      "ci95_low": 0.0651388888888889,
      "ci95_high": 0.1498628472222222
    },
    "gameplay_usefulness": {
      "n": 12,
      "mean": 0.341687443838174,
      "median": 0.33335891094443726,
      "p95": 0.38976441131391903,
      "ci95_low": 0.32519031643821816,
      "ci95_high": 0.3590390515273792
    },
    "time_pressure_acceptability": {
      "n": 12,
      "mean": 0.32443795093795097,
      "median": 0.3251017316017316,
      "p95": 0.3817949999999999,
      "ci95_low": 0.30354659857503613,
      "ci95_high": 0.347621856511544
    },
    "context_keyword_coverage": {
      "n": 12,
      "mean": 0.20454545454545456,
      "median": 0.18181818181818182,
      "p95": 0.4454545454545453,
      "ci95_low": 0.12878787878787878,
      "ci95_high": 0.2878787878787879
    },
    "context_overlap": {
      "n": 12,
      "mean": 0.0660122074659591,
      "median": 0.06274445893089961,
      "p95": 0.11363855421686747,
      "ci95_low": 0.045696451617347596,
      "ci95_high": 0.08761055997555457
    },
    "persona_keyword_coverage": {
      "n": 12,
      "mean": 0.2912698412698413,
      "median": 0.2857142857142857,
      "p95": 0.6499999999999998,
      "ci95_low": 0.168640873015873,
      "ci95_high": 0.4361111111111111
    },
    "persona_style": {
      "n": 12,
      "mean": 0.6593749999999999,
      "median": 0.5,
      "p95": 1.0,
      "ci95_low": 0.5416666666666666,
      "ci95_high": 0.7843749999999999
    },
    "distinct1": {
      "n": 12,
      "mean": 0.9506612276126649,
      "median": 0.9607692307692308,
      "p95": 1.0,
      "ci95_low": 0.9274676504337568,
      "ci95_high": 0.9716653085811179
    },
    "length_score": {
      "n": 12,
      "mean": 0.611111111111111,
      "median": 0.5333333333333333,
      "p95": 0.9816666666666667,
      "ci95_low": 0.48333333333333334,
      "ci95_high": 0.7472222222222222
    },
    "sentence_score": {
      "n": 12,
      "mean": 0.9708333333333333,
      "median": 1.0,
      "p95": 1.0,
      "ci95_low": 0.9125,
      "ci95_high": 1.0
    },
    "overall_quality": {
      "n": 12,
      "mean": 0.38189587101649125,
      "median": 0.36972441558441566,
      "p95": 0.555671268631291,