{
  "proposed_contextual_controlled": {
    "sample_count": 110,
    "context_relevance": {
      "n": 110,
      "mean": 0.28769626699346607,
      "median": 0.2783101604278075,
      "p95": 0.48022537878787874,
      "ci95_low": 0.27156674219534527,
      "ci95_high": 0.30400209564910297
    },
    "persona_consistency": {
      "n": 110,
      "mean": 0.25647619047619047,
      "median": 0.2,
      "p95": 0.6054761904761903,
      "ci95_low": 0.21969867424242429,
      "ci95_high": 0.29400730519480517
    },
    "naturalness": {
      "n": 110,
      "mean": 0.8931632580995797,
      "median": 0.9124137931034483,
      "p95": 0.9438409090909092,
      "ci95_low": 0.8835432354067217,
      "ci95_high": 0.9017142456474636
    },
    "context_keyword_coverage": {
      "n": 110,
      "mean": 0.3664876033057851,
      "median": 0.36363636363636365,
      "p95": 0.6199999999999999,
      "ci95_low": 0.3458891184573003,
      "ci95_high": 0.3877961432506887
    },
    "context_overlap": {
      "n": 110,
      "mean": 0.10384981559805509,
      "median": 0.09803921568627451,
      "p95": 0.16795774647887324,
      "ci95_low": 0.09719902721256078,
      "ci95_high": 0.11009221748770628
    },
    "persona_keyword_coverage": {
      "n": 110,
      "mean": 0.17506493506493506,
      "median": 0.14285714285714285,
      "p95": 0.6666666666666666,
      "ci95_low": 0.1344556277056277,
      "ci95_high": 0.2186666666666666
    },
    "persona_style": {
      "n": 110,
      "mean": 0.5821212121212122,
      "median": 0.5,
      "p95": 1.0,
      "ci95_low": 0.5133702651515151,
      "ci95_high": 0.6515549242424242
    },
    "distinct1": {
      "n": 110,
      "mean": 0.9436657210065251,
      "median": 0.9333333333333333,
      "p95": 0.9803508771929823,
      "ci95_low": 0.9396370290845654,
      "ci95_high": 0.9477025247158903
    },
    "length_score": {
      "n": 110,
      "mean": 0.5848484848484848,
      "median": 0.6666666666666667,
      "p95": 0.8666666666666667,
      "ci95_low": 0.5393863636363636,
      "ci95_high": 0.628189393939394
    },
    "sentence_score": {
      "n": 110,
      "mean": 0.9872727272727272,
      "median": 1.0,
      "p95": 1.0,
      "ci95_low": 0.9745454545454546,
      "ci95_high": 0.9968181818181818
    },
    "bertscore_f1": {
      "n": 110,
      "mean": 0.11291548599997027,
      "median": 0.10055562853813171,
      "p95": 0.19675957933068275,
      "ci95_low": 0.10202541443614543,
      "ci95_high": 0.12362357761869629
    },
    "overall_quality": {
      "n": 110,
      "mean": 0.3679489513222416,
      "median": 0.34933693281260264,
      "p95": 0.5115115666774551,
      "ci95_low": 0.35412413284674255,
      "ci95_high": 0.3815982787729383
    },
    "metrics": [
      "context_relevance",
      "persona_consistency",
      "naturalness",
      "context_keyword_coverage",
      "context_overlap",
      "persona_keyword_coverage",
      "persona_style",
      "distinct1",
      "length_score",
      "sentence_score",
      "bertscore_f1",
      "overall_quality"
    ]
  },
  "proposed_contextual": {
    "sample_count": 112,
    "context_relevance": {
      "n": 112,
      "mean": 0.06777485669204046,
      "median": 0.015192307692307692,
      "p95": 0.28347163652582913,
      "ci95_low": 0.04975203218585212,
      "ci95_high": 0.08798829215533326
    },
    "persona_consistency": {
      "n": 112,
      "mean": 0.13676288731956196,
      "median": 0.1,
      "p95": 0.3666666666666667,
      "ci95_low": 0.11381034692840551,
      "ci95_high": 0.1602268162409781
    },
    "naturalness": {
      "n": 112,
      "mean": 0.8034755865514288,
      "median": 0.7486363636363635,
      "p95": 0.9427763157894737,
      "ci95_low": 0.7900025789116948,
      "ci95_high": 0.8166637099219595
    },
    "context_keyword_coverage": {
      "n": 112,
      "mean": 0.0744047619047619,
      "median": 0.0,
      "p95": 0.36363636363636365,
      "ci95_low": 0.050862418831168835,
      "ci95_high": 0.10025703463203454
    },
    "context_overlap": {
      "n": 112,
      "mean": 0.05230507786235711,
      "median": 0.04878048780487805,
      "p95": 0.11158482142857137,
      "ci95_low": 0.04588507257915995,
      "ci95_high": 0.059026579628606746
    },
    "persona_keyword_coverage": {
      "n": 112,
      "mean": 0.047193877551020405,
      "median": 0.0,
      "p95": 0.3333333333333333,
      "ci95_low": 0.02380420918367347,
      "ci95_high": 0.07185905612244894
    },
    "persona_style": {
      "n": 112,
      "mean": 0.4950389263937282,
      "median": 0.5,
      "p95": 1.0,
      "ci95_low": 0.4321986607142857,
      "ci95_high": 0.5612980114873692
    },
    "distinct1": {
      "n": 112,
      "mean": 0.9356978949500009,
      "median": 0.9090909090909091,
      "p95": 1.0,
      "ci95_low": 0.9288450252676494,
      "ci95_high": 0.942923039293076
    },
    "length_score": {
      "n": 112,
      "mean": 0.28035714285714286,
      "median": 0.09999999999999998,
      "p95": 0.8816666666666663,
      "ci95_low": 0.23452380952380952,
      "ci95_high": 0.3318452380952381
    },
    "sentence_score": {
      "n": 112,
      "mean": 0.7312500000000001,
      "median": 0.65,
      "p95": 1.0,
      "ci95_low": 0.703125,
      "ci95_high": 0.759375
    },
    "bertscore_f1": {
      "n": 112,
      "mean": 0.07269740379706491,
      "median": 0.05776582099497318,
      "p95": 0.19278269559144973,
      "ci95_low": 0.06242438906332868,
      "ci95_high": 0.08415998650364469
    },
    "overall_quality": {
      "n": 112,
      "mean": 0.21891980544873085,
      "median": 0.19216824006134497,
      "p95": 0.40956225453159434,
      "ci95_low": 0.20472149822869895,
      "ci95_high": 0.23533816554266662
    },
    "metrics": [
      "context_relevance",
      "persona_consistency",
      "naturalness",
      "context_keyword_coverage",
      "context_overlap",
      "persona_keyword_coverage",
      "persona_style",
      "distinct1",
      "length_score",
      "sentence_score",
      "bertscore_f1",
      "overall_quality"
    ]
  },
  "candidate_no_context": {
    "sample_count": 112,
    "context_relevance": {
      "n": 112,
      "mean": 0.025923462184444752,
      "median": 0.01400799418604651,
      "p95": 0.140527306027306,
      "ci95_low": 0.01910513217659353,
      "ci95_high": 0.03380785464293158
    },
    "persona_consistency": {
      "n": 112,
      "mean": 0.16748031287986895,
      "median": 0.1,
      "p95": 0.47959119496855307,
      "ci95_low": 0.13783215715531497,
      "ci95_high": 0.20029846065784804
    },
    "naturalness": {
      "n": 112,
      "mean": 0.8132523092793349,
      "median": 0.7486363636363635,
      "p95": 0.9524285714285714,
      "ci95_low": 0.7985941716216298,
      "ci95_high": 0.828794648967799
    },
    "context_keyword_coverage": {
      "n": 112,
      "mean": 0.02002164502164502,
      "median": 0.0,
      "p95": 0.16666666666666666,
      "ci95_low": 0.010551948051948052,
      "ci95_high": 0.030303030303030304
    },
    "context_overlap": {
      "n": 112,
      "mean": 0.039694368897644126,
      "median": 0.04,
      "p95": 0.07292682926829268,
      "ci95_low": 0.03654459381934198,
      "ci95_high": 0.04298089845355047
    },
    "persona_keyword_coverage": {
      "n": 112,
      "mean": 0.09077380952380952,
      "median": 0.0,
      "p95": 0.5714285714285714,
      "ci95_low": 0.057397959183673464,
      "ci95_high": 0.12649340986394556
    },
    "persona_style": {
      "n": 112,
      "mean": 0.4743063263041066,
      "median": 0.5,
      "p95": 1.0,
      "ci95_low": 0.40982082780045975,
      "ci95_high": 0.5390526089563182
    },
    "distinct1": {
      "n": 112,
      "mean": 0.9378182731983374,
      "median": 0.9090909090909091,
      "p95": 1.0,
      "ci95_low": 0.9313886400001333,
      "ci95_high": 0.9445612393518799
    },
    "length_score": {
      "n": 112,
      "mean": 0.32142857142857145,
      "median": 0.09999999999999998,