{
  "proposed_vs_candidate_no_context": {
    "context_relevance": {
      "target_mean": 0.12227057317342543,
      "baseline_mean": 0.03748155530828918,
      "absolute_delta": 0.08478901786513626,
      "relative_delta": 2.2621531355286333
    },
    "persona_consistency": {
      "target_mean": 0.2155992445054945,
      "baseline_mean": 0.24107142857142858,
      "absolute_delta": -0.025472184065934073,
      "relative_delta": -0.10566239316239319
    },
    "naturalness": {
      "target_mean": 0.8378087311239485,
      "baseline_mean": 0.8245206056730991,
      "absolute_delta": 0.013288125450849342,
      "relative_delta": 0.016116183585250184
    },
    "context_keyword_coverage": {
      "target_mean": 0.14393939393939392,
      "baseline_mean": 0.03125,
      "absolute_delta": 0.11268939393939392,
      "relative_delta": 3.6060606060606055
    },
    "context_overlap": {
      "target_mean": 0.07170999138616561,
      "baseline_mean": 0.052021851027630586,
      "absolute_delta": 0.019688140358535028,
      "relative_delta": 0.37845905075692104
    },
    "persona_keyword_coverage": {
      "target_mean": 0.15178571428571427,
      "baseline_mean": 0.1607142857142857,
      "absolute_delta": -0.008928571428571425,
      "relative_delta": -0.05555555555555554
    },
    "persona_style": {
      "target_mean": 0.4708533653846154,
      "baseline_mean": 0.5625,
      "absolute_delta": -0.09164663461538458,
      "relative_delta": -0.16292735042735038
    },
    "distinct1": {
      "target_mean": 0.953375994476538,
      "baseline_mean": 0.9493223475160815,
      "absolute_delta": 0.004053646960456514,
      "relative_delta": 0.004270042700525225
    },
    "length_score": {
      "target_mean": 0.39166666666666666,
      "baseline_mean": 0.33333333333333337,
      "absolute_delta": 0.05833333333333329,
      "relative_delta": 0.17499999999999985
    },
    "sentence_score": {
      "target_mean": 0.78125,
      "baseline_mean": 0.78125,
      "absolute_delta": 0.0,
      "relative_delta": 0.0
    },
    "overall_quality": {
      "target_mean": 0.29688122029116565,
      "baseline_mean": 0.2628617667598897,
      "absolute_delta": 0.034019453531275945,
      "relative_delta": 0.12941955747543504
    }
  },
  "controlled_vs_proposed_raw": {
    "context_relevance": {
      "target_mean": 0.2817983977196412,
      "baseline_mean": 0.12227057317342543,
      "absolute_delta": 0.15952782454621578,
      "relative_delta": 1.3047115132105058
    },
    "persona_consistency": {
      "target_mean": 0.4415476190476191,
      "baseline_mean": 0.2155992445054945,
      "absolute_delta": 0.22594837454212457,
      "relative_delta": 1.0480016989872445
    },
    "naturalness": {
      "target_mean": 0.8833786868728286,
      "baseline_mean": 0.8378087311239485,
      "absolute_delta": 0.04556995574888012,
      "relative_delta": 0.05439183677131951
    },
    "context_keyword_coverage": {
      "target_mean": 0.33428030303030304,
      "baseline_mean": 0.14393939393939392,
      "absolute_delta": 0.19034090909090912,
      "relative_delta": 1.3223684210526319
    },
    "context_overlap": {
      "target_mean": 0.15934061866143043,
      "baseline_mean": 0.07170999138616561,
      "absolute_delta": 0.08763062727526481,
      "relative_delta": 1.2220141932992985
    },
    "persona_keyword_coverage": {
      "target_mean": 0.4113095238095238,
      "baseline_mean": 0.15178571428571427,
      "absolute_delta": 0.2595238095238095,
      "relative_delta": 1.7098039215686274
    },
    "persona_style": {
      "target_mean": 0.5625,
      "baseline_mean": 0.4708533653846154,
      "absolute_delta": 0.09164663461538458,
      "relative_delta": 0.19463943841735792
    },
    "distinct1": {
      "target_mean": 0.9636550505154049,
      "baseline_mean": 0.953375994476538,
      "absolute_delta": 0.010279056038866918,
      "relative_delta": 0.01078174413706604
    },
    "length_score": {
      "target_mean": 0.5333333333333333,
      "baseline_mean": 0.39166666666666666,
      "absolute_delta": 0.14166666666666666,
      "relative_delta": 0.36170212765957444
    },
    "sentence_score": {
      "target_mean": 0.9125,
      "baseline_mean": 0.78125,
      "absolute_delta": 0.13124999999999998,
      "relative_delta": 0.16799999999999998
    },
    "overall_quality": {
      "target_mean": 0.4620084419389181,
      "baseline_mean": 0.29688122029116565,
      "absolute_delta": 0.16512722164775245,
      "relative_delta": 0.5562063558139658
    }
  },
  "controlled_vs_candidate_no_context": {
    "context_relevance": {
      "target_mean": 0.2817983977196412,
      "baseline_mean": 0.03748155530828918,
      "absolute_delta": 0.24431684241135204,
      "relative_delta": 6.518321889308593
    },
    "persona_consistency": {
      "target_mean": 0.4415476190476191,
      "baseline_mean": 0.24107142857142858,
      "absolute_delta": 0.2004761904761905,
      "relative_delta": 0.8316049382716051
    },
    "naturalness": {
      "target_mean": 0.8833786868728286,
      "baseline_mean": 0.8245206056730991,
      "absolute_delta": 0.05885808119972946,
      "relative_delta": 0.07138460918351525
    },
    "context_keyword_coverage": {
      "target_mean": 0.33428030303030304,
      "baseline_mean": 0.03125,
      "absolute_delta": 0.30303030303030304,
      "relative_delta": 9.696969696969697
    },
    "context_overlap": {
      "target_mean": 0.15934061866143043,
      "baseline_mean": 0.052021851027630586,
      "absolute_delta": 0.10731876763379984,
      "relative_delta": 2.0629555756637568
    },
    "persona_keyword_coverage": {
      "target_mean": 0.4113095238095238,
      "baseline_mean": 0.1607142857142857,
      "absolute_delta": 0.2505952380952381,
      "relative_delta": 1.5592592592592593
    },
    "persona_style": {
      "target_mean": 0.5625,
      "baseline_mean": 0.5625,
      "absolute_delta": 0.0,
      "relative_delta": 0.0
    },
    "distinct1": {
      "target_mean": 0.9636550505154049,
      "baseline_mean": 0.9493223475160815,
      "absolute_delta": 0.014332702999323432,
      "relative_delta": 0.015097825345442673
    },
    "length_score": {
      "target_mean": 0.5333333333333333,
      "baseline_mean": 0.33333333333333337,
      "absolute_delta": 0.19999999999999996,
      "relative_delta": 0.5999999999999998
    },
    "sentence_score": {
      "target_mean": 0.9125,
      "baseline_mean": 0.78125,
      "absolute_delta": 0.13124999999999998,
      "relative_delta": 0.16799999999999998
    },
    "overall_quality": {
      "target_mean": 0.4620084419389181,
      "baseline_mean": 0.2628617667598897,
      "absolute_delta": 0.1991466751790284,
      "relative_delta": 0.7576098937238687
    }
  },
  "controlled_alt_vs_controlled_default": {
    "context_relevance": {
      "target_mean": 0.19711000072162174,
      "baseline_mean": 0.2817983977196412,
      "absolute_delta": -0.08468839699801947,
      "relative_delta": -0.3005283127346779
    },
    "persona_consistency": {
      "target_mean": 0.37357142857142855,
      "baseline_mean": 0.4415476190476191,
      "absolute_delta": -0.06797619047619052,
      "relative_delta": -0.15394985171205186
    },
    "naturalness": {
      "target_mean": 0.9121012137504073,
      "baseline_mean": 0.8833786868728286,
      "absolute_delta": 0.028722526877578702,
      "relative_delta": 0.03251439875604968
    },
    "context_keyword_coverage": {
      "target_mean": 0.24715909090909088,
      "baseline_mean": 0.33428030303030304,
      "absolute_delta": -0.08712121212121215,
      "relative_delta": -0.2606232294617565
    },
    "context_overlap": {
      "target_mean": 0.08032879028419378,
      "baseline_mean": 0.15934061866143043,
      "absolute_delta": -0.07901182837723665,
      "relative_delta": -0.4958674633059025
    },
    "persona_keyword_coverage": {
      "target_mean": 0.3107142857142857,
      "baseline_mean": 0.4113095238095238,
      "absolute_delta": -0.10059523809523807,