{
  "proposed_contextual_controlled": {
    "sample_count": 8,
    "context_relevance": {
      "n": 8,
      "mean": 0.2817983977196412,
      "median": 0.30674325674325675,
      "p95": 0.4481793703187773,
      "ci95_low": 0.17948985514194876,
      "ci95_high": 0.3754613110518612
    },
    "persona_consistency": {
      "n": 8,
      "mean": 0.4415476190476191,
      "median": 0.4119047619047619,
      "p95": 0.6301428571428571,
      "ci95_low": 0.3476190476190476,
      "ci95_high": 0.5311994047619046
    },
    "naturalness": {
      "n": 8,
      "mean": 0.8833786868728286,
      "median": 0.8949113475177305,
      "p95": 0.9634343180389692,
      "ci95_low": 0.8357209611138836,
      "ci95_high": 0.9301496471034988
    },
    "context_keyword_coverage": {
      "n": 8,
      "mean": 0.33428030303030304,
      "median": 0.36363636363636365,
      "p95": 0.5382575757575757,
      "ci95_low": 0.20916193181818182,
      "ci95_high": 0.4412878787878788
    },
    "context_overlap": {
      "n": 8,
      "mean": 0.15934061866143043,
      "median": 0.16003616636528029,
      "p95": 0.2998650472334682,
      "ci95_low": 0.10130579554226062,
      "ci95_high": 0.22170207686677856
    },
    "persona_keyword_coverage": {
      "n": 8,
      "mean": 0.4113095238095238,
      "median": 0.45238095238095233,
      "p95": 0.6742857142857143,
      "ci95_low": 0.26785714285714285,
      "ci95_high": 0.5494047619047618
    },
    "persona_style": {
      "n": 8,
      "mean": 0.5625,
      "median": 0.5,
      "p95": 1.0,
      "ci95_low": 0.3125,
      "ci95_high": 0.8125
    },
    "distinct1": {
      "n": 8,
      "mean": 0.9636550505154049,
      "median": 0.9661058881741712,
      "p95": 1.0,
      "ci95_low": 0.9399935958838009,
      "ci95_high": 0.9861463956811686
    },
    "length_score": {
      "n": 8,
      "mean": 0.5333333333333333,
      "median": 0.5833333333333333,
      "p95": 0.9199999999999999,
      "ci95_low": 0.32083333333333336,
      "ci95_high": 0.7416666666666667
    },
    "sentence_score": {
      "n": 8,
      "mean": 0.9125,
      "median": 1.0,
      "p95": 1.0,
      "ci95_low": 0.78125,
      "ci95_high": 1.0
    },
    "overall_quality": {
      "n": 8,
      "mean": 0.4620084419389181,
      "median": 0.44245083487940645,
      "p95": 0.5671622720766167,
      "ci95_low": 0.4243756009992812,
      "ci95_high": 0.5074725978057671
    },
    "metrics": [
      "context_relevance",
      "persona_consistency",
      "naturalness",
      "context_keyword_coverage",
      "context_overlap",
      "persona_keyword_coverage",
      "persona_style",
      "distinct1",
      "length_score",
      "sentence_score",
      "overall_quality"
    ]
  },
  "proposed_contextual_controlled_hb": {
    "sample_count": 8,
    "context_relevance": {
      "n": 8,
      "mean": 0.19711000072162174,
      "median": 0.21821792904215942,
      "p95": 0.2584965577198712,
      "ci95_low": 0.137337354846044,
      "ci95_high": 0.23536159034777862
    },
    "persona_consistency": {
      "n": 8,
      "mean": 0.37357142857142855,
      "median": 0.3726190476190476,
      "p95": 0.5303571428571429,
      "ci95_low": 0.2822023809523809,
      "ci95_high": 0.46279761904761907
    },
    "naturalness": {
      "n": 8,
      "mean": 0.9121012137504073,
      "median": 0.9195967741935483,
      "p95": 0.9437373737373738,
      "ci95_low": 0.8937238605816227,
      "ci95_high": 0.9307275130335613
    },
    "context_keyword_coverage": {
      "n": 8,
      "mean": 0.24715909090909088,
      "median": 0.2727272727272727,
      "p95": 0.3318181818181818,
      "ci95_low": 0.17045454545454544,
      "ci95_high": 0.301207386363636
    },
    "context_overlap": {
      "n": 8,
      "mean": 0.08032879028419378,
      "median": 0.08706952566601689,
      "p95": 0.10941469489414696,
      "ci95_low": 0.06119403736136607,
      "ci95_high": 0.09713017470102008
    },
    "persona_keyword_coverage": {
      "n": 8,
      "mean": 0.3107142857142857,
      "median": 0.30952380952380953,
      "p95": 0.5214285714285714,
      "ci95_low": 0.2255952380952381,
      "ci95_high": 0.40302083333333305
    },
    "persona_style": {
      "n": 8,
      "mean": 0.625,
      "median": 0.5,
      "p95": 1.0,
      "ci95_low": 0.40625,
      "ci95_high": 0.84375
    },
    "distinct1": {
      "n": 8,
      "mean": 0.9557738677093516,
      "median": 0.9422222222222222,
      "p95": 1.0,
      "ci95_low": 0.935748615184099,
      "ci95_high": 0.9773503787878787
    },
    "length_score": {
      "n": 8,
      "mean": 0.6708333333333334,
      "median": 0.75,
      "p95": 0.8333333333333335,
      "ci95_low": 0.5541666666666667,
      "ci95_high": 0.775
    },
    "sentence_score": {
      "n": 8,
      "mean": 0.95625,
      "median": 1.0,
      "p95": 1.0,
      "ci95_low": 0.86875,
      "ci95_high": 1.0
    },
    "overall_quality": {
      "n": 8,
      "mean": 0.4038668559968784,
      "median": 0.38734032176433325,
      "p95": 0.46320066089466094,
      "ci95_low": 0.3789364537402715,
      "ci95_high": 0.43145229791513534
    },
    "metrics": [
      "context_relevance",
      "persona_consistency",
      "naturalness",
      "context_keyword_coverage",
      "context_overlap",
      "persona_keyword_coverage",
      "persona_style",
      "distinct1",
      "length_score",
      "sentence_score",
      "overall_quality"
    ]
  },
  "proposed_contextual": {
    "sample_count": 8,
    "context_relevance": {
      "n": 8,
      "mean": 0.12227057317342543,
      "median": 0.08401770388071757,
      "p95": 0.3175374800637958,
      "ci95_low": 0.04657417605767483,
      "ci95_high": 0.2019701130250427
    },
    "persona_consistency": {
      "n": 8,
      "mean": 0.2155992445054945,
      "median": 0.15714285714285714,
      "p95": 0.42547619047619045,
      "ci95_low": 0.12463355654761905,
      "ci95_high": 0.3142887906364469
    },
    "naturalness": {
      "n": 8,
      "mean": 0.8378087311239485,
      "median": 0.855,
      "p95": 0.9334311594202898,
      "ci95_low": 0.7875509906759905,
      "ci95_high": 0.8860695816864295
    },
    "context_keyword_coverage": {
      "n": 8,
      "mean": 0.14393939393939392,
      "median": 0.09090909090909091,
      "p95": 0.412121212121212,
      "ci95_low": 0.045454545454545456,
      "ci95_high": 0.25757575757575757
    },
    "context_overlap": {
      "n": 8,
      "mean": 0.07170999138616561,
      "median": 0.06793780081451314,
      "p95": 0.10072874493927124,
      "ci95_low": 0.05729513094656763,
      "ci95_high": 0.08617240215924425
    },
    "persona_keyword_coverage": {
      "n": 8,
      "mean": 0.15178571428571427,
      "median": 0.07142857142857142,
      "p95": 0.4880952380952379,
      "ci95_low": 0.03869047619047619,
      "ci95_high": 0.29464285714285715
    },
    "persona_style": {
      "n": 8,
      "mean": 0.4708533653846154,
      "median": 0.5,
      "p95": 0.9730769230769231,
      "ci95_low": 0.23046875,
      "ci95_high": 0.7208533653846154
    },
    "distinct1": {
      "n": 8,
      "mean": 0.953375994476538,
      "median": 0.9602842809364549,
      "p95": 1.0,
      "ci95_low": 0.9266098484848484,
      "ci95_high": 0.9807106389986825
    },
    "length_score": {
      "n": 8,
      "mean": 0.39166666666666666,
      "median": 0.45,
      "p95": 0.71,
      "ci95_low": 0.22499999999999998,
      "ci95_high": 0.5667708333333328
    },
    "sentence_score": {
      "n": 8,
      "mean": 0.78125,
      "median": 0.65,
      "p95": 1.0,
      "ci95_low": 0.69375,
      "ci95_high": 0.9125
    },
    "overall_quality": {
      "n": 8,
      "mean": 0.29688122029116565,
      "median": 0.25361433876502376,
      "p95": 0.45417774703557323,
      "ci95_low": 0.22341978900905946,
      "ci95_high": 0.37460168709144265
    },