{
  "run_dir": "artifacts\\proposal\\20260312T114229Z",
  "scenario_count": 144,
  "metrics": [
    "distinct1",
    "distinct2",
    "content_distinct1",
    "mtld",
    "repetition_penalty",
    "lexical_richness"
  ],
  "summary": {
    "proposed_contextual_controlled": {
      "distinct1": {
        "n": 144,
        "mean": 0.9359456318522964,
        "ci95_low": 0.9285981322351916,
        "ci95_high": 0.9433714766650853
      },
      "distinct2": {
        "n": 144,
        "mean": 0.9897712894995503,
        "ci95_low": 0.9865575298795406,
        "ci95_high": 0.9927597664010708
      },
      "content_distinct1": {
        "n": 144,
        "mean": 0.965199287868026,
        "ci95_low": 0.9556787864648066,
        "ci95_high": 0.9739250632622158
      },
      "mtld": {
        "n": 144,
        "mean": 159.58882681955208,
        "ci95_low": 131.2216621312446,
        "ci95_high": 191.42769986810933
      },
      "repetition_penalty": {
        "n": 144,
        "mean": 0.06405436814770367,
        "ci95_low": 0.056801929740696186,
        "ci95_high": 0.07146994045373029
      },
      "lexical_richness": {
        "n": 144,
        "mean": 0.8494064615149928,
        "ci95_low": 0.8283229989860696,
        "ci95_high": 0.8708731329351541
      }
    },
    "proposed_contextual": {
      "distinct1": {
        "n": 144,
        "mean": 0.9371662836195225,
        "ci95_low": 0.9291104002916878,
        "ci95_high": 0.9454993785632222
      },
      "distinct2": {
        "n": 144,
        "mean": 0.98881512006512,
        "ci95_low": 0.9854464979464979,
        "ci95_high": 0.9920618733118732
      },
      "content_distinct1": {
        "n": 144,
        "mean": 0.9651863148168159,
        "ci95_low": 0.9559615480448538,
        "ci95_high": 0.9741864765166397
      },
      "mtld": {
        "n": 144,
        "mean": 155.5479284093696,
        "ci95_low": 127.03910800757296,
        "ci95_high": 186.7971235796848
      },
      "repetition_penalty": {
        "n": 144,
        "mean": 0.06283371638047762,
        "ci95_low": 0.05492500193302874,
        "ci95_high": 0.07062940448905762
      },
      "lexical_richness": {
        "n": 144,
        "mean": 0.8380144916933728,
        "ci95_low": 0.8174575761898195,
        "ci95_high": 0.8577233129593655
      }
    },
    "candidate_no_context": {
      "distinct1": {
        "n": 144,
        "mean": 0.9389395916528207,
        "ci95_low": 0.9310791986410856,
        "ci95_high": 0.9467727002005172
      },
      "distinct2": {
        "n": 144,
        "mean": 0.9896704317393973,
        "ci95_low": 0.9866333382055364,
        "ci95_high": 0.9926659747101557
      },
      "content_distinct1": {
        "n": 144,
        "mean": 0.9654111238648038,
        "ci95_low": 0.9565207396288743,
        "ci95_high": 0.9741524809405974
      },
      "mtld": {
        "n": 144,
        "mean": 156.579183376257,
        "ci95_low": 127.62238947909,
        "ci95_high": 189.2039035688005
      },
      "repetition_penalty": {
        "n": 144,
        "mean": 0.061060408347179344,
        "ci95_low": 0.05358139250943444,
        "ci95_high": 0.06860825331982175
      },
      "lexical_richness": {
        "n": 144,
        "mean": 0.8357813715851483,
        "ci95_low": 0.8168260673777413,
        "ci95_high": 0.8568948594935942
      }
    },
    "baseline_no_context": {
      "distinct1": {
        "n": 144,
        "mean": 0.9775034487244001,
        "ci95_low": 0.9731222718869479,
        "ci95_high": 0.9818211444739203
      },
      "distinct2": {
        "n": 144,
        "mean": 0.9998689727463312,
        "ci95_low": 0.9996069182389937,
        "ci95_high": 1.0
      },
      "content_distinct1": {
        "n": 144,
        "mean": 0.99690013577114,
        "ci95_low": 0.9951745233384091,
        "ci95_high": 0.9984179806422396
      },
      "mtld": {
        "n": 144,
        "mean": 149.86106481481477,
        "ci95_low": 122.03109085648147,
        "ci95_high": 180.46185127314817
      },
      "repetition_penalty": {
        "n": 144,
        "mean": 0.022496551275599876,
        "ci95_low": 0.018067656676156525,
        "ci95_high": 0.026914731609034025
      },
      "lexical_richness": {
        "n": 144,
        "mean": 0.8495822939398447,
        "ci95_low": 0.8308069447083989,
        "ci95_high": 0.8693841863247604
      }
    },
    "baseline_no_context_phi3_latest": {
      "distinct1": {
        "n": 144,
        "mean": 0.9823191719290256,
        "ci95_low": 0.9784306973654269,
        "ci95_high": 0.9860777691038761
      },
      "distinct2": {
        "n": 144,
        "mean": 1.0,
        "ci95_low": 1.0,
        "ci95_high": 1.0
      },
      "content_distinct1": {
        "n": 144,
        "mean": 0.9979884944183173,
        "ci95_low": 0.9965858386246568,
        "ci95_high": 0.9991550658793033
      },
      "mtld": {
        "n": 144,
        "mean": 134.91031944444444,
        "ci95_low": 109.01041076388888,
        "ci95_high": 162.6216170138889
      },
      "repetition_penalty": {
        "n": 144,
        "mean": 0.017680828070974278,
        "ci95_low": 0.013909304453910169,
        "ci95_high": 0.021660746467151076
      },
      "lexical_richness": {
        "n": 144,
        "mean": 0.8346279254240239,
        "ci95_low": 0.8161044358737275,
        "ci95_high": 0.8533769612766525
      }
    }
  },
  "paired_deltas": {
    "proposed_vs_candidate_no_context": {
      "distinct1": {
        "n": 144,
        "mean_delta": -0.0017733080332982681,
        "ci95_low": -0.009266586446719662,
        "ci95_high": 0.0056983995618744895,
        "p_delta_le_0": 0.6746666666666666
      },
      "distinct2": {
        "n": 144,
        "mean_delta": -0.0008553116742771925,
        "ci95_low": -0.0032335526861388955,
        "ci95_high": 0.0016063259856363308,
        "p_delta_le_0": 0.7583333333333333
      },
      "content_distinct1": {
        "n": 144,
        "mean_delta": -0.00022480904798791938,
        "ci95_low": -0.007724542658189968,
        "ci95_high": 0.007295561799849365,
        "p_delta_le_0": 0.512
      },
      "mtld": {
        "n": 144,
        "mean_delta": -1.0312549668873503,
        "ci95_low": -37.63663228630107,
        "ci95_high": 35.97952894055067,
        "p_delta_le_0": 0.515
      },
      "repetition_penalty": {
        "n": 144,
        "mean_delta": 0.0017733080332982742,
        "ci95_low": -0.005590721413811506,
        "ci95_high": 0.009161821166413934,
        "p_delta_le_0": 0.32
      },
      "lexical_richness": {
        "n": 144,
        "mean_delta": 0.0022331201082244454,
        "ci95_low": -0.020208273384968157,
        "ci95_high": 0.025359641208996975,
        "p_delta_le_0": 0.411
      }
    },
    "proposed_vs_baseline_no_context": {
      "distinct1": {
        "n": 144,
        "mean_delta": -0.040337165104877754,
        "ci95_low": -0.049537296573797907,
        "ci95_high": -0.03121060944395193,
        "p_delta_le_0": 1.0
      },
      "distinct2": {
        "n": 144,
        "mean_delta": -0.011053852681211177,
        "ci95_low": -0.014330240317858246,
        "ci95_high": -0.007937289278680789,
        "p_delta_le_0": 1.0
      },
      "content_distinct1": {
        "n": 144,
        "mean_delta": -0.03171382095432423,
        "ci95_low": -0.04110360523191079,
        "ci95_high": -0.022832269037232972,
        "p_delta_le_0": 1.0
      },
      "mtld": {
        "n": 144,
        "mean_delta": 5.686863594554854,
        "ci95_low": -28.530010595259988,
        "ci95_high": 39.82807830282686,
        "p_delta_le_0": 0.3606666666666667
      },
      "repetition_penalty": {
        "n": 144,
        "mean_delta": 0.04033716510487775,
        "ci95_low": 0.031140113877354242,
        "ci95_high": 0.04944475464376761,
        "p_delta_le_0": 0.0
      },
      "lexical_richness": {
        "n": 144,
        "mean_delta": -0.01156780224647201,
        "ci95_low": -0.03611494969320389,