{
  "proposed_contextual_controlled": {
    "sample_count": 112,
    "context_relevance": {
      "n": 112,
      "mean": 0.25478149453948,
      "median": 0.2236363636363636,
      "p95": 0.4025324675324673,
      "ci95_low": 0.24180347924387616,
      "ci95_high": 0.2697586066864661
    },
    "persona_consistency": {
      "n": 112,
      "mean": 0.36556760204081634,
      "median": 0.33333333333333337,
      "p95": 0.6406428571428568,
      "ci95_low": 0.33934481292517005,
      "ci95_high": 0.3947256590136054
    },
    "naturalness": {
      "n": 112,
      "mean": 0.9128756175879441,
      "median": 0.935,
      "p95": 0.9717117117117117,
      "ci95_low": 0.9018729939910437,
      "ci95_high": 0.9233653534119193
    },
    "context_keyword_coverage": {
      "n": 112,
      "mean": 0.32127976190476193,
      "median": 0.2727272727272727,
      "p95": 0.520454545454545,
      "ci95_low": 0.30334077380952384,
      "ci95_high": 0.3410487689393939
    },
    "context_overlap": {
      "n": 112,
      "mean": 0.09961887068715557,
      "median": 0.09280792420327304,
      "p95": 0.15961538461538446,
      "ci95_low": 0.09335793665651793,
      "ci95_high": 0.10655491444246491
    },
    "persona_keyword_coverage": {
      "n": 112,
      "mean": 0.30820578231292517,
      "median": 0.2857142857142857,
      "p95": 0.5714285714285714,
      "ci95_low": 0.27788796768707485,
      "ci95_high": 0.3386086309523809
    },
    "persona_style": {
      "n": 112,
      "mean": 0.595014880952381,
      "median": 0.5,
      "p95": 1.0,
      "ci95_low": 0.5332403273809524,
      "ci95_high": 0.6612351190476191
    },
    "distinct1": {
      "n": 112,
      "mean": 0.940671186827003,
      "median": 0.9393939393939394,
      "p95": 0.9751831501831502,
      "ci95_low": 0.9360264941639981,
      "ci95_high": 0.9450159852624216
    },
    "length_score": {
      "n": 112,
      "mean": 0.6955357142857144,
      "median": 0.8,
      "p95": 0.9666666666666666,
      "ci95_low": 0.640766369047619,
      "ci95_high": 0.746733630952381
    },
    "sentence_score": {
      "n": 112,
      "mean": 0.975,
      "median": 1.0,
      "p95": 1.0,
      "ci95_low": 0.9562499999999999,
      "ci95_high": 0.990625
    },
    "bertscore_f1": {
      "n": 112,
      "mean": 0.08707202221765849,
      "median": 0.07185804471373558,
      "p95": 0.20256081372499463,
      "ci95_low": 0.07656776205216634,
      "ci95_high": 0.09824373467230803
    },
    "overall_quality": {
      "n": 112,
      "mean": 0.39101662481284055,
      "median": 0.3711017261567479,
      "p95": 0.5075588105257152,
      "ci95_low": 0.3803836767676556,
      "ci95_high": 0.4019817683785994
    },
    "metrics": [
      "context_relevance",
      "persona_consistency",
      "naturalness",
      "context_keyword_coverage",
      "context_overlap",
      "persona_keyword_coverage",
      "persona_style",
      "distinct1",
      "length_score",
      "sentence_score",
      "bertscore_f1",
      "overall_quality"
    ]
  },
  "proposed_contextual": {
    "sample_count": 112,
    "context_relevance": {
      "n": 112,
      "mean": 0.08368329046798169,
      "median": 0.016216216216216217,
      "p95": 0.27620925259479473,
      "ci95_low": 0.06549627688059075,
      "ci95_high": 0.10390366936752068
    },
    "persona_consistency": {
      "n": 112,
      "mean": 0.15552455357142855,
      "median": 0.1,
      "p95": 0.4764285714285709,
      "ci95_low": 0.1293895487882653,
      "ci95_high": 0.18411757281037414
    },
    "naturalness": {
      "n": 112,
      "mean": 0.7990195652516094,
      "median": 0.7486363636363635,
      "p95": 0.942176282051282,
      "ci95_low": 0.7870686220966475,
      "ci95_high": 0.8124785009566616
    },
    "context_keyword_coverage": {
      "n": 112,
      "mean": 0.09495400432900433,
      "median": 0.0,
      "p95": 0.36363636363636365,
      "ci95_low": 0.06927556818181818,
      "ci95_high": 0.12084855248917749
    },
    "context_overlap": {
      "n": 112,
      "mean": 0.05738495812559551,
      "median": 0.05064102564102564,
      "p95": 0.11864616472251671,
      "ci95_low": 0.05077015490332917,
      "ci95_high": 0.06559033804913227
    },
    "persona_keyword_coverage": {
      "n": 112,
      "mean": 0.06781462585034014,
      "median": 0.0,
      "p95": 0.5,
      "ci95_low": 0.038690476190476185,
      "ci95_high": 0.0975765306122449
    },
    "persona_style": {
      "n": 112,
      "mean": 0.5063642644557823,
      "median": 0.5,
      "p95": 1.0,
      "ci95_low": 0.43846759406887753,
      "ci95_high": 0.5742150961947278
    },
    "distinct1": {
      "n": 112,
      "mean": 0.9360161750337858,
      "median": 0.9090909090909091,
      "p95": 1.0,
      "ci95_low": 0.9292238982715842,
      "ci95_high": 0.9427359760178403
    },
    "length_score": {
      "n": 112,
      "mean": 0.2494047619047619,
      "median": 0.09999999999999998,
      "p95": 0.8299999999999993,
      "ci95_low": 0.20356398809523807,
      "ci95_high": 0.29851934523809515
    },
    "sentence_score": {
      "n": 112,
      "mean": 0.7473214285714286,
      "median": 0.65,
      "p95": 1.0,
      "ci95_low": 0.7169642857142857,
      "ci95_high": 0.7754575892857143
    },
    "bertscore_f1": {
      "n": 112,
      "mean": 0.06954368290722154,
      "median": 0.056383365765213966,
      "p95": 0.17832911983132363,
      "ci95_low": 0.06005874014871162,
      "ci95_high": 0.07986481250085749
    },
    "overall_quality": {
      "n": 112,
      "mean": 0.23025243193767383,
      "median": 0.20071492089604526,
      "p95": 0.39070334518582905,
      "ci95_low": 0.2156868977047846,
      "ci95_high": 0.24519149703873808
    },
    "metrics": [
      "context_relevance",
      "persona_consistency",
      "naturalness",
      "context_keyword_coverage",
      "context_overlap",
      "persona_keyword_coverage",
      "persona_style",
      "distinct1",
      "length_score",
      "sentence_score",
      "bertscore_f1",
      "overall_quality"
    ]
  },
  "candidate_no_context": {
    "sample_count": 112,
    "context_relevance": {
      "n": 112,
      "mean": 0.023807160786394988,
      "median": 0.013043478260869565,
      "p95": 0.08083766233766233,
      "ci95_low": 0.018537283010371063,
      "ci95_high": 0.02969635065535979
    },
    "persona_consistency": {
      "n": 112,
      "mean": 0.16331564258608583,
      "median": 0.1,
      "p95": 0.4764285714285709,
      "ci95_low": 0.13731439388996705,
      "ci95_high": 0.19101956549047486
    },
    "naturalness": {
      "n": 112,
      "mean": 0.8109871002897581,
      "median": 0.7486363636363635,
      "p95": 0.9675238095238095,
      "ci95_low": 0.7968495823325367,
      "ci95_high": 0.8267779105438013
    },
    "context_keyword_coverage": {
      "n": 112,
      "mean": 0.017140151515151514,
      "median": 0.0,
      "p95": 0.09090909090909091,
      "ci95_low": 0.009821428571428573,
      "ci95_high": 0.025176204004329007
    },
    "context_overlap": {
      "n": 112,
      "mean": 0.039363515752629766,
      "median": 0.03625410733844468,
      "p95": 0.07042682926829263,
      "ci95_low": 0.03620658385244576,
      "ci95_high": 0.04246070374580956
    },
    "persona_keyword_coverage": {
      "n": 112,
      "mean": 0.07780612244897958,
      "median": 0.0,
      "p95": 0.5714285714285714,
      "ci95_low": 0.04548788265306122,
      "ci95_high": 0.11247342687074821
    },
    "persona_style": {
      "n": 112,
      "mean": 0.5053537231345107,
      "median": 0.5,
      "p95": 1.0,
      "ci95_low": 0.4425313709661236,
      "ci95_high": 0.5670993996814387
    },
    "distinct1": {
      "n": 112,
      "mean": 0.9343129888196334,
      "median": 0.9090909090909091,
      "p95": 1.0,
      "ci95_low": 0.9276385339161398,
      "ci95_high": 0.9409097465304269
    },
    "length_score": {
      "n": 112,
      "mean": 0.2988095238095238,
      "median": 0.09999999999999998,
      "p95": 0.9,