{
  "ttft_ms": {
    "candidate_mean": 751.736698611113,
    "baseline_mean": 227.73251805563177,
    "absolute_delta": 524.0041805554812,
    "relative_delta": 2.3009633627617228,
    "candidate_better": false,
    "lower_is_better": true
  },
  "total_time_ms": {
    "candidate_mean": 4454.169266666693,
    "baseline_mean": 3764.553923611187,
    "absolute_delta": 689.615343055506,
    "relative_delta": 0.18318646964524957,
    "candidate_better": false,
    "lower_is_better": true
  },
  "tokens_per_s": {
    "candidate_mean": 17.5102362971994,
    "baseline_mean": 18.278959070722912,
    "absolute_delta": -0.768722773523514,
    "relative_delta": -0.04205506290315863,
    "candidate_better": false,
    "lower_is_better": false
  }
}