{
  "proposed_vs_candidate_no_context": {
    "context_relevance": {
      "target_mean": 0.05618737094442599,
      "baseline_mean": 0.024537084637488608,
      "absolute_delta": 0.03165028630693738,
      "relative_delta": 1.289895958486485
    },
    "persona_consistency": {
      "target_mean": 0.12808779761904762,
      "baseline_mean": 0.13379032067070862,
      "absolute_delta": -0.005702523051660996,
      "relative_delta": -0.042622837160965696
    },
    "naturalness": {
      "target_mean": 0.8084399895418014,
      "baseline_mean": 0.795140031177767,
      "absolute_delta": 0.013299958364034414,
      "relative_delta": 0.016726561162232548
    },
    "context_keyword_coverage": {
      "target_mean": 0.05980113636363636,
      "baseline_mean": 0.017424242424242425,
      "absolute_delta": 0.042376893939393936,
      "relative_delta": 2.432065217391304
    },
    "context_overlap": {
      "target_mean": 0.04775525163293512,
      "baseline_mean": 0.04113371646839637,
      "absolute_delta": 0.0066215351645387485,
      "relative_delta": 0.1609758546769332
    },
    "persona_keyword_coverage": {
      "target_mean": 0.04389880952380952,
      "baseline_mean": 0.055803571428571425,
      "absolute_delta": -0.011904761904761904,
      "relative_delta": -0.21333333333333335
    },
    "persona_style": {
      "target_mean": 0.46484375,
      "baseline_mean": 0.4457373176392573,
      "absolute_delta": 0.01910643236074272,
      "relative_delta": 0.042864780678304966
    },
    "distinct1": {
      "target_mean": 0.934511432187837,
      "baseline_mean": 0.9317302862777509,
      "absolute_delta": 0.002781145910086158,
      "relative_delta": 0.002984925950187576
    },
    "length_score": {
      "target_mean": 0.2989583333333333,
      "baseline_mean": 0.2489583333333333,
      "absolute_delta": 0.05000000000000002,
      "relative_delta": 0.2008368200836821
    },
    "sentence_score": {
      "target_mean": 0.7484375,
      "baseline_mean": 0.7265625,
      "absolute_delta": 0.021874999999999978,
      "relative_delta": 0.0301075268817204
    },
    "overall_quality": {
      "target_mean": 0.22775981021458747,
      "baseline_mean": 0.2127406065859156,
      "absolute_delta": 0.015019203628671873,
      "relative_delta": 0.07059866881881033
    }
  },
  "controlled_vs_proposed_raw": {
    "context_relevance": {
      "target_mean": 0.292481508589903,
      "baseline_mean": 0.05618737094442599,
      "absolute_delta": 0.23629413764547702,
      "relative_delta": 4.205467059122444
    },
    "persona_consistency": {
      "target_mean": 0.3205157930107527,
      "baseline_mean": 0.12808779761904762,
      "absolute_delta": 0.1924279953917051,
      "relative_delta": 1.5023132489483104
    },
    "naturalness": {
      "target_mean": 0.8757998891808915,
      "baseline_mean": 0.8084399895418014,
      "absolute_delta": 0.06735989963909006,
      "relative_delta": 0.08332084076799262
    },
    "context_keyword_coverage": {
      "target_mean": 0.36349431818181815,
      "baseline_mean": 0.05980113636363636,
      "absolute_delta": 0.3036931818181818,
      "relative_delta": 5.078384798099762
    },
    "context_overlap": {
      "target_mean": 0.12678495287543437,
      "baseline_mean": 0.04775525163293512,
      "absolute_delta": 0.07902970124249925,
      "relative_delta": 1.6548902694503915
    },
    "persona_keyword_coverage": {
      "target_mean": 0.25729166666666664,
      "baseline_mean": 0.04389880952380952,
      "absolute_delta": 0.2133928571428571,
      "relative_delta": 4.861016949152542
    },
    "persona_style": {
      "target_mean": 0.5734122983870967,
      "baseline_mean": 0.46484375,
      "absolute_delta": 0.10856854838709673,
      "relative_delta": 0.23355923014367028
    },
    "distinct1": {
      "target_mean": 0.9363445694434567,
      "baseline_mean": 0.934511432187837,
      "absolute_delta": 0.0018331372556196213,
      "relative_delta": 0.0019615996043279653
    },
    "length_score": {
      "target_mean": 0.5458333333333333,
      "baseline_mean": 0.2989583333333333,
      "absolute_delta": 0.24687499999999996,
      "relative_delta": 0.8257839721254354
    },
    "sentence_score": {
      "target_mean": 0.9234375,
      "baseline_mean": 0.7484375,
      "absolute_delta": 0.17500000000000004,
      "relative_delta": 0.23382045929018797
    },
    "overall_quality": {
      "target_mean": 0.4211251042863147,
      "baseline_mean": 0.22775981021458747,
      "absolute_delta": 0.19336529407172726,
      "relative_delta": 0.8489877730822885
    }
  },
  "controlled_vs_candidate_no_context": {
    "context_relevance": {
      "target_mean": 0.292481508589903,
      "baseline_mean": 0.024537084637488608,
      "absolute_delta": 0.2679444239524144,
      "relative_delta": 10.919977980719015
    },
    "persona_consistency": {
      "target_mean": 0.3205157930107527,
      "baseline_mean": 0.13379032067070862,
      "absolute_delta": 0.1867254723400441,
      "relative_delta": 1.3956575588126596
    },
    "naturalness": {
      "target_mean": 0.8757998891808915,
      "baseline_mean": 0.795140031177767,
      "absolute_delta": 0.08065985800312447,
      "relative_delta": 0.10144107306941964
    },
    "context_keyword_coverage": {
      "target_mean": 0.36349431818181815,
      "baseline_mean": 0.017424242424242425,
      "absolute_delta": 0.34607007575757576,
      "relative_delta": 19.861413043478258
    },
    "context_overlap": {
      "target_mean": 0.12678495287543437,
      "baseline_mean": 0.04113371646839637,
      "absolute_delta": 0.085651236407038,
      "relative_delta": 2.0822634996486418
    },
    "persona_keyword_coverage": {
      "target_mean": 0.25729166666666664,
      "baseline_mean": 0.055803571428571425,
      "absolute_delta": 0.20148809523809522,
      "relative_delta": 3.6106666666666665
    },
    "persona_style": {
      "target_mean": 0.5734122983870967,
      "baseline_mean": 0.4457373176392573,
      "absolute_delta": 0.12767498074783945,
      "relative_delta": 0.28643547599747743
    },
    "distinct1": {
      "target_mean": 0.9363445694434567,
      "baseline_mean": 0.9317302862777509,
      "absolute_delta": 0.004614283165705779,
      "relative_delta": 0.004952380784078378
    },
    "length_score": {
      "target_mean": 0.5458333333333333,
      "baseline_mean": 0.2489583333333333,
      "absolute_delta": 0.296875,
      "relative_delta": 1.192468619246862
    },
    "sentence_score": {
      "target_mean": 0.9234375,
      "baseline_mean": 0.7265625,
      "absolute_delta": 0.19687500000000002,
      "relative_delta": 0.2709677419354839
    },
    "overall_quality": {
      "target_mean": 0.4211251042863147,
      "baseline_mean": 0.2127406065859156,
      "absolute_delta": 0.20838449770039913,
      "relative_delta": 0.9795238485241545
    }
  },
  "controlled_alt_vs_controlled_default": {
    "context_relevance": {
      "target_mean": 0.2587100556691048,
      "baseline_mean": 0.292481508589903,
      "absolute_delta": -0.033771452920798195,
      "relative_delta": -0.11546525824355669
    },
    "persona_consistency": {
      "target_mean": 0.3532385651629073,
      "baseline_mean": 0.3205157930107527,
      "absolute_delta": 0.03272277215215458,
      "relative_delta": 0.10209410227425764
    },
    "naturalness": {
      "target_mean": 0.8842283931345851,
      "baseline_mean": 0.8757998891808915,
      "absolute_delta": 0.008428503953693656,
      "relative_delta": 0.009623778282932389
    },
    "context_keyword_coverage": {
      "target_mean": 0.3265625,
      "baseline_mean": 0.36349431818181815,
      "absolute_delta": -0.03693181818181818,
      "relative_delta": -0.1016021883548261
    },
    "context_overlap": {
      "target_mean": 0.1003876855636827,
      "baseline_mean": 0.12678495287543437,
      "absolute_delta": -0.026397267311751668,
      "relative_delta": -0.20820504888846597
    },