{
  "proposed_contextual_controlled": {
    "sample_count": 12,
    "context_relevance": {
      "n": 12,
      "mean": 0.14662700960534777,
      "median": 0.08201136363636363,
      "p95": 0.38177939047477627,
      "ci95_low": 0.07841888744375893,
      "ci95_high": 0.22070081587480006
    },
    "persona_consistency": {
      "n": 12,
      "mean": 0.2984126984126984,
      "median": 0.30000000000000004,
      "p95": 0.4285714285714286,
      "ci95_low": 0.23253968253968257,
      "ci95_high": 0.3642857142857143
    },
    "naturalness": {
      "n": 12,
      "mean": 0.8577807270697884,
      "median": 0.8610935441370223,
      "p95": 0.9141999999999999,
      "ci95_low": 0.8300443536714357,
      "ci95_high": 0.8829774101164937
    },
    "quest_state_correctness": {
      "n": 12,
      "mean": 0.23047803115023288,
      "median": 0.18419075757575756,
      "p95": 0.4217482728786117,
      "ci95_low": 0.17341503359682361,
      "ci95_high": 0.29370974454178794
    },
    "lore_consistency": {
      "n": 12,
      "mean": 0.06633724813953157,
      "median": 0.0,
      "p95": 0.2646283852800706,
      "ci95_low": 0.017360509860509857,
      "ci95_high": 0.12817727253573571
    },
    "multi_turn_contradiction_safety": {
      "n": 12,
      "mean": 1.0,
      "median": 1.0,
      "p95": 1.0,
      "ci95_low": 1.0,
      "ci95_high": 1.0
    },
    "objective_completion_support": {
      "n": 12,
      "mean": 0.13472222222222222,
      "median": 0.12166666666666667,
      "p95": 0.29333333333333333,
      "ci95_low": 0.07305208333333334,
      "ci95_high": 0.1951458333333333
    },
    "gameplay_usefulness": {
      "n": 12,
      "mean": 0.3310700414367884,
      "median": 0.32263798701298707,
      "p95": 0.39265105230846864,
      "ci95_low": 0.30568332139429005,
      "ci95_high": 0.35676884325419167
    },
    "time_pressure_acceptability": {
      "n": 12,
      "mean": 0.3309645021645022,
      "median": 0.34297002164502166,
      "p95": 0.4401333333333334,
      "ci95_low": 0.280670689484127,
      "ci95_high": 0.37875073502886003
    },
    "context_keyword_coverage": {
      "n": 12,
      "mean": 0.1818181818181818,
      "median": 0.09090909090909091,
      "p95": 0.49545454545454537,
      "ci95_low": 0.0984848484848485,
      "ci95_high": 0.2878787878787879
    },
    "context_overlap": {
      "n": 12,
      "mean": 0.0645142744420684,
      "median": 0.058169014084507045,
      "p95": 0.11418696510862408,
      "ci95_low": 0.045712156741754745,
      "ci95_high": 0.08464875537110791
    },
    "persona_keyword_coverage": {
      "n": 12,
      "mean": 0.20634920634920637,
      "median": 0.22619047619047616,
      "p95": 0.3333333333333333,
      "ci95_low": 0.14087301587301587,
      "ci95_high": 0.2638888888888889
    },
    "persona_style": {
      "n": 12,
      "mean": 0.6666666666666666,
      "median": 0.5,
      "p95": 1.0,
      "ci95_low": 0.5416666666666666,
      "ci95_high": 0.7916666666666666
    },
    "distinct1": {
      "n": 12,
      "mean": 0.9239657065633601,
      "median": 0.9148550724637681,
      "p95": 0.9882978723404255,
      "ci95_low": 0.8993751660640358,
      "ci95_high": 0.9487540705388763
    },
    "length_score": {
      "n": 12,
      "mean": 0.45555555555555555,
      "median": 0.48333333333333334,
      "p95": 0.6633333333333333,
      "ci95_low": 0.3361111111111111,
      "ci95_high": 0.5583333333333333
    },
    "sentence_score": {
      "n": 12,
      "mean": 0.9708333333333333,
      "median": 1.0,
      "p95": 1.0,
      "ci95_low": 0.9125,
      "ci95_high": 1.0
    },
    "overall_quality": {
      "n": 12,
      "mean": 0.3407920853220994,
      "median": 0.35378768506393393,
      "p95": 0.4504459577443024,
      "ci95_low": 0.2959657246457157,
      "ci95_high": 0.3836653672767561
    },
    "metrics": [
      "context_relevance",
      "persona_consistency",
      "naturalness",
      "quest_state_correctness",
      "lore_consistency",
      "multi_turn_contradiction_safety",
      "objective_completion_support",
      "gameplay_usefulness",
      "time_pressure_acceptability",
      "context_keyword_coverage",
      "context_overlap",
      "persona_keyword_coverage",
      "persona_style",
      "distinct1",
      "length_score",
      "sentence_score",
      "overall_quality"
    ]
  },
  "proposed_contextual_controlled_tuned": {
    "sample_count": 12,
    "context_relevance": {
      "n": 12,
      "mean": 0.11567764908728163,
      "median": 0.07615810276679841,
      "p95": 0.375815358554489,
      "ci95_low": 0.054303492848885276,
      "ci95_high": 0.19219528610556488
    },
    "persona_consistency": {
      "n": 12,
      "mean": 0.30793650793650795,
      "median": 0.23333333333333334,
      "p95": 0.5192857142857144,
      "ci95_low": 0.2309523809523809,
      "ci95_high": 0.39444444444444443
    },
    "naturalness": {
      "n": 12,
      "mean": 0.8801412369307107,
      "median": 0.8569696969696969,
      "p95": 0.9649166666666666,
      "ci95_low": 0.8572469652667022,
      "ci95_high": 0.9087811237373736
    },
    "quest_state_correctness": {
      "n": 12,
      "mean": 0.20961831264578035,
      "median": 0.18219030303030304,
      "p95": 0.43192429831038515,
      "ci95_low": 0.15335700129340807,
      "ci95_high": 0.27777860241384605
    },
    "lore_consistency": {
      "n": 12,
      "mean": 0.04822945119396732,
      "median": 0.0,
      "p95": 0.27010449099287803,
      "ci95_low": 0.0,
      "ci95_high": 0.11958835358190197
    },
    "multi_turn_contradiction_safety": {
      "n": 12,
      "mean": 1.0,
      "median": 1.0,
      "p95": 1.0,
      "ci95_low": 1.0,
      "ci95_high": 1.0
    },
    "objective_completion_support": {
      "n": 12,
      "mean": 0.13909722222222223,
      "median": 0.12166666666666667,
      "p95": 0.2633333333333333,
      "ci95_low": 0.09603645833333331,
      "ci95_high": 0.1847291666666666
    },
    "gameplay_usefulness": {
      "n": 12,
      "mean": 0.34121382246391435,
      "median": 0.34793716194200064,
      "p95": 0.3754174670619236,
      "ci95_low": 0.3233283770666544,
      "ci95_high": 0.35868719921983916
    },
    "time_pressure_acceptability": {
      "n": 12,
      "mean": 0.34715496031746035,
      "median": 0.3405666666666667,
      "p95": 0.4227333333333333,
      "ci95_low": 0.3192093303571429,
      "ci95_high": 0.375794806547619
    },
    "context_keyword_coverage": {
      "n": 12,
      "mean": 0.13636363636363635,
      "median": 0.09090909090909091,
      "p95": 0.4545454545454546,
      "ci95_low": 0.06060606060606061,
      "ci95_high": 0.2198863636363626
    },
    "context_overlap": {
      "n": 12,
      "mean": 0.06741034544245397,
      "median": 0.04173913043478261,
      "p95": 0.19211180124223598,
      "ci95_low": 0.03789165599677508,
      "ci95_high": 0.10380997050477897
    },
    "persona_keyword_coverage": {
      "n": 12,
      "mean": 0.21825396825396826,
      "median": 0.16666666666666666,
      "p95": 0.46071428571428563,
      "ci95_low": 0.14087301587301587,
      "ci95_high": 0.30158730158730157
    },
    "persona_style": {
      "n": 12,
      "mean": 0.6666666666666666,
      "median": 0.5,
      "p95": 1.0,
      "ci95_low": 0.5416666666666666,
      "ci95_high": 0.7916666666666666
    },
    "distinct1": {
      "n": 12,
      "mean": 0.9329919812156654,
      "median": 0.945906432748538,
      "p95": 1.0,
      "ci95_low": 0.904074074074074,
      "ci95_high": 0.9601048810473152
    },
    "length_score": {
      "n": 12,
      "mean": 0.5638888888888889,
      "median": 0.4666666666666667,
      "p95": 0.9483333333333333,
      "ci95_low": 0.46388888888888885,
      "ci95_high": 0.6805555555555555
    },
    "sentence_score": {
      "n": 12,
      "mean": 0.9416666666666668,
      "median": 1.0,
      "p95": 1.0,
      "ci95_low": 0.8541666666666666,
      "ci95_high": 1.0
    },
    "overall_quality": {
      "n": 12,
      "mean": 0.334057482442845,