{
  "proposed_vs_candidate_no_context": {
    "context_relevance": {
      "target_mean": 0.1176413361254575,
      "baseline_mean": 0.030539592115470693,
      "absolute_delta": 0.08710174400998681,
      "relative_delta": 2.852092578075493
    },
    "persona_consistency": {
      "target_mean": 0.24239791346646186,
      "baseline_mean": 0.17061011904761905,
      "absolute_delta": 0.07178779441884281,
      "relative_delta": 0.42077102354524526
    },
    "naturalness": {
      "target_mean": 0.8234803379875885,
      "baseline_mean": 0.8132975284444178,
      "absolute_delta": 0.010182809543170634,
      "relative_delta": 0.01252039897704736
    },
    "context_keyword_coverage": {
      "target_mean": 0.14229797979797978,
      "baseline_mean": 0.025252525252525252,
      "absolute_delta": 0.11704545454545454,
      "relative_delta": 4.635
    },
    "context_overlap": {
      "target_mean": 0.060109167556238845,
      "baseline_mean": 0.042876081462343396,
      "absolute_delta": 0.01723308609389545,
      "relative_delta": 0.40192773001027815
    },
    "persona_keyword_coverage": {
      "target_mean": 0.14384920634920634,
      "baseline_mean": 0.06547619047619048,
      "absolute_delta": 0.07837301587301586,
      "relative_delta": 1.1969696969696968
    },
    "persona_style": {
      "target_mean": 0.6365927419354839,
      "baseline_mean": 0.5911458333333334,
      "absolute_delta": 0.045446908602150504,
      "relative_delta": 0.07687935199658939
    },
    "distinct1": {
      "target_mean": 0.9409925116356378,
      "baseline_mean": 0.9386257655554889,
      "absolute_delta": 0.0023667460801488627,
      "relative_delta": 0.0025215012915698054
    },
    "length_score": {
      "target_mean": 0.3083333333333333,
      "baseline_mean": 0.2986111111111111,
      "absolute_delta": 0.009722222222222188,
      "relative_delta": 0.0325581395348836
    },
    "sentence_score": {
      "target_mean": 0.8541666666666666,
      "baseline_mean": 0.78125,
      "absolute_delta": 0.07291666666666663,
      "relative_delta": 0.09333333333333328
    },
    "overall_quality": {
      "target_mean": 0.29978111340741176,
      "baseline_mean": 0.23078556801351222,
      "absolute_delta": 0.06899554539389954,
      "relative_delta": 0.2989595319489819
    }
  },
  "controlled_vs_proposed_raw": {
    "context_relevance": {
      "target_mean": 0.2629388898206884,
      "baseline_mean": 0.1176413361254575,
      "absolute_delta": 0.1452975536952309,
      "relative_delta": 1.235089284775546
    },
    "persona_consistency": {
      "target_mean": 0.3705729166666667,
      "baseline_mean": 0.24239791346646186,
      "absolute_delta": 0.12817500320020483,
      "relative_delta": 0.5287793173101678
    },
    "naturalness": {
      "target_mean": 0.8767758395998732,
      "baseline_mean": 0.8234803379875885,
      "absolute_delta": 0.05329550161228469,
      "relative_delta": 0.06471982287097176
    },
    "context_keyword_coverage": {
      "target_mean": 0.3282828282828283,
      "baseline_mean": 0.14229797979797978,
      "absolute_delta": 0.1859848484848485,
      "relative_delta": 1.3070097604259097
    },
    "context_overlap": {
      "target_mean": 0.1104697000756954,
      "baseline_mean": 0.060109167556238845,
      "absolute_delta": 0.050360532519456554,
      "relative_delta": 0.8378178332338182
    },
    "persona_keyword_coverage": {
      "target_mean": 0.2986111111111111,
      "baseline_mean": 0.14384920634920634,
      "absolute_delta": 0.15476190476190477,
      "relative_delta": 1.0758620689655174
    },
    "persona_style": {
      "target_mean": 0.658420138888889,
      "baseline_mean": 0.6365927419354839,
      "absolute_delta": 0.021827396953405076,
      "relative_delta": 0.03428785079616443
    },
    "distinct1": {
      "target_mean": 0.9292659878885717,
      "baseline_mean": 0.9409925116356378,
      "absolute_delta": -0.011726523747066064,
      "relative_delta": -0.012461867232803972
    },
    "length_score": {
      "target_mean": 0.5472222222222222,
      "baseline_mean": 0.3083333333333333,
      "absolute_delta": 0.23888888888888887,
      "relative_delta": 0.7747747747747749
    },
    "sentence_score": {
      "target_mean": 0.9562499999999999,
      "baseline_mean": 0.8541666666666666,
      "absolute_delta": 0.1020833333333333,
      "relative_delta": 0.11951219512195119
    },
    "overall_quality": {
      "target_mean": 0.4253643361847155,
      "baseline_mean": 0.29978111340741176,
      "absolute_delta": 0.12558322277730372,
      "relative_delta": 0.4189163931973001
    }
  },
  "controlled_vs_candidate_no_context": {
    "context_relevance": {
      "target_mean": 0.2629388898206884,
      "baseline_mean": 0.030539592115470693,
      "absolute_delta": 0.23239929770521772,
      "relative_delta": 7.609770845219943
    },
    "persona_consistency": {
      "target_mean": 0.3705729166666667,
      "baseline_mean": 0.17061011904761905,
      "absolute_delta": 0.19996279761904764,
      "relative_delta": 1.1720453554295684
    },
    "naturalness": {
      "target_mean": 0.8767758395998732,
      "baseline_mean": 0.8132975284444178,
      "absolute_delta": 0.06347831115545532,
      "relative_delta": 0.07805053985208753
    },
    "context_keyword_coverage": {
      "target_mean": 0.3282828282828283,
      "baseline_mean": 0.025252525252525252,
      "absolute_delta": 0.30303030303030304,
      "relative_delta": 12.0
    },
    "context_overlap": {
      "target_mean": 0.1104697000756954,
      "baseline_mean": 0.042876081462343396,
      "absolute_delta": 0.067593618613352,
      "relative_delta": 1.5764877831178947
    },
    "persona_keyword_coverage": {
      "target_mean": 0.2986111111111111,
      "baseline_mean": 0.06547619047619048,
      "absolute_delta": 0.23313492063492064,
      "relative_delta": 3.5606060606060606
    },
    "persona_style": {
      "target_mean": 0.658420138888889,
      "baseline_mean": 0.5911458333333334,
      "absolute_delta": 0.06727430555555558,
      "relative_delta": 0.11380323054331869
    },
    "distinct1": {
      "target_mean": 0.9292659878885717,
      "baseline_mean": 0.9386257655554889,
      "absolute_delta": -0.009359777666917202,
      "relative_delta": -0.009971788555557052
    },
    "length_score": {
      "target_mean": 0.5472222222222222,
      "baseline_mean": 0.2986111111111111,
      "absolute_delta": 0.24861111111111106,
      "relative_delta": 0.8325581395348836
    },
    "sentence_score": {
      "target_mean": 0.9562499999999999,
      "baseline_mean": 0.78125,
      "absolute_delta": 0.17499999999999993,
      "relative_delta": 0.22399999999999992
    },
    "overall_quality": {
      "target_mean": 0.4253643361847155,
      "baseline_mean": 0.23078556801351222,
      "absolute_delta": 0.19457876817120326,
      "relative_delta": 0.8431149739823025
    }
  },
  "controlled_alt_vs_controlled_default": {
    "context_relevance": {
      "target_mean": 0.24724168636711438,
      "baseline_mean": 0.2629388898206884,
      "absolute_delta": -0.015697203453574032,
      "relative_delta": -0.0596990557930733
    },
    "persona_consistency": {
      "target_mean": 0.3427777777777778,
      "baseline_mean": 0.3705729166666667,
      "absolute_delta": -0.027795138888888904,
      "relative_delta": -0.07500585617240575
    },
    "naturalness": {
      "target_mean": 0.9027207787662005,
      "baseline_mean": 0.8767758395998732,
      "absolute_delta": 0.02594493916632734,
      "relative_delta": 0.02959130258216013
    },
    "context_keyword_coverage": {
      "target_mean": 0.3090277777777778,
      "baseline_mean": 0.3282828282828283,
      "absolute_delta": -0.019255050505050497,
      "relative_delta": -0.058653846153846126
    },
    "context_overlap": {
      "target_mean": 0.10307413974223319,
      "baseline_mean": 0.1104697000756954,
      "absolute_delta": -0.007395560333462212,
      "relative_delta": -0.0669465050452266
    },