{
  "proposed_contextual_controlled": {
    "sample_count": 24,
    "context_relevance": {
      "n": 24,
      "mean": 0.2629388898206884,
      "median": 0.2686557944156165,
      "p95": 0.35327580314422413,
      "ci95_low": 0.24120844768878938,
      "ci95_high": 0.2872102860049873
    },
    "persona_consistency": {
      "n": 24,
      "mean": 0.3705729166666667,
      "median": 0.33333333333333337,
      "p95": 0.7123571428571425,
      "ci95_low": 0.3090421626984127,
      "ci95_high": 0.4363677455357143
    },
    "naturalness": {
      "n": 24,
      "mean": 0.8767758395998732,
      "median": 0.8970370370370371,
      "p95": 0.9751452991452991,
      "ci95_low": 0.845240005519475,
      "ci95_high": 0.9037972500924834
    },
    "context_keyword_coverage": {
      "n": 24,
      "mean": 0.3282828282828283,
      "median": 0.3333333333333333,
      "p95": 0.4545454545454545,
      "ci95_low": 0.29848327020202015,
      "ci95_high": 0.35953756313131313
    },
    "context_overlap": {
      "n": 24,
      "mean": 0.1104697000756954,
      "median": 0.1105006105006105,
      "p95": 0.14211822660098522,
      "ci95_low": 0.09822841194527997,
      "ci95_high": 0.12481934082742188
    },
    "persona_keyword_coverage": {
      "n": 24,
      "mean": 0.2986111111111111,
      "median": 0.24285714285714285,
      "p95": 0.7699999999999997,
      "ci95_low": 0.22240575396825396,
      "ci95_high": 0.3807589285714285
    },
    "persona_style": {
      "n": 24,
      "mean": 0.658420138888889,
      "median": 0.5,
      "p95": 1.0,
      "ci95_low": 0.5264756944444444,
      "ci95_high": 0.7799479166666666
    },
    "distinct1": {
      "n": 24,
      "mean": 0.9292659878885717,
      "median": 0.9259259259259259,
      "p95": 0.9713888888888889,
      "ci95_low": 0.9189430290525954,
      "ci95_high": 0.9395612504278226
    },
    "length_score": {
      "n": 24,
      "mean": 0.5472222222222222,
      "median": 0.6333333333333333,
      "p95": 0.9616666666666667,
      "ci95_low": 0.4096180555555556,
      "ci95_high": 0.686111111111111
    },
    "sentence_score": {
      "n": 24,
      "mean": 0.9562499999999999,
      "median": 1.0,
      "p95": 1.0,
      "ci95_low": 0.9125,
      "ci95_high": 1.0
    },
    "overall_quality": {
      "n": 24,
      "mean": 0.4253643361847155,
      "median": 0.4161494831686564,
      "p95": 0.5332575216450217,
      "ci95_low": 0.4008016544952528,
      "ci95_high": 0.4509858495638737
    },
    "metrics": [
      "context_relevance",
      "persona_consistency",
      "naturalness",
      "context_keyword_coverage",
      "context_overlap",
      "persona_keyword_coverage",
      "persona_style",
      "distinct1",
      "length_score",
      "sentence_score",
      "overall_quality"
    ]
  },
  "proposed_contextual_controlled_alt": {
    "sample_count": 24,
    "context_relevance": {
      "n": 24,
      "mean": 0.24724168636711438,
      "median": 0.24576344086021504,
      "p95": 0.4083866133866131,
      "ci95_low": 0.21650259350390605,
      "ci95_high": 0.2804805957547848
    },
    "persona_consistency": {
      "n": 24,
      "mean": 0.3427777777777778,
      "median": 0.33333333333333337,
      "p95": 0.5860714285714285,
      "ci95_low": 0.2941656746031746,
      "ci95_high": 0.39272172619047624
    },
    "naturalness": {
      "n": 24,
      "mean": 0.9027207787662005,
      "median": 0.9188913224864415,
      "p95": 0.9738888888888888,
      "ci95_low": 0.8773277430127895,
      "ci95_high": 0.9260766570291056
    },
    "context_keyword_coverage": {
      "n": 24,
      "mean": 0.3090277777777778,
      "median": 0.31666666666666665,
      "p95": 0.5181818181818177,
      "ci95_low": 0.26666035353535356,
      "ci95_high": 0.3502556818181818
    },
    "context_overlap": {
      "n": 24,
      "mean": 0.10307413974223319,
      "median": 0.08939974457215837,
      "p95": 0.16262916188289323,
      "ci95_low": 0.0900843031845982,
      "ci95_high": 0.11709476251742611
    },
    "persona_keyword_coverage": {
      "n": 24,
      "mean": 0.25833333333333336,
      "median": 0.2,
      "p95": 0.5607142857142855,
      "ci95_low": 0.19980158730158729,
      "ci95_high": 0.3234176587301587
    },
    "persona_style": {
      "n": 24,
      "mean": 0.6805555555555555,
      "median": 0.5,
      "p95": 1.0,
      "ci95_low": 0.5590277777777778,
      "ci95_high": 0.8020833333333334
    },
    "distinct1": {
      "n": 24,
      "mean": 0.9408297246932791,
      "median": 0.9354838709677419,
      "p95": 0.9970588235294118,
      "ci95_low": 0.9269215415488264,
      "ci95_high": 0.9551386411271391
    },
    "length_score": {
      "n": 24,
      "mean": 0.6611111111111111,
      "median": 0.7333333333333334,
      "p95": 0.9333333333333333,
      "ci95_low": 0.5430208333333333,
      "ci95_high": 0.7694791666666666
    },
    "sentence_score": {
      "n": 24,
      "mean": 0.9416666666666668,
      "median": 1.0,
      "p95": 1.0,
      "ci95_low": 0.8833333333333333,
      "ci95_high": 0.9854166666666666
    },
    "overall_quality": {
      "n": 24,
      "mean": 0.412606718400957,
      "median": 0.4131477777777779,
      "p95": 0.47004797729618175,
      "ci95_low": 0.39538822065453844,
      "ci95_high": 0.4288281623547209
    },
    "metrics": [
      "context_relevance",
      "persona_consistency",
      "naturalness",
      "context_keyword_coverage",
      "context_overlap",
      "persona_keyword_coverage",
      "persona_style",
      "distinct1",
      "length_score",
      "sentence_score",
      "overall_quality"
    ]
  },
  "proposed_contextual": {
    "sample_count": 24,
    "context_relevance": {
      "n": 24,
      "mean": 0.1176413361254575,
      "median": 0.07268029128494244,
      "p95": 0.34173424136838754,
      "ci95_low": 0.06620372457152257,
      "ci95_high": 0.17348099204042688
    },
    "persona_consistency": {
      "n": 24,
      "mean": 0.24239791346646186,
      "median": 0.21666666666666667,
      "p95": 0.46523809523809523,
      "ci95_low": 0.18644273233486944,
      "ci95_high": 0.29699068740399387
    },
    "naturalness": {
      "n": 24,
      "mean": 0.8234803379875885,
      "median": 0.8112567204301075,
      "p95": 0.9315681818181818,
      "ci95_low": 0.7947527795432335,
      "ci95_high": 0.8539997116843427
    },
    "context_keyword_coverage": {
      "n": 24,
      "mean": 0.14229797979797978,
      "median": 0.08712121212121213,
      "p95": 0.4409090909090907,
      "ci95_low": 0.07695549242424242,
      "ci95_high": 0.2210464015151514
    },
    "context_overlap": {
      "n": 24,
      "mean": 0.060109167556238845,
      "median": 0.05405405405405406,
      "p95": 0.11601731601731599,
      "ci95_low": 0.04715667019125551,
      "ci95_high": 0.0729441061711048
    },
    "persona_keyword_coverage": {
      "n": 24,
      "mean": 0.14384920634920634,
      "median": 0.07142857142857142,
      "p95": 0.41428571428571404,
      "ci95_low": 0.07738095238095237,
      "ci95_high": 0.21431051587301575
    },
    "persona_style": {
      "n": 24,
      "mean": 0.6365927419354839,
      "median": 0.5,
      "p95": 1.0,
      "ci95_low": 0.5051075268817204,
      "ci95_high": 0.7668304771505374
    },
    "distinct1": {
      "n": 24,
      "mean": 0.9409925116356378,
      "median": 0.9288720538720538,
      "p95": 1.0,
      "ci95_low": 0.9278219408032493,
      "ci95_high": 0.9555263319473141
    },
    "length_score": {
      "n": 24,
      "mean": 0.3083333333333333,
      "median": 0.16666666666666663,
      "p95": 0.7799999999999998,
      "ci95_low": 0.20416666666666664,
      "ci95_high": 0.425034722222222
    },
    "sentence_score": {
      "n": 24,
      "mean": 0.8541666666666666,
      "median": 1.0,
      "p95": 1.0,
      "ci95_low": 0.78125,
      "ci95_high": 0.9270833333333334
    },
    "overall_quality": {
      "n": 24,
      "mean": 0.29978111340741176,
      "median": 0.3137408877732015,
      "p95": 0.4562129948193883,