{
  "keyword_overlap": {
    "hit@5": {
      "method_mean": 1.0,
      "baseline_mean": 1.0,
      "absolute_delta": 0.0,
      "relative_delta": 0.0
    },
    "mrr": {
      "method_mean": 0.7305555555555556,
      "baseline_mean": 0.7333333333333333,
      "absolute_delta": -0.002777777777777657,
      "relative_delta": -0.003787878787878623
    },
    "ndcg@5": {
      "method_mean": 0.8010792019047773,
      "baseline_mean": 0.8031625352381107,
      "absolute_delta": -0.002083333333333326,
      "relative_delta": -0.0025939124920906424
    }
  },
  "random": {
    "hit@5": {
      "method_mean": 0.016666666666666666,
      "baseline_mean": 1.0,
      "absolute_delta": -0.9833333333333333,
      "relative_delta": -0.9833333333333333
    },
    "mrr": {
      "method_mean": 0.004305555555555555,
      "baseline_mean": 0.7333333333333333,
      "absolute_delta": -0.7290277777777777,
      "relative_delta": -0.9941287878787879
    },
    "ndcg@5": {
      "method_mean": 0.007284191347422199,
      "baseline_mean": 0.8031625352381107,
      "absolute_delta": -0.7958783438906885,
      "relative_delta": -0.9909306136331886
    }
  },
  "reranker": {
    "hit@5": {
      "method_mean": 1.0,
      "baseline_mean": 1.0,
      "absolute_delta": 0.0,
      "relative_delta": 0.0
    },
    "mrr": {
      "method_mean": 0.8,
      "baseline_mean": 0.7333333333333333,
      "absolute_delta": 0.06666666666666676,
      "relative_delta": 0.09090909090909105
    },
    "ndcg@5": {
      "method_mean": 0.852371901428583,
      "baseline_mean": 0.8031625352381107,
      "absolute_delta": 0.04920936619047234,
      "relative_delta": 0.06126949905087818
    }
  }
}