{
  "proposed_vs_candidate_no_context": {
    "context_relevance": {
      "target_mean": 0.08335302604272776,
      "baseline_mean": 0.028627296648391882,
      "absolute_delta": 0.054725729394335884,
      "relative_delta": 1.9116624970388205
    },
    "persona_consistency": {
      "target_mean": 0.18314732142857143,
      "baseline_mean": 0.20208333333333334,
      "absolute_delta": -0.018936011904761907,
      "relative_delta": -0.09370397643593521
    },
    "naturalness": {
      "target_mean": 0.829528409090909,
      "baseline_mean": 0.8352529031565415,
      "absolute_delta": -0.005724494065632579,
      "relative_delta": -0.006853605709119822
    },
    "context_keyword_coverage": {
      "target_mean": 0.09659090909090909,
      "baseline_mean": 0.022727272727272728,
      "absolute_delta": 0.07386363636363635,
      "relative_delta": 3.2499999999999996
    },
    "context_overlap": {
      "target_mean": 0.05246463226363801,
      "baseline_mean": 0.042394019131003255,
      "absolute_delta": 0.010070613132634756,
      "relative_delta": 0.23754796877161374
    },
    "persona_keyword_coverage": {
      "target_mean": 0.08928571428571427,
      "baseline_mean": 0.10416666666666666,
      "absolute_delta": -0.014880952380952384,
      "relative_delta": -0.1428571428571429
    },
    "persona_style": {
      "target_mean": 0.55859375,
      "baseline_mean": 0.59375,
      "absolute_delta": -0.03515625,
      "relative_delta": -0.05921052631578947
    },
    "distinct1": {
      "target_mean": 0.9480397727272727,
      "baseline_mean": 0.9396947578913539,
      "absolute_delta": 0.008345014835918763,
      "relative_delta": 0.008880559102665124
    },
    "length_score": {
      "target_mean": 0.35,
      "baseline_mean": 0.40625,
      "absolute_delta": -0.05625000000000002,
      "relative_delta": -0.13846153846153852
    },
    "sentence_score": {
      "target_mean": 0.803125,
      "baseline_mean": 0.78125,
      "absolute_delta": 0.021874999999999978,
      "relative_delta": 0.027999999999999973
    },
    "overall_quality": {
      "target_mean": 0.26394138320655086,
      "baseline_mean": 0.24604958924291126,
      "absolute_delta": 0.0178917939636396,
      "relative_delta": 0.07271621147059106
    }
  },
  "controlled_vs_proposed_raw": {
    "context_relevance": {
      "target_mean": 0.23795704003390653,
      "baseline_mean": 0.08335302604272776,
      "absolute_delta": 0.15460401399117876,
      "relative_delta": 1.8548098531171129
    },
    "persona_consistency": {
      "target_mean": 0.3126785714285714,
      "baseline_mean": 0.18314732142857143,
      "absolute_delta": 0.12953125,
      "relative_delta": 0.7072516758074344
    },
    "naturalness": {
      "target_mean": 0.9158529642986692,
      "baseline_mean": 0.829528409090909,
      "absolute_delta": 0.08632455520776028,
      "relative_delta": 0.10406461582474853
    },
    "context_keyword_coverage": {
      "target_mean": 0.29772727272727273,
      "baseline_mean": 0.09659090909090909,
      "absolute_delta": 0.20113636363636364,
      "relative_delta": 2.0823529411764707
    },
    "context_overlap": {
      "target_mean": 0.09849316374938548,
      "baseline_mean": 0.05246463226363801,
      "absolute_delta": 0.04602853148574747,
      "relative_delta": 0.8773249615941509
    },
    "persona_keyword_coverage": {
      "target_mean": 0.22678571428571428,
      "baseline_mean": 0.08928571428571427,
      "absolute_delta": 0.1375,
      "relative_delta": 1.5400000000000003
    },
    "persona_style": {
      "target_mean": 0.65625,
      "baseline_mean": 0.55859375,
      "absolute_delta": 0.09765625,
      "relative_delta": 0.17482517482517482
    },
    "distinct1": {
      "target_mean": 0.9438548809847684,
      "baseline_mean": 0.9480397727272727,
      "absolute_delta": -0.004184891742504249,
      "relative_delta": -0.004414257569031481
    },
    "length_score": {
      "target_mean": 0.7041666666666667,
      "baseline_mean": 0.35,
      "absolute_delta": 0.35416666666666674,
      "relative_delta": 1.011904761904762
    },
    "sentence_score": {
      "target_mean": 0.978125,
      "baseline_mean": 0.803125,
      "absolute_delta": 0.17500000000000004,
      "relative_delta": 0.21789883268482496
    },
    "overall_quality": {
      "target_mean": 0.4000640233758364,
      "baseline_mean": 0.26394138320655086,
      "absolute_delta": 0.13612264016928555,
      "relative_delta": 0.5157305706121914
    }
  },
  "controlled_vs_candidate_no_context": {
    "context_relevance": {
      "target_mean": 0.23795704003390653,
      "baseline_mean": 0.028627296648391882,
      "absolute_delta": 0.20932974338551463,
      "relative_delta": 7.312242785498
    },
    "persona_consistency": {
      "target_mean": 0.3126785714285714,
      "baseline_mean": 0.20208333333333334,
      "absolute_delta": 0.11059523809523808,
      "relative_delta": 0.5472754050073637
    },
    "naturalness": {
      "target_mean": 0.9158529642986692,
      "baseline_mean": 0.8352529031565415,
      "absolute_delta": 0.0806000611421277,
      "relative_delta": 0.09649779227049485
    },
    "context_keyword_coverage": {
      "target_mean": 0.29772727272727273,
      "baseline_mean": 0.022727272727272728,
      "absolute_delta": 0.275,
      "relative_delta": 12.100000000000001
    },
    "context_overlap": {
      "target_mean": 0.09849316374938548,
      "baseline_mean": 0.042394019131003255,
      "absolute_delta": 0.056099144618382224,
      "relative_delta": 1.3232796929450892
    },
    "persona_keyword_coverage": {
      "target_mean": 0.22678571428571428,
      "baseline_mean": 0.10416666666666666,
      "absolute_delta": 0.12261904761904763,
      "relative_delta": 1.1771428571428573
    },
    "persona_style": {
      "target_mean": 0.65625,
      "baseline_mean": 0.59375,
      "absolute_delta": 0.0625,
      "relative_delta": 0.10526315789473684
    },
    "distinct1": {
      "target_mean": 0.9438548809847684,
      "baseline_mean": 0.9396947578913539,
      "absolute_delta": 0.004160123093414514,
      "relative_delta": 0.004427100458397472
    },
    "length_score": {
      "target_mean": 0.7041666666666667,
      "baseline_mean": 0.40625,
      "absolute_delta": 0.2979166666666667,
      "relative_delta": 0.7333333333333335
    },
    "sentence_score": {
      "target_mean": 0.978125,
      "baseline_mean": 0.78125,
      "absolute_delta": 0.19687500000000002,
      "relative_delta": 0.252
    },
    "overall_quality": {
      "target_mean": 0.4000640233758364,
      "baseline_mean": 0.24604958924291126,
      "absolute_delta": 0.15401443413292515,
      "relative_delta": 0.6259487553172671
    }
  },
  "controlled_alt_vs_controlled_default": {
    "context_relevance": {
      "target_mean": 0.2574221133143991,
      "baseline_mean": 0.23795704003390653,
      "absolute_delta": 0.0194650732804926,
      "relative_delta": 0.08180078756114557
    },
    "persona_consistency": {
      "target_mean": 0.34764880952380955,
      "baseline_mean": 0.3126785714285714,
      "absolute_delta": 0.03497023809523814,
      "relative_delta": 0.1118408528459929
    },
    "naturalness": {
      "target_mean": 0.9120950585779215,
      "baseline_mean": 0.9158529642986692,
      "absolute_delta": -0.003757905720747745,
      "relative_delta": -0.004103175801396711
    },
    "context_keyword_coverage": {
      "target_mean": 0.32329545454545455,
      "baseline_mean": 0.29772727272727273,
      "absolute_delta": 0.025568181818181823,
      "relative_delta": 0.08587786259541987
    },
    "context_overlap": {
      "target_mean": 0.10371765044193645,
      "baseline_mean": 0.09849316374938548,
      "absolute_delta": 0.005224486692550975,
      "relative_delta": 0.05304415548925417
    },
    "persona_keyword_coverage": {
      "target_mean": 0.2744047619047619,
      "baseline_mean": 0.22678571428571428,
      "absolute_delta": 0.04761904761904759,