{
  "proposed_contextual_controlled": {
    "sample_count": 16,
    "context_relevance": {
      "n": 16,
      "mean": 0.23795704003390653,
      "median": 0.2214044469462426,
      "p95": 0.4243181818181818,
      "ci95_low": 0.1938428916213509,
      "ci95_high": 0.2853404667197739
    },
    "persona_consistency": {
      "n": 16,
      "mean": 0.3126785714285714,
      "median": 0.3238095238095238,
      "p95": 0.5446428571428571,
      "ci95_low": 0.24130803571428575,
      "ci95_high": 0.38720238095238096
    },
    "naturalness": {
      "n": 16,
      "mean": 0.9158529642986692,
      "median": 0.9275268817204301,
      "p95": 0.9650000000000001,
      "ci95_low": 0.8946274095690591,
      "ci95_high": 0.934379260390312
    },
    "context_keyword_coverage": {
      "n": 16,
      "mean": 0.29772727272727273,
      "median": 0.2727272727272727,
      "p95": 0.5454545454545454,
      "ci95_low": 0.23977272727272728,
      "ci95_high": 0.3545738636363635
    },
    "context_overlap": {
      "n": 16,
      "mean": 0.09849316374938548,
      "median": 0.09763071895424837,
      "p95": 0.15104477611940298,
      "ci95_low": 0.08272377914030381,
      "ci95_high": 0.1141162268459275
    },
    "persona_keyword_coverage": {
      "n": 16,
      "mean": 0.22678571428571428,
      "median": 0.16666666666666666,
      "p95": 0.5714285714285714,
      "ci95_low": 0.14136904761904762,
      "ci95_high": 0.32053571428571426
    },
    "persona_style": {
      "n": 16,
      "mean": 0.65625,
      "median": 0.5,
      "p95": 1.0,
      "ci95_low": 0.484375,
      "ci95_high": 0.8125
    },
    "distinct1": {
      "n": 16,
      "mean": 0.9438548809847684,
      "median": 0.936491935483871,
      "p95": 1.0,
      "ci95_low": 0.929537130626707,
      "ci95_high": 0.9596228297049145
    },
    "length_score": {
      "n": 16,
      "mean": 0.7041666666666667,
      "median": 0.7666666666666666,
      "p95": 0.9333333333333333,
      "ci95_low": 0.6125,
      "ci95_high": 0.7875
    },
    "sentence_score": {
      "n": 16,
      "mean": 0.978125,
      "median": 1.0,
      "p95": 1.0,
      "ci95_low": 0.934375,
      "ci95_high": 1.0
    },
    "overall_quality": {
      "n": 16,
      "mean": 0.4000640233758364,
      "median": 0.3757394746496443,
      "p95": 0.5114871764264555,
      "ci95_low": 0.36934765262264924,
      "ci95_high": 0.4334429963611437
    },
    "metrics": [
      "context_relevance",
      "persona_consistency",
      "naturalness",
      "context_keyword_coverage",
      "context_overlap",
      "persona_keyword_coverage",
      "persona_style",
      "distinct1",
      "length_score",
      "sentence_score",
      "overall_quality"
    ]
  },
  "proposed_contextual_controlled_tuned": {
    "sample_count": 16,
    "context_relevance": {
      "n": 16,
      "mean": 0.2574221133143991,
      "median": 0.22276999316472998,
      "p95": 0.5114582764582765,
      "ci95_low": 0.20311486251667987,
      "ci95_high": 0.31798888935893616
    },
    "persona_consistency": {
      "n": 16,
      "mean": 0.34764880952380955,
      "median": 0.33333333333333337,
      "p95": 0.6571428571428571,
      "ci95_low": 0.26226190476190475,
      "ci95_high": 0.439533482142857
    },
    "naturalness": {
      "n": 16,
      "mean": 0.9120950585779215,
      "median": 0.9275268817204301,
      "p95": 0.9479292929292931,
      "ci95_low": 0.888540425808697,
      "ci95_high": 0.9317081904850302
    },
    "context_keyword_coverage": {
      "n": 16,
      "mean": 0.32329545454545455,
      "median": 0.2727272727272727,
      "p95": 0.6522727272727273,
      "ci95_low": 0.24545454545454543,
      "ci95_high": 0.4107954545454545
    },
    "context_overlap": {
      "n": 16,
      "mean": 0.10371765044193645,
      "median": 0.10165118679050567,
      "p95": 0.17924710424710424,
      "ci95_low": 0.08645532968615048,
      "ci95_high": 0.12280075550053703
    },
    "persona_keyword_coverage": {
      "n": 16,
      "mean": 0.2744047619047619,
      "median": 0.24285714285714285,
      "p95": 0.5714285714285714,
      "ci95_low": 0.1800595238095238,
      "ci95_high": 0.369047619047619
    },
    "persona_style": {
      "n": 16,
      "mean": 0.640625,
      "median": 0.5,
      "p95": 1.0,
      "ci95_low": 0.46875,
      "ci95_high": 0.8125
    },
    "distinct1": {
      "n": 16,
      "mean": 0.9396126464448037,
      "median": 0.9384469696969697,
      "p95": 0.9672222222222222,
      "ci95_low": 0.9312134544792685,
      "ci95_high": 0.9477228950158637
    },
    "length_score": {
      "n": 16,
      "mean": 0.68125,
      "median": 0.7833333333333333,
      "p95": 0.8583333333333334,
      "ci95_low": 0.5666666666666667,
      "ci95_high": 0.7854166666666667
    },
    "sentence_score": {
      "n": 16,
      "mean": 1.0,
      "median": 1.0,
      "p95": 1.0,
      "ci95_low": 1.0,
      "ci95_high": 1.0
    },
    "overall_quality": {
      "n": 16,
      "mean": 0.421713537443833,
      "median": 0.3964705882352943,
      "p95": 0.5594869052336796,
      "ci95_low": 0.37966525293429126,
      "ci95_high": 0.46356595440459225
    },
    "metrics": [
      "context_relevance",
      "persona_consistency",
      "naturalness",
      "context_keyword_coverage",
      "context_overlap",
      "persona_keyword_coverage",
      "persona_style",
      "distinct1",
      "length_score",
      "sentence_score",
      "overall_quality"
    ]
  },
  "proposed_contextual": {
    "sample_count": 16,
    "context_relevance": {
      "n": 16,
      "mean": 0.08335302604272776,
      "median": 0.040389610389610385,
      "p95": 0.2703701918442109,
      "ci95_low": 0.03963019402001785,
      "ci95_high": 0.14056413417251293
    },
    "persona_consistency": {
      "n": 16,
      "mean": 0.18314732142857143,
      "median": 0.15000000000000002,
      "p95": 0.46964285714285714,
      "ci95_low": 0.12912527901785714,
      "ci95_high": 0.24699079241071425
    },
    "naturalness": {
      "n": 16,
      "mean": 0.829528409090909,
      "median": 0.8358333333333332,
      "p95": 0.9625,
      "ci95_low": 0.7913298768939394,
      "ci95_high": 0.8665182291666667
    },
    "context_keyword_coverage": {
      "n": 16,
      "mean": 0.09659090909090909,
      "median": 0.045454545454545456,
      "p95": 0.3409090909090909,
      "ci95_low": 0.03963068181818183,
      "ci95_high": 0.17613636363636362
    },
    "context_overlap": {
      "n": 16,
      "mean": 0.05246463226363801,
      "median": 0.04878048780487805,
      "p95": 0.105779427359491,
      "ci95_low": 0.038869393874753036,
      "ci95_high": 0.0674822698968894
    },
    "persona_keyword_coverage": {
      "n": 16,
      "mean": 0.08928571428571427,
      "median": 0.0,
      "p95": 0.5714285714285714,
      "ci95_low": 0.0,
      "ci95_high": 0.19642857142857142
    },
    "persona_style": {
      "n": 16,
      "mean": 0.55859375,
      "median": 0.5,
      "p95": 1.0,
      "ci95_low": 0.40234375,
      "ci95_high": 0.7247558593749992
    },
    "distinct1": {
      "n": 16,
      "mean": 0.9480397727272727,
      "median": 0.9325,
      "p95": 1.0,
      "ci95_low": 0.9284865056818181,
      "ci95_high": 0.9678991477272727
    },
    "length_score": {
      "n": 16,
      "mean": 0.35,
      "median": 0.23333333333333334,
      "p95": 0.9083333333333334,
      "ci95_low": 0.21661458333333333,
      "ci95_high": 0.49583333333333335
    },
    "sentence_score": {
      "n": 16,
      "mean": 0.803125,
      "median": 0.65,
      "p95": 1.0,
      "ci95_low": 0.7156250000000001,
      "ci95_high": 0.890625
    },
    "overall_quality": {
      "n": 16,
      "mean": 0.26394138320655086,
      "median": 0.2476042988019733,
      "p95": 0.4229428475994306,
      "ci95_low": 0.2225138503781524,
      "ci95_high": 0.3094016317628868
    },