{
  "row_count": 324,
  "metric_scale_max": 5.0,
  "metrics": [
    "context_relevance",
    "persona_consistency",
    "naturalness",
    "overall_quality"
  ],
  "arms": {
    "baseline_no_context": {
      "sample_count": 108,
      "context_relevance": {
        "n": 108,
        "mean": 0.5092592592592593,
        "median": 0.4,
        "p95": 1.0,
        "ci95_low": 0.4796296296296297,
        "ci95_high": 0.5425925925925926
      },
      "persona_consistency": {
        "n": 108,
        "mean": 0.7759259259259259,
        "median": 0.8,
        "p95": 1.0,
        "ci95_low": 0.7444444444444445,
        "ci95_high": 0.8074074074074075
      },
      "naturalness": {
        "n": 108,
        "mean": 0.7185185185185184,
        "median": 0.6,
        "p95": 1.0,
        "ci95_low": 0.6907407407407407,
        "ci95_high": 0.7462962962962962
      },
      "overall_quality": {
        "n": 108,
        "mean": 0.6629629629629629,
        "median": 0.6,
        "p95": 1.0,
        "ci95_low": 0.6333333333333334,
        "ci95_high": 0.6962962962962963
      }
    },
    "baseline_no_context_phi3_latest": {
      "sample_count": 108,
      "context_relevance": {
        "n": 108,
        "mean": 0.7166666666666667,
        "median": 0.8,
        "p95": 1.0,
        "ci95_low": 0.674074074074074,
        "ci95_high": 0.7574074074074074
      },
      "persona_consistency": {
        "n": 108,
        "mean": 0.7962962962962963,
        "median": 0.8,
        "p95": 1.0,
        "ci95_low": 0.7610648148148149,
        "ci95_high": 0.8314814814814815
      },
      "naturalness": {
        "n": 108,
        "mean": 0.7962962962962963,
        "median": 0.8,
        "p95": 1.0,
        "ci95_low": 0.7611111111111112,
        "ci95_high": 0.8296296296296296
      },
      "overall_quality": {
        "n": 108,
        "mean": 0.7611111111111112,
        "median": 0.8,
        "p95": 1.0,
        "ci95_low": 0.7314814814814815,
        "ci95_high": 0.7925925925925925
      }
    },
    "proposed_contextual_controlled": {
      "sample_count": 108,
      "context_relevance": {
        "n": 108,
        "mean": 0.7777777777777778,
        "median": 0.8,
        "p95": 1.0,
        "ci95_low": 0.7555555555555556,
        "ci95_high": 0.7981944444444442
      },
      "persona_consistency": {
        "n": 108,
        "mean": 0.85,
        "median": 1.0,
        "p95": 1.0,
        "ci95_low": 0.811111111111111,
        "ci95_high": 0.8851851851851852
      },
      "naturalness": {
        "n": 108,
        "mean": 0.6944444444444444,
        "median": 0.6,
        "p95": 1.0,
        "ci95_low": 0.6648148148148147,
        "ci95_high": 0.725925925925926
      },
      "overall_quality": {
        "n": 108,
        "mean": 0.7740740740740741,
        "median": 0.8,
        "p95": 1.0,
        "ci95_low": 0.7555555555555556,
        "ci95_high": 0.7925925925925926
      }
    }
  },
  "agreement": {
    "context_relevance": {
      "pairwise_kappa": {
        "phi3_mini__balanced__t0.00__phi3_mini__balanced__t0.05": 0.7664359861591696,
        "phi3_mini__balanced__t0.00__phi3_mini__balanced__t0.10": 0.65684575389948,
        "phi3_mini__balanced__t0.05__phi3_mini__balanced__t0.10": 0.6396866840731071
      },
      "mean_pairwise_kappa": 0.6876561413772523,
      "pair_count": 3
    },
    "persona_consistency": {
      "pairwise_kappa": {
        "phi3_mini__balanced__t0.00__phi3_mini__balanced__t0.05": 0.6949562878278414,
        "phi3_mini__balanced__t0.00__phi3_mini__balanced__t0.10": 0.44337253865468473,
        "phi3_mini__balanced__t0.05__phi3_mini__balanced__t0.10": 0.3831030818278427
      },
      "mean_pairwise_kappa": 0.5071439694367896,
      "pair_count": 3
    },
    "naturalness": {
      "pairwise_kappa": {
        "phi3_mini__balanced__t0.00__phi3_mini__balanced__t0.05": 0.6430243768076022,
        "phi3_mini__balanced__t0.00__phi3_mini__balanced__t0.10": 0.39571968107427613,
        "phi3_mini__balanced__t0.05__phi3_mini__balanced__t0.10": 0.32330827067669177
      },
      "mean_pairwise_kappa": 0.45401744285285667,
      "pair_count": 3
    },
    "overall_quality": {
      "pairwise_kappa": {
        "phi3_mini__balanced__t0.00__phi3_mini__balanced__t0.05": 0.6456996148908858,
        "phi3_mini__balanced__t0.00__phi3_mini__balanced__t0.10": 0.457286432160804,
        "phi3_mini__balanced__t0.05__phi3_mini__balanced__t0.10": 0.4620174346201743
      },
      "mean_pairwise_kappa": 0.5216678272239547,
      "pair_count": 3
    }
  },
  "paired_deltas": {
    "proposed_contextual_controlled_vs_baseline_no_context": {
      "context_relevance": {
        "n": 36,
        "mean_delta": 0.2685185185185186,
        "ci95_low": 0.2148148148148149,
        "ci95_high": 0.3185185185185186,
        "p_delta_le_0": 0.0
      },
      "persona_consistency": {
        "n": 36,
        "mean_delta": 0.07407407407407407,
        "ci95_low": 0.0018518518518518775,
        "ci95_high": 0.14074074074074072,
        "p_delta_le_0": 0.02266666666666667
      },
      "naturalness": {
        "n": 36,
        "mean_delta": -0.024074074074074074,
        "ci95_low": -0.0851851851851852,
        "ci95_high": 0.035185185185185194,
        "p_delta_le_0": 0.7726666666666666
      },
      "overall_quality": {
        "n": 36,
        "mean_delta": 0.11111111111111122,
        "ci95_low": 0.06851851851851859,
        "ci95_high": 0.1537037037037038,
        "p_delta_le_0": 0.0
      }
    },
    "proposed_contextual_controlled_vs_baseline_no_context_phi3_latest": {
      "context_relevance": {
        "n": 36,
        "mean_delta": 0.061111111111111165,
        "ci95_low": -0.01296296296296292,
        "ci95_high": 0.13333333333333341,
        "p_delta_le_0": 0.05633333333333333
      },
      "persona_consistency": {
        "n": 36,
        "mean_delta": 0.05370370370370367,
        "ci95_low": -0.03518518518518522,
        "ci95_high": 0.14259259259259255,
        "p_delta_le_0": 0.121
      },
      "naturalness": {
        "n": 36,
        "mean_delta": -0.10185185185185186,
        "ci95_low": -0.16666666666666663,
        "ci95_high": -0.03703703703703702,
        "p_delta_le_0": 0.998
      },
      "overall_quality": {
        "n": 36,
        "mean_delta": 0.012962962962963037,
        "ci95_low": -0.044444444444444384,
        "ci95_high": 0.06666666666666675,
        "p_delta_le_0": 0.3343333333333333
      }
    }
  },
  "preferences": {
    "proposed_contextual_controlled_vs_baseline_no_context": {
      "n": 108,
      "wins": 60,
      "losses": 14,
      "ties": 34,
      "soft_win_rate": {
        "n": 108,
        "mean": 0.7129629629629629,
        "median": 1.0,
        "p95": 1.0,
        "ci95_low": 0.6481481481481481,
        "ci95_high": 0.7777777777777778
      },
      "strict_non_tie_win_rate": {
        "n": 74,
        "mean": 0.8108108108108109,
        "median": 1.0,
        "p95": 1.0,
        "ci95_low": 0.7162162162162162,
        "ci95_high": 0.8918918918918919
      }
    },
    "proposed_contextual_controlled_vs_baseline_no_context_phi3_latest": {
      "n": 108,
      "wins": 42,
      "losses": 35,
      "ties": 31,
      "soft_win_rate": {
        "n": 108,
        "mean": 0.5324074074074074,
        "median": 0.5,
        "p95": 1.0,
        "ci95_low": 0.4537037037037037,
        "ci95_high": 0.6112268518518512
      },
      "strict_non_tie_win_rate": {
        "n": 77,
        "mean": 0.5454545454545454,
        "median": 1.0,
        "p95": 1.0,
        "ci95_low": 0.42857142857142855,
        "ci95_high": 0.6623376623376623
      }
    }
  }
}