{
  "keyword_overlap": {
    "hit@5": {
      "method_mean": 0.9965277777777778,
      "baseline_mean": 0.9930555555555556,
      "absolute_delta": 0.00347222222222221,
      "relative_delta": 0.003496503496503484
    },
    "mrr": {
      "method_mean": 0.6996527777777778,
      "baseline_mean": 0.6971643518518519,
      "absolute_delta": 0.002488425925925908,
      "relative_delta": 0.0035693533659832063
    },
    "ndcg@5": {
      "method_mean": 0.6413336817936354,
      "baseline_mean": 0.6390001415474369,
      "absolute_delta": 0.0023335402461984733,
      "relative_delta": 0.003651861861168681
    }
  },
  "random": {
    "hit@5": {
      "method_mean": 0.017361111111111112,
      "baseline_mean": 0.9930555555555556,
      "absolute_delta": -0.9756944444444444,
      "relative_delta": -0.9825174825174825
    },
    "mrr": {
      "method_mean": 0.00949074074074074,
      "baseline_mean": 0.6971643518518519,
      "absolute_delta": -0.6876736111111111,
      "relative_delta": -0.9863866522785756
    },
    "ndcg@5": {
      "method_mean": 0.00578307956395501,
      "baseline_mean": 0.6390001415474369,
      "absolute_delta": -0.6332170619834819,
      "relative_delta": -0.9909497992442532
    }
  }
}