{
  "proposed_vs_candidate_no_context": {
    "context_relevance": {
      "target_mean": 0.08595203951830169,
      "baseline_mean": 0.022565586256078563,
      "absolute_delta": 0.06338645326222313,
      "relative_delta": 2.8089876568196193
    },
    "persona_consistency": {
      "target_mean": 0.15652901785714288,
      "baseline_mean": 0.15571056547619047,
      "absolute_delta": 0.0008184523809524058,
      "relative_delta": 0.005256241787122367
    },
    "naturalness": {
      "target_mean": 0.8228438573661787,
      "baseline_mean": 0.824699660106802,
      "absolute_delta": -0.001855802740623247,
      "relative_delta": -0.0022502770770912077
    },
    "context_keyword_coverage": {
      "target_mean": 0.09824810606060606,
      "baseline_mean": 0.016571969696969696,
      "absolute_delta": 0.08167613636363637,
      "relative_delta": 4.928571428571429
    },
    "context_overlap": {
      "target_mean": 0.057261217586258184,
      "baseline_mean": 0.03655069156066593,
      "absolute_delta": 0.020710526025592257,
      "relative_delta": 0.5666247378990749
    },
    "persona_keyword_coverage": {
      "target_mean": 0.06398809523809523,
      "baseline_mean": 0.0662202380952381,
      "absolute_delta": -0.002232142857142863,
      "relative_delta": -0.033707865168539415
    },
    "persona_style": {
      "target_mean": 0.5266927083333334,
      "baseline_mean": 0.513671875,
      "absolute_delta": 0.01302083333333337,
      "relative_delta": 0.02534854245880869
    },
    "distinct1": {
      "target_mean": 0.947344018415447,
      "baseline_mean": 0.9463845669336718,
      "absolute_delta": 0.0009594514817752309,
      "relative_delta": 0.0010138071935005201
    },
    "length_score": {
      "target_mean": 0.334375,
      "baseline_mean": 0.35104166666666664,
      "absolute_delta": -0.016666666666666663,
      "relative_delta": -0.047477744807121657
    },
    "sentence_score": {
      "target_mean": 0.7703125000000001,
      "baseline_mean": 0.759375,
      "absolute_delta": 0.010937500000000044,
      "relative_delta": 0.014403292181070016
    },
    "overall_quality": {
      "target_mean": 0.25416934525610146,
      "baseline_mean": 0.22507568457787774,
      "absolute_delta": 0.02909366067822372,
      "relative_delta": 0.12926167805637448
    }
  },
  "controlled_vs_proposed_raw": {
    "context_relevance": {
      "target_mean": 0.26473572812521945,
      "baseline_mean": 0.08595203951830169,
      "absolute_delta": 0.17878368860691776,
      "relative_delta": 2.080040096882745
    },
    "persona_consistency": {
      "target_mean": 0.3690274414850686,
      "baseline_mean": 0.15652901785714288,
      "absolute_delta": 0.21249842362792573,
      "relative_delta": 1.3575656867780495
    },
    "naturalness": {
      "target_mean": 0.9026182541508434,
      "baseline_mean": 0.8228438573661787,
      "absolute_delta": 0.07977439678466469,
      "relative_delta": 0.09694961695407517
    },
    "context_keyword_coverage": {
      "target_mean": 0.33011363636363633,
      "baseline_mean": 0.09824810606060606,
      "absolute_delta": 0.23186553030303025,
      "relative_delta": 2.3599999999999994
    },
    "context_overlap": {
      "target_mean": 0.11218727556891334,
      "baseline_mean": 0.057261217586258184,
      "absolute_delta": 0.05492605798265515,
      "relative_delta": 0.959219176572951
    },
    "persona_keyword_coverage": {
      "target_mean": 0.3132440476190476,
      "baseline_mean": 0.06398809523809523,
      "absolute_delta": 0.24925595238095238,
      "relative_delta": 3.8953488372093026
    },
    "persona_style": {
      "target_mean": 0.5921610169491526,
      "baseline_mean": 0.5266927083333334,
      "absolute_delta": 0.0654683086158192,
      "relative_delta": 0.1243007688923341
    },
    "distinct1": {
      "target_mean": 0.941181052043775,
      "baseline_mean": 0.947344018415447,
      "absolute_delta": -0.0061629663716720184,
      "relative_delta": -0.006505520963736448
    },
    "length_score": {
      "target_mean": 0.6635416666666667,
      "baseline_mean": 0.334375,
      "absolute_delta": 0.3291666666666667,
      "relative_delta": 0.9844236760124613
    },
    "sentence_score": {
      "target_mean": 0.934375,
      "baseline_mean": 0.7703125000000001,
      "absolute_delta": 0.1640624999999999,
      "relative_delta": 0.21298174442190654
    },
    "overall_quality": {
      "target_mean": 0.43174047916700214,
      "baseline_mean": 0.25416934525610146,
      "absolute_delta": 0.17757113391090068,
      "relative_delta": 0.6986331641684788
    }
  },
  "controlled_vs_candidate_no_context": {
    "context_relevance": {
      "target_mean": 0.26473572812521945,
      "baseline_mean": 0.022565586256078563,
      "absolute_delta": 0.24217014186914088,
      "relative_delta": 10.731834711535878
    },
    "persona_consistency": {
      "target_mean": 0.3690274414850686,
      "baseline_mean": 0.15571056547619047,
      "absolute_delta": 0.21331687600887814,
      "relative_delta": 1.369957622056778
    },
    "naturalness": {
      "target_mean": 0.9026182541508434,
      "baseline_mean": 0.824699660106802,
      "absolute_delta": 0.07791859404404144,
      "relative_delta": 0.09448117637631943
    },
    "context_keyword_coverage": {
      "target_mean": 0.33011363636363633,
      "baseline_mean": 0.016571969696969696,
      "absolute_delta": 0.3135416666666666,
      "relative_delta": 18.919999999999998
    },
    "context_overlap": {
      "target_mean": 0.11218727556891334,
      "baseline_mean": 0.03655069156066593,
      "absolute_delta": 0.07563658400824741,
      "relative_delta": 2.0693612289854406
    },
    "persona_keyword_coverage": {
      "target_mean": 0.3132440476190476,
      "baseline_mean": 0.0662202380952381,
      "absolute_delta": 0.24702380952380953,
      "relative_delta": 3.7303370786516856
    },
    "persona_style": {
      "target_mean": 0.5921610169491526,
      "baseline_mean": 0.513671875,
      "absolute_delta": 0.07848914194915257,
      "relative_delta": 0.15280015466907268
    },
    "distinct1": {
      "target_mean": 0.941181052043775,
      "baseline_mean": 0.9463845669336718,
      "absolute_delta": -0.0052035148898967876,
      "relative_delta": -0.005498309114186433
    },
    "length_score": {
      "target_mean": 0.6635416666666667,
      "baseline_mean": 0.35104166666666664,
      "absolute_delta": 0.31250000000000006,
      "relative_delta": 0.8902077151335314
    },
    "sentence_score": {
      "target_mean": 0.934375,
      "baseline_mean": 0.759375,
      "absolute_delta": 0.17499999999999993,
      "relative_delta": 0.23045267489711924
    },
    "overall_quality": {
      "target_mean": 0.43174047916700214,
      "baseline_mean": 0.22507568457787774,
      "absolute_delta": 0.2066647945891244,
      "relative_delta": 0.9182013373711053
    }
  },
  "controlled_alt_vs_controlled_default": {
    "context_relevance": {
      "target_mean": 0.2746739171972503,
      "baseline_mean": 0.26473572812521945,
      "absolute_delta": 0.009938189072030867,
      "relative_delta": 0.037540037162381516
    },
    "persona_consistency": {
      "target_mean": 0.3673846726190476,
      "baseline_mean": 0.3690274414850686,
      "absolute_delta": -0.0016427688660209938,
      "relative_delta": -0.004451617092241263
    },
    "naturalness": {
      "target_mean": 0.8902353823082007,
      "baseline_mean": 0.9026182541508434,
      "absolute_delta": -0.012382871842642751,
      "relative_delta": -0.01371883604801699
    },
    "context_keyword_coverage": {
      "target_mean": 0.3464488636363636,
      "baseline_mean": 0.33011363636363633,
      "absolute_delta": 0.016335227272727293,
      "relative_delta": 0.04948364888123931
    },
    "context_overlap": {
      "target_mean": 0.10719904217265264,
      "baseline_mean": 0.11218727556891334,
      "absolute_delta": -0.0049882333962606995,
      "relative_delta": -0.044463450698529305
    },