{
  "proposed_contextual_controlled": {
    "sample_count": 32,
    "context_relevance": {
      "n": 32,
      "mean": 0.26473572812521945,
      "median": 0.24185471738663225,
      "p95": 0.39452618809761664,
      "ci95_low": 0.242057865428218,
      "ci95_high": 0.2885831688025235
    },
    "persona_consistency": {
      "n": 32,
      "mean": 0.3690274414850686,
      "median": 0.33333333333333337,
      "p95": 0.6944285714285714,
      "ci95_low": 0.3139081542574657,
      "ci95_high": 0.42811127925746567
    },
    "naturalness": {
      "n": 32,
      "mean": 0.9026182541508434,
      "median": 0.9270477545857052,
      "p95": 0.9717117117117117,
      "ci95_low": 0.8782508928851523,
      "ci95_high": 0.923392021353302
    },
    "context_keyword_coverage": {
      "n": 32,
      "mean": 0.33011363636363633,
      "median": 0.2727272727272727,
      "p95": 0.49545454545454537,
      "ci95_low": 0.29976325757575756,
      "ci95_high": 0.3623200757575757
    },
    "context_overlap": {
      "n": 32,
      "mean": 0.11218727556891334,
      "median": 0.10839160839160839,
      "p95": 0.18770867430441898,
      "ci95_low": 0.09931196655227982,
      "ci95_high": 0.1254928625401907
    },
    "persona_keyword_coverage": {
      "n": 32,
      "mean": 0.3132440476190476,
      "median": 0.2857142857142857,
      "p95": 0.6742857142857142,
      "ci95_low": 0.24998883928571428,
      "ci95_high": 0.3880989583333333
    },
    "persona_style": {
      "n": 32,
      "mean": 0.5921610169491526,
      "median": 0.5,
      "p95": 1.0,
      "ci95_low": 0.484375,
      "ci95_high": 0.7015360169491526
    },
    "distinct1": {
      "n": 32,
      "mean": 0.941181052043775,
      "median": 0.9397644927536232,
      "p95": 1.0,
      "ci95_low": 0.9299990646808439,
      "ci95_high": 0.9522358777494453
    },
    "length_score": {
      "n": 32,
      "mean": 0.6635416666666667,
      "median": 0.7833333333333333,
      "p95": 0.9666666666666668,
      "ci95_low": 0.5635416666666667,
      "ci95_high": 0.7521093749999999
    },
    "sentence_score": {
      "n": 32,
      "mean": 0.934375,
      "median": 1.0,
      "p95": 1.0,
      "ci95_low": 0.8796875,
      "ci95_high": 0.978125
    },
    "overall_quality": {
      "n": 32,
      "mean": 0.43174047916700214,
      "median": 0.4236673326673328,
      "p95": 0.5511120662670664,
      "ci95_low": 0.4090256364707964,
      "ci95_high": 0.4556824106086868
    },
    "metrics": [
      "context_relevance",
      "persona_consistency",
      "naturalness",
      "context_keyword_coverage",
      "context_overlap",
      "persona_keyword_coverage",
      "persona_style",
      "distinct1",
      "length_score",
      "sentence_score",
      "overall_quality"
    ]
  },
  "proposed_contextual_controlled_hybrid": {
    "sample_count": 32,
    "context_relevance": {
      "n": 32,
      "mean": 0.2746739171972503,
      "median": 0.2531168831168831,
      "p95": 0.45501392045454536,
      "ci95_low": 0.23524660036041478,
      "ci95_high": 0.31596599698463695
    },
    "persona_consistency": {
      "n": 32,
      "mean": 0.3673846726190476,
      "median": 0.33333333333333337,
      "p95": 0.7969999999999999,
      "ci95_low": 0.310270740327381,
      "ci95_high": 0.4337571614583333
    },
    "naturalness": {
      "n": 32,
      "mean": 0.8902353823082007,
      "median": 0.9149999999999999,
      "p95": 0.9677147147147147,
      "ci95_low": 0.8653182071000611,
      "ci95_high": 0.9125799640886703
    },
    "context_keyword_coverage": {
      "n": 32,
      "mean": 0.3464488636363636,
      "median": 0.303030303030303,
      "p95": 0.5863636363636363,
      "ci95_low": 0.29071614583333333,
      "ci95_high": 0.4035037878787879
    },
    "context_overlap": {
      "n": 32,
      "mean": 0.10719904217265264,
      "median": 0.11645161290322581,
      "p95": 0.16901041666666666,
      "ci95_low": 0.09309084529444285,
      "ci95_high": 0.12113317107609473
    },
    "persona_keyword_coverage": {
      "n": 32,
      "mean": 0.30952380952380953,
      "median": 0.16666666666666666,
      "p95": 0.8899999999999999,
      "ci95_low": 0.23348214285714286,
      "ci95_high": 0.4038727678571429
    },
    "persona_style": {
      "n": 32,
      "mean": 0.598828125,
      "median": 0.5,
      "p95": 1.0,
      "ci95_low": 0.502412109375,
      "ci95_high": 0.7005208333333334
    },
    "distinct1": {
      "n": 32,
      "mean": 0.9487212128627003,
      "median": 0.9519969278033794,
      "p95": 1.0,
      "ci95_low": 0.9359742147105172,
      "ci95_high": 0.9598478688971035
    },
    "length_score": {
      "n": 32,
      "mean": 0.5885416666666666,
      "median": 0.7,
      "p95": 0.9666666666666668,
      "ci95_low": 0.48333333333333334,
      "ci95_high": 0.69375
    },
    "sentence_score": {
      "n": 32,
      "mean": 0.934375,
      "median": 1.0,
      "p95": 1.0,
      "ci95_low": 0.890625,
      "ci95_high": 0.978125
    },
    "overall_quality": {
      "n": 32,
      "mean": 0.4334324261007023,
      "median": 0.4309608268796908,
      "p95": 0.5899895409241922,
      "ci95_low": 0.40625292378058797,
      "ci95_high": 0.46406034723673356
    },
    "metrics": [
      "context_relevance",
      "persona_consistency",
      "naturalness",
      "context_keyword_coverage",
      "context_overlap",
      "persona_keyword_coverage",
      "persona_style",
      "distinct1",
      "length_score",
      "sentence_score",
      "overall_quality"
    ]
  },
  "proposed_contextual": {
    "sample_count": 32,
    "context_relevance": {
      "n": 32,
      "mean": 0.08595203951830169,
      "median": 0.01646616541353383,
      "p95": 0.3094818181818181,
      "ci95_low": 0.0502145302347114,
      "ci95_high": 0.12454037857340179
    },
    "persona_consistency": {
      "n": 32,
      "mean": 0.15652901785714288,
      "median": 0.1,
      "p95": 0.389047619047619,
      "ci95_low": 0.11611421130952382,
      "ci95_high": 0.20088006882440473
    },
    "naturalness": {
      "n": 32,
      "mean": 0.8228438573661787,
      "median": 0.7668181818181817,
      "p95": 0.9430000000000001,
      "ci95_low": 0.7948011759280732,
      "ci95_high": 0.8524091736347316
    },
    "context_keyword_coverage": {
      "n": 32,
      "mean": 0.09824810606060606,
      "median": 0.0,
      "p95": 0.4045454545454545,
      "ci95_low": 0.04944957386363636,
      "ci95_high": 0.15577651515151514
    },
    "context_overlap": {
      "n": 32,
      "mean": 0.057261217586258184,
      "median": 0.05064102564102564,
      "p95": 0.11779279279279278,
      "ci95_low": 0.04630076732402629,
      "ci95_high": 0.06915450889295024
    },
    "persona_keyword_coverage": {
      "n": 32,
      "mean": 0.06398809523809523,
      "median": 0.0,
      "p95": 0.31666666666666643,
      "ci95_low": 0.020833333333333332,
      "ci95_high": 0.12053571428571427
    },
    "persona_style": {
      "n": 32,
      "mean": 0.5266927083333334,
      "median": 0.5,
      "p95": 1.0,
      "ci95_low": 0.41657714843750004,
      "ci95_high": 0.6409505208333334
    },
    "distinct1": {
      "n": 32,
      "mean": 0.947344018415447,
      "median": 0.9212121212121211,
      "p95": 1.0,
      "ci95_low": 0.9329548546691404,
      "ci95_high": 0.9619548085016835
    },
    "length_score": {
      "n": 32,
      "mean": 0.334375,
      "median": 0.16666666666666663,
      "p95": 0.7483333333333333,
      "ci95_low": 0.24583333333333332,
      "ci95_high": 0.4312760416666665
    },
    "sentence_score": {
      "n": 32,
      "mean": 0.7703125000000001,
      "median": 0.65,
      "p95": 1.0,
      "ci95_low": 0.7156250000000001,
      "ci95_high": 0.825
    },
    "overall_quality": {
      "n": 32,
      "mean": 0.25416934525610146,
      "median": 0.21384650349650353,
      "p95": 0.42205974025974036,
      "ci95_low": 0.2249540328547081,
      "ci95_high": 0.2875401466139147
    },