{
  "proposed_vs_candidate_no_context": {
    "context_relevance": {
      "target_mean": 0.1111591457657651,
      "baseline_mean": 0.02706731624521925,
      "absolute_delta": 0.08409182952054586,
      "relative_delta": 3.1067664322057986
    },
    "persona_consistency": {
      "target_mean": 0.1798218662464986,
      "baseline_mean": 0.21959433229813669,
      "absolute_delta": -0.03977246605163809,
      "relative_delta": -0.18111790789591142
    },
    "naturalness": {
      "target_mean": 0.8109750722961003,
      "baseline_mean": 0.8070257634047445,
      "absolute_delta": 0.003949308891355807,
      "relative_delta": 0.004893659001286587
    },
    "context_keyword_coverage": {
      "target_mean": 0.13314393939393937,
      "baseline_mean": 0.022196969696969698,
      "absolute_delta": 0.11094696969696967,
      "relative_delta": 4.998293515358361
    },
    "context_overlap": {
      "target_mean": 0.059861293966691785,
      "baseline_mean": 0.038431458191134873,
      "absolute_delta": 0.02142983577555691,
      "relative_delta": 0.5576118311456684
    },
    "persona_keyword_coverage": {
      "target_mean": 0.09285714285714286,
      "baseline_mean": 0.1392857142857143,
      "absolute_delta": -0.04642857142857143,
      "relative_delta": -0.3333333333333333
    },
    "persona_style": {
      "target_mean": 0.5276807598039215,
      "baseline_mean": 0.5408288043478261,
      "absolute_delta": -0.013148044543904613,
      "relative_delta": -0.02431091768449641
    },
    "distinct1": {
      "target_mean": 0.9373335140735843,
      "baseline_mean": 0.930793575178528,
      "absolute_delta": 0.00653993889505633,
      "relative_delta": 0.007026196859816052
    },
    "length_score": {
      "target_mean": 0.2808333333333333,
      "baseline_mean": 0.29166666666666663,
      "absolute_delta": -0.010833333333333306,
      "relative_delta": -0.037142857142857054
    },
    "sentence_score": {
      "target_mean": 0.79875,
      "baseline_mean": 0.76375,
      "absolute_delta": 0.03499999999999992,
      "relative_delta": 0.04582651391162019
    },
    "bertscore_f1": {
      "target_mean": 0.06618926271330565,
      "baseline_mean": 0.04167840020090807,
      "absolute_delta": 0.024510862512397577,
      "relative_delta": 0.5880950898845572
    },
    "overall_quality": {
      "target_mean": 0.25111224444955116,
      "baseline_mean": 0.22641675332106895,
      "absolute_delta": 0.02469549112848221,
      "relative_delta": 0.10907095330292504
    }
  },
  "proposed_vs_baseline_no_context": {
    "context_relevance": {
      "target_mean": 0.1111591457657651,
      "baseline_mean": 0.04815893203059045,
      "absolute_delta": 0.06300021373517466,
      "relative_delta": 1.3081729822238803
    },
    "persona_consistency": {
      "target_mean": 0.1798218662464986,
      "baseline_mean": 0.21629138321995467,
      "absolute_delta": -0.03646951697345607,
      "relative_delta": -0.16861289816787975
    },
    "naturalness": {
      "target_mean": 0.8109750722961003,
      "baseline_mean": 0.8874820095893986,
      "absolute_delta": -0.07650693729329827,
      "relative_delta": -0.08620674725417238
    },
    "context_keyword_coverage": {
      "target_mean": 0.13314393939393937,
      "baseline_mean": 0.05162878787878787,
      "absolute_delta": 0.0815151515151515,
      "relative_delta": 1.5788701393983857
    },
    "context_overlap": {
      "target_mean": 0.059861293966691785,
      "baseline_mean": 0.0400626017181298,
      "absolute_delta": 0.019798692248561983,
      "relative_delta": 0.49419387157779987
    },
    "persona_keyword_coverage": {
      "target_mean": 0.09285714285714286,
      "baseline_mean": 0.13107142857142856,
      "absolute_delta": -0.0382142857142857,
      "relative_delta": -0.2915531335149863
    },
    "persona_style": {
      "target_mean": 0.5276807598039215,
      "baseline_mean": 0.5571712018140589,
      "absolute_delta": -0.029490442010137397,
      "relative_delta": -0.052928869823352875
    },
    "distinct1": {
      "target_mean": 0.9373335140735843,
      "baseline_mean": 0.9723508573068298,
      "absolute_delta": -0.03501734323324546,
      "relative_delta": -0.03601307385097062
    },
    "length_score": {
      "target_mean": 0.2808333333333333,
      "baseline_mean": 0.5583333333333333,
      "absolute_delta": -0.2775,
      "relative_delta": -0.49701492537313435
    },
    "sentence_score": {
      "target_mean": 0.79875,
      "baseline_mean": 0.86875,
      "absolute_delta": -0.07000000000000006,
      "relative_delta": -0.0805755395683454
    },
    "bertscore_f1": {
      "target_mean": 0.06618926271330565,
      "baseline_mean": 0.058507124599418606,
      "absolute_delta": 0.007682138113887044,
      "relative_delta": 0.1313026091520379
    },
    "overall_quality": {
      "target_mean": 0.25111224444955116,
      "baseline_mean": 0.2502978442154613,
      "absolute_delta": 0.0008144002340898515,
      "relative_delta": 0.0032537245242464006
    }
  },
  "controlled_vs_proposed_raw": {
    "context_relevance": {
      "target_mean": 0.28954054584982913,
      "baseline_mean": 0.1111591457657651,
      "absolute_delta": 0.17838140008406403,
      "relative_delta": 1.604738853067024
    },
    "persona_consistency": {
      "target_mean": 0.356875,
      "baseline_mean": 0.1798218662464986,
      "absolute_delta": 0.1770531337535014,
      "relative_delta": 0.9846029153695812
    },
    "naturalness": {
      "target_mean": 0.8759426445092796,
      "baseline_mean": 0.8109750722961003,
      "absolute_delta": 0.06496757221317928,
      "relative_delta": 0.08011044288850663
    },
    "context_keyword_coverage": {
      "target_mean": 0.3627651515151515,
      "baseline_mean": 0.13314393939393937,
      "absolute_delta": 0.22962121212121211,
      "relative_delta": 1.7246088193456617
    },
    "context_overlap": {
      "target_mean": 0.11868313263074351,
      "baseline_mean": 0.059861293966691785,
      "absolute_delta": 0.058821838664051725,
      "relative_delta": 0.9826356025110576
    },
    "persona_keyword_coverage": {
      "target_mean": 0.3025,
      "baseline_mean": 0.09285714285714286,
      "absolute_delta": 0.20964285714285713,
      "relative_delta": 2.2576923076923077
    },
    "persona_style": {
      "target_mean": 0.5743750000000001,
      "baseline_mean": 0.5276807598039215,
      "absolute_delta": 0.046694240196078596,
      "relative_delta": 0.08848956367753393
    },
    "distinct1": {
      "target_mean": 0.9383035809701689,
      "baseline_mean": 0.9373335140735843,
      "absolute_delta": 0.0009700668965845205,
      "relative_delta": 0.0010349218096008103
    },
    "length_score": {
      "target_mean": 0.5616666666666668,
      "baseline_mean": 0.2808333333333333,
      "absolute_delta": 0.28083333333333343,
      "relative_delta": 1.0000000000000004
    },
    "sentence_score": {
      "target_mean": 0.8862500000000001,
      "baseline_mean": 0.79875,
      "absolute_delta": 0.08750000000000013,
      "relative_delta": 0.10954616588419422
    },
    "bertscore_f1": {
      "target_mean": 0.08774728485150263,
      "baseline_mean": 0.06618926271330565,
      "absolute_delta": 0.021558022138196978,
      "relative_delta": 0.32570270848270516
    },
    "overall_quality": {
      "target_mean": 0.3955639760700115,
      "baseline_mean": 0.25111224444955116,
      "absolute_delta": 0.14445173162046032,
      "relative_delta": 0.5752476624033397
    }
  },
  "controlled_vs_candidate_no_context": {
    "context_relevance": {
      "target_mean": 0.28954054584982913,
      "baseline_mean": 0.02706731624521925,
      "absolute_delta": 0.2624732296046099,
      "relative_delta": 9.697054086437886
    },
    "persona_consistency": {
      "target_mean": 0.356875,
      "baseline_mean": 0.21959433229813669,
      "absolute_delta": 0.1372806677018633,
      "relative_delta": 0.625155787333716
    },
    "naturalness": {
      "target_mean": 0.8759426445092796,