{
  "proposed_contextual_controlled": {
    "sample_count": 40,
    "context_relevance": {
      "n": 40,
      "mean": 0.28954054584982913,
      "median": 0.2791273943447856,
      "p95": 0.5081916144200627,
      "ci95_low": 0.25822777782181866,
      "ci95_high": 0.32428723024000305
    },
    "persona_consistency": {
      "n": 40,
      "mean": 0.356875,
      "median": 0.33333333333333337,
      "p95": 0.6571428571428571,
      "ci95_low": 0.31175997023809526,
      "ci95_high": 0.406468005952381
    },
    "naturalness": {
      "n": 40,
      "mean": 0.8759426445092796,
      "median": 0.8947701149425287,
      "p95": 0.9515858585858585,
      "ci95_low": 0.8559770964299358,
      "ci95_high": 0.8943615811163129
    },
    "context_keyword_coverage": {
      "n": 40,
      "mean": 0.3627651515151515,
      "median": 0.36363636363636365,
      "p95": 0.6363636363636364,
      "ci95_low": 0.32215151515151513,
      "ci95_high": 0.4068939393939394
    },
    "context_overlap": {
      "n": 40,
      "mean": 0.11868313263074351,
      "median": 0.10990338164251207,
      "p95": 0.20912356321839076,
      "ci95_low": 0.1036609815903902,
      "ci95_high": 0.1368235446534636
    },
    "persona_keyword_coverage": {
      "n": 40,
      "mean": 0.3025,
      "median": 0.2,
      "p95": 0.7142857142857143,
      "ci95_low": 0.2439255952380952,
      "ci95_high": 0.36631547619047616
    },
    "persona_style": {
      "n": 40,
      "mean": 0.5743750000000001,
      "median": 0.5,
      "p95": 1.0,
      "ci95_low": 0.47437500000000005,
      "ci95_high": 0.6743750000000001
    },
    "distinct1": {
      "n": 40,
      "mean": 0.9383035809701689,
      "median": 0.936491935483871,
      "p95": 1.0,
      "ci95_low": 0.9268697731054892,
      "ci95_high": 0.9487930305384846
    },
    "length_score": {
      "n": 40,
      "mean": 0.5616666666666668,
      "median": 0.6666666666666667,
      "p95": 0.9016666666666665,
      "ci95_low": 0.4708333333333333,
      "ci95_high": 0.65
    },
    "sentence_score": {
      "n": 40,
      "mean": 0.8862500000000001,
      "median": 1.0,
      "p95": 1.0,
      "ci95_low": 0.83375,
      "ci95_high": 0.93
    },
    "bertscore_f1": {
      "n": 40,
      "mean": 0.08774728485150263,
      "median": 0.07094953581690788,
      "p95": 0.2031325668096541,
      "ci95_low": 0.06674507214076585,
      "ci95_high": 0.10858733419969212
    },
    "overall_quality": {
      "n": 40,
      "mean": 0.3955639760700115,
      "median": 0.3856731110391478,
      "p95": 0.5126640973656398,
      "ci95_low": 0.3755342866196436,
      "ci95_high": 0.416423825063691
    },
    "metrics": [
      "context_relevance",
      "persona_consistency",
      "naturalness",
      "context_keyword_coverage",
      "context_overlap",
      "persona_keyword_coverage",
      "persona_style",
      "distinct1",
      "length_score",
      "sentence_score",
      "bertscore_f1",
      "overall_quality"
    ]
  },
  "proposed_contextual": {
    "sample_count": 40,
    "context_relevance": {
      "n": 40,
      "mean": 0.1111591457657651,
      "median": 0.0461038961038961,
      "p95": 0.4118292682926826,
      "ci95_low": 0.07065962853426554,
      "ci95_high": 0.15561992745149691
    },
    "persona_consistency": {
      "n": 40,
      "mean": 0.1798218662464986,
      "median": 0.12187500000000001,
      "p95": 0.5128571428571426,
      "ci95_low": 0.13428095456932776,
      "ci95_high": 0.23043676689425763
    },
    "naturalness": {
      "n": 40,
      "mean": 0.8109750722961003,
      "median": 0.7739130434782608,
      "p95": 0.9411944444444444,
      "ci95_low": 0.789160360699733,
      "ci95_high": 0.8355731036501706
    },
    "context_keyword_coverage": {
      "n": 40,
      "mean": 0.13314393939393937,
      "median": 0.045454545454545456,
      "p95": 0.5499999999999997,
      "ci95_low": 0.07896306818181818,
      "ci95_high": 0.19432291666666662
    },
    "context_overlap": {
      "n": 40,
      "mean": 0.059861293966691785,
      "median": 0.04878048780487805,
      "p95": 0.11628787878787863,
      "ci95_low": 0.046799452979015464,
      "ci95_high": 0.07592059030091222
    },
    "persona_keyword_coverage": {
      "n": 40,
      "mean": 0.09285714285714286,
      "median": 0.0,
      "p95": 0.5785714285714282,
      "ci95_low": 0.0375,
      "ci95_high": 0.16132440476190468
    },
    "persona_style": {
      "n": 40,
      "mean": 0.5276807598039215,
      "median": 0.5,
      "p95": 1.0,
      "ci95_low": 0.4299433210784314,
      "ci95_high": 0.6243075980392155
    },
    "distinct1": {
      "n": 40,
      "mean": 0.9373335140735843,
      "median": 0.9229517894114168,
      "p95": 1.0,
      "ci95_low": 0.9264855294334754,
      "ci95_high": 0.9483095781928567
    },
    "length_score": {
      "n": 40,
      "mean": 0.2808333333333333,
      "median": 0.09999999999999998,
      "p95": 0.7749999999999995,
      "ci95_low": 0.1991458333333333,
      "ci95_high": 0.37416666666666665
    },
    "sentence_score": {
      "n": 40,
      "mean": 0.79875,
      "median": 0.65,
      "p95": 1.0,
      "ci95_low": 0.7462500000000001,
      "ci95_high": 0.85125
    },
    "bertscore_f1": {
      "n": 40,
      "mean": 0.06618926271330565,
      "median": 0.04023609682917595,
      "p95": 0.19742654785513872,
      "ci95_low": 0.04773957152210642,
      "ci95_high": 0.08778731817554215
    },
    "overall_quality": {
      "n": 40,
      "mean": 0.25111224444955116,
      "median": 0.22702566879373953,
      "p95": 0.4128437792936822,
      "ci95_low": 0.22367841406920436,
      "ci95_high": 0.2805151089036773
    },
    "metrics": [
      "context_relevance",
      "persona_consistency",
      "naturalness",
      "context_keyword_coverage",
      "context_overlap",
      "persona_keyword_coverage",
      "persona_style",
      "distinct1",
      "length_score",
      "sentence_score",
      "bertscore_f1",
      "overall_quality"
    ]
  },
  "candidate_no_context": {
    "sample_count": 40,
    "context_relevance": {
      "n": 40,
      "mean": 0.02706731624521925,
      "median": 0.012182184013169927,
      "p95": 0.13555555555555554,
      "ci95_low": 0.016710394353761353,
      "ci95_high": 0.03935003679107563
    },
    "persona_consistency": {
      "n": 40,
      "mean": 0.21959433229813669,
      "median": 0.11956521739130435,
      "p95": 0.5739285714285715,
      "ci95_low": 0.16220529244306417,
      "ci95_high": 0.28349971693840575
    },
    "naturalness": {
      "n": 40,
      "mean": 0.8070257634047445,
      "median": 0.765776515151515,
      "p95": 0.9297282608695652,
      "ci95_low": 0.7861577935973599,
      "ci95_high": 0.8281552171246455
    },
    "context_keyword_coverage": {
      "n": 40,
      "mean": 0.022196969696969698,
      "median": 0.0,
      "p95": 0.16666666666666666,
      "ci95_low": 0.008712121212121213,
      "ci95_high": 0.039469696969696974
    },
    "context_overlap": {
      "n": 40,
      "mean": 0.038431458191134873,
      "median": 0.03750586029067042,
      "p95": 0.06341605596269154,
      "ci95_low": 0.033476520272329884,
      "ci95_high": 0.0435097240943553
    },
    "persona_keyword_coverage": {
      "n": 40,
      "mean": 0.1392857142857143,
      "median": 0.0,
      "p95": 0.7142857142857143,
      "ci95_low": 0.06726190476190476,
      "ci95_high": 0.22263392857142852
    },
    "persona_style": {
      "n": 40,
      "mean": 0.5408288043478261,
      "median": 0.5,
      "p95": 1.0,
      "ci95_low": 0.4470737092391305,
      "ci95_high": 0.63984375
    },
    "distinct1": {
      "n": 40,
      "mean": 0.930793575178528,
      "median": 0.9090909090909091,
      "p95": 1.0,
      "ci95_low": 0.921457188897657,
      "ci95_high": 0.9405344620644766
    },
    "length_score": {
      "n": 40,
      "mean": 0.29166666666666663,
      "median": 0.11666666666666664,
      "p95": 0.8333333333333334,
      "ci95_low": 0.2158125,
      "ci95_high": 0.3775
    },