{
  "run_dir": "artifacts\\proposal\\20260312T213231Z",
  "scenario_count": 144,
  "metrics": [
    "distinct1",
    "distinct2",
    "content_distinct1",
    "mtld",
    "repetition_penalty",
    "lexical_richness"
  ],
  "summary": {
    "proposed_contextual_controlled": {
      "distinct1": {
        "n": 144,
        "mean": 0.9233274107442297,
        "ci95_low": 0.9149223350846266,
        "ci95_high": 0.931580258249762
      },
      "distinct2": {
        "n": 144,
        "mean": 0.9848511777671138,
        "ci95_low": 0.9789898238628574,
        "ci95_high": 0.9896385991482973
      },
      "content_distinct1": {
        "n": 144,
        "mean": 0.956646294430361,
        "ci95_low": 0.9463977250806564,
        "ci95_high": 0.9664507642729567
      },
      "mtld": {
        "n": 144,
        "mean": 161.1935963141931,
        "ci95_low": 135.53449772692352,
        "ci95_high": 187.19199890481246
      },
      "repetition_penalty": {
        "n": 144,
        "mean": 0.07667258925577024,
        "ci95_low": 0.06888085144132884,
        "ci95_high": 0.0849199276192496
      },
      "lexical_richness": {
        "n": 144,
        "mean": 0.8496276923733794,
        "ci95_low": 0.8284207219442942,
        "ci95_high": 0.8693375530824385
      }
    },
    "proposed_contextual": {
      "distinct1": {
        "n": 144,
        "mean": 0.9358120903109481,
        "ci95_low": 0.9273645231170012,
        "ci95_high": 0.9441625829636974
      },
      "distinct2": {
        "n": 144,
        "mean": 0.9887147538721734,
        "ci95_low": 0.9851738866846763,
        "ci95_high": 0.9920054184944681
      },
      "content_distinct1": {
        "n": 144,
        "mean": 0.9652207342395774,
        "ci95_low": 0.9558254402581332,
        "ci95_high": 0.9744207733842787
      },
      "mtld": {
        "n": 144,
        "mean": 151.95348766918627,
        "ci95_low": 121.38159054403023,
        "ci95_high": 185.1564678187085
      },
      "repetition_penalty": {
        "n": 144,
        "mean": 0.06418790968905183,
        "ci95_low": 0.05584241729987573,
        "ci95_high": 0.0723671297403605
      },
      "lexical_richness": {
        "n": 144,
        "mean": 0.8306274236516786,
        "ci95_low": 0.8110188063786811,
        "ci95_high": 0.8502329084900874
      }
    },
    "candidate_no_context": {
      "distinct1": {
        "n": 144,
        "mean": 0.9433084536800393,
        "ci95_low": 0.9353863297874905,
        "ci95_high": 0.9512436319181058
      },
      "distinct2": {
        "n": 144,
        "mean": 0.9905196983454397,
        "ci95_low": 0.987473676178655,
        "ci95_high": 0.9933997882438692
      },
      "content_distinct1": {
        "n": 144,
        "mean": 0.9708383927133928,
        "ci95_low": 0.9621859992823534,
        "ci95_high": 0.9792444033980493
      },
      "mtld": {
        "n": 144,
        "mean": 145.15416130120187,
        "ci95_low": 118.71894987889378,
        "ci95_high": 174.67657022167032
      },
      "repetition_penalty": {
        "n": 144,
        "mean": 0.05669154631996064,
        "ci95_low": 0.049074700133056016,
        "ci95_high": 0.06442827655487116
      },
      "lexical_richness": {
        "n": 144,
        "mean": 0.8346314093993406,
        "ci95_low": 0.8152128191843482,
        "ci95_high": 0.8553429851718714
      }
    },
    "baseline_no_context": {
      "distinct1": {
        "n": 144,
        "mean": 0.9812389707926175,
        "ci95_low": 0.9771419845790077,
        "ci95_high": 0.9850178608547329
      },
      "distinct2": {
        "n": 144,
        "mean": 1.0,
        "ci95_low": 1.0,
        "ci95_high": 1.0
      },
      "content_distinct1": {
        "n": 144,
        "mean": 0.9979339233626582,
        "ci95_low": 0.9961061934127863,
        "ci95_high": 0.9993369040625139
      },
      "mtld": {
        "n": 144,
        "mean": 152.40868981481472,
        "ci95_low": 119.65456423611104,
        "ci95_high": 185.81941793981468
      },
      "repetition_penalty": {
        "n": 144,
        "mean": 0.01876102920738251,
        "ci95_low": 0.014869033919884284,
        "ci95_high": 0.02277200665377353
      },
      "lexical_richness": {
        "n": 144,
        "mean": 0.8430515303358871,
        "ci95_low": 0.8240097213222873,
        "ci95_high": 0.8632034050676282
      }
    },
    "baseline_no_context_phi3_latest": {
      "distinct1": {
        "n": 144,
        "mean": 0.9769597567082552,
        "ci95_low": 0.9724870547093811,
        "ci95_high": 0.9811862346366611
      },
      "distinct2": {
        "n": 144,
        "mean": 1.0,
        "ci95_low": 1.0,
        "ci95_high": 1.0
      },
      "content_distinct1": {
        "n": 144,
        "mean": 0.9989548087517195,
        "ci95_low": 0.9979140497157517,
        "ci95_high": 0.9998172514619884
      },
      "mtld": {
        "n": 144,
        "mean": 169.11986574074072,
        "ci95_low": 135.4245849537037,
        "ci95_high": 205.27571064814816
      },
      "repetition_penalty": {
        "n": 144,
        "mean": 0.023040243291744866,
        "ci95_low": 0.018770519024804654,
        "ci95_high": 0.027571993355674687
      },
      "lexical_richness": {
        "n": 144,
        "mean": 0.8553024657232365,
        "ci95_low": 0.8351047316509858,
        "ci95_high": 0.875220775375946
      }
    }
  },
  "paired_deltas": {
    "proposed_vs_candidate_no_context": {
      "distinct1": {
        "n": 144,
        "mean_delta": -0.007496363369091198,
        "ci95_low": -0.014678524128551283,
        "ci95_high": -8.94792143651549e-05,
        "p_delta_le_0": 0.9766666666666667
      },
      "distinct2": {
        "n": 144,
        "mean_delta": -0.001804944473266468,
        "ci95_low": -0.004200140704895916,
        "ci95_high": 0.0004754053436132207,
        "p_delta_le_0": 0.938
      },
      "content_distinct1": {
        "n": 144,
        "mean_delta": -0.005617658473815371,
        "ci95_low": -0.012537707820487737,
        "ci95_high": 0.0009597148261177122,
        "p_delta_le_0": 0.9523333333333334
      },
      "mtld": {
        "n": 144,
        "mean_delta": 6.799326367984403,
        "ci95_low": -33.45840884862704,
        "ci95_high": 45.408304136424945,
        "p_delta_le_0": 0.3893333333333333
      },
      "repetition_penalty": {
        "n": 144,
        "mean_delta": 0.007496363369091198,
        "ci95_low": -0.00011639010364102575,
        "ci95_high": 0.015175776594517023,
        "p_delta_le_0": 0.027666666666666666
      },
      "lexical_richness": {
        "n": 144,
        "mean_delta": -0.0040039857476619044,
        "ci95_low": -0.024332112157602656,
        "ci95_high": 0.016376400777171826,
        "p_delta_le_0": 0.633
      }
    },
    "proposed_vs_baseline_no_context": {
      "distinct1": {
        "n": 144,
        "mean_delta": -0.04542688048166934,
        "ci95_low": -0.05412058177673268,
        "ci95_high": -0.036269555699418095,
        "p_delta_le_0": 1.0
      },
      "distinct2": {
        "n": 144,
        "mean_delta": -0.0112852461278266,
        "ci95_low": -0.014609482642498806,
        "ci95_high": -0.008073730260923345,
        "p_delta_le_0": 1.0
      },
      "content_distinct1": {
        "n": 144,
        "mean_delta": -0.03271318912308077,
        "ci95_low": -0.041692078230080545,
        "ci95_high": -0.0240503282259597,
        "p_delta_le_0": 1.0
      },
      "mtld": {
        "n": 144,
        "mean_delta": -0.4552021456284703,
        "ci95_low": -45.092673073798075,
        "ci95_high": 44.97204783214312,
        "p_delta_le_0": 0.498
      },
      "repetition_penalty": {
        "n": 144,
        "mean_delta": 0.04542688048166933,
        "ci95_low": 0.03610969669087727,
        "ci95_high": 0.05427973136008672,
        "p_delta_le_0": 0.0
      },
      "lexical_richness": {
        "n": 144,
        "mean_delta": -0.01242410668420847,
        "ci95_low": -0.03903248815685558,