{
  "arm": "proposed_contextual_controlled",
  "root": "artifacts\\proposal",
  "run_count": 3,
  "overall": {
    "avg_response_time_ms": 3049.9928216931216,
    "p95_response_time_ms": 5998.910616666665,
    "timeout_rate": 0.0,
    "fallback_rate": 0.2414021164021164,
    "retry_rate": 0.41600529100529104,
    "dropped_interaction_rate": 0.2414021164021164,
    "first_pass_accept_rate": 0.3224206349206349,
    "estimated_model_memory_mb": 2040.6766918945314,
    "host_ram_gb": 15.73
  },
  "by_hardware_tier": {
    "dev_workstation": {
      "run_count": 3,
      "avg_response_time_ms": 3049.9928216931216,
      "p95_response_time_ms": 5998.910616666665,
      "timeout_rate": 0.0,
      "fallback_rate": 0.2414021164021164,
      "retry_rate": 0.41600529100529104,
      "dropped_interaction_rate": 0.2414021164021164,
      "first_pass_accept_rate": 0.3224206349206349,
      "estimated_model_memory_mb": 2040.6766918945314,
      "host_ram_gb": 15.73
    }
  },
  "per_run": [
    {
      "interaction_count": 112,
      "ok_count": 112,
      "dropped_interaction_rate": 0.6964285714285714,
      "avg_response_time_ms": 2257.0014053571426,
      "p95_response_time_ms": 5757.019244999996,
      "timeout_rate": 0.0,
      "fallback_rate": 0.6964285714285714,
      "retry_rate": 0.9285714285714286,
      "first_pass_accept_rate": 0.07142857142857142,
      "run_dir": "artifacts\\proposal\\20260304T054727Z",
      "hardware_tier": "dev_workstation",
      "model_name": "elara-npc:latest",
      "estimated_model_memory_mb": 2040.6766918945314,
      "host_ram_gb": 15.73
    },
    {
      "interaction_count": 144,
      "ok_count": 144,
      "dropped_interaction_rate": 0.013888888888888888,
      "avg_response_time_ms": 3468.047252777778,
      "p95_response_time_ms": 6382.005475,
      "timeout_rate": 0.0,
      "fallback_rate": 0.013888888888888888,
      "retry_rate": 0.16666666666666666,
      "first_pass_accept_rate": 0.4375,
      "run_dir": "artifacts\\proposal\\20260309T033951Z",
      "hardware_tier": "dev_workstation",
      "model_name": "elara-npc:latest",
      "estimated_model_memory_mb": 2040.6766918945314,
      "host_ram_gb": 15.73
    },
    {
      "interaction_count": 144,
      "ok_count": 144,
      "dropped_interaction_rate": 0.013888888888888888,
      "avg_response_time_ms": 3424.9298069444444,
      "p95_response_time_ms": 5857.707130000001,
      "timeout_rate": 0.0,
      "fallback_rate": 0.013888888888888888,
      "retry_rate": 0.1527777777777778,
      "first_pass_accept_rate": 0.4583333333333333,
      "run_dir": "artifacts\\proposal\\20260309T091617Z",
      "hardware_tier": "dev_workstation",
      "model_name": "elara-npc:latest",
      "estimated_model_memory_mb": 2040.6766918945314,
      "host_ram_gb": 15.73
    }
  ]
}