{
  "ttft_ms": {
    "candidate_mean": 663.2821145843385,
    "baseline_mean": 925.8486833323332,
    "absolute_delta": -262.56656874799467,
    "relative_delta": -0.28359555235630923,
    "candidate_better": true,
    "lower_is_better": true
  },
  "total_time_ms": {
    "candidate_mean": 4583.037764582514,
    "baseline_mean": 4747.837741665838,
    "absolute_delta": -164.79997708332394,
    "relative_delta": -0.0347105326782928,
    "candidate_better": true,
    "lower_is_better": true
  },
  "tokens_per_s": {
    "candidate_mean": 16.445759307164632,
    "baseline_mean": 16.780928440483315,
    "absolute_delta": -0.3351691333186828,
    "relative_delta": -0.019973217483610785,
    "candidate_better": false,
    "lower_is_better": false
  }
}