{
  "elara-npc:latest": {
    "total_requests": 48,
    "ok_requests": 48,
    "error_requests": 0,
    "error_rate": 0.0,
    "ttft_ms": {
      "n": 48,
      "mean": 663.2821145843385,
      "median": 628.1283999996958,
      "p95": 980.748025001958,
      "ci95_low": 621.4106577094753,
      "ci95_high": 710.057586356197
    },
    "total_time_ms": {
      "n": 48,
      "mean": 4583.037764582514,
      "median": 4546.147900000506,
      "p95": 4925.158630003716,
      "ci95_low": 4538.700237602127,
      "ci95_high": 4633.353396405141
    },
    "tokens_per_s": {
      "n": 48,
      "mean": 16.445759307164632,
      "median": 16.476158088511003,
      "p95": 16.781266431898995,
      "ci95_low": 16.386681933690937,
      "ci95_high": 16.50457813273515
    }
  },
  "phi3:mini": {
    "total_requests": 48,
    "ok_requests": 48,
    "error_requests": 0,
    "error_rate": 0.0,
    "ttft_ms": {
      "n": 48,
      "mean": 925.8486833323332,
      "median": 962.260200001765,
      "p95": 981.0101699986262,
      "ci95_low": 888.1120111445549,
      "ci95_high": 956.5292923431041
    },
    "total_time_ms": {
      "n": 48,
      "mean": 4747.837741665838,
      "median": 4798.916250001639,
      "p95": 4887.147879994882,
      "ci95_low": 4690.999835364581,
      "ci95_high": 4791.609464270293
    },
    "tokens_per_s": {
      "n": 48,
      "mean": 16.780928440483315,
      "median": 16.796485816389755,
      "p95": 17.021925019591606,
      "ci95_low": 16.728569152181702,
      "ci95_high": 16.83442018225722
    }
  }
}