{
  "ttft_ms": {
    "candidate_mean": 689.3203375075245,
    "baseline_mean": 155.79682499810588,
    "absolute_delta": 533.5235125094187,
    "relative_delta": 3.4244825754048906,
    "candidate_better": false,
    "lower_is_better": true
  },
  "total_time_ms": {
    "candidate_mean": 2338.1633874960244,
    "baseline_mean": 1740.05243749707,
    "absolute_delta": 598.1109499989543,
    "relative_delta": 0.3437315664229581,
    "candidate_better": false,
    "lower_is_better": true
  },
  "tokens_per_s": {
    "candidate_mean": 32.27854697271828,
    "baseline_mean": 33.62749535508594,
    "absolute_delta": -1.3489483823676593,
    "relative_delta": -0.04011444706552133,
    "candidate_better": false,
    "lower_is_better": false
  }
}