{
  "candidate_model": "elara-npc:latest",
  "baseline_model": "phi3:mini",
  "candidate_mean": -0.05188412731513381,
  "baseline_mean": 0.15125600318424404,
  "absolute_delta": -0.20314013049937785,
  "relative_delta": -1.3430219377933321,
  "candidate_better": false
}