{
  "elara-npc:latest": {
    "total_requests": 8,
    "ok_requests": 8,
    "error_requests": 0,
    "error_rate": 0.0,
    "ttft_ms": {
      "n": 8,
      "mean": 689.3203375075245,
      "median": 302.70670002209954,
      "p95": 2314.4192750070924,
      "ci95_low": 293.0565003189258,
      "ci95_high": 1459.4541325146565
    },
    "total_time_ms": {
      "n": 8,
      "mean": 2338.1633874960244,
      "median": 2016.073150007287,
      "p95": 4233.442904983529,
      "ci95_low": 1720.781062496826,
      "ci95_high": 3276.446199991915
    },
    "tokens_per_s": {
      "n": 8,
      "mean": 32.27854697271828,
      "median": 32.80306444021388,
      "p95": 33.678928905256434,
      "ci95_low": 31.03038333149683,
      "ci95_high": 33.20472275200822
    }
  },
  "phi3:mini": {
    "total_requests": 8,
    "ok_requests": 8,
    "error_requests": 0,
    "error_rate": 0.0,
    "ttft_ms": {
      "n": 8,
      "mean": 155.79682499810588,
      "median": 138.70244997087866,
      "p95": 245.18243501079263,
      "ci95_low": 128.9958499983186,
      "ci95_high": 196.74949813343116
    },
    "total_time_ms": {
      "n": 8,
      "mean": 1740.05243749707,
      "median": 1799.871199997142,
      "p95": 1889.4017750018975,
      "ci95_low": 1547.809488430903,
      "ci95_high": 1852.4285653080367
    },
    "tokens_per_s": {
      "n": 8,
      "mean": 33.62749535508594,
      "median": 33.67561086541553,
      "p95": 35.32705861181343,
      "ci95_low": 32.827193714940556,
      "ci95_high": 34.433396099072766
    }
  }
}