{
  "proposed_contextual_controlled": {
    "sample_count": 24,
    "context_relevance": {
      "n": 24,
      "mean": 0.1095419193191595,
      "median": 0.07008872256328315,
      "p95": 0.2829287562532344,
      "ci95_low": 0.06442510975488493,
      "ci95_high": 0.1614372946079244
    },
    "persona_consistency": {
      "n": 24,
      "mean": 0.26434771825396824,
      "median": 0.23333333333333334,
      "p95": 0.6589285714285711,
      "ci95_low": 0.20046626984126983,
      "ci95_high": 0.34058996775793643
    },
    "naturalness": {
      "n": 24,
      "mean": 0.8694485924124317,
      "median": 0.8727272727272728,
      "p95": 0.9633809523809522,
      "ci95_low": 0.8492397672935483,
      "ci95_high": 0.8899134136221833
    },
    "quest_state_correctness": {
      "n": 24,
      "mean": 0.19082153784134429,
      "median": 0.14523194012278193,
      "p95": 0.35189743890518077,
      "ci95_low": 0.1509737333476875,
      "ci95_high": 0.23125173201273036
    },
    "lore_consistency": {
      "n": 24,
      "mean": 0.04888383358840966,
      "median": 0.0,
      "p95": 0.2635802467755995,
      "ci95_low": 0.016163718820861674,
      "ci95_high": 0.08904857244997304
    },
    "multi_turn_contradiction_safety": {
      "n": 24,
      "mean": 1.0,
      "median": 1.0,
      "p95": 1.0,
      "ci95_low": 1.0,
      "ci95_high": 1.0
    },
    "objective_completion_support": {
      "n": 24,
      "mean": 0.07930555555555556,
      "median": 0.12166666666666667,
      "p95": 0.16333333333333333,
      "ci95_low": 0.05291493055555556,
      "ci95_high": 0.10472222222222222
    },
    "gameplay_usefulness": {
      "n": 24,
      "mean": 0.304848955891851,
      "median": 0.29290118423874745,
      "p95": 0.3519574766225862,
      "ci95_low": 0.29109789346470283,
      "ci95_high": 0.32001143079964595
    },
    "time_pressure_acceptability": {
      "n": 24,
      "mean": 0.2900854437229437,
      "median": 0.30420129870129875,
      "p95": 0.34713999999999995,
      "ci95_low": 0.27082144773629147,
      "ci95_high": 0.30944421762265506
    },
    "context_keyword_coverage": {
      "n": 24,
      "mean": 0.1337121212121212,
      "median": 0.09090909090909091,
      "p95": 0.36363636363636365,
      "ci95_low": 0.07196969696969698,
      "ci95_high": 0.1981060606060606
    },
    "context_overlap": {
      "n": 24,
      "mean": 0.05314478156891552,
      "median": 0.04257246376811594,
      "p95": 0.10748487903225803,
      "ci95_low": 0.03956973746383475,
      "ci95_high": 0.06733818559537232
    },
    "persona_keyword_coverage": {
      "n": 24,
      "mean": 0.21031746031746032,
      "median": 0.16666666666666666,
      "p95": 0.7940476190476186,
      "ci95_low": 0.13092757936507937,
      "ci95_high": 0.3095486111111109
    },
    "persona_style": {
      "n": 24,
      "mean": 0.48046875,
      "median": 0.5,
      "p95": 0.7765624999999999,
      "ci95_low": 0.37630208333333337,
      "ci95_high": 0.57421875
    },
    "distinct1": {
      "n": 24,
      "mean": 0.9215539305260286,
      "median": 0.9226190476190477,
      "p95": 0.9957142857142857,
      "ci95_low": 0.9016210514533469,
      "ci95_high": 0.9386527500118188
    },
    "length_score": {
      "n": 24,
      "mean": 0.5222222222222223,
      "median": 0.5,
      "p95": 0.895,
      "ci95_low": 0.4458333333333333,
      "ci95_high": 0.6
    },
    "sentence_score": {
      "n": 24,
      "mean": 0.9729166666666668,
      "median": 1.0,
      "p95": 1.0,
      "ci95_low": 0.9187500000000001,
      "ci95_high": 1.0
    },
    "overall_quality": {
      "n": 24,
      "mean": 0.31594514222959164,
      "median": 0.2827332745153398,
      "p95": 0.5207296231847863,
      "ci95_low": 0.2778528386989771,
      "ci95_high": 0.3571923143586396
    },
    "metrics": [
      "context_relevance",
      "persona_consistency",
      "naturalness",
      "quest_state_correctness",
      "lore_consistency",
      "multi_turn_contradiction_safety",
      "objective_completion_support",
      "gameplay_usefulness",
      "time_pressure_acceptability",
      "context_keyword_coverage",
      "context_overlap",
      "persona_keyword_coverage",
      "persona_style",
      "distinct1",
      "length_score",
      "sentence_score",
      "overall_quality"
    ]
  },
  "proposed_contextual_controlled_tuned": {
    "sample_count": 24,
    "context_relevance": {
      "n": 24,
      "mean": 0.11151978346156427,
      "median": 0.0429788961038961,
      "p95": 0.3496917613636363,
      "ci95_low": 0.06044368804462007,
      "ci95_high": 0.16652511551437765
    },
    "persona_consistency": {
      "n": 24,
      "mean": 0.22706597222222222,
      "median": 0.23333333333333334,
      "p95": 0.36166666666666664,
      "ci95_low": 0.1897524181547619,
      "ci95_high": 0.2681205977182539
    },
    "naturalness": {
      "n": 24,
      "mean": 0.878185332334611,
      "median": 0.8626086956521739,
      "p95": 0.9675210084033614,
      "ci95_low": 0.8587216247319663,
      "ci95_high": 0.8987016170576687
    },
    "quest_state_correctness": {
      "n": 24,
      "mean": 0.19263521728425836,
      "median": 0.1311128787878788,
      "p95": 0.38851760551948045,
      "ci95_low": 0.14944838788545742,
      "ci95_high": 0.24199652682862818
    },
    "lore_consistency": {
      "n": 24,
      "mean": 0.0461971098416769,
      "median": 0.0,
      "p95": 0.20918511488511482,
      "ci95_low": 0.015922822485710857,
      "ci95_high": 0.08205127033784927
    },
    "multi_turn_contradiction_safety": {
      "n": 24,
      "mean": 1.0,
      "median": 1.0,
      "p95": 1.0,
      "ci95_low": 1.0,
      "ci95_high": 1.0
    },
    "objective_completion_support": {
      "n": 24,
      "mean": 0.08034722222222222,
      "median": 0.10916666666666668,
      "p95": 0.16333333333333333,
      "ci95_low": 0.05548437500000001,
      "ci95_high": 0.10444444444444445
    },
    "gameplay_usefulness": {
      "n": 24,
      "mean": 0.31092093916949354,
      "median": 0.3041041366041366,
      "p95": 0.3748612097669256,
      "ci95_low": 0.29799765546525186,
      "ci95_high": 0.3250975793144713
    },
    "time_pressure_acceptability": {
      "n": 24,
      "mean": 0.2928049332611833,
      "median": 0.30475,
      "p95": 0.34713999999999995,
      "ci95_low": 0.2762989504419192,
      "ci95_high": 0.3090637339917027
    },
    "context_keyword_coverage": {
      "n": 24,
      "mean": 0.13143939393939394,
      "median": 0.045454545454545456,
      "p95": 0.4463636363636362,
      "ci95_low": 0.0659090909090909,
      "ci95_high": 0.20454545454545456
    },
    "context_overlap": {
      "n": 24,
      "mean": 0.06504069234662838,
      "median": 0.04301572617946346,
      "p95": 0.1425223214285714,
      "ci95_low": 0.047369805269855125,
      "ci95_high": 0.08370121273161002
    },
    "persona_keyword_coverage": {
      "n": 24,
      "mean": 0.1611111111111111,
      "median": 0.16666666666666666,
      "p95": 0.313333333333333,
      "ci95_low": 0.11844246031746031,
      "ci95_high": 0.21031746031746032
    },
    "persona_style": {
      "n": 24,
      "mean": 0.4908854166666667,
      "median": 0.5,
      "p95": 0.9671874999999995,
      "ci95_low": 0.3958333333333333,
      "ci95_high": 0.5950520833333334
    },
    "distinct1": {
      "n": 24,
      "mean": 0.9295489789846757,
      "median": 0.9432539682539682,
      "p95": 1.0,
      "ci95_low": 0.90959951968107,
      "ci95_high": 0.9490118577782084
    },
    "length_score": {
      "n": 24,
      "mean": 0.5402777777777777,
      "median": 0.5,
      "p95": 0.8666666666666667,
      "ci95_low": 0.4680208333333334,
      "ci95_high": 0.6166666666666667
    },
    "sentence_score": {
      "n": 24,
      "mean": 0.9854166666666666,
      "median": 1.0,
      "p95": 1.0,
      "ci95_low": 0.9562499999999999,
      "ci95_high": 1.0
    },
    "overall_quality": {
      "n": 24,
      "mean": 0.30408579836157024,